policy,seed,record_id,case_id,cycle,scenario,maintenance_urgency_score,predicted_urgency,orchestra_urgency,uncertainty,action,reward,downtime,cost,failure,unnecessary,risk_after_action,action_name,resource_blocked,maintenance_age,audit_hash
full_orchestra,11,case_11_0027_cycle_000,case_11_0027,0,motion_instability,21.255694558271966,16.230186462402344,16.230186462402344,0.3091040459039149,1,0.22693252310247236,0.09739439539694952,0.0692546519270598,False,False,0.1913012510244477,inspect,False,1.0,a33f17817d7bc1106653a96839b450bfa99444d24913318fee2b6fbc9319632b
full_orchestra,11,case_11_0027_cycle_001,case_11_0027,1,motion_instability,21.03960011378636,23.12092399597168,23.12092399597168,0.373769271687882,1,0.20645381072601476,0.09099393700483892,0.0676470730546652,False,False,0.19745640102407727,inspect,False,2.0,989396b47f89abce0b62dff4ea66683372b9b79d4449e9779e64fb51426da14a
full_orchestra,11,case_11_0027_cycle_002,case_11_0027,2,motion_instability,23.984194143902354,29.635028839111328,29.635028839111328,0.5802906418399892,2,-1.042766842969483,0.2725369795560601,0.2545003200760508,False,True,0.1598620036921946,minor_maintenance,False,0.0,584451c5786cb6286a856da51628d7f9453683bc175507f7bbf557732470932e
full_orchestra,11,case_11_0027_cycle_003,case_11_0027,3,motion_instability,23.04446671679762,33.32733917236328,33.32733917236328,0.5019113403544785,2,-1.0011541407574103,0.29544338251053975,0.25224622032657873,False,True,0.14287569364414524,minor_maintenance,False,0.0,2ad44ddf7476d01a5bc9f2c20200fbca08d6352e0be6f4f2ba5ec298ef24e3f5
full_orchestra,11,case_11_0027_cycle_004,case_11_0027,4,motion_instability,25.06639998479439,28.145122528076172,28.145122528076172,0.44145806785756875,2,-1.0118563874855238,0.28056442138116117,0.24854777026068958,False,True,0.15541167990572521,minor_maintenance,False,0.0,6937d96f085188ad8c102f0b9104a8a57eb5bee84266b752b700f7720d13a308
full_orchestra,11,case_11_0027_cycle_005,case_11_0027,5,motion_instability,25.250016203213804,22.239213943481445,22.239213943481445,0.6769055676181845,3,-1.4036010429463706,0.5819255700560757,0.5782368405934832,False,True,0.08585005509092693,major_maintenance,False,0.0,0a98a07417722fa3df2bf6a86bc3b371ec75877c060b39dd30fad1da6b2a917f
full_orchestra,11,case_11_0027_cycle_006,case_11_0027,6,motion_instability,26.963392219214228,30.556682586669922,30.556682586669922,0.48038795719518207,2,-1.0762551987795586,0.2977060411192058,0.2562148360046137,False,True,0.1671730317591282,minor_maintenance,False,0.0,0674bd2c14c78c6fae56906f12634ba338db64edada226e313c7ec368ad4f20e
full_orchestra,11,case_11_0027_cycle_007,case_11_0027,7,motion_instability,27.875216266545593,27.072702407836914,27.072702407836914,0.4765908894838879,2,-1.0884029929195564,0.2958359029373138,0.2532492925023891,False,True,0.1728263408525827,minor_maintenance,False,0.0,91015fe119c4e8fc325becb8871cac3ea19b0e34978f62f9a27403eba906ff0a
full_orchestra,11,case_11_0027_cycle_008,case_11_0027,8,motion_instability,27.627083768492216,32.59304428100586,32.59304428100586,0.5466740801562753,2,-1.1079825964392436,0.3062611126069289,0.25732076714364754,False,True,0.17128791936465174,minor_maintenance,False,0.0,da8f36638f1cc23d00517ca84c7364f955850cf08a102b999aaa412e7d71d4b9
full_orchestra,11,case_11_0027_cycle_009,case_11_0027,9,motion_instability,22.532506068382364,25.91249656677246,25.91249656677246,0.3235196624717751,1,0.1782911716940993,0.1085717397628978,0.07028934415739098,False,False,0.20279255461544127,inspect,False,1.0,70ae31c8bf4b5454c3f1d01578360d0e69a806e65eb0191d31f4498d70fbf0ed
full_orchestra,11,case_11_0027_cycle_010,case_11_0027,10,motion_instability,28.576403466354623,28.680694580078125,28.680694580078125,0.4588279939462358,2,-1.109575834169775,0.2962213412159592,0.24533648673460565,False,True,0.18275370149139866,minor_maintenance,False,0.0,89ba2e3120cef3542a9f7585342010e64d857abe10dc30436fb9382ea0f6e71c
full_orchestra,11,case_11_0027_cycle_011,case_11_0027,11,motion_instability,31.257205233017064,27.891929626464844,27.891929626464844,0.38406865170549076,1,-0.06758684561985653,0.11033852981141355,0.06961684595144821,False,False,0.2813148470971536,inspect,False,1.0,24da117125c9b4b100523d03cf23a174b6903a4f63a8060350974fb415540b52
full_orchestra,11,case_11_0027_cycle_012,case_11_0027,12,motion_instability,33.05957994084904,29.787107467651367,29.787107467651367,0.5220939219278968,2,-1.2276026341501527,0.3183665860252668,0.2490922161698862,False,True,0.21054939563326408,minor_maintenance,False,0.0,4c9241eb0e8d0b768c0d35b142451fcba57a08ac67c6af84df6813893404e707
full_orchestra,11,case_11_0027_cycle_013,case_11_0027,13,motion_instability,32.433583487104,33.29582595825195,33.29582595825195,0.5414174514773016,2,-1.2166738774562622,0.3267050059805101,0.25686450111752795,False,True,0.2010882176200448,minor_maintenance,False,0.0,f11d0cd0951e78355b83c7b9a8cd7abd50b4b6ee727e04195b199b478643c55a
full_orchestra,11,case_11_0027_cycle_014,case_11_0027,14,motion_instability,32.49104055670123,35.77388000488281,35.77388000488281,0.622478944234229,3,-1.527665192680342,0.6339758270896108,0.5861361378465555,False,True,0.11046953789278417,major_maintenance,False,0.0,f602cbbbf0857866c991c464353d92928e081fa22b9e67b97e9cfb43fed705a8
full_orchestra,11,case_11_0027_cycle_015,case_11_0027,15,motion_instability,28.56180080204697,31.268470764160156,31.268470764160156,0.5076166506196627,2,-1.1202685657915132,0.31477094177638776,0.24763203938012782,False,True,0.17708316497269122,minor_maintenance,False,0.0,d00dfb679e39711776a1e0f075117473c087273bfab902e2f0dc04e667782dc9
full_orchestra,11,case_11_0027_cycle_016,case_11_0027,16,motion_instability,30.26509596717127,33.5095100402832,33.5095100402832,0.5041663984504814,2,-1.16668730004364,0.3224722780631652,0.2570740965293964,False,True,0.18764359499646185,minor_maintenance,False,0.0,d70e61c004c1a663e73586cda7a63df62454a3f5cf6ea1344f5d8bf70ae9ed23
full_orchestra,11,case_11_0027_cycle_017,case_11_0027,17,motion_instability,35.84091422040379,27.007226943969727,27.007226943969727,0.3396534836172996,1,-0.19348331920663164,0.11808344077017409,0.07093396492870044,False,False,0.3225682279836341,inspect,False,1.0,02bbccafcac29278ea52ee07f0c98abed6507cd3b2deb15023028112e31b13da
full_orchestra,11,case_11_0027_cycle_018,case_11_0027,18,motion_instability,31.853646420838157,38.88983917236328,38.88983917236328,0.6055864929857708,3,-1.5443351094401385,0.6432514689798713,0.5951980912748158,False,True,0.11136239783084972,major_maintenance,False,0.0,ee81473e87a10358df046ae70b60eb5b3740d373a26d195095f8718e9f865db3
full_orchestra,11,case_11_0027_cycle_019,case_11_0027,19,motion_instability,34.07602267013303,35.78636169433594,35.78636169433594,0.5585621862925556,2,-1.2448275757076777,0.32195170181270916,0.25659690535826357,False,True,0.21127134055482477,minor_maintenance,False,0.0,cd9b61801117d9eea6bb0d6fc1c4a5dce996855d73900e32253973d91ec2c71d
full_orchestra,11,case_11_0027_cycle_020,case_11_0027,20,motion_instability,38.14715637729586,34.14290237426758,36.48873920730065,0.7213897862655536,3,-1.6056751579144388,0.63274566894981,0.5945250324704726,False,True,0.12970033168280592,major_maintenance,False,0.0,b006181fe0e679f508dc16322c4b0269d24e76d9e0f154be977f8446224a9841
full_orchestra,11,case_11_0027_cycle_021,case_11_0027,21,motion_instability,35.22728170040594,39.65053176879883,39.65053176879883,0.4658541288927607,2,-1.2676800496617746,0.3378790873644756,0.25586925416979317,False,True,0.2184091465425168,minor_maintenance,False,0.0,fa0f4df52898ee0c6d0f4115df11b5cf57fb6219fb9a97f18c945ede86e17063
full_orchestra,11,case_11_0027_cycle_022,case_11_0027,22,motion_instability,39.89157870218418,35.658451080322266,35.658451080322266,0.5370388411588477,2,-0.33329434635111266,0.31101100946088167,0.24968018356972263,False,False,0.2473277879535419,minor_maintenance,False,0.0,e1eb4fa23c816082bf275ca2c032559a6f05b70b86496c8893c0deb9c7639435
full_orchestra,11,case_11_0027_cycle_023,case_11_0027,23,motion_instability,37.596710906567715,42.79581069946289,42.79581069946289,0.543619905628183,2,-1.3103966442556243,0.32803476958886485,0.2519000824504656,False,True,0.23309960762071982,minor_maintenance,False,0.0,389b36f14f1cca8fc6ecc8d89a3dee6347b875026a0508e12dad37721dd34763
full_orchestra,11,case_11_0027_cycle_024,case_11_0027,24,motion_instability,36.08881535275879,39.3706169128418,39.3706169128418,0.6943592317000907,3,-1.8852340709296285,0.618927196106493,0.5906196608461266,False,True,0.2298857537970735,major_maintenance,True,1.0,50db487998ef15ba4ff6bb39eedacc368ca578cf80eccd8314dd5d4592baf1b4
full_orchestra,11,case_11_0027_cycle_025,case_11_0027,25,motion_instability,40.00509077884319,44.01123809814453,44.01123809814453,0.5651918344440673,2,-0.36718093568684856,0.3180355314671238,0.25441492570828905,False,False,0.2536115628288278,minor_maintenance,False,0.0,4a6e299e52e0249cba4a203a86da368b9ac9374e9ecb68d5cd1b8644f55cbf57
full_orchestra,11,case_11_0027_cycle_026,case_11_0027,26,motion_instability,39.58830966733999,31.8009033203125,31.8009033203125,0.6301672281048756,3,-1.5978686426369464,0.6306797010024717,0.5860788735148444,False,True,0.13460025286895597,major_maintenance,False,0.0,c52f8ca39bff2a9a1b2284b6e012d9dc78745731ac0c5a9d2535d7f200b9c2fd
full_orchestra,11,case_11_0027_cycle_027,case_11_0027,27,motion_instability,37.365194041760546,29.90629005432129,29.90629005432129,0.4590445778661292,2,-1.2611731005006912,0.30129081320266604,0.24504123930169938,False,True,0.23166420305891539,minor_maintenance,False,0.0,f2dec23f8c0de3ab9c3693d5f9ea8e9b118166de220b54688031c059947861d2
full_orchestra,11,case_11_0027_cycle_028,case_11_0027,28,motion_instability,41.807543780351054,32.94202423095703,32.94202423095703,0.6171760573806948,3,-1.5702361104927312,0.5860563033400776,0.5814580649824609,False,True,0.14214564885319356,major_maintenance,False,0.0,f1d6fbb820f5c668ebbaddda9d005a6bb04638df70f59896092433a8ac9211b5
full_orchestra,11,case_11_0027_cycle_029,case_11_0027,29,motion_instability,42.27184442058661,41.446067810058594,41.446067810058594,0.6358562336825274,3,-1.9539055488771133,0.5936395418401405,0.571340781383979,False,True,0.26927164895913674,major_maintenance,True,1.0,91a503e9218385ef6734e951dc2a36b811a711198ef7817005ea953270a61b2f
full_orchestra,11,case_11_0027_cycle_030,case_11_0027,30,motion_instability,46.14002432672452,36.929141998291016,36.929141998291016,0.686522374930805,3,-1.6221901803393863,0.5860208778584688,0.5667283726358834,False,True,0.15993608271086335,major_maintenance,False,0.0,458586779a610a9c865e6ff82edc6217a6e38b993112518fd8f035ca999ee73f
full_orchestra,11,case_11_0027_cycle_031,case_11_0027,31,motion_instability,42.49995455184994,38.736019134521484,38.736019134521484,0.6140896032048954,3,-1.9334132602615288,0.5699057196362416,0.5740249608233756,False,True,0.2707247104952841,major_maintenance,True,1.0,45b13a4f3731a2b012fce907656e60fe30b559dbb4249d97bb765a248e2afbcf
full_orchestra,11,case_11_0027_cycle_032,case_11_0027,32,motion_instability,42.21672915344537,35.036624908447266,35.036624908447266,0.6085309231853662,3,-1.5880078968481468,0.5855633237036044,0.5892178716269934,False,True,0.14659687912171424,major_maintenance,False,0.0,602b678c8261efa78e58107f600c53a4a59d7b0bd9373bfaad0a7edc6b8a06f6
full_orchestra,11,case_11_0027_cycle_033,case_11_0027,33,motion_instability,41.05115485700582,38.135189056396484,38.135189056396484,0.6485553233714542,3,-1.542104320161116,0.566301526334309,0.5747471447245369,False,True,0.13957392651381978,major_maintenance,False,0.0,242540397281d5363fa278b519e7a4ce1a271e40c57f6e7c00af372a2c09829e
full_orchestra,11,case_11_0027_cycle_034,case_11_0027,34,motion_instability,39.455756043176095,41.704402923583984,41.704402923583984,0.6752284790783895,3,-1.5583347801014995,0.5880485480089619,0.5831915607379788,False,True,0.1341495705467987,major_maintenance,False,0.0,768a093a810a7b0a57f9e0a844371705afa514f3c7051a3e9df5698175b9311c
full_orchestra,11,case_11_0027_cycle_035,case_11_0027,35,motion_instability,42.313277678652575,34.63860321044922,34.63860321044922,0.5619554642428424,2,-0.3295001259879032,0.26204912243522327,0.24516339886664448,False,False,0.262342321607646,minor_maintenance,False,0.0,899d696731269e08a963ee9cdb71b912dd7866db533778a6e481ecf48ff9c381
full_orchestra,11,case_11_0027_cycle_036,case_11_0027,36,motion_instability,42.442681070357956,41.8155517578125,41.8155517578125,0.665594643510993,3,-1.5176247128078424,0.5428270126562593,0.5525539458841036,False,True,0.14430511563921705,major_maintenance,False,0.0,c0154fb5fb481b6f81d133e223b1ab33eb7e6040c253280bdb614c6fd6283d47
full_orchestra,11,case_11_0027_cycle_037,case_11_0027,37,motion_instability,39.23337906699551,38.35408401489258,38.35408401489258,0.5982203097021656,2,-0.2842142163649926,0.2672413380080053,0.2468737265694325,False,False,0.24324695021537215,minor_maintenance,False,0.0,ee50e5c243a1abbb384980b56e043fb3f7b781a81fea2a443883f7439c49f02f
full_orchestra,11,case_11_0027_cycle_038,case_11_0027,38,motion_instability,41.051933022595044,43.10392761230469,43.10392761230469,0.6823390710732099,3,-1.50392973230158,0.5339905811531875,0.5610732170711769,False,True,0.13957657227682313,major_maintenance,False,0.0,fb3814efbbf2312a67cee20587225828836a18768c6babcf0f58f9481c282afe
full_orchestra,11,case_11_0027_cycle_039,case_11_0027,39,motion_instability,43.073562287796456,41.579383850097656,41.579383850097656,0.6253117836921865,3,-1.525448679358233,0.5476730127795344,0.5557857046116834,False,True,0.14645011177850795,major_maintenance,False,0.0,8e30ac636fce6fce0699ef8862a57fdbae9d6b0d87c182de2af3b5abdd6644c1
full_orchestra,11,case_11_0041_cycle_000,case_11_0041,0,normal,11.99695990232949,13.78475284576416,13.78475284576416,0.4694057620419677,2,-0.7467712461253608,0.2556136985233616,0.24700403639046933,False,True,0.07438115139444285,minor_maintenance,False,0.0,b578d8b7d7733ed2915fe99e925d1405d7ae3200ded289216669b36be13590f3
full_orchestra,11,case_11_0041_cycle_001,case_11_0041,1,normal,11.393183340767461,13.830625534057617,13.830625534057617,0.4086026253644369,1,0.4905761794605406,0.08541416849670547,0.06887913504670869,False,False,0.10253865006690716,inspect,False,1.0,2fc27448deea1ab0c93ae79a0a0cd69db8a07a2d14fe95b343d509fa7bcc176f
full_orchestra,11,case_11_0041_cycle_002,case_11_0041,2,normal,12.552319958254035,13.702028274536133,13.702028274536133,0.4066139949824036,1,0.44169862514464914,0.0814344529713274,0.06582772970475512,False,False,0.12107087962428632,inspect,False,2.0,d16adae17cb0e2f41abdb0aad930373cab819237853b8b9a8c4154056c0ebdb5
full_orchestra,11,case_11_0041_cycle_003,case_11_0041,3,normal,11.299264302995653,16.256914138793945,16.256914138793945,0.4107684681595539,1,0.4442648603597169,0.0867329386538994,0.06713349322696002,False,False,0.11789337872696087,inspect,False,3.0,291493401d82e26b965f23e8094a4619c1a0d750d837699381eb9ed8e445aaf3
full_orchestra,11,case_11_0041_cycle_004,case_11_0041,4,normal,12.039994964823798,13.724886894226074,13.724886894226074,0.37747523297396984,1,0.40508450047365824,0.08608972418892236,0.06778078292635159,False,False,0.1326599546834142,inspect,False,4.0,864faa9311af9c25c3e7e91d3a8b626c03949c2b222992476d5daab9c94f3c04
full_orchestra,11,case_11_0041_cycle_005,case_11_0041,5,normal,12.116454551962505,14.155561447143555,14.155561447143555,0.4176765259617093,1,0.37725363681960905,0.08189826462334784,0.06731543344974897,False,False,0.14144809096766253,inspect,False,5.0,4fb41530a67a6bec9da0df336cd59bc052f1eed7f176ca4e40c6b9c306fa544b
full_orchestra,11,case_11_0041_cycle_006,case_11_0041,6,normal,13.82684989524067,15.719890594482422,15.719890594482422,0.3616268924497995,1,0.3070214193175522,0.08990582988268217,0.06750471220099703,False,False,0.16494164905716602,inspect,False,6.0,f295ec25608cbd90b7081cf3a9785c055553df5e579d5abc1cec340b5e07985e
full_orchestra,11,case_11_0041_cycle_007,case_11_0041,7,normal,12.598799768404481,15.51215648651123,15.51215648651123,0.3887449561094203,1,0.3120345151670309,0.09048776690647087,0.06649797595395526,False,False,0.16198919791564032,inspect,False,7.0,c2b80b6f7311f5900d2f59e46fe64e5320ee7b4ab497f974895791e2a2c7635a
full_orchestra,11,case_11_0041_cycle_008,case_11_0041,8,normal,14.718945093413982,13.46627140045166,13.46627140045166,0.642826927412329,3,-1.2969887221434322,0.5387902887501897,0.5592264429107132,False,True,0.07146441331760753,major_maintenance,False,0.0,eec74bbc0d42dafd6adaefc5f9c359c7182571e2e7b6e06d9f51feaec75738e5
full_orchestra,11,case_11_0041_cycle_009,case_11_0041,9,normal,14.631778938816979,13.450679779052734,13.450679779052734,0.4998813046600949,2,-0.8177486990996381,0.26818689923994576,0.253035644873353,False,True,0.09071702942066526,minor_maintenance,False,0.0,3b283af8123f7490584aaba4286d59be9f7afa9b1a43dddaaeb79779a1aab862
full_orchestra,11,case_11_0041_cycle_010,case_11_0041,10,normal,13.858522716846178,15.76180648803711,15.76180648803711,0.38264300175776333,1,0.42009074253048706,0.09403979452399519,0.06786612415875803,False,False,0.1247267044516156,inspect,False,1.0,59e2d4aff81b10458e290cf7f3cec0e52440343d36d7fe8edc81e0b4b10d1b1c
full_orchestra,11,case_11_0041_cycle_011,case_11_0041,11,normal,12.138865119886217,13.48619556427002,13.48619556427002,0.38211069141435344,1,0.4382885298222632,0.09761144942329983,0.06841757350669504,False,False,0.11734978607897596,inspect,False,2.0,dbc324fd207e8e35efcb2f73420fe4856e28270bed7150495afb9f96a65e3c7b
full_orchestra,11,case_11_0041_cycle_012,case_11_0041,12,normal,13.897703402474543,14.074342727661133,14.074342727661133,0.40518023589773106,1,0.36084391152103934,0.09936101077045131,0.06897506307129618,False,False,0.1412793306222709,inspect,False,3.0,0314f2017104c01ba8b2d1e7f7556acbcb4533f101eece7d10e7e57e2aa74dcf
full_orchestra,11,case_11_0041_cycle_013,case_11_0041,13,normal,11.911180120739889,13.91413688659668,13.91413688659668,0.450257347211445,2,-0.8388674871644788,0.29743911285010993,0.2526522774836128,False,True,0.09058931674858733,minor_maintenance,False,0.0,faa51c1e7d2d8a8b66968ee21039d653eb249a3c8d77675356b55f7ecba31d63
full_orchestra,11,case_11_0041_cycle_014,case_11_0041,14,normal,15.403282249905454,14.510692596435547,14.510692596435547,0.38079990728231045,1,0.3713018485154903,0.10058974902116949,0.06887474452943296,False,False,0.13862954024914909,inspect,False,1.0,1df206437abb74e6693a211fbc00c2270238eca755168dfcd4b3200d6777dcd6
full_orchestra,11,case_11_0041_cycle_015,case_11_0041,15,normal,14.165172487608817,17.264650344848633,17.264650344848633,0.5244683836672722,2,-0.8711199269102159,0.3070921902365344,0.2564315885675834,False,True,0.09340406942317468,minor_maintenance,False,0.0,45940c16cf479a7d76aa0aec92b7b04b12d4849b36b33d228d66d7c0f84a690e
full_orchestra,11,case_11_0041_cycle_016,case_11_0041,16,normal,14.687739524641428,20.125732421875,20.125732421875,0.3976925073983796,1,0.3854178197581584,0.10329407503097321,0.06883157741974114,False,False,0.13218965572177285,inspect,False,1.0,2592229f17f32ebe76ca0a9d4894f33de46ad13f0e91f4355baa12bc74578aa1
full_orchestra,11,case_11_0041_cycle_017,case_11_0041,17,normal,14.786283650660803,14.820155143737793,14.820155143737793,0.5342203810022381,2,-0.8950050027347114,0.3145433663239591,0.2607046291976571,False,True,0.09725495863409699,minor_maintenance,False,0.0,65d13718594a8a23f11d0a5fcedc1e97a5371b87d27d43fbaf7100bf57f97772
full_orchestra,11,case_11_0041_cycle_018,case_11_0041,18,normal,15.391404059461333,16.757312774658203,16.757312774658203,0.4030042410916209,1,0.35335099449448165,0.11353287419816478,0.07137198192269296,False,False,0.138522636535152,inspect,False,1.0,53ba866565f436ac92a1e2e6ec93feb28ba05392ac75a6549149982551dcb9ae
full_orchestra,11,case_11_0041_cycle_019,case_11_0041,19,normal,15.633380316723123,14.105117797851562,14.105117797851562,0.4213203127155511,2,-0.8898219319670906,0.32262770971690347,0.24559412681475548,False,True,0.10250695796368336,minor_maintenance,False,0.0,036da436bc077a3c952c2b6a6b6911ccd2e1bcfb5e1cabde4c1fefacfec33de1
full_orchestra,11,case_11_0041_cycle_020,case_11_0041,20,normal,14.948376303652633,15.953490257263184,15.953490257263184,0.3604884834971275,1,0.3681915168940716,0.11766866849535615,0.07057547735922741,False,False,0.1345353867328737,inspect,False,1.0,8d13b9cfe062c0cfd435396617c939c01dc614aeb89e3a5957aa857d290c51c7
full_orchestra,11,case_11_0041_cycle_021,case_11_0041,21,normal,14.581859658436624,14.760706901550293,14.760706901550293,0.3184806656499941,1,0.3683674038662052,0.11302945931939012,0.06602603273639582,False,False,0.13933673692592963,inspect,False,2.0,0d571ceb5a1097d6eca4bb4f0337d127ca0952763e10c3ef178fc7144d853a62
full_orchestra,11,case_11_0041_cycle_022,case_11_0041,22,normal,17.842743836701715,27.70342445373535,27.70342445373535,0.3915664091671243,1,0.24332934084770938,0.11231600086253546,0.06908201665467514,False,False,0.17678469453031545,inspect,False,3.0,7f85634f6143377574f5d44de4695c164e5f99cfb5263022c41dbdc56cd89cdd
full_orchestra,11,case_11_0041_cycle_023,case_11_0041,23,normal,18.36158665320622,13.648696899414062,13.648696899414062,0.3186266465949631,1,0.20713806969699755,0.12053955975728997,0.06983191739987492,False,False,0.189554279878856,inspect,False,4.0,c16a1f21a8ba2bb0937adf245ba982a23e7493d93d4d2df9ce835dd555636fdc
full_orchestra,11,case_11_0041_cycle_024,case_11_0041,24,normal,15.606582073320327,14.577460289001465,14.577460289001465,0.3901041776015211,1,0.2522191657436518,0.11500673110343576,0.06960095066629444,False,False,0.17285923865988292,inspect,False,5.0,5a946c56a4be99c44146e3e2e2bebdd74f4460889b760ee70145f68b839b63b3
full_orchestra,11,case_11_0041_cycle_025,case_11_0041,25,normal,16.17483551419834,19.510662078857422,19.510662078857422,0.5183735514892575,2,-0.9899884659628678,0.3218317604139019,0.2573109153268604,False,True,0.12818398018802968,minor_maintenance,False,0.0,a8c28d7db508b5652e890b8da306f81220f16a04c9123b43482bb1247515c7d3
full_orchestra,11,case_11_0041_cycle_026,case_11_0041,26,normal,22.086824388290026,13.550703048706055,13.550703048706055,0.35628075776089096,1,0.17812620177122385,0.11632206310089405,0.06970670372489711,False,False,0.19878141949461026,inspect,False,1.0,983954fb2388d02ce7017478afe3f8afe0561b15b5897af48527d7c1d02b96b2
full_orchestra,11,case_11_0041_cycle_027,case_11_0041,27,normal,16.975934561241093,22.336393356323242,22.336393356323242,0.4153344374202732,1,0.27666219296599076,0.12240888778243311,0.06997315060628205,False,False,0.16088341105116985,inspect,False,2.0,fd2df5dba2e2c42e6780e614fa06f752ded0421d7041f03b1d6cfc8b162b02db
full_orchestra,11,case_11_0041_cycle_028,case_11_0041,28,normal,17.695293263724203,16.00606918334961,16.00606918334961,0.6589512745603092,3,-1.4111287962495234,0.6340653593289367,0.5992109430581918,False,True,0.06628399709666229,major_maintenance,False,0.0,ef07ac66781a2167c935688b4bdde26aca75dc9bdcbd1ab8e8660a91b2649402
full_orchestra,11,case_11_0041_cycle_029,case_11_0041,29,normal,15.232300244788652,15.702184677124023,15.702184677124023,0.45120327384020414,2,-0.8954964566323479,0.3421755523244491,0.252899535848499,False,True,0.09444026151768964,minor_maintenance,False,0.0,4c02e641ca38eacdc2e623c1826c8eebe77f4c6d6f8150a83d47a9bd4ed98d8a
full_orchestra,11,case_11_0041_cycle_030,case_11_0041,30,normal,18.64076803550896,17.18499755859375,17.18499755859375,0.3982914103945598,1,0.26466596964631045,0.11623906573872603,0.07006314512129715,False,False,0.16776691231958063,inspect,False,1.0,f6cba01141bc8afdf4da126044dad3cc190cc7b7686577c97fa3dad41c2bed20
full_orchestra,11,case_11_0041_cycle_031,case_11_0041,31,normal,15.805360715433276,14.194372177124023,14.194372177124023,0.3425888349753825,1,0.32991780906861445,0.113053259903969,0.06824483308051332,False,False,0.1503482464388995,inspect,False,2.0,ac2b5142702c481f5d1f0623b38b30c14b6dda6d6c729cc4ab4cb6f7542d5add
full_orchestra,11,case_11_0041_cycle_032,case_11_0041,32,normal,18.93793391307636,13.720268249511719,13.720268249511719,0.5581029725835933,2,-0.9964982875004864,0.3211186987275734,0.25742321512769206,False,True,0.12857519026107345,minor_maintenance,False,0.0,adb5feb170fef3fe533c7400bacc0d8c82e94681d338f5d74a5da181e431331c
full_orchestra,11,case_11_0041_cycle_033,case_11_0041,33,normal,18.673188006321336,15.44845199584961,15.44845199584961,0.6542313021784347,3,-1.5584379240737352,0.6292419816300836,0.5927707803951068,False,True,0.11894820760026692,major_maintenance,True,1.0,35f1b46f1ae4d17f122d1e7307d208097924e9495fbdb530a18fc8c17c1f51aa
full_orchestra,11,case_11_0041_cycle_034,case_11_0041,34,normal,21.142218943708986,15.333672523498535,15.333672523498535,0.41525371945011824,1,0.17206565398152612,0.11487111435006914,0.06954407783843027,False,False,0.1983799704933809,inspect,False,2.0,1a8200eef241c3951073a5032649e761dfdb769cb36fe550f3d43fe79a69b249
full_orchestra,11,case_11_0041_cycle_035,case_11_0041,35,normal,14.461613400360374,23.89242935180664,23.89242935180664,0.4739428883123118,2,-0.8925527478770289,0.31668905699463246,0.2528828104860584,False,True,0.10082200308223432,minor_maintenance,False,0.0,aae1a56305b89a5ec6385611df12b75a31eca657793b6861679360e31c0d5738
full_orchestra,11,case_11_0041_cycle_036,case_11_0041,36,normal,16.84476680543421,14.683815956115723,14.683815956115723,0.30731758520810787,1,0.3385971783031316,0.10478340916851595,0.06964133875051585,False,False,0.1516029012489079,inspect,False,1.0,fbaafd4d0f289a52af1b53d2522ea5386d2310cfbb91ee8329b868683baa06fe
full_orchestra,11,case_11_0041_cycle_037,case_11_0041,37,normal,15.770820137491173,16.34930992126465,16.34930992126465,0.33500144782692465,1,0.3370027962385707,0.10744031851278321,0.06899315545293198,False,False,0.15003738123742058,inspect,False,2.0,75aff567239c2e17826b1d922dd881617b8da7de7174a5e7b2ec4eea8b1475d5
full_orchestra,11,case_11_0041_cycle_038,case_11_0041,38,normal,19.900361972339258,26.726444244384766,26.726444244384766,0.46417945024765334,2,-0.9941826709936129,0.31953353404954044,0.25174435840176773,False,True,0.13454224422850342,minor_maintenance,False,0.0,c44deaebcbd01ec0a5a87d69529b95054ac1c0707a3a2d9e04b2126cd3b3664c
full_orchestra,11,case_11_0041_cycle_039,case_11_0041,39,normal,17.035827329507683,13.879549980163574,13.879549980163574,0.3648971460903729,1,0.3297061849025673,0.10041218093884582,0.06897465543540426,False,False,0.15332244596556915,inspect,False,1.0,bcef33bd2c284b1ad674d4161e8a47dfa2617b6a5b4bf2136eb28510646d9a28
full_orchestra,11,case_11_0049_cycle_000,case_11_0049,0,focal_drift,20.15245496369032,20.783735275268555,20.783735275268555,0.5639716201379267,2,-0.9131539570182952,0.25753878214046605,0.24522971191562518,False,True,0.12494522077488,minor_maintenance,False,0.0,fba59dde12d729f709bc5cd861c3fd1fce3858aaa585f2ce929c3556bbe26017
full_orchestra,11,case_11_0049_cycle_001,case_11_0049,1,focal_drift,19.294336675499757,32.250736236572266,32.250736236572266,0.6659610863129967,3,-1.2683576531680787,0.5280438643507254,0.554521739725383,False,True,0.06560074469669917,major_maintenance,False,0.0,28ac5851f349626992658efabf8b840a7ca0b306fa76c2aa09179a1757e14321
full_orchestra,11,case_11_0049_cycle_002,case_11_0049,2,focal_drift,21.06677380154684,21.741628646850586,21.741628646850586,0.6584823624940008,3,-1.4653138416424139,0.5183320375059933,0.5570292530184504,False,True,0.13419534911585337,major_maintenance,True,1.0,091c13b1c12bc64bd666f155e6430319d8ec8b0cef1571608f3815cec38dd19a
full_orchestra,11,case_11_0049_cycle_003,case_11_0049,3,focal_drift,21.319849753717563,28.853561401367188,28.853561401367188,0.39401481596489735,1,0.19901726841690076,0.08812163924661384,0.06727865823922063,False,False,0.19997864778345809,inspect,False,2.0,1e96ca2a771318f6e5d3b74e88135d1bdf512f55e83ab43cd87f11b38d154ab6
full_orchestra,11,case_11_0049_cycle_004,case_11_0049,4,focal_drift,23.64429639984319,20.374845504760742,20.374845504760742,0.49537626083198527,2,-1.0316723689385254,0.28274207970107845,0.25169992134445723,False,True,0.15775463767902778,minor_maintenance,False,0.0,b850c4b5638a07c61e0eeaf76c6ac9a139a8d721b353dc2384a11988862d86cc
full_orchestra,11,case_11_0049_cycle_005,case_11_0049,5,focal_drift,22.446068920860405,31.757143020629883,31.757143020629883,0.5387149249796697,2,-0.9646641424730609,0.2722817010256435,0.24259790096557923,False,True,0.13916562730933452,minor_maintenance,False,0.0,5581e5c415a4948843e988ad8a38ca8955da28be8b72738546a847021e9d6801
full_orchestra,11,case_11_0049_cycle_006,case_11_0049,6,focal_drift,28.06967699093066,29.809377670288086,29.809377670288086,0.4056868541555908,1,0.032049087698006073,0.0960210454093276,0.0664944500177499,False,False,0.25262709291837593,inspect,False,1.0,9678b0927c0bda0ade9acda172de8a9314783c4a7c763ee28c30aed4315660ac
full_orchestra,11,case_11_0049_cycle_007,case_11_0049,7,focal_drift,19.721580185310128,35.64066696166992,35.64066696166992,0.5374920219625439,2,-0.9605073386847971,0.2911458398883984,0.25647038006906103,False,True,0.1278537971489228,minor_maintenance,False,0.0,bceface5633b381939bf25c3d9a6452f7751ca801954f29827c05f286e7691d5
full_orchestra,11,case_11_0049_cycle_008,case_11_0049,8,focal_drift,25.49513265396325,27.581857681274414,27.581857681274414,0.5558743767083617,2,-1.0358948443301021,0.27897332254843576,0.24916362238961973,False,True,0.15806982245457213,minor_maintenance,False,0.0,94179a543efa33c4f427639e8d1993153f5fcf3b000fef2a35a2c01b710dbb07
full_orchestra,11,case_11_0049_cycle_009,case_11_0049,9,focal_drift,28.728485774730476,35.19710922241211,35.19710922241211,0.5641731157465202,2,-1.1232115645039011,0.2988323829995644,0.25675422341546467,False,True,0.17811661180332897,minor_maintenance,False,0.0,89966efbeac2c2c93030ce4fa892d1d6162fab61367a952d4f2a0fd53e7e482f
full_orchestra,11,case_11_0049_cycle_010,case_11_0049,10,focal_drift,26.845205323014333,20.506067276000977,20.506067276000977,0.39624606648381044,1,0.05905835527730388,0.10213535056527243,0.06818605057933134,False,False,0.241606847907129,inspect,False,1.0,0bc87bc489987763dc5c86e7bced8b93fd27148b6c74040f603e7d11d1ad0f25
full_orchestra,11,case_11_0049_cycle_011,case_11_0049,11,focal_drift,26.50541711631454,28.867687225341797,28.867687225341797,0.41355343171561754,1,0.03627822180906938,0.10581526469923938,0.06990904574231996,False,False,0.24664875404683087,inspect,False,2.0,56b233916a9a2e764cf52197e54398b89de6559bebd94e348665b53f7144509d
full_orchestra,11,case_11_0049_cycle_012,case_11_0049,12,focal_drift,28.534460747512895,27.0122013092041,27.0122013092041,0.4421671879305391,2,-1.1327434144596855,0.2989620012807356,0.2540442063570366,False,True,0.18807365663457998,minor_maintenance,False,0.0,229d71d6d64530fab56f1929b005f903ed13947cc02a1c017e4cf76f76f57c1a
full_orchestra,11,case_11_0049_cycle_013,case_11_0049,13,focal_drift,27.53658111914938,26.285980224609375,26.285980224609375,0.5077878916105123,2,-1.1040504396550908,0.30841872105797113,0.2591039075492054,False,True,0.17072680293872614,minor_maintenance,False,0.0,77557366a88f65fa0104bad101ac299dd70bd5b9ffb28258917677e030830500
full_orchestra,11,case_11_0049_cycle_014,case_11_0049,14,focal_drift,26.169568072487515,32.308128356933594,32.308128356933594,0.4547099255222511,2,-1.0752076127639947,0.3114345365858565,0.261015776501916,False,True,0.16225132204942258,minor_maintenance,False,0.0,ee5a16188279f6fb5752d959357cd395de8e2f881ff69bf304dad80b3bad2e7a
full_orchestra,11,case_11_0049_cycle_015,case_11_0049,15,focal_drift,30.778101924848077,26.88994789123535,26.88994789123535,0.6772493725449029,3,-1.5024981583834658,0.6215447456135451,0.5817867090684187,False,True,0.10464554654448345,major_maintenance,False,0.0,ebb847b07d565c8ff2374fa7cf3652a99c1a0700e53a0ac044be27eab3f292a0
full_orchestra,11,case_11_0049_cycle_016,case_11_0049,16,focal_drift,29.57975097984626,34.89689636230469,34.89689636230469,0.580808536286023,2,-1.1807722738155804,0.3310651048701725,0.2655031503467051,False,True,0.1833944560750468,minor_maintenance,False,0.0,1a9c7c7b4b709d9b7edcd3dd4b87cd75bc7e598f35360e37a5886b4d57712ba6
full_orchestra,11,case_11_0049_cycle_017,case_11_0049,17,focal_drift,27.42046744737909,39.029544830322266,39.029544830322266,0.5299598597834098,2,-1.1384864795920362,0.33401638382798376,0.2686942778441125,False,True,0.17000689817375034,minor_maintenance,False,0.0,94f4bac2c04f26d7b4da7a9d682b6dbb5a0591b99aa9b374094d0f205fcb79d2
full_orchestra,11,case_11_0049_cycle_018,case_11_0049,18,focal_drift,29.605468711453476,33.136199951171875,33.136199951171875,0.4026340372448169,1,-0.032082180925049726,0.11493072196257889,0.07176087270813065,False,False,0.2664492184030813,inspect,False,1.0,4c7168b2a4851b56c32ba2432af1566e896466dad06b679c309d97576bec5962
full_orchestra,11,case_11_0049_cycle_019,case_11_0049,19,focal_drift,31.462453045241006,31.127601623535156,31.127601623535156,0.4626651043130979,2,-1.1961510115895517,0.31988468428610467,0.2561561687687496,False,True,0.20064720888049425,minor_maintenance,False,0.0,578fffa4b57f365cdc29fda98ad23c831174bfa5dc303b481664fc76114fc458
full_orchestra,11,case_11_0049_cycle_020,case_11_0049,20,focal_drift,33.745550699209765,30.92763328552246,30.92763328552246,0.4334795832314193,2,-1.2134956734958284,0.3194276239850399,0.2517235862759674,False,True,0.20922241433510053,minor_maintenance,False,0.0,0a92816fbfb93bb92bd8bb431d8959b3382f02eee29991cf7927710f9cffb05c
full_orchestra,11,case_11_0049_cycle_021,case_11_0049,21,focal_drift,35.114321958106686,30.61025619506836,30.61025619506836,0.5274698536636686,2,-1.2723598257721784,0.3372184697453362,0.25361811194563444,False,True,0.21770879614026145,minor_maintenance,False,0.0,b2871f6b08d887b3bd0af75d5996aa7e87992a2cece59be514ca73540169de96
full_orchestra,11,case_11_0049_cycle_022,case_11_0049,22,focal_drift,32.58588196493218,35.232460021972656,35.232460021972656,0.5506754219851124,2,-1.237345848293063,0.34124794767649935,0.25924897846382294,False,True,0.2020324681825795,minor_maintenance,False,0.0,f679b723138a82322a866c1442823e0336ae1e4f87e48cf8f117db13dee39f78
full_orchestra,11,case_11_0049_cycle_023,case_11_0049,23,focal_drift,31.55905462567436,36.19953155517578,36.19953155517578,0.5678441922807215,2,-1.1974650474235897,0.31995752237194475,0.25666560021499185,False,True,0.19566613867918103,minor_maintenance,False,0.0,34ce546ffce37d9a8cdfb6166c15fd46a469f4c87f40b954e883e6059164a43c
full_orchestra,11,case_11_0049_cycle_024,case_11_0049,24,focal_drift,39.023083765425106,35.52115249633789,35.52115249633789,0.4827097169883502,2,-0.3406330146779433,0.33108732354320236,0.26413734443697684,False,False,0.24194311934563564,minor_maintenance,False,0.0,d26c11ab0d1f4326193fd29261e7861e5b7175716e30abdb10abf986fbde1805
full_orchestra,11,case_11_0049_cycle_025,case_11_0049,25,focal_drift,38.165284896375276,32.05096435546875,32.05096435546875,0.48426808578791325,2,-0.2957740853838526,0.31189451451900263,0.25170632365510365,False,False,0.2366247663575267,minor_maintenance,False,0.0,b9edba3e4c21639e115e62992573b0cbf4d798a60cf90d60a5451bd964d9e52d
full_orchestra,11,case_11_0049_cycle_026,case_11_0049,26,focal_drift,34.60401708654038,41.494712829589844,41.494712829589844,0.5813511271270309,2,-1.2596056638050055,0.3261005966032131,0.2533346004038583,False,True,0.21454490593655035,minor_maintenance,False,0.0,204fc46350cfadebac9f20d3754bf7a28f0d770b9d9290285d9f367209cd0f5f
full_orchestra,11,case_11_0049_cycle_027,case_11_0049,27,focal_drift,35.15706859456358,38.49844741821289,46.52392647849726,0.7600796670576386,4,-1.961423325079865,0.9115693050540258,1.0115957787834553,False,True,0.0421884823134763,urgent_intervention,False,0.0,0a5251c85668f7b0152d2dfca3adbd083c7acf749d6dc6da3dea1e1510a5902b
full_orchestra,11,case_11_0049_cycle_028,case_11_0049,28,focal_drift,36.61490392522477,43.026878356933594,43.026878356933594,0.5606585290963356,2,-1.2722479597678271,0.3080209092872732,0.24886382263365367,False,True,0.22701240433639358,minor_maintenance,False,0.0,66b142f1fd3d3c7c605e767e9a77f7d154896888bef52f21be83e99bb3042b97
full_orchestra,11,case_11_0049_cycle_029,case_11_0049,29,focal_drift,33.054221819357096,34.3437614440918,34.3437614440918,0.46605796117913983,2,-1.2257745982476889,0.33513136776202346,0.2574075130859407,False,True,0.20493617528001398,minor_maintenance,False,0.0,bba990c3b866b533b9e2ace6fbf4a61a171d4e388fb3bcc93d2ae6a336cd2be3
full_orchestra,11,case_11_0049_cycle_030,case_11_0049,30,focal_drift,36.80596107114369,48.22320556640625,48.22320556640625,0.612269431573038,3,-1.8745918966001405,0.6148117544197343,0.5807222642186183,False,True,0.2344539720231853,major_maintenance,True,1.0,357f820bd9b1f82b6281fc2981e5f0f55b1e51243655c59ba49d389f0b24c64b
full_orchestra,11,case_11_0049_cycle_031,case_11_0049,31,focal_drift,37.34399246726821,34.41061019897461,34.41061019897461,0.5197011873989001,2,-1.3025668388210543,0.30986439488677986,0.2542612574165634,False,True,0.23711275329706288,minor_maintenance,False,0.0,5b507c33666d1e158ba62cc5932cb140785941700f8f30bf518dd8f79f7e8a75
full_orchestra,11,case_11_0049_cycle_032,case_11_0049,32,focal_drift,38.66447161710819,40.2744026184082,42.5322474468132,0.7167295814244568,3,-1.5566859402725945,0.5886925835458382,0.5826328862732304,False,True,0.13145920349816784,major_maintenance,False,0.0,bdd05af52129ad6e5809e6b2d1740ff4a064a72a209e7e7776895ea650b1e5c1
full_orchestra,11,case_11_0049_cycle_033,case_11_0049,33,focal_drift,43.50375069412239,40.50785446166992,40.50785446166992,0.5851159047954391,2,-0.39813652235374575,0.2972246618807628,0.2549683898037383,False,False,0.2697232543035588,minor_maintenance,False,0.0,a5af8518c3fe53850f74b66eff06d2a2dc6fdc3d3a46f5c535ef47793c8adc6d
full_orchestra,11,case_11_0049_cycle_034,case_11_0049,34,focal_drift,40.543285053619464,40.78547668457031,40.78547668457031,0.6018752807450295,3,-1.550285711613167,0.5871126096417678,0.5741878778909079,False,True,0.13784716918230616,major_maintenance,False,0.0,bf4f701228f0a2e20f88c8c6020c2127e4273b845adc0f62b9449eba3356b5fe
full_orchestra,11,case_11_0049_cycle_035,case_11_0049,35,focal_drift,35.38460381636518,39.13662338256836,39.13662338256836,0.5101594391742375,2,-1.2318135205310203,0.2894724024315176,0.2595794640487184,False,True,0.21938454366146412,minor_maintenance,False,0.0,90da150ecd2e6914aae6091563abfdcb47897bbf3e7d3e2406583c0b9d66bb0b
full_orchestra,11,case_11_0049_cycle_036,case_11_0049,36,focal_drift,40.201074224358095,44.63710403442383,44.63710403442383,0.6221283744658043,3,-1.8918676335022158,0.5719660030908987,0.5729248072674538,False,True,0.2560808428091611,major_maintenance,True,1.0,be5ca283c5a9147cd92f2f723abcbc4c7146a196aff60d0ca67bf61323208bdb
full_orchestra,11,case_11_0049_cycle_037,case_11_0049,37,focal_drift,43.949794436569256,42.246612548828125,42.246612548828125,0.6187968265050764,3,-1.9658191806049112,0.560710335319942,0.5690121870329616,False,True,0.28569319056094616,major_maintenance,True,2.0,122a00578c14ef6b2bf052ea2bd7294182d48f4aa6e916191f6972c2613c0de2
full_orchestra,11,case_11_0049_cycle_038,case_11_0049,38,focal_drift,42.67557581713484,40.42277526855469,40.42277526855469,0.49083768152301865,2,-0.38124520491956987,0.27736130399897696,0.25376567311679005,False,False,0.27574857006623604,minor_maintenance,False,0.0,2d446a4d7af8bf2e9b99f097ff2b8f9f90c24f9880008997cc4cb8ee3914f9a3
full_orchestra,11,case_11_0049_cycle_039,case_11_0049,39,focal_drift,45.56851039540234,44.98244857788086,44.98244857788086,0.6016511438774077,3,-1.5233860398876184,0.5244335720511546,0.554882487777186,False,True,0.15493293534436794,major_maintenance,False,0.0,deba232c268b4c92cec4f60c898ca39033f9f6cb2ec822f375844981b8285f58
full_orchestra,11,case_11_0052_cycle_000,case_11_0052,0,lens_contamination,24.465873578378165,26.134702682495117,26.134702682495117,0.37182254237669415,1,0.10654943707716127,0.12131028292058288,0.06973539003692655,False,False,0.2201928622054035,inspect,False,1.0,fa82fa02e83d16faef4588d33183bcf96b467e969cb8f84ad55a54319ac52060
full_orchestra,11,case_11_0052_cycle_001,case_11_0052,1,lens_contamination,22.784011295231682,26.856929779052734,26.856929779052734,0.44293356024252556,2,-1.0411613673443476,0.3303456122544535,0.25481638870275725,False,True,0.14684087003043644,minor_maintenance,False,0.0,f30f3124ee76f2f93c844512623a7d1d714e596d68330bdb2704a317033367f0
full_orchestra,11,case_11_0052_cycle_002,case_11_0052,2,lens_contamination,24.81614450651944,20.992542266845703,20.992542266845703,0.423524989866581,2,-1.0702470284813594,0.33571724039420825,0.261775939732378,False,True,0.15386009594042052,minor_maintenance,False,0.0,afff690f3126aa81125a0166de06ca06f7a237d94e7ab689b0f3535d0ab1f57c
full_orchestra,11,case_11_0052_cycle_003,case_11_0052,3,lens_contamination,25.1695459315356,31.36836814880371,31.36836814880371,0.5456573341902303,2,-1.0917172129509496,0.32969493236629493,0.26502515766194734,False,True,0.1560511847755207,minor_maintenance,False,0.0,5d06de9c3990f0f154f09761ea72320b8046fefbbe98763138eb31ca77679037
full_orchestra,11,case_11_0052_cycle_004,case_11_0052,4,lens_contamination,28.25640478683566,27.432035446166992,28.187613251363413,0.703147891699266,3,-1.4871152611479368,0.6265478521315216,0.5835998705447518,False,True,0.09607177627524123,major_maintenance,False,0.0,5c99e8e1863631c1a9f62d119c07547d900ffb45b6a7bb4b8b8f3e4028603251
full_orchestra,11,case_11_0052_cycle_005,case_11_0052,5,lens_contamination,26.82791360597008,36.39594650268555,29.84157889866943,0.7488581459829667,3,-1.5124425616198018,0.648637733857003,0.597289233855574,False,True,0.09121490626029825,major_maintenance,False,0.0,79e773f3e0c2ddf521eec133a6f36e8d981fcb1802fca2a995d8158fe99caf92
full_orchestra,11,case_11_0052_cycle_006,case_11_0052,6,lens_contamination,26.978698634532712,36.39551544189453,36.39551544189453,0.6372751536067118,3,-1.4628480278689053,0.6335603531854118,0.5731420944628164,False,True,0.0917275753574112,major_maintenance,False,0.0,f7c72ad100a6825759de7402a6d6ccd34111c3ce817d5c8d2aa383017b4a3c79
full_orchestra,11,case_11_0052_cycle_007,case_11_0052,7,lens_contamination,34.10040347721648,36.604461669921875,39.44345653682561,0.7372145533563723,3,-1.5224532938722204,0.6084149790930906,0.5695400203850823,False,True,0.11594137182253601,major_maintenance,False,0.0,55e6c253f742e7eef1d8793981b24a5c715e404f77eaf451a429e32a0b953628
full_orchestra,11,case_11_0052_cycle_008,case_11_0052,8,lens_contamination,31.609505866800248,30.456693649291992,30.456693649291992,0.5120799568635754,2,-1.197241932724499,0.3258466016960176,0.2583081604705754,False,True,0.19597893637416153,minor_maintenance,False,0.0,e88b6d4ac5804f67bdb9a08a895064ff2c359fd824d6f45e2479d01bb9c07091
full_orchestra,11,case_11_0052_cycle_009,case_11_0052,9,lens_contamination,29.830242064222322,30.126062393188477,30.126062393188477,0.5250821498431619,2,-1.1436713163348688,0.30677557680244577,0.2541136433267673,False,True,0.1849475007981784,minor_maintenance,False,0.0,a8d2fdb34fd2d8518a54b0f2f7c5eaa4c28355c998f4001eb47c65d76ba11eae
full_orchestra,11,case_11_0052_cycle_010,case_11_0052,10,lens_contamination,30.347283397380647,21.919809341430664,21.919809341430664,0.3772893831973297,1,-0.0478221007705173,0.1161063298470198,0.06968213964327565,False,False,0.27312555057642585,inspect,False,1.0,d944a5b5eb72d9b591ec62378ef8b6ef32a523e4bceb75ed51c3124df7df6e83
full_orchestra,11,case_11_0052_cycle_011,case_11_0052,11,lens_contamination,28.538525355545758,34.51601028442383,34.51601028442383,0.6032060089832192,3,-1.4748490004982164,0.6234343623747116,0.5758259726868191,False,True,0.10009098620885556,major_maintenance,False,0.0,f4a0756c423900417b3968a1827a324824bd9f528e1c3b964889e308b037e3eb
full_orchestra,11,case_11_0052_cycle_012,case_11_0052,12,lens_contamination,32.21797972647248,39.01448440551758,39.01448440551758,0.6856317891876378,3,-1.5064263660228894,0.6119448678742647,0.5787666707005745,False,True,0.10954113107000642,major_maintenance,False,0.0,bff17589e3fa3a33a841b7af151b73639043e4f1d7c2f09f051265eceaa65853
full_orchestra,11,case_11_0052_cycle_013,case_11_0052,13,lens_contamination,30.2859331117606,37.11545944213867,35.61323089448727,0.7454511459752367,3,-1.784670775461496,0.6117761088304752,0.6028910162112378,False,True,0.192921393921915,major_maintenance,True,1.0,63bfd911c8887728b450ac0bdb365660739a17362a950da21f1545b8d05bce33
full_orchestra,11,case_11_0052_cycle_014,case_11_0052,14,lens_contamination,30.98650799547531,35.155399322509766,35.909556399843076,0.7351188439181556,3,-1.4872177517062077,0.591421836835835,0.5753571334110016,False,True,0.10841412718461604,major_maintenance,False,0.0,79811071e063c9bf6942c4c49cb1721fe54186f8c188d1432a1411c7b1053b07
full_orchestra,11,case_11_0052_cycle_015,case_11_0052,15,lens_contamination,37.04265081587783,27.353574752807617,27.353574752807617,0.5074094143945591,2,-1.2614315456498322,0.29600996237556754,0.25039608242469125,False,True,0.22966443505844253,minor_maintenance,False,0.0,8c46262b667d22fc5b10275870bdf41dc622b65d19dd193c0272a999b3071338
full_orchestra,11,case_11_0052_cycle_016,case_11_0052,16,lens_contamination,40.26371144184856,36.093441009521484,38.91187642018511,0.7372142315300739,3,-1.561219930522095,0.5771500054885349,0.5784974169964923,False,True,0.13689661890228508,major_maintenance,False,0.0,70f37daaee434a0a79f328b343015f7a9908c877ea3494fe3fd664e6481ecda8
full_orchestra,11,case_11_0052_cycle_017,case_11_0052,17,lens_contamination,40.10966452074509,39.070213317871094,36.66575256926882,0.7620163751566102,3,-1.5713229283817933,0.586945050912884,0.5761960538547723,False,True,0.1363728593705333,major_maintenance,False,0.0,a7513e01757c9c4b8c02461591ba6b179d5012d1c9c256c84904a67498a1b9fb
full_orchestra,11,case_11_0052_cycle_018,case_11_0052,18,lens_contamination,38.2767650764927,32.068843841552734,32.068843841552734,0.645311404916855,3,-1.5170260196958372,0.5592350152099743,0.5882141124601363,False,True,0.1301410012600752,major_maintenance,False,0.0,a4a24761c9e5c961fad2e72ed816fb9dc25f6ebaf423a9ed1149a90e3ca68276
full_orchestra,11,case_11_0052_cycle_019,case_11_0052,19,lens_contamination,42.48095614673822,42.117889404296875,36.1611543098118,0.731933491608425,3,-1.5512769801457915,0.5516519633183175,0.5706615504868506,False,True,0.14443525089890996,major_maintenance,False,0.0,d8071316d80ac8b27750f0f26887a9a7112a32fc7c0e366c1a877f341cd13882
full_orchestra,11,case_11_0052_cycle_020,case_11_0052,20,lens_contamination,39.92299439231529,34.96183776855469,41.16462553272697,0.7401620572244454,3,-1.861209351077781,0.5234376493111611,0.5797737129322598,False,True,0.2543094742790484,major_maintenance,True,1.0,f7015062f01cc1b9ae3ec3e9ad7b7fc09a9048d53a42848c4d6a08cacd808344
full_orchestra,11,case_11_0052_cycle_021,case_11_0052,21,lens_contamination,40.010425083835976,38.59996032714844,37.80627114057788,0.7558187397049679,3,-1.5122535467650655,0.5394164699418423,0.5527224125154386,False,True,0.1390954452850423,major_maintenance,False,0.0,ab2b2168ebed55a93cbba7b803e7b81bbae3bf4d138f0b33d541777deb21d255
full_orchestra,11,case_11_0052_cycle_022,case_11_0052,22,lens_contamination,40.652774482940465,41.12610626220703,52.65619881648337,0.7519158359638105,4,-1.90260782323434,0.8443611989274734,0.9988865759671365,False,True,0.04878332937952856,urgent_intervention,False,0.0,9fef175269bd4be3876881f711273dfbaf62996d3f65e8296fcf021789d4cbc1
full_orchestra,11,case_11_0052_cycle_023,case_11_0052,23,lens_contamination,43.73920336404364,41.65370559692383,41.65370559692383,0.6622012892982222,3,-1.5548950245916362,0.5481749390942582,0.5765625222367496,False,True,0.14871329143774836,major_maintenance,False,0.0,6328200ae79cdbb6312e564f8072bb7d6e6d228dc2b71424d36b02c491cc2430
full_orchestra,11,case_11_0052_cycle_024,case_11_0052,24,lens_contamination,40.05493487576206,42.5423583984375,46.00364159224799,0.7447021773286713,4,-1.8452108214900802,0.8309158827844229,0.9479898081920166,False,True,0.04806592185091447,urgent_intervention,False,0.0,406b7fc67bad3a9e047b37e5dc42d694d2e625a44986b79847e22fb07515b936
full_orchestra,11,case_11_0052_cycle_025,case_11_0052,25,lens_contamination,42.073287536188204,44.46435546875,48.812618177517905,0.7434508086151183,4,-1.8646482211167832,0.8341668743688917,0.959374862906683,False,True,0.05048794504342584,urgent_intervention,False,0.0,f9340892a250e13af70715243f368e035d486f27226175a2a8cdc4ec3fbdf52a
full_orchestra,11,case_11_0052_cycle_026,case_11_0052,26,lens_contamination,49.22886091094574,46.83414077758789,50.33935546122406,0.7199003861806971,3,-1.5700227772771949,0.5110212618835006,0.5611025952186789,False,True,0.1673781270972155,major_maintenance,False,0.0,67d563d995a85ae9f1fec3a44fd546351480b5e44588f84f47d9202d70ea44f3
full_orchestra,11,case_11_0052_cycle_027,case_11_0052,27,lens_contamination,45.46124368513896,40.77735137939453,39.28328501726619,0.7546264225238886,3,-1.543595151526346,0.5187310497543083,0.5599568160062964,False,True,0.15456822852947244,major_maintenance,False,0.0,a866f1fbfe59576d82be511e9373432b64aa5413d25d5cce95fb40d12ec20019
full_orchestra,11,case_11_0052_cycle_028,case_11_0052,28,lens_contamination,48.58162802193395,40.52683639526367,42.902357472725726,0.760292273548571,3,-2.0221686839757895,0.5208008683575418,0.5736613288585055,False,True,0.30946497049971927,major_maintenance,True,1.0,cf8358e8307ade8be29e2516a511466ec88f8b6351998bfdc6358e96fb39187a
full_orchestra,11,case_11_0052_cycle_029,case_11_0052,29,lens_contamination,44.300966757387194,41.34701156616211,46.61762599211113,0.7582775796238396,4,-1.8713287876017708,0.8337550503986194,0.9513857749162269,False,True,0.05424116010886463,urgent_intervention,False,0.0,f829406b37d08115c244a80354cdc5a96c90c09e6da33469c8c75abe4240bbe1
full_orchestra,11,case_11_0052_cycle_030,case_11_0052,30,lens_contamination,49.17643133391966,45.76909255981445,50.00686157767792,0.7340701053266151,4,-1.888756865513096,0.8305212100449524,0.9638624835838004,False,True,0.05901171760070359,urgent_intervention,False,0.0,cb21b14023c99e6c9ecc315643e8674832f0c0da1bb2123d0be761cf696ad03b
full_orchestra,11,case_11_0052_cycle_031,case_11_0052,31,lens_contamination,52.07278292084842,45.38280487060547,52.50975321522593,0.7326834263826678,4,-2.534319419036323,0.8361397224762648,0.9777381287349056,False,True,0.26869555987157784,urgent_intervention,True,1.0,52e30ef73ab7c49b571c35cdcac438895b1ba5c36811eca7b0c16569f5b76377
full_orchestra,11,case_11_0052_cycle_032,case_11_0052,32,lens_contamination,55.51723760682425,45.4206428527832,43.757929133557276,0.7231322307667538,3,-0.6503043272424645,0.5238427352789274,0.5531699171986457,False,False,0.19181860786320246,major_maintenance,False,0.0,0452acf7e1179fe8427b3cc2d07034036f86b7fa4878ef848ad4cb2ee31370dd
full_orchestra,11,case_11_0052_cycle_033,case_11_0052,33,lens_contamination,49.670668069071446,48.55815887451172,47.75484937425197,0.7021084791560271,3,-1.5825099420635031,0.5221027777313325,0.5605625976927975,False,True,0.16888027143484288,major_maintenance,False,0.0,7d230fc7748407af4fdf450b71cb911a6f4a27dc41d0f53c00dcb5d236ccdbc2
full_orchestra,11,case_11_0052_cycle_034,case_11_0052,34,lens_contamination,47.638944798933565,49.12185287475586,50.41902795107109,0.7068936746339973,3,-1.5543563968960652,0.5122200380590307,0.5627313383660157,False,True,0.1619724123163741,major_maintenance,False,0.0,d11b5a47562d3d163d808872bdb79002c4ce46d78bcafcb20ad57e95d8c99fbc
full_orchestra,11,case_11_0052_cycle_035,case_11_0052,35,lens_contamination,56.6872802639683,48.54414367675781,50.95644567045119,0.7047801784110407,3,-0.6564679056984889,0.5307824303708075,0.5521977373419358,False,False,0.1927367528974922,major_maintenance,False,0.0,3f4991c2cbd7711eda4ae30027fafac24bca36ddb6132b0669e414aa6a41a858
full_orchestra,11,case_11_0052_cycle_036,case_11_0052,36,lens_contamination,56.771915946555,45.754302978515625,41.418465161151545,0.7233083639970445,3,-0.6971010800368758,0.5566406466874153,0.5661132951188035,False,False,0.19302451421828698,major_maintenance,False,0.0,ecf45f470b4d8e9ba62e7fcf6758bb0baa0b860c15d3eacbf686f710c3a72376
full_orchestra,11,case_11_0052_cycle_037,case_11_0052,37,lens_contamination,53.24654341617148,48.68129348754883,55.95696243951758,0.7230076442230947,4,-1.9432973912247726,0.8567193210052699,0.9830492091097766,False,True,0.06389585209940576,urgent_intervention,False,0.0,ac469892203a653e0a51c908dfffec818238fcb765cb818faa4bcedbd654cf2b
full_orchestra,11,case_11_0052_cycle_038,case_11_0052,38,lens_contamination,56.32970839005096,49.47007369995117,45.83129698827756,0.718016646781707,3,-0.7014319288376853,0.5596510136736425,0.5743942407103338,False,False,0.19152100852617324,major_maintenance,False,0.0,e99ada110c8c6b7c5c6a87cccc97c18591697020a6e9b3ed8ca658b6471d5ad3
full_orchestra,11,case_11_0052_cycle_039,case_11_0052,39,lens_contamination,57.911317488466985,47.3634147644043,39.88986146543013,0.7191071984073687,3,-0.7139036315447198,0.55825908910497,0.5713537803703516,False,False,0.19689847946078773,major_maintenance,False,0.0,51d4e7663ad94d3fe582eb74817ca187055eaa205332c5bc35d7dab6a9d9cf72
full_orchestra,11,case_11_0056_cycle_000,case_11_0056,0,normal,9.953999769688258,14.824471473693848,14.824471473693848,0.42551842929589007,2,-0.7740297696342322,0.3269011855984615,0.247695529906482,False,True,0.061714798572067193,minor_maintenance,False,0.0,bb2f16773833bd63ce888a0ecdf41d378401c1c67d90028fe8b185c32d36910f
full_orchestra,11,case_11_0056_cycle_001,case_11_0056,1,normal,11.94038806891906,13.65793228149414,13.65793228149414,0.5705614761732378,2,-0.8329870301552231,0.32200912456949293,0.2541280825973125,False,True,0.07403040602729817,minor_maintenance,False,0.0,777e18bcd99844453e4b6f407a618799fcef4b1eacb8239a2847297d1eb8382a
full_orchestra,11,case_11_0056_cycle_002,case_11_0056,2,normal,9.639829259808318,17.497251510620117,17.497251510620117,0.3437840666158448,1,0.5204925695926461,0.11320165738628737,0.0680784662673315,False,False,0.08675846333827486,inspect,False,1.0,8397f14582b0790f13e6f3125dc1ff3214ede6496fb1e276b50f04f0e39a1038
full_orchestra,11,case_11_0056_cycle_003,case_11_0056,3,normal,11.618680014843275,14.496878623962402,14.496878623962402,0.644564802036233,3,-1.3219833881487246,0.6305778044997126,0.5837879089902197,False,True,0.042563512050467135,major_maintenance,False,0.0,2407c0c1f6d2a8673d6db7ee2f942a5d9b2a1a1d962f487170417e264c459462
full_orchestra,11,case_11_0056_cycle_004,case_11_0056,4,normal,12.3264908442036,13.534027099609375,13.534027099609375,0.3805702654741108,1,0.43558446201651224,0.11909869374360504,0.06927006453158607,False,False,0.1109384175978324,inspect,False,1.0,67d0b6858b578a29b9b4ef35dd7bec1d08124be0081a2e1e50a0e28e81a87769
full_orchestra,11,case_11_0056_cycle_005,case_11_0056,5,normal,12.215674499898336,13.914060592651367,13.914060592651367,0.4180631301851359,1,0.4073092332998573,0.11878749209915873,0.07133824196994816,False,False,0.11804107049908502,inspect,False,2.0,4c2fbf21ad5982ea9a667ad4c52161bda09b3181a2cdf39db3fd6cfe16f2b328
full_orchestra,11,case_11_0056_cycle_006,case_11_0056,6,normal,13.37365211501576,13.508488655090332,13.508488655090332,0.3383312275997782,1,0.36028825525349034,0.12397456777626543,0.06912360715606497,False,False,0.13656286903514187,inspect,False,3.0,0c25b87b8f42549d2fd04a97f8f44a4495ede7a6e9917aaac43a18819527be56
full_orchestra,11,case_11_0056_cycle_007,case_11_0056,7,normal,12.271815353884294,13.533827781677246,13.533827781677246,0.6257137573073233,3,-1.3768510856007163,0.6362211841675527,0.6175754015343067,False,True,0.050904172203206595,major_maintenance,False,0.0,6cba2ce23b9eff7c22a7066b2c3c4c72494c7c182f34dce4808d9dbb98706ae1
full_orchestra,11,case_11_0056_cycle_008,case_11_0056,8,normal,14.046161796995058,14.000530242919922,14.000530242919922,0.45914144388603867,2,-0.8823054889176711,0.3407929106705139,0.2642284403001791,False,True,0.08708620314136936,minor_maintenance,False,0.0,b612d47cad6b416888d6ce64dba4fb776fa446e16494a7cc625f470b7cfd9d6b
full_orchestra,11,case_11_0056_cycle_009,case_11_0056,9,normal,14.550968671911196,13.433975219726562,13.433975219726562,0.4042350622469407,1,0.3673517214987254,0.12082381734385385,0.0728913095984716,False,False,0.13095871804720077,inspect,False,1.0,b39fcf60e2cbaaa43461eb0346446fffcb4b511446781a962587846ee560be2e
full_orchestra,11,case_11_0056_cycle_010,case_11_0056,10,normal,11.603128191237031,13.830368995666504,13.830368995666504,0.42181999210950966,2,-0.831503972347396,0.3281941231477595,0.25934833253275164,False,True,0.07751939478566959,minor_maintenance,False,0.0,ef3cf70b178635d0db38d597461501712cd81c34ed3b58a55a7ee60d90bad1d4
full_orchestra,11,case_11_0056_cycle_011,case_11_0056,11,normal,11.107403169137076,14.876917839050293,14.876917839050293,0.41556948157937196,1,0.47038823751129755,0.112879851536209,0.06812075393610827,False,False,0.09996662852223369,inspect,False,1.0,9f869f29401ed1d2458eb60a7a67ac742a1af89333e8b5e4aa9d44c99508caed
full_orchestra,11,case_11_0056_cycle_012,case_11_0056,12,normal,11.989101657728328,14.992790222167969,14.992790222167969,0.5875939247877654,2,-0.8564201158428962,0.3238885121573323,0.2558190301670653,False,True,0.07991243027791563,minor_maintenance,False,0.0,59ca947772a4a9b8c7b05b51bbdcf0b50c00bc313a9bcdfcf2ab383a50b76552
full_orchestra,11,case_11_0056_cycle_013,case_11_0056,13,normal,12.179565461398893,16.2908935546875,16.2908935546875,0.3138483916317299,1,0.4524478781742063,0.11606818859704643,0.06944800878277195,False,False,0.10961608915259004,inspect,False,1.0,d0db55b487e570cec4d38efa03a2023eb8fb1a1d68a4ca901c3128b68222b078
full_orchestra,11,case_11_0056_cycle_014,case_11_0056,14,normal,11.261838434036221,14.394292831420898,14.394292831420898,0.42378431303795705,2,-0.8159079385526984,0.321774046236617,0.25544506310914256,False,True,0.07540339829102458,minor_maintenance,False,0.0,6c9935564295342637ec1cae32e90f7e853e940352156cf347ade27b70a94473
full_orchestra,11,case_11_0056_cycle_015,case_11_0056,15,normal,11.693068365116202,15.78696060180664,15.78696060180664,0.49440257108161834,2,-0.7995513191900107,0.30674749581530486,0.25144045765162726,False,True,0.07249702386372045,minor_maintenance,False,0.0,9b8f0d654faebf57d86cec25b31b03fdf3296d4978e7492593d7c22daf41d5c3
full_orchestra,11,case_11_0056_cycle_016,case_11_0056,16,normal,12.640779436763053,24.676559448242188,24.676559448242188,0.29962525165968346,0,1.475832829148156,0.0,0.0,False,False,0.12640779436763053,do_nothing,False,1.0,c30c82c776278ba868a9e7e2a90c7cf846b5ac5ba21ef35380cb40b02682971b
full_orchestra,11,case_11_0056_cycle_017,case_11_0056,17,normal,12.413979549843544,13.84396743774414,13.84396743774414,0.4426748537257886,2,-0.8413008976925594,0.30139371667324955,0.24745741666668977,False,True,0.09184667320902996,minor_maintenance,False,0.0,2aafc78852377b0296891228963f23614384d9bb2e8e36cc3e671050fa595083
full_orchestra,11,case_11_0056_cycle_018,case_11_0056,18,normal,11.591137968186151,21.71451187133789,21.71451187133789,0.4033030225814827,1,0.4686873810225518,0.1036558330801238,0.06775075921134473,False,False,0.10432024171367538,inspect,False,1.0,677d0fd8fd8f9aba6b1af9993e0404528e2d20238eee297317cd6bcc7a6f141d
full_orchestra,11,case_11_0056_cycle_019,case_11_0056,19,normal,12.336975885690066,14.991339683532715,14.991339683532715,0.6087194149081799,3,-1.2495748602872156,0.5767335351356564,0.5581453236016171,False,True,0.04500571801134622,major_maintenance,False,0.0,1274797a6eb17d5462f9ba483d32c2392e206929d2efcc70268cb5ef35b29955
full_orchestra,11,case_11_0056_cycle_020,case_11_0056,20,normal,12.33723905927347,15.754989624023438,15.754989624023438,0.5142033291321083,2,-0.7922183092748873,0.28816213989805833,0.2468162793806578,False,True,0.07649088216749551,minor_maintenance,False,0.0,488724febdbe56fd9b4d9f19f4174ae37bbff2c9c5deb3e6cb64081459e6a3c8
full_orchestra,11,case_11_0056_cycle_021,case_11_0056,21,normal,12.906071793408808,13.50337028503418,13.50337028503418,0.5861604361042723,2,-0.8251436192350878,0.29524587614845943,0.2524009278919798,False,True,0.0800176451191346,minor_maintenance,False,0.0,899d219f79d8a8540559b3a9647bbeade7ad2a272ed490548ba367a5bd9e6f75
full_orchestra,11,case_11_0056_cycle_022,case_11_0056,22,normal,11.914765899787568,14.499167442321777,14.499167442321777,0.3980729944040422,1,0.4685799451352733,0.0949779934766268,0.06879054116653659,False,False,0.1072328930980881,inspect,False,1.0,66aa91f9929b9e6f4db7fe0347ae6432a825615f8b4e0d122ed609de973d76a7
full_orchestra,11,case_11_0056_cycle_023,case_11_0056,23,normal,11.612712064776675,14.380215644836426,14.380215644836426,0.4617174232519377,2,-0.7704349912359403,0.2698852680413391,0.2481945816274554,False,True,0.07757881480161538,minor_maintenance,False,0.0,43304dea25c09502f76878e8e586cf81197835c75e37b0959823b23fe44fac15
full_orchestra,11,case_11_0056_cycle_024,case_11_0056,24,normal,10.32626286224056,17.51119041442871,17.51119041442871,0.5090799300624572,2,-0.7336725270776606,0.27053503980913113,0.24338376065185804,False,True,0.06402282974589146,minor_maintenance,False,0.0,c36635b379cee07a81c86b7b8f198d082a411d4218f002edc7fbed891ac861dd
full_orchestra,11,case_11_0056_cycle_025,case_11_0056,25,normal,12.226016165857278,13.897358894348145,13.897358894348145,0.3930437887409943,1,0.4611988106647458,0.09615854907025195,0.06697954434463346,False,False,0.1100341454927155,inspect,False,1.0,b7ab2a595ef5790c33cbbe7568a7d5832ca48916fb8818d2cd99ccabe1f2300f
full_orchestra,11,case_11_0056_cycle_026,case_11_0056,26,normal,12.52941626075104,15.796907424926758,15.796907424926758,0.3367186824742885,1,0.44048492320276383,0.09180283449218381,0.06826275111703865,False,False,0.12086474634675937,inspect,False,2.0,8913c02201b2fe25166908170df466b714066b7e0fb231f62119f7c50ab0a459
full_orchestra,11,case_11_0056_cycle_027,case_11_0056,27,normal,10.23628151541749,13.391706466674805,13.391706466674805,0.42790608732007784,2,-0.7469888793550793,0.26068902464600896,0.24779888178036663,False,True,0.07462494539558844,minor_maintenance,False,0.0,c92da22e1a4a667f5b55632acfc32d896fac35175c26cfe809899b91df148eec
full_orchestra,11,case_11_0056_cycle_028,case_11_0056,28,normal,11.033147582161885,16.908592224121094,16.908592224121094,0.44017927308469257,2,-0.7301566140870122,0.2557966211992241,0.2538956961210914,False,True,0.06840551500940369,minor_maintenance,False,0.0,bd93ca12291c6731a000e89cde59f393fc4aa263e042725a606eb463fee6e2a9
full_orchestra,11,case_11_0056_cycle_029,case_11_0056,29,normal,13.26843877398309,13.484858512878418,13.484858512878418,0.31790688264975314,1,0.45505230415047226,0.0865901172829944,0.06552962408940882,False,False,0.11941594896584781,inspect,False,1.0,720e8f5ecdaa709bb200e4f61a88ecae8a0086659193017b0830077c14cd620b
full_orchestra,11,case_11_0056_cycle_030,case_11_0056,30,normal,11.640681954047775,14.162479400634766,14.162479400634766,0.32132204434703293,1,0.4743646161173667,0.0855882612618262,0.06656300401182781,False,False,0.11286613758642998,inspect,False,2.0,c784a5755047461da17036f81801eceab3ac1ac59f3c3a5343325f6a3dc8e417
full_orchestra,11,case_11_0056_cycle_031,case_11_0056,31,normal,11.806167208450637,17.699735641479492,17.699735641479492,0.4186938292377736,1,0.4302914250648084,0.0856867038563256,0.06731410258129085,False,False,0.12245550487605573,inspect,False,3.0,eae66331d4d9cad86ecf9e7427eed208da146541d9c803a95fe91885ed955713
full_orchestra,11,case_11_0056_cycle_032,case_11_0056,32,normal,12.459554671147414,14.09717082977295,14.09717082977295,0.386116307095995,1,0.3970071367231664,0.08075766160876897,0.06876222435335655,False,False,0.13643599204032672,inspect,False,4.0,7bddf580773ba4bcdbb42ec457a64869595c746f53ff1fcc98c79f4fd93d3d6f
full_orchestra,11,case_11_0056_cycle_033,case_11_0056,33,normal,10.170977793900603,20.876405715942383,20.876405715942383,0.43244599769793524,2,-0.7771084906215168,0.2581353302762854,0.24745759215498744,False,True,0.08538006232218373,minor_maintenance,False,0.0,f2b25a39e582d0adef62bba3e62d19702b04e8400a84cdf3bd09fc277aa3df4f
full_orchestra,11,case_11_0056_cycle_034,case_11_0056,34,normal,11.237765025640032,16.54429817199707,16.54429817199707,0.44184434749996254,2,-0.7212686821109467,0.2519307668676448,0.24254854205175386,False,True,0.0696741431589682,minor_maintenance,False,0.0,e6929e730067ae32d267c9b8c36e77046aeef31251288353c043b068865e8af7
full_orchestra,11,case_11_0056_cycle_035,case_11_0056,35,normal,11.835291232688668,17.86054229736328,17.86054229736328,0.4242501519055512,2,-0.737215485828232,0.25555051185261063,0.24736379282722443,False,True,0.07337880564266974,minor_maintenance,False,0.0,992d5d1032c5a68e77d967c276321f682972327da9b1fd8727a5f451220d6243
full_orchestra,11,case_11_0056_cycle_036,case_11_0056,36,normal,11.987423258756005,13.65834903717041,13.65834903717041,0.3995203418098082,1,0.4785380502257675,0.08573942517110064,0.06516755668156055,False,False,0.10788680932880405,inspect,False,1.0,f1c4bb992ec54f91028f525a7d538aaca9747b709a3bd7e3db2e3a316701942d
full_orchestra,11,case_11_0056_cycle_037,case_11_0056,37,normal,12.893399029801072,16.95432472229004,16.95432472229004,0.3378123421861563,1,0.4316424488566161,0.09090162790062924,0.06795287263775272,False,False,0.12414059126820966,inspect,False,2.0,d4c602f05fdee6534f31f96682cba4ccbe09451a9988b6a73c20f8f8b46bcd23
full_orchestra,11,case_11_0056_cycle_038,case_11_0056,38,normal,11.351233408428447,15.854262351989746,15.854262351989746,0.394121659327073,1,0.44600497493353586,0.08748395434877274,0.06538689973882798,False,False,0.11836110067585603,inspect,False,3.0,557c8a76e812d60b0c17299a737c036f4d17210829527518932ea1ccec3de647
full_orchestra,11,case_11_0056_cycle_039,case_11_0056,39,normal,10.326464928400666,14.856225967407227,14.856225967407227,0.42965076207704295,2,-0.7656974414102684,0.2623695209272786,0.24573507312897624,False,True,0.08076408255608412,minor_maintenance,False,0.0,d1241c2ba983513956eb3a5765d6ba1368f130e0606e85e407f95220e9dafc0f
full_orchestra,11,case_11_0071_cycle_000,case_11_0071,0,lens_contamination,21.038275023550547,20.421998977661133,20.421998977661133,0.4520096669849824,2,-0.9777611774645789,0.3145506670825111,0.2551214311203503,False,True,0.13043730514601337,minor_maintenance,False,0.0,508aeb150b9e04bf79777a45d08122d39fb1a62d832ebf5241e8e5214a78376f
full_orchestra,11,case_11_0071_cycle_001,case_11_0071,1,lens_contamination,22.5315572261418,18.93085289001465,18.93085289001465,0.5528268488553962,2,-1.0181130870833475,0.3084233018034339,0.25959849193170836,False,True,0.13969565480207916,minor_maintenance,False,0.0,c7c0b63530d90b27cf23c3d5f68674bfb16b57bc662530d2e5c8ec61a2071bdb
full_orchestra,11,case_11_0071_cycle_002,case_11_0071,2,lens_contamination,21.03624137699177,34.376502990722656,34.376502990722656,0.47804947320229085,2,-0.968207248596163,0.30153396493573603,0.25461471633504557,False,True,0.13042469653734898,minor_maintenance,False,0.0,67f04019e45bcbfa835e24d452393b90d371232e3146bd16e3704f0a8d821d7c
full_orchestra,11,case_11_0071_cycle_003,case_11_0071,3,lens_contamination,23.878451970085578,29.766626358032227,29.766626358032227,0.3872761401369601,1,0.14083780568843587,0.0998798969085036,0.07059084148775728,False,False,0.21490606773077023,inspect,False,1.0,bb994070386d2a3a4d955b157438e57433d79cb950b1e8d48e4b2793d49ff475
full_orchestra,11,case_11_0071_cycle_004,case_11_0071,4,lens_contamination,21.700175137944125,34.0280876159668,34.0280876159668,0.498086372809162,2,-0.964321667315549,0.27431526633113557,0.24366273437159802,False,True,0.14012108585525357,minor_maintenance,False,0.0,6fd727a5ca4d91f00b7ba5b682971039262566533fef41f09362f625fd4f1ae6
full_orchestra,11,case_11_0071_cycle_005,case_11_0071,5,lens_contamination,22.825868078064357,36.43474578857422,36.43474578857422,0.5109279206010591,2,-0.9688697442196453,0.266739716722906,0.2511621164432292,False,True,0.141520382083999,minor_maintenance,False,0.0,3dd3747c272fb3ba891a99f6bd4ab8940c2dcfc94376c9552be586b9738fddfa
full_orchestra,11,case_11_0071_cycle_006,case_11_0071,6,lens_contamination,24.0433398010098,22.628206253051758,22.628206253051758,0.45471628238750916,2,-0.9942802366910682,0.2775388269882886,0.25165980880733874,False,True,0.14906870676626074,minor_maintenance,False,0.0,44fd623e5683338566cdfacaceb95927c35477bd3154a44cf9f8edbf3b437dee
full_orchestra,11,case_11_0071_cycle_007,case_11_0071,7,lens_contamination,22.726696680755424,28.338151931762695,28.338151931762695,0.5514251580136893,2,-0.9612054085067337,0.258030724736547,0.2471804397576031,False,True,0.14090551942068363,minor_maintenance,False,0.0,241a39d3182ed9f8e73c93f6045e1662b6fdbcf4c95db70686a324e08041582f
full_orchestra,11,case_11_0071_cycle_008,case_11_0071,8,lens_contamination,22.35853020553141,31.706998825073242,31.706998825073242,0.49679102701630495,2,-0.9494866977630539,0.2600008966129595,0.24887310659345546,False,True,0.13862288727429475,minor_maintenance,False,0.0,33ab71542d8b939df2b058d7d8b406eda3ac2fccd849c92d311a16f36051bafc
full_orchestra,11,case_11_0071_cycle_009,case_11_0071,9,lens_contamination,22.20962836801816,24.865041732788086,24.865041732788086,0.4293859609854575,2,-0.9410759751020271,0.26541378522319686,0.2476940101073424,False,True,0.13769969588171257,minor_maintenance,False,0.0,b4c978e1ba9db71bdec05c5b10bfadb12772815063a4aef605b85d3eb7f30ebf
full_orchestra,11,case_11_0071_cycle_010,case_11_0071,10,lens_contamination,24.415357824719987,37.15840148925781,37.15840148925781,0.5301883433297997,2,-1.0028440249238593,0.2665024584120189,0.2533595743407233,False,True,0.1513752185132639,minor_maintenance,False,0.0,b949bbd3ab30f2babe2e32d6599e8e0656ca80f659b6607427a49777235e6f57
full_orchestra,11,case_11_0071_cycle_011,case_11_0071,11,lens_contamination,27.44487493761897,28.317672729492188,28.317672729492188,0.5290170267613263,2,-1.0403516945076607,0.25191233825883275,0.24826516049364536,False,True,0.1701582246132376,minor_maintenance,False,0.0,d01d2fb2fe85b35e178766b576331158ea94c477c08179a4b0f83f05baa53342
full_orchestra,11,case_11_0071_cycle_012,case_11_0071,12,lens_contamination,27.080919482234055,39.215423583984375,39.215423583984375,0.6461582652248877,3,-1.3345054281851094,0.5307897483336511,0.538208201686172,False,True,0.09207512623959578,major_maintenance,False,0.0,4aa7abcf179f633c7b43bb90023c87d4c55538f5fce2a9350978ebd1ed070908
full_orchestra,11,case_11_0071_cycle_013,case_11_0071,13,lens_contamination,24.60580494177774,29.45675277709961,29.45675277709961,0.5408176150263674,2,-0.995553469883752,0.25744176361918064,0.24915136511693786,False,True,0.152555990639022,minor_maintenance,False,0.0,89d104298d5637e6b1e0f3a129cf609c1da02406cfe82a625eb245c7cb86c28b
full_orchestra,11,case_11_0071_cycle_014,case_11_0071,14,lens_contamination,25.194043587617653,23.467021942138672,23.467021942138672,0.5346373624882996,2,-0.9907659158203534,0.24559017830040714,0.24546365302126624,False,True,0.15620307024322946,minor_maintenance,False,0.0,a63b0a78be644294ec733a7b5a9e587e96fff328d668af276e4f6d536e09c870
full_orchestra,11,case_11_0071_cycle_015,case_11_0071,15,lens_contamination,26.204022822772504,25.73365592956543,25.73365592956543,0.5671696876199112,2,-1.0204415635482187,0.2477526992243894,0.2502732333465926,False,True,0.16246494150118954,minor_maintenance,False,0.0,c99ba42c61596b72a60de8aa481e0871dc75a8b1dbfefb51e5dd0974a799c6b2
full_orchestra,11,case_11_0071_cycle_016,case_11_0071,16,lens_contamination,27.432772158795775,27.165672302246094,27.165672302246094,0.5920533600451799,2,-1.0334169346770428,0.24138256582336898,0.24122100336661917,False,True,0.17008318738453382,minor_maintenance,False,0.0,6cab42b8e8490752490970d70beb0fe632ae2041afc7e70c6065bd295305a694
full_orchestra,11,case_11_0071_cycle_017,case_11_0071,17,lens_contamination,32.25472068481698,29.920055389404297,29.920055389404297,0.5111474047958005,2,-1.129446184724362,0.25385593945522855,0.24872541226520942,False,True,0.19997926824586526,minor_maintenance,False,0.0,57d52c35410b1640507fe78d0be43f6d693f7e1bc59445fd364575c1956b2505
full_orchestra,11,case_11_0071_cycle_018,case_11_0071,18,lens_contamination,24.36983122322097,39.18135452270508,38.61041855819714,0.737301410978301,3,-1.3291264921492698,0.5226863361046095,0.5590908324013266,False,True,0.0828574261589513,major_maintenance,False,0.0,d1462e24c4481dabc03883ba51862ed6dddabcf0e4779f9b73172b04ac39b9f6
full_orchestra,11,case_11_0071_cycle_019,case_11_0071,19,lens_contamination,31.612890071151377,36.11537551879883,36.11537551879883,0.535638599000642,2,-1.1231222244973966,0.25673701514259495,0.24754958022661214,False,True,0.19599991844113854,minor_maintenance,False,0.0,47a855889758fe4c0596a4491e13c216809e55d61ea5d6ed0d617176b9db1dba
full_orchestra,11,case_11_0071_cycle_020,case_11_0071,20,lens_contamination,31.586920483071246,34.03882598876953,37.486266253902514,0.7266930370745233,3,-1.4489762466788811,0.560627365074152,0.5714479213952798,False,True,0.10739552964244223,major_maintenance,False,0.0,6d9ea25b01b5c7197362462ab63e7037f5aadac4ffb7f3fe218a84b1dbf8ba5f
full_orchestra,11,case_11_0071_cycle_021,case_11_0071,21,lens_contamination,31.064282864661035,34.57617950439453,34.57617950439453,0.6260978527610362,3,-1.4175126206319089,0.5586075831940337,0.5601683428802213,False,True,0.10561856173984752,major_maintenance,False,0.0,475360509b41da94914dceffb59fc44c1895d91797a9b021d3b5eff2d2f49708
full_orchestra,11,case_11_0071_cycle_022,case_11_0071,22,lens_contamination,33.21687925398547,28.2846736907959,28.2846736907959,0.5374916974800362,2,-1.170219527687917,0.26823351193969774,0.25441038375260533,False,True,0.20594465137470988,minor_maintenance,False,0.0,4f0d770d3ee6b5d020f84561ee5510f2ec6782f9b0b2796696c017ba6aa5737c
full_orchestra,11,case_11_0071_cycle_023,case_11_0071,23,lens_contamination,31.831604340284397,38.112205505371094,38.112205505371094,0.6720477090069117,3,-1.4506316980107008,0.5630747174744763,0.5775843248928587,False,True,0.10822745475696693,major_maintenance,False,0.0,bd88879a176a854da42b8c84db0fdb33de5b1d3666e676a9e047181f8266dc9c
full_orchestra,11,case_11_0071_cycle_024,case_11_0071,24,lens_contamination,30.66919818478762,36.717098236083984,44.20815794570735,0.7378578650904182,3,-1.4179913735816725,0.5490662935457461,0.5567757234844122,False,True,0.1042752738282779,major_maintenance,False,0.0,d97198ea92d3e0e6c9a5549f95565b142e0aa7e601ac9efee02b0f1653b0489e
full_orchestra,11,case_11_0071_cycle_025,case_11_0071,25,lens_contamination,35.795381211919114,39.71345138549805,42.80161531673737,0.7002476111660316,3,-1.4809969457246084,0.5605693614715404,0.5628469427707352,False,True,0.12170429612052498,major_maintenance,False,0.0,d94193f1fa17acedac2c7412ca3f1995d54877f2367d3e940a5b33f7dcdc1b82
full_orchestra,11,case_11_0071_cycle_026,case_11_0071,26,lens_contamination,39.5196463525541,33.646278381347656,38.24804013522713,0.720369424418816,3,-1.5427058095111859,0.5764047283029414,0.568931593436713,False,True,0.13436679759868392,major_maintenance,False,0.0,16a99b1117931bf6374161f0258b2b044e35fc18d30743f2d30c0b3b752949be
full_orchestra,11,case_11_0071_cycle_027,case_11_0071,27,lens_contamination,37.18556877677791,39.10693359375,42.71673278358645,0.7419518536845727,3,-1.5335135670494775,0.5806722730972509,0.5778196429705073,False,True,0.1264309338410449,major_maintenance,False,0.0,8f46ff8532de107b16664f3ca26c3a793fba28ce13c3044b8dd94f9890c5a57b
full_orchestra,11,case_11_0071_cycle_028,case_11_0071,28,lens_contamination,35.602470317309816,37.113014221191406,36.07510188119709,0.7268285130940848,3,-1.5088264833033938,0.5757556651670555,0.576126679919582,False,True,0.12104839907885336,major_maintenance,False,0.0,d4028398d58b0b32b79e491a2f2d65f2c582fc6e7c22d8996b3b9311ae58b157
full_orchestra,11,case_11_0071_cycle_029,case_11_0071,29,lens_contamination,33.35943696442306,25.257261276245117,25.257261276245117,0.6872353644075807,3,-1.7896342950679516,0.5927026421509101,0.5704343848322246,False,True,0.2124996134633749,major_maintenance,True,1.0,1e456c861f5fe74e79fad54d189ee591ca3339c235f8b1b1f8eb3be91981e0b4
full_orchestra,11,case_11_0071_cycle_030,case_11_0071,30,lens_contamination,40.78862689537377,35.233219146728516,37.20295753760615,0.7091450301193974,3,-1.9559770980208224,0.599657942523313,0.5665971762612587,False,True,0.2655565533235309,major_maintenance,True,2.0,ba4881ba7b334aaef825381a5afc9bdbf27737baba2c503622470dc76285f0f4
full_orchestra,11,case_11_0071_cycle_031,case_11_0071,31,lens_contamination,35.751044806580914,40.47618865966797,44.47079615591453,0.7597145229730219,3,-1.5512739488789278,0.5808148797064074,0.5918515421243024,False,True,0.1276735523423751,major_maintenance,False,0.0,085a5dc2263104425c38c549d4460550e5362ca50cac67fa667b48ca2d04fb7f
full_orchestra,11,case_11_0071_cycle_032,case_11_0071,32,lens_contamination,40.8329888985483,46.62641143798828,42.95081162859414,0.7154500103552696,3,-1.980192303516781,0.6292544211552339,0.5791274536962482,False,True,0.2601061392837527,major_maintenance,True,1.0,2f67aa584a955cd72834e74b0d4019f6eebdf29c181b22156fa71bb1afc78a4e
full_orchestra,11,case_11_0071_cycle_033,case_11_0071,33,lens_contamination,37.990874302041036,43.29640579223633,45.41291594986379,0.737520195767718,4,-2.3890636371302785,0.8750202169194378,1.0017308208126094,False,True,0.20067691139853175,urgent_intervention,True,2.0,ab74e82fb9b3e472a040285360d091b4e978f829399e0923924e89ab835b9364
full_orchestra,11,case_11_0071_cycle_034,case_11_0071,34,lens_contamination,42.45179224192323,37.46731948852539,37.46731948852539,0.6612534707760325,3,-1.6083452952719026,0.6093639341815055,0.5605313245079692,False,True,0.15045609362253898,major_maintenance,False,0.0,694409b03951b893a748c8ff49985eb9a5311671836e656e6e25fadb19883812
full_orchestra,11,case_11_0071_cycle_035,case_11_0071,35,lens_contamination,44.49183080836702,45.02578353881836,39.76669132086788,0.734870870791655,3,-2.0688776521989443,0.6264314709881116,0.6024708298052381,False,True,0.28341296224929796,major_maintenance,True,1.0,cd119cfb0b5b198160b510ca67537307ce34819a53173ee8dccf15ee06821b24
full_orchestra,11,case_11_0071_cycle_036,case_11_0071,36,lens_contamination,45.03380319008411,39.24347686767578,42.16631657473097,0.7662321693459515,3,-1.6683255917581432,0.6245542356847824,0.5753896726657628,False,True,0.15617493084628595,major_maintenance,False,0.0,8c9d5aa85cd6f22feccb395daa37d009fa1261e7d1cce040d5c169863a3374f2
full_orchestra,11,case_11_0071_cycle_037,case_11_0071,37,lens_contamination,50.515789589810936,45.41866683959961,44.0937360413791,0.7186023696288172,3,-2.1673510966068816,0.6229727339953139,0.5890390851324476,False,True,0.32178557968709565,major_maintenance,True,1.0,c801de731359239a1d0f4120e329ceca90d12ce8fdb717475a40a772f8ef829c
full_orchestra,11,case_11_0071_cycle_038,case_11_0071,38,lens_contamination,52.585687275790995,45.21884536743164,45.183067590698286,0.7282336153779261,4,-2.0372038004408486,0.9210750211135592,1.017931578534691,False,True,0.06418282473094919,urgent_intervention,False,0.0,7a0660a24ad50f4a80eb402e6eb784a2b537964f8f2e3a24ff0ef06b62651658
full_orchestra,11,case_11_0071_cycle_039,case_11_0071,39,lens_contamination,43.2383614244927,46.5337028503418,44.81545383528136,0.7212651980533724,3,-1.651519576849272,0.6363797494196625,0.582398451489723,False,True,0.14701042884327517,major_maintenance,False,0.0,0d0b8f3316c938ecfd59c8b071b6279da523988ff2fd4687efdd6ae07e0e5d0c
full_orchestra,11,case_11_0077_cycle_000,case_11_0077,0,lens_contamination,20.650323273379552,25.528045654296875,25.528045654296875,0.4373024765241093,2,-0.9707024125828108,0.31861676370795994,0.2529928306392183,False,True,0.12803200429495323,minor_maintenance,False,0.0,b0fda4c5896c51927b617f2a768ef537114bbe0da7587d79077c0c5dcbed097d
full_orchestra,11,case_11_0077_cycle_001,case_11_0077,1,lens_contamination,22.06567079995896,14.997522354125977,14.997522354125977,0.42873573002266446,2,-0.9938629645056664,0.311662252929512,0.2593360939918975,False,True,0.13680715895974555,minor_maintenance,False,0.0,53d432a00a9567eb5de50d0ad0d7e73da15abd78809a606f3a6bdbd504164f5f
full_orchestra,11,case_11_0077_cycle_002,case_11_0077,2,lens_contamination,22.420120343160043,26.51205825805664,26.51205825805664,0.458452779251699,2,-1.0319401160756017,0.3389936537330125,0.25895538384007183,False,True,0.13900474612759228,minor_maintenance,False,0.0,41e837429653caceda1c6c5638c1a137d864b71c653d27257b310ba8f87516f9
full_orchestra,11,case_11_0077_cycle_003,case_11_0077,3,lens_contamination,24.78597982813705,32.879432678222656,32.879432678222656,0.39570232102390257,1,0.09473552908047263,0.12105624489624212,0.06953927813749942,False,False,0.22307381845323346,inspect,False,1.0,3de4f6a4b160a49c6d6eb33eeda0f176804a0d4f95d5ff299b0e6f61b8b3bf52
full_orchestra,11,case_11_0077_cycle_004,case_11_0077,4,lens_contamination,26.83155395867881,18.99275779724121,18.99275779724121,0.3393815829816404,1,0.024416047935720546,0.11776257482835963,0.0727027286304323,False,False,0.24958398562810932,inspect,False,2.0,e2f62f126012352545ad15747d5982b82df9d283a0f4d8a9e04d1a18fc886028
full_orchestra,11,case_11_0077_cycle_005,case_11_0077,5,lens_contamination,22.430989187152466,32.93718719482422,32.93718719482422,0.3614162693443344,1,0.12546861399164871,0.11186424673402598,0.06777248852444816,False,False,0.21807890268437222,inspect,False,3.0,ea1b84a7e8940289b9b3084a44a298d7d66066a9fc4dec7d6cd881d47ec9cbc8
full_orchestra,11,case_11_0077_cycle_006,case_11_0077,6,lens_contamination,25.583698494766317,17.38564682006836,17.38564682006836,0.4752735629047588,2,-1.1354138922981645,0.33416521088596995,0.25485106871728375,False,True,0.17535893066755118,minor_maintenance,False,0.0,aa090d5d1a7ee32465a4f4c669c5c0b10d4aac9d18431e76f6d3a35ecff02bd7
full_orchestra,11,case_11_0077_cycle_007,case_11_0077,7,lens_contamination,27.20425020738296,17.886388778686523,17.886388778686523,0.41054977067869536,1,0.025530158425791954,0.12005212863680215,0.07290061467032716,False,False,0.24483825186644662,inspect,False,1.0,a66f01680e1b5840647a5d3bfdcfaf6219644850977174d496b14beb3ec5f976
full_orchestra,11,case_11_0077_cycle_008,case_11_0077,8,lens_contamination,29.091080397193675,34.523799896240234,34.523799896240234,0.5304499610165353,2,-1.1720509543427235,0.32938760623684327,0.25657719820699715,False,True,0.18594469846260078,minor_maintenance,False,0.0,f6049f13b472d1853cef357b74281ea773f1fc20cd7d2c02019ded86a895f0fb
full_orchestra,11,case_11_0077_cycle_009,case_11_0077,9,lens_contamination,31.62280386595775,26.634132385253906,26.634132385253906,0.44072560640270003,2,-1.1858304351453375,0.3276116370174133,0.2549072565758813,False,True,0.19606138396893805,minor_maintenance,False,0.0,d926339c4c75f307c9896135d422b91d6f1b0c0028dbcf598a5e2c6922ce093c
full_orchestra,11,case_11_0077_cycle_010,case_11_0077,10,lens_contamination,29.83578496268265,32.55494689941406,32.55494689941406,0.5130703322082999,2,-1.1565722689305453,0.31886920259332546,0.25724614525009715,False,True,0.18498186676863243,minor_maintenance,False,0.0,271c8db9e508fda33b313cd3665acf6999145a4e8af41e2012b176fe820edf2d
full_orchestra,11,case_11_0077_cycle_011,case_11_0077,11,lens_contamination,24.883018688689518,33.021148681640625,33.021148681640625,0.49708504839859663,2,-1.0611845816110879,0.3185838646945007,0.2565172650589656,False,True,0.154274715869875,minor_maintenance,False,0.0,3c22e92dc36245175c04aca9ae73214aeadf40861ea831e7bc242dc8a2abdb59
full_orchestra,11,case_11_0077_cycle_012,case_11_0077,12,lens_contamination,31.49242476687753,38.66200256347656,38.66200256347656,0.6697473351096238,3,-1.7827756047958887,0.6157529402366209,0.5809254087472433,False,True,0.20060674576500986,major_maintenance,True,1.0,435e6c8c7f225b7625b4b51eabe15d0a44ec91a0694bdb38b7d01c287abc7f21
full_orchestra,11,case_11_0077_cycle_013,case_11_0077,13,lens_contamination,27.80956286882401,33.81330108642578,33.81330108642578,0.4716915160810163,2,-1.1197251095433134,0.3173714694149574,0.24700255419509623,False,True,0.17799928978670887,minor_maintenance,False,0.0,6ca1dab32f3f90548154e48945b0e2ce3a0274b6c13559dc3ad69a0beb1730cb
full_orchestra,11,case_11_0077_cycle_014,case_11_0077,14,lens_contamination,31.584162248849534,29.304128646850586,29.304128646850586,0.5090881067618052,2,-1.1662032461361187,0.297902070592337,0.25559067712613703,False,True,0.1958218059428671,minor_maintenance,False,0.0,bdf010e243167de9fdce4af13554f72f0804648fa5fe3267620b4fa6ff732a19
full_orchestra,11,case_11_0077_cycle_015,case_11_0077,15,lens_contamination,27.968834628058953,30.390077590942383,30.390077590942383,0.5163200404956859,2,-1.1160435144661414,0.309122603399755,0.26156572613767104,False,True,0.1734067746939655,minor_maintenance,False,0.0,688256af451bc9e47802726eaf30abf71feebf731b8384a03c51969aba964bd3
full_orchestra,11,case_11_0077_cycle_016,case_11_0077,16,lens_contamination,29.718842265496292,22.408374786376953,22.408374786376953,0.5748093102072974,2,-1.1457364113806106,0.3035207389125524,0.2540297622484156,False,True,0.18425682204607702,minor_maintenance,False,0.0,dc1892cd666373ff9630d4e646626216b4b8c5560218cc7c7b74d860690b27f2
full_orchestra,11,case_11_0077_cycle_017,case_11_0077,17,lens_contamination,28.19276425411038,37.274993896484375,37.274993896484375,0.5859948402126077,2,-1.1085136512041966,0.29972085796239756,0.24563519010431845,False,True,0.17479513837548435,minor_maintenance,False,0.0,6c1935f89683fe45d512bb9b0cb2088be5cb10e2b6220aeaa952bb796cdef3e3
full_orchestra,11,case_11_0077_cycle_018,case_11_0077,18,lens_contamination,28.5985179570438,33.97484588623047,33.97484588623047,0.6630417563824398,3,-1.4247506566603745,0.5864621367042833,0.5589092166710983,False,True,0.09723496105394891,major_maintenance,False,0.0,189287e8a235a3d048d0f77153d88ca09c06cbd59dbe4b2d65cf3f3e139be4cd
full_orchestra,11,case_11_0077_cycle_019,case_11_0077,19,lens_contamination,30.763874622396514,29.472522735595703,29.472522735595703,0.5135225743872874,2,-1.1283375089545795,0.2797320459767689,0.2492112610539278,False,True,0.1907360226588584,minor_maintenance,False,0.0,3ba946ca0fe913241b28ddf84c9aa19d565e38d4e82c05e0c5771eeb684c0807
full_orchestra,11,case_11_0077_cycle_020,case_11_0077,20,lens_contamination,30.90043117067806,30.426057815551758,30.426057815551758,0.5493376357563395,2,-1.1387166625427558,0.2775180315989016,0.25506245725723914,False,True,0.19158267325820397,minor_maintenance,False,0.0,4da63f2ac8bdcf96f6b043876fa61c64cfd01e48017dc9e322e4b2f9ba15aefa
full_orchestra,11,case_11_0077_cycle_021,case_11_0077,21,lens_contamination,33.84223885163849,29.133949279785156,29.133949279785156,0.4609510477277432,2,-1.1662507764421113,0.2700707470059025,0.24696466204571416,False,True,0.20982188088015863,minor_maintenance,False,0.0,f9a2688fbe9530e43e51484553ee775e1245ee4aee4596080f21e4a8c9a02e52
full_orchestra,11,case_11_0077_cycle_022,case_11_0077,22,lens_contamination,30.547967625713703,36.89095687866211,36.89095687866211,0.5061015982074478,2,-1.1155778830322787,0.271750188710581,0.249650320940382,False,True,0.18939739927942495,minor_maintenance,False,0.0,04e80490ab2cc0369f47dc2f8a6b943650ce713d29cb1d0e81973d5c7609d68d
full_orchestra,11,case_11_0077_cycle_023,case_11_0077,23,lens_contamination,33.736793320462674,32.49594497680664,36.88970514232016,0.7103093400767407,3,-1.7421806526123462,0.5226969820743236,0.5852839364655874,False,True,0.21490337345134722,major_maintenance,True,1.0,f280d107b45fd8c94ebce84cc9448d14dbd7cd197260bb2e14bb0f6a43889f08
full_orchestra,11,case_11_0077_cycle_024,case_11_0077,24,lens_contamination,33.51741158852046,42.14258575439453,41.01902291640053,0.7489926577900318,3,-1.4378562811422593,0.534493885052705,0.5499448740226759,False,True,0.11701919940096957,major_maintenance,False,0.0,b3d07d10a57d90686af179bc3728950a7db6ce048c354dbddc672a7d6bd6c910
full_orchestra,11,case_11_0077_cycle_025,case_11_0077,25,lens_contamination,35.82418491635487,36.887577056884766,36.887577056884766,0.6086483511366529,3,-1.4272759326276623,0.5209013636712021,0.5620882876739282,False,True,0.12180222871560654,major_maintenance,False,0.0,df1d5361ec8798877e52d19ef14756df483ff9a2b8188b6c97061a4c8504f71d
full_orchestra,11,case_11_0077_cycle_026,case_11_0077,26,lens_contamination,33.76844887767749,31.402698516845703,31.402698516845703,0.6260440873774766,3,-1.3973398869415283,0.5217914296559243,0.54650458203334,False,True,0.11481272618410346,major_maintenance,False,0.0,e37ca41308b86c301e9e51e06d8410ce72775a6770348322f587e38fc4676fc2
full_orchestra,11,case_11_0077_cycle_027,case_11_0077,27,lens_contamination,36.96022620596593,36.289310455322266,36.289310455322266,0.6021717294560739,3,-1.78190548663093,0.5321782895011571,0.5663643936441913,False,True,0.23543664093200298,major_maintenance,True,1.0,92a6a8a90425c55e634bb2b5f6c1cf14a80f313ddb326de34d1820184abc8fe8
full_orchestra,11,case_11_0077_cycle_028,case_11_0077,28,lens_contamination,37.37931913371227,33.97153091430664,33.97153091430664,0.5284641636828848,2,-1.245817135063847,0.2561124841554666,0.24804961308612414,False,True,0.2373317786290161,minor_maintenance,False,0.0,549f6d3050f5d11e9bffd38bb4e6b2f7da05169ff66131e75fec3242f95f2fd0
full_orchestra,11,case_11_0077_cycle_029,case_11_0077,29,lens_contamination,35.57235999376403,39.30744552612305,47.454445135395474,0.7454760097021663,4,-1.8391885849255232,0.8446961641894883,0.943263154128949,False,True,0.042686831992516834,urgent_intervention,False,0.0,657aad7f2724f488900d8191ce497c2a013a9844a9072340b11f2645e0eec261
full_orchestra,11,case_11_0077_cycle_030,case_11_0077,30,lens_contamination,40.17832099651472,41.26241683959961,41.26241683959961,0.6922646391918702,3,-1.5016359887097797,0.5310339406422695,0.5711793475303495,False,True,0.13660629138815003,major_maintenance,False,0.0,f28990655a351d24bdeaa4015337bf919e1eb49c50a12f9b1c162a42d930db9d
full_orchestra,11,case_11_0077_cycle_031,case_11_0077,31,lens_contamination,44.509193678871355,43.95094680786133,45.98211545417365,0.742206463026572,4,-1.885948077217491,0.838803279834265,0.9694759133566292,False,True,0.05341103241464563,urgent_intervention,False,0.0,417ec34b550cb41c909dad2a2a81b2798e95e1c8042b1131af31804cb93e861a
full_orchestra,11,case_11_0077_cycle_032,case_11_0077,32,lens_contamination,37.50264550571665,35.5817756652832,34.823244917219185,0.7292797189462878,3,-1.4746520312204565,0.5316443050565298,0.5638609802045923,False,True,0.12750899471943658,major_maintenance,False,0.0,fe261bbbaa4f6d04c539dd5fa30d4c502124d247250d9af027404e49065d2920
full_orchestra,11,case_11_0077_cycle_033,case_11_0077,33,lens_contamination,39.58537013583791,40.817203521728516,44.83566341664586,0.7472328782354444,3,-1.4736148900437105,0.5242614324803805,0.5418721880530833,False,True,0.13459025846184888,major_maintenance,False,0.0,9d7a1434451665c741e14dd0748cdce855bed1aa4d79909b6b2b3941d5df8bca
full_orchestra,11,case_11_0077_cycle_034,case_11_0077,34,lens_contamination,40.568961331799166,42.47822570800781,42.47822570800781,0.6667118204122593,3,-1.4994757053628294,0.5314494728401711,0.5677700673455852,False,True,0.13793446852811714,major_maintenance,False,0.0,c393c9414d4abb227bb7976e23026dbdb4eca40a6234fcf9cb893692f7b35c8c
full_orchestra,11,case_11_0077_cycle_035,case_11_0077,35,lens_contamination,45.830264963487856,43.323326110839844,44.38527478483799,0.739789697672617,3,-1.5665447679503224,0.5426696742826486,0.5567974204865067,False,True,0.15582290087585868,major_maintenance,False,0.0,6a4df28af85b24f8622aace8c6b485974c729ede6b07eb7196291b6785c8aaf8
full_orchestra,11,case_11_0077_cycle_036,case_11_0077,36,lens_contamination,40.583819244486484,45.726531982421875,42.58342643250638,0.7229218870855616,3,-1.485117967211459,0.5256254843100361,0.546374054431033,False,True,0.13798498543125404,major_maintenance,False,0.0,e20cc75827848074c678f9d1c6f4788af8d585d6bba52c3243cebed5f382a2f4
full_orchestra,11,case_11_0077_cycle_037,case_11_0077,37,lens_contamination,45.924189913645044,42.838165283203125,42.838165283203125,0.6847195868060844,3,-1.5693025920871095,0.5462475947825336,0.5649004027056048,False,True,0.15614224570639312,major_maintenance,False,0.0,1b9854d7642273f79c0f60748f14cdb11f79a02b5c134dac7768a43bd832b52d
full_orchestra,11,case_11_0077_cycle_038,case_11_0077,38,lens_contamination,48.113360755673654,44.59838104248047,48.4150871951156,0.7354677963651508,4,-1.9144147440267856,0.855382870869972,0.9693795062270196,False,True,0.05773603290680838,urgent_intervention,False,0.0,bf331dba0bcc51f0d1e3863f2dec07fdc62a8e6d4dc9de29460e531b78ba1a9d
full_orchestra,11,case_11_0077_cycle_039,case_11_0077,39,lens_contamination,47.14306784071407,39.2337532043457,45.39173306257365,0.7549683781720186,4,-1.9294957616222148,0.8577289779779866,0.9860081033648181,False,True,0.056571681408856885,urgent_intervention,False,0.0,1e24717637818af9ea12da06eade786905fe1def66f503939efc7ce78e69b52a
full_orchestra,11,case_11_0085_cycle_000,case_11_0085,0,low_shielding_gas,25.87816591026108,32.58060836791992,32.58060836791992,0.5248706567948633,2,-1.0642224505064048,0.30342379407223197,0.25091771498010923,False,True,0.1604446286436187,minor_maintenance,False,0.0,0ae62bcfe5b5713189a87e3a449fa695520a29808520df51b0cd8b15f5f6d86d
full_orchestra,11,case_11_0085_cycle_001,case_11_0085,1,low_shielding_gas,28.173383323678653,23.1055965423584,23.1055965423584,0.4780165340314014,2,-1.0809219258152034,0.2842542561424854,0.25117532468448106,False,True,0.17467497660680764,minor_maintenance,False,0.0,357772ae013c38c174f9917773397846d08f89703b2b66d9b1623ba0bda7ecd5
full_orchestra,11,case_11_0085_cycle_002,case_11_0085,2,low_shielding_gas,32.95605013899978,37.34053039550781,37.34053039550781,0.5946031772712087,2,-1.1822297831457644,0.2801738154411749,0.24985369816064043,False,True,0.20432751086179862,minor_maintenance,False,0.0,8016ada9dcf3c549f2f6794b543f4d96264ce7f57f1dc8f6801cf7d5a9f6f7b2
full_orchestra,11,case_11_0085_cycle_003,case_11_0085,3,low_shielding_gas,30.342986731964437,29.50687599182129,29.50687599182129,0.5088304493194513,2,-1.1240419865357512,0.286078232863317,0.24657454132497234,False,True,0.1881265177381795,minor_maintenance,False,0.0,639aeb1eaf9ef530c4482b36af3e488e113281bf3cf3a695bc87440efcf77529
full_orchestra,11,case_11_0085_cycle_004,case_11_0085,4,low_shielding_gas,26.11779641538825,34.36705017089844,34.36705017089844,0.6024209731974074,3,-1.5921981726217909,0.547074588658439,0.569561685607089,False,True,0.16637036316602316,major_maintenance,True,1.0,b0f905fb48e15c1a5234712450da0fed9b9ed012aee3fd5fa97f791ddec4634b
full_orchestra,11,case_11_0085_cycle_005,case_11_0085,5,low_shielding_gas,33.476673944354246,37.427555084228516,44.602323727946036,0.7559327295260493,3,-1.792750778626306,0.5550056026466601,0.584271284342661,False,True,0.21897941302553656,major_maintenance,True,2.0,4354dff63859b476253f895a7febade1b5027692024d1642ed5da021d0bde5cd
full_orchestra,11,case_11_0085_cycle_006,case_11_0085,6,low_shielding_gas,34.19667950312564,36.67059326171875,36.67059326171875,0.6249712689267056,3,-1.4660213536317375,0.5557612093846072,0.5616854037203036,False,True,0.12238871031062716,major_maintenance,False,0.0,d864ff0ed11f1fccd99529d4590f6a91b1be0633b1c1f78957027bb62a5755d0
full_orchestra,11,case_11_0085_cycle_007,case_11_0085,7,low_shielding_gas,35.10980349056242,31.46535873413086,31.46535873413086,0.4303500169584633,2,-1.1883547482843786,0.2676411020869974,0.2538984984114385,False,True,0.217680781641487,minor_maintenance,False,0.0,8866a1987a7c9e1182a5be00f44904665a0f4da9eec7c63b05d6334209719cef
full_orchestra,11,case_11_0085_cycle_008,case_11_0085,8,low_shielding_gas,35.753974618831826,37.14338684082031,37.14338684082031,0.6285535498797525,3,-1.751475844124133,0.5342540340122355,0.549600403330073,False,True,0.22775281832195873,major_maintenance,True,1.0,662c416af869ae9cef6461908a8bc891ddd8b04a987645244e12324285f4991b
full_orchestra,11,case_11_0085_cycle_009,case_11_0085,9,low_shielding_gas,33.53784230717519,33.210044860839844,33.210044860839844,0.5508805182714739,2,-1.1860707666705248,0.2610797513904589,0.2522688382823578,False,True,0.2135146223044862,minor_maintenance,False,0.0,72b0b4bfac02a67dd9ab247eb9776bbf7fd77fa9d9a19b9d1d15ed08c960c092
full_orchestra,11,case_11_0085_cycle_010,case_11_0085,10,low_shielding_gas,38.30131887136679,35.907894134521484,35.907894134521484,0.6066584083942821,3,-1.4697957924148215,0.5298762930893957,0.572809106972928,False,True,0.13022448416264706,major_maintenance,False,0.0,a085b91767ff2294faded129f49d41dbabffc75700b9bf64f849fa8adfeab51e
full_orchestra,11,case_11_0085_cycle_011,case_11_0085,11,low_shielding_gas,33.68812695898086,37.669429779052734,35.28014262862391,0.7498322397181185,3,-1.4374195624324058,0.5353733013336853,0.5574406626992476,False,True,0.11453963166053491,major_maintenance,False,0.0,db69b9b6d571cdc88ae0a2e7f7ae92a12c110c8076cee1e8d04994f8c516315b
full_orchestra,11,case_11_0085_cycle_012,case_11_0085,12,low_shielding_gas,41.742025701648004,36.49957275390625,36.49957275390625,0.6532381179097286,3,-1.4878233833047316,0.5118951280196106,0.5652173443023151,False,True,0.1419228873856032,major_maintenance,False,0.0,ab0746d592dddd613ad8d0ed384829e3e945f3413ea8c28809c7c608cdb15fc9
full_orchestra,11,case_11_0085_cycle_013,case_11_0085,13,low_shielding_gas,35.47002051670552,36.25505447387695,36.25505447387695,0.6480206506729738,3,-1.4138274926370402,0.5116244124941246,0.5540072165894664,False,True,0.12059806975679875,major_maintenance,False,0.0,845661a996624f051b3ccac14a7a32deaa324f4eba22ad7aa7a57fb662a306fd
full_orchestra,11,case_11_0085_cycle_014,case_11_0085,14,low_shielding_gas,42.59429833710452,40.99216079711914,39.88932515955258,0.7030889516857886,3,-1.527381562631803,0.5385403635455175,0.5611450166186892,False,True,0.14482061434615534,major_maintenance,False,0.0,dc43780930a9d8ef72822fce4af2594e274e76130da083d3383fda64bd34f24a
full_orchestra,11,case_11_0085_cycle_015,case_11_0085,15,low_shielding_gas,37.786357857945816,32.646419525146484,32.646419525146484,0.5002448329247929,2,-1.2372070754397901,0.2601227150910654,0.24902672406526682,False,True,0.23427541871926408,minor_maintenance,False,0.0,60eabd87207c12c1a062f912be1d33d6691e75db446fd574426d24f5d8f29ffe
full_orchestra,11,case_11_0085_cycle_016,case_11_0085,16,low_shielding_gas,39.948035435505496,33.127830505371094,33.127830505371094,0.5647829951549137,2,-0.27644452052170493,0.2516816853308514,0.24626490852151786,False,False,0.24767781970013408,minor_maintenance,False,0.0,2e4d2b67359e2932e180176bf8e144cc970a51514034f669d2a33241e3e32973
full_orchestra,11,case_11_0085_cycle_017,case_11_0085,17,low_shielding_gas,42.15464234375614,42.096046447753906,46.27705597440011,0.7527156528946183,4,-1.8963706516282859,0.8406902504020487,0.9887704260681528,False,True,0.05058557081250736,urgent_intervention,False,0.0,44d91c93f11629d38651aded4efab8ec1a9c92e0a413bfbadbf6650ddaee68c9
full_orchestra,11,case_11_0085_cycle_018,case_11_0085,18,low_shielding_gas,42.90048168801459,34.7723388671875,34.7723388671875,0.6554515764293094,3,-1.5470721422544118,0.563407762867663,0.5597021621307546,False,True,0.14586163773924957,major_maintenance,False,0.0,5b09d89d7b9b277e5e0f1cb22a8f5e4843722ead307129d2f5e46a013643cb5d
full_orchestra,11,case_11_0085_cycle_019,case_11_0085,19,low_shielding_gas,39.115793898415205,38.60026168823242,46.53062984586374,0.7624781824919287,4,-1.8934649883736168,0.8440937443724594,0.9927283232413415,False,True,0.04693895267809825,urgent_intervention,False,0.0,ed73938ca313133a4a25169cf221ef72133a202b53f54a1d2ea4aee7b37494bd
full_orchestra,11,case_11_0085_cycle_020,case_11_0085,20,low_shielding_gas,44.59876257444689,39.64435577392578,39.64435577392578,0.6915996011562732,3,-1.9762991015997269,0.5579908989385474,0.5778573871125732,False,True,0.2840941175992267,major_maintenance,True,1.0,5e5455278ec2d91da90c4a9e2a6a5321c3ecd2776bc48b0264287ecdc0de085a
full_orchestra,11,case_11_0085_cycle_021,case_11_0085,21,low_shielding_gas,43.78028954557182,45.865386962890625,47.00190439029306,0.7257219676929629,4,-1.9313120423179388,0.8541989246775213,1.009257225153018,False,True,0.053616347454686186,urgent_intervention,False,0.0,136413902130b18e75f11381c534ddfaec1aa2f20a7e5c6f9615ab6f66152297
full_orchestra,11,case_11_0085_cycle_022,case_11_0085,22,low_shielding_gas,44.7197794709836,44.54349136352539,43.09701238274485,0.6568526764144321,3,-1.5359082443856629,0.5369278431457198,0.5553884364671821,False,True,0.15204725020134421,major_maintenance,False,0.0,8e01f64cb42a9392e063eb34ae26ccd50e4efb674d91e6d98967c24bbb367861
full_orchestra,11,case_11_0085_cycle_023,case_11_0085,23,low_shielding_gas,52.281773172699964,43.49821472167969,49.530333977267986,0.7035026155431847,3,-1.6597200821251668,0.5650232561939078,0.5698716840478022,False,True,0.17775802878717986,major_maintenance,False,0.0,b5277b2285a6c2f76ecb57ab0e89345d22feae4c220983023c0d1ffb99f122bc
full_orchestra,11,case_11_0085_cycle_024,case_11_0085,24,low_shielding_gas,50.65179777306024,41.261474609375,41.80710589254481,0.7334651517280445,3,-1.6486219228059613,0.5668250314347557,0.5689109766584806,False,True,0.1722161124284048,major_maintenance,False,0.0,4a0692a2726ea436fee666acaa56d6828597947ed48a0e6d7e3dd3e0a7a38501
full_orchestra,11,case_11_0085_cycle_025,case_11_0085,25,low_shielding_gas,50.58695137028657,41.60252380371094,46.11064860585857,0.70389502749447,3,-1.6874847296045854,0.5892413442558386,0.5958402840595666,False,True,0.17199563465897433,major_maintenance,False,0.0,000962464012b8f2981e564ae358c2e2821f9a9d9a0d6f0ccb373b29f9fa6fca
full_orchestra,11,case_11_0085_cycle_026,case_11_0085,26,low_shielding_gas,48.01201749370128,43.19210433959961,43.19210433959961,0.6894501389749773,3,-2.0517349575552224,0.5724814428744824,0.5729079244123276,False,True,0.30583655143487715,major_maintenance,True,1.0,300a29545003fc963640cc6fc4b5c40bc0eccc625a3f6f3ec8ca6650a47887e3
full_orchestra,11,case_11_0085_cycle_027,case_11_0085,27,low_shielding_gas,53.158259393243,46.663673400878906,49.66677712498395,0.7363844999696324,4,-1.9805532822238987,0.8878887022083927,0.984496464005483,False,True,0.0648699112718916,urgent_intervention,False,0.0,65b7c56543113c653f7793c523243201af26caf488dc289bc691de32f94342be
full_orchestra,11,case_11_0085_cycle_028,case_11_0085,28,low_shielding_gas,54.06601219509795,43.04235076904297,45.518667888098825,0.7475220221364224,4,-2.0094809832900595,0.8912148835711504,1.0143751906201164,False,True,0.06487921463411753,urgent_intervention,False,0.0,ed8a2433a5a74f04ced2698943f41a4c41e29643ec4d08d14515a5a7e89829a8
full_orchestra,11,case_11_0085_cycle_029,case_11_0085,29,low_shielding_gas,51.57200541547788,41.5466194152832,40.38408814153381,0.7697637610799767,3,-2.1712924438310157,0.6065795875577391,0.579634085776872,False,True,0.32851367449659413,major_maintenance,True,1.0,85ba503cddeab6ebd8b3c416b85b9afc7f71294a8d2fc26df769e8fc92e3f536
full_orchestra,11,case_11_0085_cycle_030,case_11_0085,30,low_shielding_gas,52.92912838524709,49.04296112060547,60.6790809906899,0.7135281421849716,3,-1.729960093107262,0.6100714895701409,0.5797528408498189,False,True,0.1830190365098401,major_maintenance,False,0.0,609c3e1affaee5132ddd59034dc8604fb936336f6e0201894496ca45309ae4f3
full_orchestra,11,case_11_0085_cycle_031,case_11_0085,31,low_shielding_gas,59.62912380288383,42.98928451538086,49.11655846211154,0.7589360135339166,4,-2.0512754170664196,0.8970796791158677,1.0321131127876029,False,True,0.07155494856346059,urgent_intervention,False,0.0,dd4d798300289ee813e12b10385c2cdc3f0dd20bbefa91966b790fc391e618e7
full_orchestra,11,case_11_0085_cycle_032,case_11_0085,32,low_shielding_gas,55.62733538714967,46.6495475769043,55.38833609462124,0.7349518282252974,4,-2.0191960712405397,0.8942745067039214,1.018025478636356,False,True,0.0667528024645796,urgent_intervention,False,0.0,086700b48191f565fb084b608f6c47a14fda5c68c42114b93f49b0bf02836725
full_orchestra,11,case_11_0085_cycle_033,case_11_0085,33,low_shielding_gas,62.77557915097651,52.81584167480469,52.58143886906424,0.6981133532971262,3,-1.4248484210054155,0.6408450211936783,0.5995563490525088,False,False,0.3998804391917204,major_maintenance,True,1.0,069db226a1bfff3a2f0db4bf9af7b889dfd7f367691381d05c12c55399fb1fa7
full_orchestra,11,case_11_0085_cycle_034,case_11_0085,34,low_shielding_gas,61.60393489176751,52.758750915527344,74.23184133320514,0.7147206338960296,3,0.6448060905618078,0.6374748329870719,0.5912135568383592,False,False,0.2125133786320095,major_maintenance,False,0.0,781f00796a364474a992c3e5bb63613ca56b7d1fdada0fe57d27524bd6f00e61
full_orchestra,11,case_11_0085_cycle_035,case_11_0085,35,low_shielding_gas,59.022287678779236,47.10166549682617,48.45034563992249,0.7394761693305574,4,-2.0703548254059667,0.9223545108382687,1.0307483169056362,False,True,0.07082674521453508,urgent_intervention,False,0.0,d98c5c954b1a62c5842dc2ea3e2646635c4ca0596c95f692a85a8a1e8d63a9bb
full_orchestra,11,case_11_0085_cycle_036,case_11_0085,36,low_shielding_gas,60.20166629255841,49.307979583740234,57.702267554387745,0.7127960545054755,3,-0.8283768867629,0.6431945906990549,0.58025736462991,False,False,0.20468566539469857,major_maintenance,False,0.0,0eb6e38ac1dd758688c7e2fe709cd9a0a215173adea1cca8ddcbcb6f1e030fc2
full_orchestra,11,case_11_0085_cycle_037,case_11_0085,37,low_shielding_gas,64.86037276890447,53.00406265258789,53.00509308321101,0.6944116548750604,3,-0.865741541103931,0.6252040608332208,0.593499912245782,False,False,0.2205252674142752,major_maintenance,False,0.0,a748a180772b28a16a76ff6b45f936821ebfe30c5b410da27eb5289e3a6889bd
full_orchestra,11,case_11_0085_cycle_038,case_11_0085,38,low_shielding_gas,61.61672607637306,50.44384002685547,53.99814392030447,0.7094433600840111,3,-0.8307143924400062,0.6141686203384433,0.6020483276374451,False,False,0.2094968686596684,major_maintenance,False,0.0,6bd181f7a9d1caea2717d82f0dace4710c73716d64e0493c51438ec7a560513d
full_orchestra,11,case_11_0085_cycle_039,case_11_0085,39,low_shielding_gas,59.48392440014052,48.75178909301758,49.75793425972182,0.7175226899894132,3,-0.8039547204020457,0.6222891461361769,0.5841264273575296,False,False,0.20224534296047775,major_maintenance,False,0.0,0c73663c4067c50a97cd39a3862dcca77661193f5e63100772ff458620587fcb
full_orchestra,11,case_11_0087_cycle_000,case_11_0087,0,normal,12.036334923286054,14.025935173034668,14.025935173034668,0.3811448806506737,1,0.46887594554282597,0.09408673640875144,0.06860567877762269,False,False,0.10832701430957449,inspect,False,1.0,1157956a13ec6bca9ab16bd7c6179b2bb288a8b13d02ab9ba969f1a4613f76f6
full_orchestra,11,case_11_0087_cycle_001,case_11_0087,1,normal,11.533550533418815,17.543537139892578,17.543537139892578,0.3931910894197981,1,0.4503872755018265,0.10147556239546064,0.06681579285929383,False,False,0.11190195480076935,inspect,False,2.0,97df851245b341a51eb3cfd9d548a1b6f633ae6c171c7f98087316c1a6a5af3d
full_orchestra,11,case_11_0087_cycle_002,case_11_0087,2,normal,13.03565419641063,14.09416675567627,14.09416675567627,0.3903713970793393,1,0.3816358374863327,0.10360647195301857,0.06954914711957592,False,False,0.1335208877676957,inspect,False,3.0,535111b84aa98b8c73c2f22bb492ef28ed33e4ec2fa6b7fb5f9e83cca4c56a49
full_orchestra,11,case_11_0087_cycle_003,case_11_0087,3,normal,12.676456388057272,16.10494613647461,16.10494613647461,0.39471753410522714,1,0.3675206319417461,0.10322864829192024,0.06859845896625395,False,False,0.13838810749251548,inspect,False,4.0,e246389157dd5298d1cd1153650228c150b8c4877bf0437d9fe88f5973ae1883
full_orchestra,11,case_11_0087_cycle_004,case_11_0087,4,normal,16.165305167288462,13.80238151550293,13.80238151550293,0.3775941542645402,1,0.2426239104225025,0.11074132765790207,0.07041549907890736,False,False,0.17788774650559616,inspect,False,5.0,a8518a1febc18dddbec6cab31a91a72f33168723c18794f55c3c2162fde7905d
full_orchestra,11,case_11_0087_cycle_005,case_11_0087,5,normal,14.456890852527707,14.900118827819824,14.900118827819824,0.579093152080727,2,-0.9480538031334875,0.3059349999824664,0.2533208256023709,False,True,0.11753272328567177,minor_maintenance,False,0.0,482da5b7daa1e208309f4d5cb37b501a833a66768363cb5a2a8b5b83aa551f7b
full_orchestra,11,case_11_0087_cycle_006,case_11_0087,6,normal,12.779202975146525,23.37175178527832,23.37175178527832,0.6027702484049631,3,-1.2863648925171451,0.6050644562403059,0.5756712858370003,False,True,0.04344929011549818,major_maintenance,False,0.0,5331d4f3dfa42fa8f20acfdd5d2fa0a97f4a409eb22506d4808f9a1b85d0e95e
full_orchestra,11,case_11_0087_cycle_007,case_11_0087,7,normal,12.669070737762866,13.360233306884766,13.360233306884766,0.35892560870106716,1,0.4339537298200729,0.1143920299697101,0.06968811123182438,False,False,0.1140216366398658,inspect,False,1.0,3d4709b95e34afc3ddf7494bf118d0842203d48d604d9215f92e585406eeb0d1
full_orchestra,11,case_11_0087_cycle_008,case_11_0087,8,normal,13.492993436112446,13.54348087310791,13.54348087310791,0.4025929119142072,1,0.386820846144946,0.10815777149605807,0.07002702849603587,False,False,0.12953694092501203,inspect,False,2.0,1b914bcdb0a906795a61628ecfac3a279591cfa13ad9c077d8fbf7f8bd304a50
full_orchestra,11,case_11_0087_cycle_009,case_11_0087,9,normal,14.58504997668566,13.833322525024414,13.833322525024414,0.33059387012364,1,0.33801465918336354,0.1142099943628422,0.06973739570591929,False,False,0.14746544979017095,inspect,False,3.0,021186d157457c0fbcbdb433b13fbfccf1b2d109fbf232790a8985629a4e1f76
full_orchestra,11,case_11_0087_cycle_010,case_11_0087,10,normal,13.898018645851739,13.626627922058105,13.626627922058105,0.3260252944766251,1,0.33458705546257683,0.11413185917167273,0.06778848469532443,False,False,0.1493821678126657,inspect,False,4.0,5c0b2ff4378e214b16ccdfcc820057256ec766789ec95738dc273fefd103b9ed
full_orchestra,11,case_11_0087_cycle_011,case_11_0087,11,normal,16.76544461444526,14.081854820251465,14.081854820251465,0.38482094490865976,1,0.21905033309451738,0.11728108128160157,0.07009804912195006,False,False,0.18328900153000732,inspect,False,5.0,f04a4fe8321853225d23010d7b4dcdb63cee4390a575bc42dd0a17089452a6ff
full_orchestra,11,case_11_0087_cycle_012,case_11_0087,12,normal,14.589653932805827,13.728859901428223,13.728859901428223,0.3815455155576758,1,0.25406932079520506,0.11781884463166534,0.06932418881715116,False,False,0.17180688539525243,inspect,False,6.0,caf4043f639441e45f629ad768d70ac9d4a420ac1a23f760de13de0b74af68f8
full_orchestra,11,case_11_0087_cycle_013,case_11_0087,13,normal,13.451067816953291,15.6025972366333,15.6025972366333,0.40162873806366256,1,0.25630378247370733,0.11850412708572294,0.06996118584160177,False,False,0.16965961035257962,inspect,False,7.0,c74f7065faafeb24346a63e6205b5c6ea774b883a84a2726aa9381b3c42c0e34
full_orchestra,11,case_11_0087_cycle_014,case_11_0087,14,normal,13.856518154979947,16.097768783569336,16.097768783569336,0.4282217840993239,2,-0.9782129886222977,0.33039013064671374,0.2608479408475729,False,True,0.12497041256087567,minor_maintenance,False,0.0,cab42a1b57d0da3eaaec8202c167c657048a9eca5be0dde594090f64bf38e5c2
full_orchestra,11,case_11_0087_cycle_015,case_11_0087,15,normal,14.406736651696464,15.580994606018066,15.580994606018066,0.38353048931153455,1,0.38555697100676556,0.11185605683835924,0.07009438645292553,False,False,0.1296606298652682,inspect,False,1.0,018c211438e37203a821285d19bc3408fa907904612d44408d57a1fc2de3ae62
full_orchestra,11,case_11_0087_cycle_016,case_11_0087,16,normal,17.78709184524643,14.760573387145996,14.760573387145996,0.5016381928467849,2,-0.9624139734913852,0.33507212667426794,0.2556452619606449,False,True,0.11585996944052787,minor_maintenance,False,0.0,e20af6954de23449ef810ba81665fa9864106dcad9c8cf1381f82afa12865bfa
full_orchestra,11,case_11_0087_cycle_017,case_11_0087,17,normal,15.319865525566517,13.408902168273926,13.408902168273926,0.3564329847065637,1,0.3619823462536781,0.1160848630925026,0.06853934219692347,False,False,0.13787878973009865,inspect,False,1.0,5dc45012a8e62df4165b043853d79301f5aef7a73b5754894dc2df16e37db42a
full_orchestra,11,case_11_0087_cycle_018,case_11_0087,18,normal,14.965458536546757,14.833792686462402,14.833792686462402,0.5014343598952078,2,-0.9050070860895398,0.3303088767075058,0.2554819082724789,False,True,0.0983658429265899,minor_maintenance,False,0.0,b66933348ed06e2420e4eb4f94cfb769bf21dfc67b9539579c95e1782a634c70
full_orchestra,11,case_11_0087_cycle_019,case_11_0087,19,normal,15.383497023852463,13.611837387084961,13.611837387084961,0.4109246573278514,1,0.35383440303732516,0.11297092856114384,0.07025193769792108,False,False,0.13845147321467216,inspect,False,1.0,181ea6098e69009560beb12df810df8765ae663401a96b7ae71a2889bdfbc3e3
full_orchestra,11,case_11_0087_cycle_020,case_11_0087,20,normal,14.502950338662984,18.345712661743164,18.345712661743164,0.4110142889326895,1,0.3531975370551983,0.11330494829654364,0.06995714020556756,False,False,0.13862655304796687,inspect,False,2.0,2d1a9f8e7b051fb2b34f2cc98bde751995030f14a20d57d537efcae9cea856d3
full_orchestra,11,case_11_0087_cycle_021,case_11_0087,21,normal,11.871918904556988,13.355782508850098,13.355782508850098,0.31732885717549464,1,0.4114261964221348,0.11622728132435631,0.0695067290676824,False,False,0.12304727014101291,inspect,False,3.0,3b865afdf00fb049879803085ee1bb0cb0a99710bb0d3b4403983d114ac12c44
full_orchestra,11,case_11_0087_cycle_022,case_11_0087,22,normal,12.663279788640375,13.777527809143066,13.777527809143066,0.6430167937327551,3,-1.352741687993802,0.6295281575576233,0.5875694469151669,False,True,0.052235151281377276,major_maintenance,False,0.0,721b5269d1913d7d1b32c0c0ace31b073fd6fd2e9388caa992a459fdd7b92467
full_orchestra,11,case_11_0087_cycle_023,case_11_0087,23,normal,16.813069326929554,13.428162574768066,13.428162574768066,0.3733968728454334,1,0.3248077967011319,0.1096142585536526,0.06951942748912816,False,False,0.15131762394236598,inspect,False,1.0,8fbdd8426e4e9cce7f3533e14b76f5dada26d14630be4a8176da491c175b3403
full_orchestra,11,case_11_0087_cycle_024,case_11_0087,24,normal,14.104367231517537,15.024392127990723,15.024392127990723,0.47734978397037064,2,-0.8606896365979373,0.30630849868623883,0.2546217997623959,False,True,0.09302707683540873,minor_maintenance,False,0.0,6a3d1dac55d586d3eb49fa17a5b3c76a8a7c1e7387371a97b3c595ac71fe5ab5
full_orchestra,11,case_11_0087_cycle_025,case_11_0087,25,normal,13.50276310584731,19.725656509399414,19.725656509399414,0.34833536039398444,1,0.4264024647226393,0.10284979270802161,0.06740354331545498,False,False,0.12152486795262579,inspect,False,1.0,894b6432187193abe57615c8470fa2465066798823c869d8c9eac108ca20f7bb
full_orchestra,11,case_11_0087_cycle_026,case_11_0087,26,normal,15.431416123476582,16.016292572021484,16.016292572021484,0.26740252398583947,0,1.3699471376978267,0.0,0.0,False,False,0.16331416123476583,do_nothing,False,2.0,8b90c91416aead0210bd5c9a739068266c0f025517f7d44a8b74ab006e15b01b
full_orchestra,11,case_11_0087_cycle_027,case_11_0087,27,normal,14.77874882061424,13.790006637573242,13.790006637573242,0.3236579693617267,1,0.3056167842902006,0.10180668674194229,0.06987701925876715,False,False,0.16270873938552816,inspect,False,3.0,57e4ed301055ef13a332fe593a57d9ec8ec0b6513b845d38d2a204a50eb4abb1
full_orchestra,11,case_11_0087_cycle_028,case_11_0087,28,normal,16.948323386013957,14.993688583374023,14.993688583374023,0.38382615144164345,1,0.21601758170976404,0.09930887779450781,0.07011860794638097,False,False,0.19033491047412562,inspect,False,4.0,0998f0c154e0486dcaf7a11721fa2c597e726eef9541a3e89bce688fabc5f53e
full_orchestra,11,case_11_0087_cycle_029,case_11_0087,29,normal,15.57101634362224,15.000819206237793,15.000819206237793,0.3456996554974886,1,0.23856596130102858,0.09568632924650394,0.06971914981255445,False,False,0.1860391470926002,inspect,False,5.0,c66a3be81fccda2818aee2ef26fade274904da1b26c4d8a287bc82077c630f2c
full_orchestra,11,case_11_0087_cycle_030,case_11_0087,30,normal,14.879002138130282,13.440629005432129,13.440629005432129,0.3529404734268554,1,0.23389504941440012,0.09614455768734625,0.0666078301933846,False,False,0.18791101924317255,inspect,False,6.0,59c21bc701ffb9a5ce09b50afddf05f26004cc1bffaf8eeddcbee5ea7cb6b896
full_orchestra,11,case_11_0087_cycle_031,case_11_0087,31,normal,15.379766334301515,13.34464168548584,13.34464168548584,0.3317878713115445,1,0.2054540128309279,0.09056933466801867,0.06581847597272603,False,False,0.20051789700871364,inspect,False,7.0,4bc4d23a8117dc124f77f899172c9e269240fb5fe374fc99c6a70b228cbceeea
full_orchestra,11,case_11_0087_cycle_032,case_11_0087,32,normal,13.672636532544905,14.250885009765625,14.250885009765625,0.39403011178337444,1,0.21279567385374887,0.09422590092556342,0.0676409025930864,False,False,0.19325372879290414,inspect,False,8.0,e376f25ebbadfabd4856a174648c24f1d452ee2ed89eafb7c92ccf8c8386415c
full_orchestra,11,case_11_0087_cycle_033,case_11_0087,33,normal,14.85784609493462,14.383289337158203,14.383289337158203,0.457521291592949,2,-0.9580190017509649,0.2563611065698557,0.2435672050954786,False,True,0.14605864578859465,minor_maintenance,False,0.0,e0fc94e17674a56f7120aaec67474f6647f14fb669a6fbcbd97b8b3a5659f724
full_orchestra,11,case_11_0087_cycle_034,case_11_0087,34,normal,13.2958087955511,13.606001853942871,13.606001853942871,0.43450350706362584,2,-0.7776925610356699,0.26838773966676505,0.24603406464013816,False,True,0.08243401453241682,minor_maintenance,False,0.0,9901f467d668a803b1fd90b6b5a521703bf9ef24cfe0755675c1b6eb6da23b53
full_orchestra,11,case_11_0087_cycle_035,case_11_0087,35,normal,12.911615887462924,13.774503707885742,13.774503707885742,0.3390147420674427,1,0.46253827934140357,0.0839818120185978,0.06751758546047909,False,False,0.11620454298716631,inspect,False,1.0,d2d2c345a55926481490a5bb29ae1322dbe7a13ce9d795d272bb5e3f86c0189e
full_orchestra,11,case_11_0087_cycle_036,case_11_0087,36,normal,12.011490675174757,22.83348274230957,22.83348274230957,0.5017561373079846,2,-0.7483968920016675,0.24066145575740505,0.24039786136226765,False,True,0.0800512421860835,minor_maintenance,False,0.0,4ede40ba0f40a383aff079857d9ec72b16d0fd9721d7af86669fd3f40878d5c7
full_orchestra,11,case_11_0087_cycle_037,case_11_0087,37,normal,13.71102953660612,15.761670112609863,15.761670112609863,0.48142031150155395,2,-0.7720880335579214,0.2534248401095954,0.23928124667777395,False,True,0.08500838312695795,minor_maintenance,False,0.0,b3ca79985045af936ec18cf594c076cfbff97a26352cc772dfa1b3c23ad2de1f
full_orchestra,11,case_11_0087_cycle_038,case_11_0087,38,normal,14.084840807057011,14.42292594909668,14.42292594909668,0.37778041696649106,1,0.42273044954239103,0.08453147960504487,0.06972538314631392,False,False,0.1267635672635131,inspect,False,1.0,257304702f63acf97e9c08cea12c6c844aec578c282b773bc4efc90da3a0a01e
full_orchestra,11,case_11_0087_cycle_039,case_11_0087,39,normal,13.269647776309984,24.601518630981445,24.601518630981445,0.4551552968329979,2,-0.7821563264524695,0.2509952250984546,0.24916544773712432,False,True,0.08785181621312191,minor_maintenance,False,0.0,9fe6d4204edabf897daacf78425e35ef74902e0be7cf3c3955e8370cfcf8731a
full_orchestra,11,case_11_0094_cycle_000,case_11_0094,0,normal,13.074787428660887,13.994608879089355,13.994608879089355,0.3212733534168257,1,0.4289342831171641,0.11332821464975845,0.07065904830838711,False,False,0.11767308685794797,inspect,False,1.0,f431750dedb032f1ea5e8de3067c0c7e5159661a29893ae03cd4a236cd0f3052
full_orchestra,11,case_11_0094_cycle_001,case_11_0094,1,normal,12.075033106704305,13.696640014648438,13.696640014648438,0.5037698645975811,2,-0.8408010446486037,0.3188601237630207,0.2562997817640573,False,True,0.0804452052615667,minor_maintenance,False,0.0,47de9aaa69e57f3d7a3af7a066d9c477eee8da97014b499773fc1086e5b080c9
full_orchestra,11,case_11_0094_cycle_002,case_11_0094,2,normal,14.402839322225594,15.715232849121094,15.715232849121094,0.5582418783555928,2,-0.8949861733205555,0.33693539551850826,0.2580271058191403,False,True,0.08929760379779868,minor_maintenance,False,0.0,4a515b35fb9fa5fcff1d9008b7451221ac343184a6af84e6b6ba24ab63668d5e
full_orchestra,11,case_11_0094_cycle_003,case_11_0094,3,normal,16.95102002929405,15.496502876281738,15.496502876281738,0.4114377958155181,1,0.3091384467246366,0.11630358676012681,0.06895594543996196,False,False,0.15255918026364645,inspect,False,1.0,60bc3db665af00f2b8076f9357ef997a0100ed3f3f108e6a176259ec853fc8e4
full_orchestra,11,case_11_0094_cycle_004,case_11_0094,4,normal,13.94812961488458,19.964433670043945,19.964433670043945,0.45153570387916436,2,-0.8599373286315192,0.3085539744999512,0.25934723464105014,False,True,0.0920584036122844,minor_maintenance,False,0.0,6eb2b83b5cdbcf6ae557a52063b62f25b33f6f5033018b96e09a5852838c9fb9
full_orchestra,11,case_11_0094_cycle_005,case_11_0094,5,normal,11.486442314823515,13.406718254089355,13.406718254089355,0.4027408789228457,1,0.46798036151971223,0.10752602418284082,0.06743567494848139,False,False,0.10337798083341164,inspect,False,1.0,ba10bafa575efcf81862b1ae3690e8dae808dd9003e9a3c68a0818447b89a371
full_orchestra,11,case_11_0094_cycle_006,case_11_0094,6,normal,14.120996098527097,13.710223197937012,13.710223197937012,0.44524089224482744,2,-0.8491967224897452,0.2984024105472979,0.25577206334139885,False,True,0.09313017581086801,minor_maintenance,False,0.0,bdccfc52b3ec02ec62ff3d7e479dbbe0c1aa8a8e3c32bf3df70eb0b7e7373921
full_orchestra,11,case_11_0094_cycle_007,case_11_0094,7,normal,14.11371685910408,13.86563491821289,13.86563491821289,0.4171796879426263,1,0.3971164077797437,0.10385430420817893,0.06922747453109154,False,False,0.12702345173193674,inspect,False,1.0,cd66d1e48655a8645d9eedb737eac16a979a6236616be6718ecd575e16f8f309
full_orchestra,11,case_11_0094_cycle_008,case_11_0094,8,normal,14.095901950065365,14.053228378295898,14.053228378295898,0.3287193252373739,1,0.38730365273431594,0.10276510346543852,0.06966749045359323,False,False,0.1349631175505883,inspect,False,2.0,558efe2bb73a436c5ed9db8614ec9128806c5156dd85e4b10b8a65558bf64c69
full_orchestra,11,case_11_0094_cycle_009,case_11_0094,9,normal,15.07312768064791,15.192182540893555,15.192182540893555,0.26025521064056983,0,1.3547678879844773,0.0,0.0,False,False,0.16873127680647912,do_nothing,False,3.0,152a5156686b110f36df34f6c1c390c3a7d1cef98aed691d89d77274068d2229
full_orchestra,11,case_11_0094_cycle_010,case_11_0094,10,normal,12.585254793005667,16.405305862426758,16.405305862426758,0.36615796424174546,1,0.33453949091707447,0.10177356319523748,0.06945171480034142,False,False,0.15106729313705103,inspect,False,4.0,9eda98b565c5800fe9daa741f62962d8d13588a13c26ec337793a63d431beecd
full_orchestra,11,case_11_0094_cycle_011,case_11_0094,11,normal,16.2540714938381,13.438868522644043,13.438868522644043,0.3556782279898521,1,0.22016918574943906,0.09576069833860076,0.06769806422481697,False,False,0.19218664344454292,inspect,False,5.0,400a9e46fa2a41885c4cafdbd201a1fac08684e00d51c387fa6fd78827a30906
full_orchestra,11,case_11_0094_cycle_012,case_11_0094,12,normal,13.811584207437159,14.373412132263184,14.373412132263184,0.317392915190153,1,0.27327269791148684,0.091650231889157,0.06569419915003749,False,False,0.17830425786693443,inspect,False,6.0,ee8aba7401e43ffe347455e793069af7af33bdf9e32ee7ceef7e085e170b42b8
full_orchestra,11,case_11_0094_cycle_013,case_11_0094,13,normal,11.637706892397743,15.45358943939209,15.45358943939209,0.4016618763258154,1,0.28993632811106784,0.0928106667929662,0.07060704694044309,False,False,0.1668393620315797,inspect,False,7.0,d4f17b3767f0c83ac165ce117a67243b46dbf25052aa22f595c8ed19456433ec
full_orchestra,11,case_11_0094_cycle_014,case_11_0094,14,normal,15.387061060909538,14.234905242919922,14.234905242919922,0.3697104772618493,1,0.17965257074740423,0.08587514310064268,0.06620633239764771,False,False,0.20868354954818583,inspect,False,8.0,4910c400c13eb091ea2743b11038b3ec4110aa71fd0f623c0fda9b1787a8a903
full_orchestra,11,case_11_0094_cycle_015,case_11_0094,15,normal,12.64029310192763,13.518060684204102,13.518060684204102,0.342590788921881,1,0.2363457334317222,0.08272066020325883,0.06669634284336348,False,False,0.19206263791734868,inspect,False,9.0,05581ca9f86f0ca1b2f4d695cd52d3562d6f664fefc19019cd254506bd32d3ba
full_orchestra,11,case_11_0094_cycle_016,case_11_0094,16,normal,11.69190143854555,14.270589828491211,14.270589828491211,0.5275540646882454,2,-0.9273658735665065,0.2537950008860283,0.24801049527536762,False,True,0.1320097889189824,minor_maintenance,False,0.0,5d2dd6c31d8c257b62b389ac9511a9faf630e9173205d72e71e07ebcf5f94940
full_orchestra,11,case_11_0094_cycle_017,case_11_0094,17,normal,11.561879302621083,14.560249328613281,14.560249328613281,0.44249022138481986,2,-0.7195034693234066,0.2418530820121042,0.24528237384353405,False,True,0.07168365167625072,minor_maintenance,False,0.0,ee1af0daf3cd605eee3f23b4b5de58b32d93e677fd6f2adf4bd6b3d6ea853092
full_orchestra,11,case_11_0094_cycle_018,case_11_0094,18,normal,13.885622714435794,14.068182945251465,14.068182945251465,0.36412807072453657,1,0.4336147943253912,0.08237544043175192,0.06809842668051246,False,False,0.12497060442992215,inspect,False,1.0,94381f50e54a457e37380901d4ef09ad1c0b392b00dbda047b0b23a0c4927947
full_orchestra,11,case_11_0094_cycle_019,case_11_0094,19,normal,13.839351911335468,14.595285415649414,14.595285415649414,0.4281871841429313,2,-0.77878955565261,0.24003749467659585,0.25046504725466845,False,True,0.0913839818502799,minor_maintenance,False,0.0,76644cd5ebf64e69b807a3636354b9e1d868b3a1575ac8693e2ba397cfc741f5
full_orchestra,11,case_11_0094_cycle_020,case_11_0094,20,normal,14.77057923209742,13.982511520385742,13.982511520385742,0.39307948356406835,1,0.40053248328297475,0.08767785834955384,0.06752762070778845,False,False,0.1329352130888768,inspect,False,1.0,b03bfdf8ab9ba83ffe32f962b5d1a51331ca07df2cdb40d9ffba615dd29da4a3
full_orchestra,11,case_11_0094_cycle_021,case_11_0094,21,normal,13.54404574764857,13.989741325378418,13.989741325378418,0.3810715061113497,1,0.41666223118325085,0.08172349369310652,0.06808039252553598,False,False,0.12999641172883714,inspect,False,2.0,a1ee38e619289dc0d65ba794ac2fede9b1984bedacc016a337fb57404028a4db
full_orchestra,11,case_11_0094_cycle_022,case_11_0094,22,normal,13.031067896983917,14.372112274169922,14.372112274169922,0.3183860153526723,1,0.4099536564931677,0.08683560331677573,0.06876750583573743,False,False,0.13347961107285528,inspect,False,3.0,a1b93f648d844ef09f05426a6171639be6e3bd2917aabd132e5b54936f68ca20
full_orchestra,11,case_11_0094_cycle_023,case_11_0094,23,normal,13.381734642990416,16.16831398010254,16.16831398010254,0.37348144853673726,1,0.37175196024445734,0.08369226416573042,0.06790840368570039,False,False,0.14473561178691377,inspect,False,4.0,4534e8621f76b3e481cddb6a61c3a6f864db5f8475ca85a73cde5535012846dc
full_orchestra,11,case_11_0094_cycle_024,case_11_0094,24,normal,11.882310984636295,15.571361541748047,15.571361541748047,0.4329147209403249,2,-0.8043493576106072,0.25056870929370056,0.25109056982702854,False,True,0.09599032810474502,minor_maintenance,False,0.0,93d59f6a018102b9dd6549785a8f326a05c61caad9ddb978319336a80c166f78
full_orchestra,11,case_11_0094_cycle_025,case_11_0094,25,normal,13.688587688858231,18.847803115844727,18.847803115844727,0.4907219475887346,2,-0.7946807152093388,0.26612977270643,0.2504186491897945,False,True,0.08486924367092102,minor_maintenance,False,0.0,5d7ca3e5bb13a727152f564ba7fd8038ee47a5f89163a6d46bb785c30fd27897
full_orchestra,11,case_11_0094_cycle_026,case_11_0094,26,normal,14.905693143082019,14.769418716430664,14.769418716430664,0.4251587137386097,2,-0.8081453114625791,0.268505235754322,0.24827547023267518,False,True,0.09241529748710851,minor_maintenance,False,0.0,c5ae63bab95b11170fcec53cb44a3ddbab33b7929fcc548715002b4998985b4c
full_orchestra,11,case_11_0094_cycle_027,case_11_0094,27,normal,17.781761466776683,21.83222007751465,21.83222007751465,0.4017374525172651,1,0.3157966429615259,0.08842072524515858,0.06926806789094411,False,False,0.16003585320099015,inspect,False,1.0,e9d64649f579d34e7b19a5bad651aac9e5a9ecbb4eaf88286fd8d884912fa04d
full_orchestra,11,case_11_0094_cycle_028,case_11_0094,28,normal,14.686067200081812,13.824993133544922,13.824993133544922,0.3325197839848257,1,0.3874933484432978,0.08729976202409845,0.06813138441583873,False,False,0.1402746048007363,inspect,False,2.0,3187141fd92f73077c68dab6bf09d1d17fd1ffc61e98be34ccf8176fa16da364
full_orchestra,11,case_11_0094_cycle_029,case_11_0094,29,normal,14.608144827582528,15.065123558044434,15.065123558044434,0.4890235813868661,2,-0.8505925375052175,0.273153573047933,0.2486174168202743,False,True,0.10173049793101169,minor_maintenance,False,0.0,788ac30fa5f7e0ef28478a2f8aecb845942e2fc284a87a16244112582c983488
full_orchestra,11,case_11_0094_cycle_030,case_11_0094,30,normal,13.95144706562178,24.009506225585938,24.009506225585938,0.5475085584004922,2,-0.8212884387535342,0.27807575751146696,0.2519868525767854,False,True,0.08649897180685504,minor_maintenance,False,0.0,e43349ae823da498406c32e5cd22837cc897b4fe0d1189954180b0fbeb946dd5
full_orchestra,11,case_11_0094_cycle_031,case_11_0094,31,normal,15.150166050335487,13.563759803771973,13.563759803771973,0.3446756973639908,1,0.3884103333447373,0.0964055657838646,0.06803532863467665,False,False,0.1363514944530194,inspect,False,1.0,c78877e94dd051adefe06a7e003a0eed65f4b20170fccf1db134d6004d78831a
full_orchestra,11,case_11_0094_cycle_032,case_11_0094,32,normal,16.93520091821986,21.47856903076172,21.47856903076172,0.5629081092871951,2,-0.9125291597391686,0.29431804637334563,0.25255019986731786,False,True,0.11057824569296312,minor_maintenance,False,0.0,b8a08b3b5e2b157a4ec4e13602a27e72b98503a002f187486bfce3b48b22ca54
full_orchestra,11,case_11_0094_cycle_033,case_11_0094,33,normal,16.316730166618978,15.431490898132324,15.431490898132324,0.28076283129271234,0,1.3683836703075238,0.0,0.0,False,False,0.16316730166618978,do_nothing,False,1.0,948305cc603454a849bd86d97e50be5ae651c6a706c6682203578c09b83448f5
full_orchestra,11,case_11_0094_cycle_034,case_11_0094,34,normal,15.12662663278678,33.696624755859375,33.696624755859375,0.47569780810369183,2,-0.8972202778373957,0.30208896332818214,0.247226734904782,False,True,0.10866508512327804,minor_maintenance,False,0.0,6d46239480337ac287629a18477ef11b8fd319c387c980e97927758575512011
full_orchestra,11,case_11_0094_cycle_035,case_11_0094,35,normal,15.333091346172367,21.21454620361328,21.21454620361328,0.353211106808675,1,0.37395843070595425,0.10358080530076036,0.06935703953166279,False,False,0.1379978221155513,inspect,False,1.0,6ec389bb486e48681c91f49891485e45b43871ae88b61b81f587d2b50a2d8ba8
full_orchestra,11,case_11_0094_cycle_036,case_11_0094,36,normal,15.40105903573335,17.98762321472168,17.98762321472168,0.45987275427158925,2,-0.8684994610919279,0.29595536691226804,0.25045435371785135,False,True,0.10106656602154677,minor_maintenance,False,0.0,3753c16958767831d8f52535199131ddc8741b2bef52b77361933cdac1cff176
full_orchestra,11,case_11_0094_cycle_037,case_11_0094,37,normal,16.76402579247524,14.022201538085938,14.022201538085938,0.3522237589046202,1,0.3308618857552782,0.10849499928189983,0.06897606841287182,False,False,0.15087623213227716,inspect,False,1.0,b0a9e95993495508e9ff71a5e9c04c47b047411734f894ca82e1881124db4bea
full_orchestra,11,case_11_0094_cycle_038,case_11_0094,38,normal,15.466143869744142,15.686211585998535,15.686211585998535,0.3563709377421018,1,0.346235898486866,0.10405384519975605,0.06796091396121363,False,False,0.1472952948276973,inspect,False,2.0,9b7f88c053764567a059bc911b30f3e690ac632a35f9a966cc23b48b7ae1eed8
full_orchestra,11,case_11_0094_cycle_039,case_11_0094,39,normal,17.73148186040847,17.262100219726562,17.262100219726562,0.3709078083787712,1,0.24040813200250283,0.11944865790490128,0.07144628575593942,False,False,0.17578333674367624,inspect,False,3.0,b3418af43d9c3fd00e67f7241fde21ff9731a5d72945819f594d28932263d8dc
full_orchestra,11,case_11_0096_cycle_000,case_11_0096,0,lens_contamination,20.0884708079003,31.92207145690918,31.92207145690918,0.515150923698708,2,-0.902772125620328,0.25041649824336665,0.25179678974401215,False,True,0.12454851900898185,minor_maintenance,False,0.0,2bbb06efb7d09a615123b6bce3ed151acaf19d8cb9de9e4d7197c25e41a1d78f
full_orchestra,11,case_11_0096_cycle_001,case_11_0096,1,lens_contamination,22.066500477823087,27.376386642456055,27.376386642456055,0.37608713344618877,1,0.2093733844955326,0.08406686677626776,0.06793895726256002,False,False,0.1985985043004078,inspect,False,1.0,733801e54c3f4268eb4365b6cbd8f082b8746b8b4e01ebfc511e14b407dcf7fe
full_orchestra,11,case_11_0096_cycle_002,case_11_0096,2,lens_contamination,17.316965739855142,27.302091598510742,27.302091598510742,0.4543218293634389,2,-0.8741202836786176,0.2633050714717021,0.2547892188013674,False,True,0.11294518758710188,minor_maintenance,False,0.0,4b1802a16794111877a659abcfc651b246b79e85870a2a47f00c887c80d9f136
full_orchestra,11,case_11_0096_cycle_003,case_11_0096,3,lens_contamination,21.127103185217695,29.6114501953125,29.6114501953125,0.5877491660214688,2,-0.9465362860534452,0.26310204818596905,0.2528846796490084,False,True,0.13098803974834972,minor_maintenance,False,0.0,3ec89d06409bf6092fb4d262a54bb828709a43d0176877a3f08fd8328e4b0ae8
full_orchestra,11,case_11_0096_cycle_004,case_11_0096,4,lens_contamination,20.660046886798266,33.284854888916016,33.284854888916016,0.4057551701279218,1,0.23810756981648354,0.08950140298973502,0.06713310716379996,False,False,0.1859404219811844,inspect,False,1.0,ac9efabf082587c072ce416b4aac1daab10e7d8f1b6165149722d7f4cca2d93c
full_orchestra,11,case_11_0096_cycle_005,case_11_0096,5,lens_contamination,23.50471673251576,34.638004302978516,34.638004302978516,0.4835898546593213,2,-1.0180479529004145,0.2880435221394567,0.254422776671583,False,True,0.1513092437415977,minor_maintenance,False,0.0,c2399deee8fd60ff7c8eecc624a2b209202e1c7543362780043a4117133599f3
full_orchestra,11,case_11_0096_cycle_006,case_11_0096,6,lens_contamination,26.00563214273676,22.26228141784668,22.26228141784668,0.4901865215858499,2,-1.0418481093122782,0.2792385091583456,0.2567210800764393,False,True,0.16123491928496791,minor_maintenance,False,0.0,3bc3e7fee522a49279e4339eefbcd624664e91b929037e1ee689a5bf7996a914
full_orchestra,11,case_11_0096_cycle_007,case_11_0096,7,lens_contamination,23.4294875956543,27.336265563964844,27.336265563964844,0.2921977123279729,0,1.153285715281175,0.0,0.0,False,False,0.234294875956543,do_nothing,False,1.0,acf37e1989a5aaa67761fe50a0847b4ee3289f20ff754fc13b33c00e8b9a13b3
full_orchestra,11,case_11_0096_cycle_008,case_11_0096,8,lens_contamination,22.598622883779043,31.65097999572754,31.65097999572754,0.4160732954659727,1,0.11639880408478623,0.09163630471858408,0.06823884876837454,False,False,0.22498760595401138,inspect,False,2.0,837a7f96756ea3899aaa7d51a3bf0aac056418e35561964dd42fcfc5866711a0
full_orchestra,11,case_11_0096_cycle_009,case_11_0096,9,lens_contamination,24.439949462385957,37.618160247802734,37.618160247802734,0.5500158874455326,2,-1.085456562775218,0.28567909309545625,0.2516400332031912,False,True,0.17198768666679295,minor_maintenance,False,0.0,958d7b1cad5d23022902f752f7160cb60a7750edc6d1790c34e7fd0afdb6f4e7
full_orchestra,11,case_11_0096_cycle_010,case_11_0096,10,lens_contamination,27.91785690592835,17.34267234802246,17.34267234802246,0.5265410793531288,2,-1.0938078646045208,0.2906257901322258,0.2561609676488231,False,True,0.17309071281675578,minor_maintenance,False,0.0,d62d151eaa99c7aeecbf1e51bdb9cacf0423d8cfe005e08d8404780f9098917b
full_orchestra,11,case_11_0096_cycle_011,case_11_0096,11,lens_contamination,26.005712146402605,32.74269104003906,32.74269104003906,0.47128660637250974,2,-1.0523846804941948,0.29526488226008984,0.25340070169392503,False,True,0.16123541530769614,minor_maintenance,False,0.0,bee6b65ed345ba17265c76e4905a2ad8eef069bdd3a227520ad9d4ca808dfeec
full_orchestra,11,case_11_0096_cycle_012,case_11_0096,12,lens_contamination,25.288560599144148,31.614524841308594,31.614524841308594,0.4394815591799146,2,-1.0550173237126466,0.31326722977708,0.25682579114312276,False,True,0.15678907571469372,minor_maintenance,False,0.0,95baaa499814e2a59b477f89bf7fa87724c9ae0e4be0005cea1e33a2918672f4
full_orchestra,11,case_11_0096_cycle_013,case_11_0096,13,lens_contamination,32.026440456800955,38.842769622802734,38.842769622802734,0.6845490155169138,3,-1.4893425124505488,0.5971078258386674,0.5786033020312181,False,True,0.10888989755312323,major_maintenance,False,0.0,d01776d4968fe041ca91fa89743bb614aefaa5009b87e62eb395106185f6d39c
full_orchestra,11,case_11_0096_cycle_014,case_11_0096,14,lens_contamination,33.08479866514637,36.445159912109375,36.445159912109375,0.5726966664965196,2,-1.2353359937376531,0.3260159869460276,0.260047814556781,False,True,0.20512575172390754,minor_maintenance,False,0.0,3109fc6867df1c4d571be292b46c50fe4766d535a088e020426e7c1579ebed49
full_orchestra,11,case_11_0096_cycle_015,case_11_0096,15,lens_contamination,30.192908053769052,34.58967971801758,34.58967971801758,0.579185463496866,2,-1.1618770362822828,0.3106297117134608,0.2534767690552347,False,True,0.18719602993336812,minor_maintenance,False,0.0,42fa3328c53e484c5e14bc8f6e0d93420d938d9cc98948b2b670dfb5eb427935
full_orchestra,11,case_11_0096_cycle_016,case_11_0096,16,lens_contamination,34.5783778061045,35.82102966308594,38.281735330399286,0.7299152860410888,3,-1.5388544645697988,0.611163971634442,0.5818796830086596,False,True,0.11756648454075529,major_maintenance,False,0.0,3cad26a730f651597636cbcdc3302222e5ef608481a356ab45e1c6de2d22cbf8
full_orchestra,11,case_11_0096_cycle_017,case_11_0096,17,lens_contamination,30.876523643304033,32.87527084350586,32.87527084350586,0.4892078054939423,2,-1.1873670430348926,0.3384519062875124,0.25153828269729206,False,True,0.191434446588485,minor_maintenance,False,0.0,df52be6493e7feb4ab0addbd6d8bb56f11d4fae798cf96bc340f9a621c45bcca
full_orchestra,11,case_11_0096_cycle_018,case_11_0096,18,lens_contamination,34.48181263808722,23.220474243164062,23.220474243164062,0.44232492703237636,2,-1.242299645682772,0.32563696170660367,0.2611902873161118,False,True,0.21378723835614077,minor_maintenance,False,0.0,4373cc16f315803ee3181f6c4acc6e9b25c8ef750426dc667b9fc254eaeffdc5
full_orchestra,11,case_11_0096_cycle_019,case_11_0096,19,lens_contamination,31.595225657790767,35.5811882019043,35.5811882019043,0.6139209637065902,3,-1.4859022909087773,0.6132176652394319,0.5729064742548639,False,True,0.1074237672364886,major_maintenance,False,0.0,09393c202dcc2b44cdf01bcbb40938ec492031cb66552753dfd21f602e01a6f6
full_orchestra,11,case_11_0096_cycle_020,case_11_0096,20,lens_contamination,32.0286919437068,31.237226486206055,31.237226486206055,0.5959632405566386,2,-1.2373047443650549,0.34559828421836025,0.2582228798878156,False,True,0.19857789005098211,minor_maintenance,False,0.0,129587aee5d5825c0eac289d2059a5e579ecfedf569289b62bd8dedc317632fa
full_orchestra,11,case_11_0096_cycle_021,case_11_0096,21,lens_contamination,41.42614315684297,32.63920211791992,32.63920211791992,0.5927050069464024,2,-0.4053385131101542,0.3353489612071763,0.26319692267967276,False,False,0.25684208757242644,minor_maintenance,False,0.0,a20df71bb7333133aa64dd5380794663cce51722bcf53b6b9058acf807541766
full_orchestra,11,case_11_0096_cycle_022,case_11_0096,22,lens_contamination,34.3503008597081,31.428911209106445,31.428911209106445,0.5741079201429662,2,-1.2335934753704358,0.30338454421567324,0.2564714339284337,False,True,0.21297186533019022,minor_maintenance,False,0.0,a9d513bd4abd276359f6c44ba5f8e19921b35b17f7cded1da3e4fc2cdfcf0708
full_orchestra,11,case_11_0096_cycle_023,case_11_0096,23,lens_contamination,36.60477738790428,37.51026916503906,37.51026916503906,0.6294065276491049,3,-1.581547501478382,0.6423483822199817,0.5892742634430135,False,True,0.12445624311887454,major_maintenance,False,0.0,41195e6275b6e3aa6519bdc0421eea8c2763956f2d8c316685e98b8de3d58ff6
full_orchestra,11,case_11_0096_cycle_024,case_11_0096,24,lens_contamination,35.722330713510026,34.861778259277344,34.861778259277344,0.6176948770712228,3,-1.5768100437943176,0.6450451833389499,0.5934285695211026,False,True,0.12145592442593407,major_maintenance,False,0.0,bc2b2a1f677d84077ec4177b32d6494e468bf0fbdfabab580c41dc5c5775ff98
full_orchestra,11,case_11_0096_cycle_025,case_11_0096,25,lens_contamination,34.35601510580399,38.08692169189453,38.08692169189453,0.5884055691724831,2,-1.2671863016274933,0.33431896993586346,0.2569807691847539,False,True,0.21300729365598473,minor_maintenance,False,0.0,aa115f28194044a2d098a3d1a685c9d57a2a43f9dcd5d5bb408d18c8e157d30c
full_orchestra,11,case_11_0096_cycle_026,case_11_0096,26,lens_contamination,32.080901962160254,32.476749420166016,43.30688802425646,0.7087975453823194,3,-1.519284348682454,0.6104053058363572,0.5941677637808931,False,True,0.10907506667134485,major_maintenance,False,0.0,c3ab0279844ddf129e0c134a9f12e485f4502d5c4ae3e0cd4f88c33c189a8171
full_orchestra,11,case_11_0096_cycle_027,case_11_0096,27,lens_contamination,38.69796276945746,34.705326080322266,36.9809272968401,0.7120144803896745,3,-1.5848767143463949,0.6186244383964011,0.5809136045538458,False,True,0.13157307341615535,major_maintenance,False,0.0,e12410cf3e5ed538f1a1a67cba17b0a0b1ac3037a83663623cc5ab37a3c506dd
full_orchestra,11,case_11_0096_cycle_028,case_11_0096,28,lens_contamination,35.46549107423353,34.531429290771484,34.531429290771484,0.6906740795185912,3,-1.5522192138191395,0.6161348442238046,0.5884190608879551,False,True,0.120582669652394,major_maintenance,False,0.0,00c5de7ec6b482ab6558ca20bdc50fcaec5c389b30ea08144bab62b68388ccc9
full_orchestra,11,case_11_0096_cycle_029,case_11_0096,29,lens_contamination,38.5553343025375,39.56808090209961,36.644273655693446,0.7099134206717514,3,-1.5861623861717435,0.6198902048094089,0.5831509479696116,False,True,0.1310881366286275,major_maintenance,False,0.0,7b34bd3a68402354998e107ec5418fbb4d8beafea0c42f16e0bfc754b85673e6
full_orchestra,11,case_11_0096_cycle_030,case_11_0096,30,lens_contamination,38.223858640446856,36.00470733642578,36.00470733642578,0.5414266964475369,2,-0.3166718493859364,0.316136563977011,0.2604468877868541,False,False,0.2369879235707705,minor_maintenance,False,0.0,a8cce0e8040b48e4d56529f004f4030db28a10c8fa307dbceb9d2ddc88bb629b
full_orchestra,11,case_11_0096_cycle_031,case_11_0096,31,lens_contamination,37.99014186507006,39.5850830078125,44.05505740396464,0.763367950682747,3,-1.5618151591521918,0.6048556691975956,0.5686935629105869,False,True,0.1291664823412382,major_maintenance,False,0.0,3159faa4b0dcbbd89ff6f5aeae28464e9bfee24dfe6d33e838f1185047fd6dea
full_orchestra,11,case_11_0096_cycle_032,case_11_0096,32,lens_contamination,43.56505396889542,45.96992874145508,43.35087943962869,0.7435177646621363,3,-1.6148163925890742,0.6011771794833854,0.5721849974045438,False,True,0.1481211834942444,major_maintenance,False,0.0,cb5352290afdbefcbac71f7c3292fd57e1c3e11f6b66333097142b9022a7db70
full_orchestra,11,case_11_0096_cycle_033,case_11_0096,33,lens_contamination,36.90856885363497,35.95124053955078,37.425971063893684,0.7309009225218694,3,-1.5463190891627345,0.5986263312810254,0.5769877714954401,False,True,0.12548913410235887,major_maintenance,False,0.0,d08615c6623308a4f0de8571fdf1a7696a10d304318b73f9cb39dcebd33d14f0
full_orchestra,11,case_11_0096_cycle_034,case_11_0096,34,lens_contamination,41.71241650794565,39.64668655395508,42.4915436877792,0.7544193225249392,3,-1.5734675976068386,0.5853424194073195,0.5618695392996658,False,True,0.1418222161270152,major_maintenance,False,0.0,ce8203c080076e9d97aec10f6a4a13c6d4d7476673cbc5db3e3e6831fabaf040
full_orchestra,11,case_11_0096_cycle_035,case_11_0096,35,lens_contamination,42.22104498750913,37.83195114135742,37.83195114135742,0.6195621737569934,3,-1.922279592872525,0.5674607931305733,0.5688003799588788,False,True,0.2689480565704332,major_maintenance,True,1.0,0178591dead763b1f795bdfac9a36614a523f4bd8cf3e8e7bba7e78936d4f5f8
full_orchestra,11,case_11_0096_cycle_036,case_11_0096,36,lens_contamination,42.082981852849976,40.868534088134766,40.868534088134766,0.602660405214992,3,-1.927791162671558,0.5703774172204651,0.5570123768261015,False,True,0.27380159440265434,major_maintenance,True,2.0,ac0699fc182ebe5b4905027647283c638276bc720d69cf67e3cb0f843161c2f1
full_orchestra,11,case_11_0096_cycle_037,case_11_0096,37,lens_contamination,44.88033496190193,39.437721252441406,39.437721252441406,0.685615550443879,3,-2.0095773872727025,0.5648118142522205,0.5623275491649428,False,True,0.2973537337073153,major_maintenance,True,3.0,4fe3fcf92a379729d7727382f754e01d31fd64c1aab24e07d3a594bb84563598
full_orchestra,11,case_11_0096_cycle_038,case_11_0096,38,lens_contamination,41.01614247579575,46.18586349487305,49.73105132383208,0.7332858050375131,4,-1.918557786667163,0.8710093934872964,0.9752217618892186,False,True,0.052459370970954905,urgent_intervention,False,0.0,3abdf60ce4855543b12a4eba82d425a72bbd3e58ec80f528ab3f88ea65f645ab
full_orchestra,11,case_11_0096_cycle_039,case_11_0096,39,lens_contamination,42.28937690695808,44.75830841064453,47.16495940050454,0.7309020191929371,4,-1.9014867166918745,0.8422162151656023,0.9967418022278531,False,True,0.0507472522883497,urgent_intervention,False,0.0,88e5bac9f2aca0e98adbd8f8456ee35565342eeabc289e534b3ec1baa1bafa82
full_orchestra,11,case_11_0099_cycle_000,case_11_0099,0,low_shielding_gas,19.789697403402183,25.126617431640625,25.126617431640625,0.4972437802031613,2,-0.9275805741027998,0.2807892315720671,0.25514550474622255,False,True,0.12269612390109354,minor_maintenance,False,0.0,7dec3ed2f1ef487117bf76b619f9734a254c6890291d7b5d448e79ff040b2b14
full_orchestra,11,case_11_0099_cycle_001,case_11_0099,1,low_shielding_gas,20.041088544878523,18.083389282226562,18.083389282226562,0.31044412963611495,1,0.2595416338109512,0.0992887402087492,0.06686701977895276,False,False,0.18036979690390673,inspect,False,1.0,d7026d5d546a22c927f60b2ca9474dabc40031f844d89323abf1eabf2635a4a6
full_orchestra,11,case_11_0099_cycle_002,case_11_0099,2,low_shielding_gas,21.940685482229494,31.832103729248047,31.832103729248047,0.5555298675112487,2,-0.9975248116758145,0.2912228941386732,0.2476696093012319,False,True,0.14161224998982286,minor_maintenance,False,0.0,097561c774104cc79d25f5a52299c6d4f61cd3d4cfa013341d85ff8721c0f9ab
full_orchestra,11,case_11_0099_cycle_003,case_11_0099,3,low_shielding_gas,24.392271516567995,32.54357147216797,32.54357147216797,0.4868665403555841,2,-1.0423410333404073,0.31574343491683515,0.24983920895258718,False,True,0.15123208340272157,minor_maintenance,False,0.0,1d33969cd8c3e4a6d04352ba58682dfae7cd4a0f7656b0aa8854a7eb8926f4be
full_orchestra,11,case_11_0099_cycle_004,case_11_0099,4,low_shielding_gas,20.28544628037883,29.320159912109375,29.320159912109375,0.43031342229164143,2,-0.943338847851271,0.29913283792444834,0.25293711971003763,False,True,0.12576976693834876,minor_maintenance,False,0.0,f2a3b6aac960fb02504bf0520cd5456bcaccb0ce0c357cbe9449c503f2384ad0
full_orchestra,11,case_11_0099_cycle_005,case_11_0099,5,low_shielding_gas,18.21691623122835,26.06194496154785,26.06194496154785,0.5206004884051696,2,-0.9463331408328984,0.3249571894765142,0.2555640452434518,False,True,0.11294488063361577,minor_maintenance,False,0.0,9c6546ebd7a9aa714f4a32aa1dc96fdd28f14eda0cbbd5545fcad90af138b757
full_orchestra,11,case_11_0099_cycle_006,case_11_0099,6,low_shielding_gas,24.235136954961607,28.981250762939453,28.981250762939453,0.38917062276257686,1,0.12166778762378289,0.10945123459186332,0.07019585823250478,False,False,0.21811623259465449,inspect,False,1.0,adef21aaa6bcdcdeff40fdc6ec8505426b7c5fddc00cf0c3f6947e5e3af0a938
full_orchestra,11,case_11_0099_cycle_007,case_11_0099,7,low_shielding_gas,22.503643556914554,27.296890258789062,27.296890258789062,0.607911944184471,3,-1.389008222679794,0.5966223916802484,0.5781023438641828,False,True,0.07957238809350949,major_maintenance,False,0.0,b3280c972218ec5b36f5d7de031466bca2ad0cf031246eda7f74173a98283750
full_orchestra,11,case_11_0099_cycle_008,case_11_0099,8,low_shielding_gas,25.96015116931354,22.40132713317871,22.40132713317871,0.4527930448247547,2,-1.0888491182509477,0.3314121486144771,0.25832400145440676,False,True,0.16095293724974394,minor_maintenance,False,0.0,40d0da5cd6e5f748e57fec40fec2465ae60264fe859a21bf1c5920372172a462
full_orchestra,11,case_11_0099_cycle_009,case_11_0099,9,low_shielding_gas,24.13276374331945,24.438371658325195,24.438371658325195,0.48471441240155777,2,-1.045976436098727,0.3165297610712084,0.25983763442692875,False,True,0.1496231352085806,minor_maintenance,False,0.0,3d34e3a70bbdd335e00c937ad5567e18867a8a7e2776d7966d274691a8c39a29
full_orchestra,11,case_11_0099_cycle_010,case_11_0099,10,low_shielding_gas,22.339532456225992,26.06642723083496,26.06642723083496,0.5133862266284319,2,-1.0414598089596965,0.3394345347929516,0.2618775456083456,False,True,0.13850510122860116,minor_maintenance,False,0.0,70fd98d3115c78022f587ca2925fac94340c9546afc35ac597198b29e15fceea
full_orchestra,11,case_11_0099_cycle_011,case_11_0099,11,low_shielding_gas,29.682464848793717,29.738061904907227,29.738061904907227,0.4589947814381383,2,-1.1671245804158532,0.3353667591367586,0.2635184473447636,False,True,0.18403128206252103,minor_maintenance,False,0.0,32325939eb8689b37f501bda25ff32853c826d20ffd73ed7ea0f43a68ba4b965
full_orchestra,11,case_11_0099_cycle_012,case_11_0099,12,low_shielding_gas,26.36677252079936,28.227252960205078,28.227252960205078,0.4579309741731263,2,-1.0943287142330214,0.3318377269095279,0.2542242153883207,False,True,0.163473989628956,minor_maintenance,False,0.0,4834105cfc4022cd87ab54a909b663e84a1540f1a9fb210eba72a9d83e6e0485
full_orchestra,11,case_11_0099_cycle_013,case_11_0099,13,low_shielding_gas,27.447425427942374,30.831207275390625,30.831207275390625,0.43859451320339665,2,-1.112152727818228,0.32588270569938393,0.2624484152232581,False,True,0.1701740376532427,minor_maintenance,False,0.0,de8f940e0a0e29d864e617bf3e3d338427d667e3c4d3baccda9a7aa32a0d5884
full_orchestra,11,case_11_0099_cycle_014,case_11_0099,14,low_shielding_gas,30.22166918243799,29.908010482788086,29.908010482788086,0.49663673376403,2,-1.1728719985008613,0.3315635625690926,0.25586234884227216,False,True,0.18737434893111551,minor_maintenance,False,0.0,fbbdd6b1eecc2eceff70891d8ae1b5b1dc9fb464a6814bf021b77b0c2a24ac7c
full_orchestra,11,case_11_0099_cycle_015,case_11_0099,15,low_shielding_gas,29.129766658811597,29.788238525390625,29.788238525390625,0.3414539302094555,1,-0.012110617016879696,0.11833689012080066,0.07006492197093447,False,False,0.2621678999293044,inspect,False,1.0,d6bf2a8e17cf8ef91d1bf5d5dec09de98e029f6b1a0ee630c72220a1a75f6478
full_orchestra,11,case_11_0099_cycle_016,case_11_0099,16,low_shielding_gas,29.052402706087545,28.802061080932617,28.802061080932617,0.33576382854009396,1,-0.03302819613130067,0.11699381669642772,0.07119366511186875,False,False,0.26957162435478793,inspect,False,2.0,0eec889167536bbff3ef8c19cabe706b52bae3208f990114a7aa0d04b50163eb
full_orchestra,11,case_11_0099_cycle_017,case_11_0099,17,low_shielding_gas,33.5853131799158,27.693891525268555,27.693891525268555,0.4923704958697007,2,-1.2837773090438376,0.34412677187128,0.25953517205708565,False,True,0.21938894171547796,minor_maintenance,False,0.0,264e2e7ef1309930fdc01dac569f4d77791770448cf1d9c6dac0abef38eb55a2
full_orchestra,11,case_11_0099_cycle_018,case_11_0099,18,low_shielding_gas,31.72846418950328,31.911806106567383,31.911806106567383,0.5116547024587332,2,-1.2040537634464386,0.32989192473988227,0.2590802492662316,False,True,0.19671647797492034,minor_maintenance,False,0.0,209ce04ff2772ee22d7af09ceab8fd5f4f605a81d9f5bbc52f7abe2c4f1a5f57
full_orchestra,11,case_11_0099_cycle_019,case_11_0099,19,low_shielding_gas,33.9171995285244,39.004478454589844,41.694096671742855,0.7619399850694626,3,-1.860490446929847,0.6249590074349023,0.5913534484305301,False,True,0.21605256099670042,major_maintenance,True,1.0,7ea20b7ff2f2cbde434345b0ef35259e27952e4a772179b7de1105457bd35524
full_orchestra,11,case_11_0099_cycle_020,case_11_0099,20,low_shielding_gas,35.8355790860187,31.94019889831543,31.94019889831543,0.3098529986976755,1,-0.21384767647359176,0.12074636486612186,0.0684534081003922,False,False,0.3306202117741683,inspect,False,2.0,12852d51e4180470a65e8c8bde9c0d78e308a147e78f4da9aca6f0401ffb2b1b
full_orchestra,11,case_11_0099_cycle_021,case_11_0099,21,low_shielding_gas,32.49534353988545,38.81214904785156,38.81214904785156,0.6378189125723168,3,-1.8433140012486071,0.6250162737012908,0.5840510945178226,False,True,0.2184613383490703,major_maintenance,True,3.0,9e26dac9f6ceebe659bf99cb239974b278905c867917db1102078cff0083e8be
full_orchestra,11,case_11_0099_cycle_022,case_11_0099,22,low_shielding_gas,31.934746246299696,41.66708755493164,41.66708755493164,0.49403910372846993,2,-1.2253869860135103,0.3074640737785891,0.24951345811809542,False,True,0.21473542672705812,minor_maintenance,False,0.0,d56e882f12f817c63aa66081c208cbde1e7f0f794309810e50b00dbf3f74ceaa
full_orchestra,11,case_11_0099_cycle_023,case_11_0099,23,low_shielding_gas,30.365524410599342,30.683185577392578,30.683185577392578,0.5483667976256518,2,-1.1634972462616713,0.3179041925702578,0.24817410001302237,False,True,0.18826625134571592,minor_maintenance,False,0.0,6c5a6d5b1f1c0ba3e47166f9c2926d9dcd0ec7c444eef2fe5ad528cce9d943bc
full_orchestra,11,case_11_0099_cycle_024,case_11_0099,24,low_shielding_gas,35.34982172575916,29.625389099121094,29.625389099121094,0.5938276387271646,2,-1.2654721370952022,0.3132927301466485,0.25699822130044836,False,True,0.2191688946997068,minor_maintenance,False,0.0,e10c203163fedff6c8e2290eea36902487eb6ab05c64e943108d372664cc2d80
full_orchestra,11,case_11_0099_cycle_025,case_11_0099,25,low_shielding_gas,34.430626715338605,36.22591018676758,36.22591018676758,0.6346443321980778,3,-1.8397956091099243,0.6105008910319026,0.5951609896477366,False,True,0.2193230921767069,major_maintenance,True,1.0,eddf10749051cbbb4fc4125c031f11f28b727843ce368ad88184cd4ea54c7fca
full_orchestra,11,case_11_0099_cycle_026,case_11_0099,26,low_shielding_gas,39.60093800645249,36.81132125854492,36.81132125854492,0.6093751459739741,3,-1.55996930177291,0.5947191930526115,0.5759178364479838,False,True,0.13770318922193844,major_maintenance,False,0.0,9dcbeab4bce904430341998f193a210b38dbbbc99a8b3d966738c096138b2215
full_orchestra,11,case_11_0099_cycle_027,case_11_0099,27,low_shielding_gas,35.45636436413968,39.371273040771484,39.371273040771484,0.6367515236797716,3,-1.8215188963489666,0.577934733226832,0.5881253894643244,False,True,0.22585704099956977,major_maintenance,True,1.0,b1feb35afcefe71c9b79ee453a8dc9ae922dfdc0234949b0615598ca867002ab
full_orchestra,11,case_11_0099_cycle_028,case_11_0099,28,low_shielding_gas,34.6984582756161,39.28773498535156,43.88384094100799,0.7417176700658911,3,-1.5179396351281993,0.575913296583195,0.5845805170297954,False,True,0.12103475813709472,major_maintenance,False,0.0,0625ab0a91ed1a225eb78a9988afcf7204c69a1d02f8e2a43913110688f3061d
full_orchestra,11,case_11_0099_cycle_029,case_11_0099,29,low_shielding_gas,41.91832798734252,40.90148162841797,40.90148162841797,0.5325274339990709,2,-0.33360487908797515,0.2757558020477395,0.24786132671975497,False,False,0.25989363352152367,minor_maintenance,False,0.0,a6589d3ae091b7e606ef58f4f7416ca01680d8f191a13995bda0be5f4f351120
full_orchestra,11,case_11_0099_cycle_030,case_11_0099,30,low_shielding_gas,38.958176522991565,42.19757080078125,42.19757080078125,0.6095132805001605,3,-1.8486479838899366,0.5608001087447367,0.5649126621447584,False,True,0.24816358445145628,major_maintenance,True,1.0,73ab0f5b1aa96e6a08bc757aee5528f052e822d60dfa36cdbc9a58a1d9a31488
full_orchestra,11,case_11_0099_cycle_031,case_11_0099,31,low_shielding_gas,38.64802253063893,39.0423583984375,42.441543899173425,0.7090369969417104,3,-1.5286143063327087,0.5706347325483906,0.5602927430381808,False,True,0.13446327660417234,major_maintenance,False,0.0,2fea7df5e7db5abd9eb8e3db9423b37081376f55f0fc8c779e0e55923ee687bf
full_orchestra,11,case_11_0099_cycle_032,case_11_0099,32,low_shielding_gas,39.195346766346304,38.575740814208984,47.04008786280782,0.7032294186765675,3,-1.875794319197607,0.5680175041639423,0.5665866569091271,False,True,0.24967435890162598,major_maintenance,True,1.0,831ebe1709f0b0c7f9d5dc192e9b8903c32a7b467f4c587fff370e6b36b4bd12
full_orchestra,11,case_11_0099_cycle_033,case_11_0099,33,low_shielding_gas,42.497344452714664,45.67984390258789,54.50603952750665,0.7392665743342639,4,-1.8850546156724595,0.8497918336087924,0.9601779448546934,False,True,0.052076813343257596,urgent_intervention,False,0.0,15294502bab632c54145c314f91e484c6c36a2d241578d23c17160f3897bc166
full_orchestra,11,case_11_0099_cycle_034,case_11_0099,34,low_shielding_gas,43.872186900527176,36.0722541809082,36.0722541809082,0.5506250081891227,2,-0.36351158514926074,0.26201491121987197,0.25360030793901855,False,False,0.2720075587832685,minor_maintenance,False,0.0,2aed887d1ed187dc225c13a0864c1c2a487146e761a3a67dc76d60d10e97209b
full_orchestra,11,case_11_0099_cycle_035,case_11_0099,35,low_shielding_gas,42.780160204321575,33.77353286743164,33.77353286743164,0.6225163210002291,3,-1.5147525718351893,0.5364023094432113,0.5607689751973295,False,True,0.14545254469469335,major_maintenance,False,0.0,7cc51f7e6c22d209c9000df43645b6f3cfb1e816b1a5339712dcc1cd7e428f16
full_orchestra,11,case_11_0099_cycle_036,case_11_0099,36,low_shielding_gas,42.102911862517765,44.457786560058594,45.305602023578885,0.6071340496543138,3,-1.4760663355510213,0.5109875453102901,0.5556987272436287,False,True,0.1431499003325604,major_maintenance,False,0.0,080f40e02d41010dca83a17763fcb5d50026b7eb8370b8b42db60b95652cd73d
full_orchestra,11,case_11_0099_cycle_037,case_11_0099,37,low_shielding_gas,43.65201913587023,44.4285774230957,45.27138333978589,0.7403213699151088,4,-1.8664964432423266,0.8355127081960464,0.9534853258373511,False,True,0.05238242296304428,urgent_intervention,False,0.0,81077a49d2f118b0950c0ba1007ad4f14014911c5d5603836c9c78bb2da8b73a
full_orchestra,11,case_11_0099_cycle_038,case_11_0099,38,low_shielding_gas,42.62082634405587,43.70420455932617,45.57873368671534,0.7166850394214552,3,-1.523084277662548,0.5227452392288772,0.5726298172638532,False,True,0.14491080956978997,major_maintenance,False,0.0,bd2c082d10b2d3d76acd9a3bdddc8607421075a33c041b21b2a41bd0f251fc5c
full_orchestra,11,case_11_0099_cycle_039,case_11_0099,39,low_shielding_gas,44.173485750607405,41.827796936035156,48.54507851994403,0.7428326676170314,4,-1.8778136604045492,0.8442084448405842,0.9539447083990296,False,True,0.05300818290072888,urgent_intervention,False,0.0,74b70cfe3a8fd36a77f6dfa391a4efcc09c46e61865fd837d594c3889af32e08
full_orchestra,11,case_11_0107_cycle_000,case_11_0107,0,motion_instability,23.315193523615566,26.94801139831543,26.94801139831543,0.5819494377216441,2,-1.0395758718748662,0.3169951479199711,0.2520321359467488,False,True,0.14455419984641651,minor_maintenance,False,0.0,9fc1db516f1bc2e423e62feb768bf774cae60ab449b8233de4b454613286dd6e
full_orchestra,11,case_11_0107_cycle_001,case_11_0107,1,motion_instability,23.82364104986503,28.162141799926758,28.162141799926758,0.5523026195538486,2,-1.0338158728025368,0.31038361101484924,0.24683393165890108,False,True,0.1477065745091632,minor_maintenance,False,0.0,8d3044709b423d77f49fffa929e4505a4d3fc9db95335637268f470f05d88761
full_orchestra,11,case_11_0107_cycle_002,case_11_0107,2,motion_instability,23.670063848611335,20.6752872467041,20.6752872467041,0.37885499618567187,1,0.13230296257106333,0.11632375626016594,0.06931663478551742,False,False,0.213030574637502,inspect,False,1.0,a589d8079ce3f20a96f1cafb9586e55c47c1da19ca5afc7d4f6882b545c6b69c
full_orchestra,11,case_11_0107_cycle_003,case_11_0107,3,motion_instability,26.03917239422196,21.837543487548828,21.837543487548828,0.4447482115944553,2,-1.1209269757840437,0.34584399075858224,0.2591276834422056,False,True,0.16702286884417616,minor_maintenance,False,0.0,d68819c2c65ba871bef20f3ad00f0fb6594689c9362e1c8d9bc8276441827cd7
full_orchestra,11,case_11_0107_cycle_004,case_11_0107,4,motion_instability,29.817339402805548,25.378957748413086,25.378957748413086,0.4153169385085285,1,-0.04187785671928754,0.11690687365678909,0.07200659801308677,False,False,0.2683560546252499,inspect,False,1.0,7a7b200cfcf6c86cadba8d9510a3dbb74b3fa979c6db0b97abd02e36f7f1e107
full_orchestra,11,case_11_0107_cycle_005,case_11_0107,5,motion_instability,29.887773569042096,23.917163848876953,23.917163848876953,0.4448310361362571,2,-1.1660469593282252,0.32149705644834425,0.2564658238440742,False,True,0.190884196128061,minor_maintenance,False,0.0,b1c325061c9b31eb84582eba3cf6e5b4462a28665ce0cfa2cbdb306e819d15f7
full_orchestra,11,case_11_0107_cycle_006,case_11_0107,6,motion_instability,26.112968182161815,29.169466018676758,29.169466018676758,0.4362708183172358,2,-1.1042235117927848,0.344454611988776,0.2607838360852669,False,True,0.16190040272940326,minor_maintenance,False,0.0,42b17103856735185e7637d25077d0c41a65e1046b906b732d62d4f9d2a9a7e9
full_orchestra,11,case_11_0107_cycle_007,case_11_0107,7,motion_instability,24.006393236198527,22.610200881958008,22.610200881958008,0.3623262839613627,1,0.1216116325337955,0.1194470232532043,0.07052473030179447,False,False,0.21605753912578674,inspect,False,1.0,4caa202e376ef19dd0c740fa935a0ed9624513bbf5e043f2d9bef4d042ffc79b
full_orchestra,11,case_11_0107_cycle_008,case_11_0107,8,motion_instability,29.445418735557016,29.798629760742188,29.798629760742188,0.37151554708366574,1,-0.05295958279039159,0.1210497648090141,0.07107022507348515,False,False,0.27310876862001315,inspect,False,2.0,3f8419e6026026cd8cdab822654c662c616e930ed3071ba5e97999c8fa41bf41
full_orchestra,11,case_11_0107_cycle_009,case_11_0107,9,motion_instability,31.436232100065016,24.089256286621094,24.089256286621094,0.42280286184630755,2,-1.2279507255987219,0.3401002078448738,0.25779521426961577,False,True,0.2060646390204031,minor_maintenance,False,0.0,c75e5a79c2dddcaada9893d5e211bc2bf08082f07ada6c2015d37276361c01cc
full_orchestra,11,case_11_0107_cycle_010,case_11_0107,10,motion_instability,25.90337988391667,26.448026657104492,26.448026657104492,0.3971738246831991,1,0.06299477538577472,0.12070726455625048,0.07166328686218107,False,False,0.23313041895525005,inspect,False,1.0,e35da311da62229c4bd877e6fb86d8108fa289dc7ce385e926ce11811e720eac
full_orchestra,11,case_11_0107_cycle_011,case_11_0107,11,motion_instability,24.794049684828128,30.887161254882812,30.887161254882812,0.47503931475618805,2,-1.078924216379589,0.3238768278759546,0.25735270894050344,False,True,0.1593031080459344,minor_maintenance,False,0.0,9bd902dac9a5d944760e0b18f1cc72a84b5a385963ca45d785ea5541d00ee8e2
full_orchestra,11,case_11_0107_cycle_012,case_11_0107,12,motion_instability,28.133665587124106,28.858510971069336,28.858510971069336,0.4861184940506972,2,-1.1376324621049652,0.33726940939411365,0.25519887335342323,False,True,0.17442872664016945,minor_maintenance,False,0.0,7003726d62694cebf5c4ae320294f269b3b41124bf1d99ce32d2f8e91b472a34
full_orchestra,11,case_11_0107_cycle_013,case_11_0107,13,motion_instability,35.49773221904364,30.94254493713379,30.94254493713379,0.429176874455406,2,-1.2605637709089808,0.32941018774811043,0.25814904089793456,False,True,0.2200859397580706,minor_maintenance,False,0.0,ed065cd4d7f7ab577b1625b48e26fbf837414d9fdd65f132706b9d8c239c4108
full_orchestra,11,case_11_0107_cycle_014,case_11_0107,14,motion_instability,26.029847672037103,20.33469009399414,20.33469009399414,0.5302567435277324,2,-1.0881913241437549,0.31988978421672354,0.2557598271224767,False,True,0.16138505556663005,minor_maintenance,False,0.0,4d20d895db4dc43c5dbf2300fec076b215ba554181dd948efb065e9cad58ab59
full_orchestra,11,case_11_0107_cycle_015,case_11_0107,15,motion_instability,32.7591762886941,29.45744514465332,29.45744514465332,0.4642363218326946,2,-1.203653871587543,0.3199848521212263,0.25589111527712777,False,True,0.2031068929899034,minor_maintenance,False,0.0,22b65c84ae42835890f8167d5d15fc5c8a901c0a22e2271df3337c786a576b8a
full_orchestra,11,case_11_0107_cycle_016,case_11_0107,16,motion_instability,27.806814586462135,30.16914176940918,38.037829915314546,0.7032394488568432,3,-1.6908844493900075,0.6048149768178696,0.5614941606203998,False,True,0.17712940891576381,major_maintenance,True,1.0,b70392a96c6b654864a05af00606417412d472ec73fc1a0abf90b67fb8cb47c8
full_orchestra,11,case_11_0107_cycle_017,case_11_0107,17,motion_instability,32.135261684315566,27.22715950012207,27.22715950012207,0.4091184476756494,1,-0.11343084560218192,0.10501282914174673,0.06887272979070937,False,False,0.2973173551588401,inspect,False,2.0,1cd5d7753b72a6e844592047a3f52a0a9611be3c17e5f39127216a8de0ce3856
full_orchestra,11,case_11_0107_cycle_018,case_11_0107,18,motion_instability,32.78853348631237,28.371089935302734,28.371089935302734,0.4243271280566635,2,-1.2113496531542645,0.2999656896756031,0.25548521428093973,False,True,0.21444890761513669,minor_maintenance,False,0.0,5baa7ecc842bd046367d6627de41d3668f3bc4bde465bc1dbfff8b0c4b9ebe7b
full_orchestra,11,case_11_0107_cycle_019,case_11_0107,19,motion_instability,33.6947600329886,31.053131103515625,31.8344648869394,0.7169461575687561,3,-1.48894798118296,0.5850607139960597,0.565823489018879,False,True,0.11456218411216122,major_maintenance,False,0.0,f97c474a97435b09d4b3e149454d86d16fe3d5e8bd2f46884d2bd33104d614ac
full_orchestra,11,case_11_0107_cycle_020,case_11_0107,20,motion_instability,34.48302441983046,36.41859436035156,36.41859436035156,0.5574823248459464,2,-1.2316665624506438,0.30350948410123085,0.25393809426709324,False,True,0.21379475140294882,minor_maintenance,False,0.0,3de7bc67d8c9d38fc6a7749c9ad4bdc544e9f99307ed2319bacc7d09bab31b8a
full_orchestra,11,case_11_0107_cycle_021,case_11_0107,21,motion_instability,37.00162510801569,32.67722702026367,32.67722702026367,0.5130419446940143,2,-1.2660205846067754,0.298975201959391,0.2523235799177379,False,True,0.2294100756696973,minor_maintenance,False,0.0,e4f5a24a03cc785036a5e690ecd10874cc2fadbb7e20381a932cb616fcd74eef
full_orchestra,11,case_11_0107_cycle_022,case_11_0107,22,motion_instability,34.919439505708674,26.219175338745117,26.219175338745117,0.5123585076997165,2,-1.2128509055837597,0.28764558360170567,0.248562463776144,False,True,0.21650052493539376,minor_maintenance,False,0.0,c68772c96a44479481cbee2647ac07736f53d92bcb00a669a307367c0bb4d3ca
full_orchestra,11,case_11_0107_cycle_023,case_11_0107,23,motion_instability,34.57720592710603,34.45318603515625,34.45318603515625,0.4262460218262842,2,-1.1899929326929217,0.2862234324025952,0.2458707084652647,False,True,0.21437867674805738,minor_maintenance,False,0.0,1fff1a4bb27ff7168991b0ea2e58ace75b1491767c72b3c1ce7723a185411e09
full_orchestra,11,case_11_0107_cycle_024,case_11_0107,24,motion_instability,37.86410422176638,36.707801818847656,36.707801818847656,0.6388484971880858,3,-1.5014510011397681,0.5548216718048514,0.5807352396183585,False,True,0.12873795435400567,major_maintenance,False,0.0,51c3d8feca929268eb579deae51b2dbc9144c93719880ef08efc81df7815541f
full_orchestra,11,case_11_0107_cycle_025,case_11_0107,25,motion_instability,34.36961346935743,33.3494873046875,33.3494873046875,0.5687902151248212,2,-1.1908258407370027,0.2667020438853953,0.24941306756604525,False,True,0.21309160351001608,minor_maintenance,False,0.0,b013bbcbb7e45058fa86287b81486152f2cbfbbf905bb48e47b33eb2118b966f
full_orchestra,11,case_11_0107_cycle_026,case_11_0107,26,motion_instability,36.49769532191582,34.66053771972656,34.66053771972656,0.57479680963302,2,-1.245183708745194,0.2785094735761991,0.25199697592050957,False,True,0.22628571099587808,minor_maintenance,False,0.0,58511b9fced9cba6b74c786297f14ae0800ebedee6f21bf5683f77c703e050d1
full_orchestra,11,case_11_0107_cycle_027,case_11_0107,27,motion_instability,31.610030336815154,36.17112350463867,36.17112350463867,0.549576811843316,2,-1.1239088032738227,0.25742886470710297,0.2451210656568258,False,True,0.19598218808825396,minor_maintenance,False,0.0,bf703bd1c69ab78fff85fde04fe8589c59e3e51e88b33f87752c4a7e0f0ee185
full_orchestra,11,case_11_0107_cycle_028,case_11_0107,28,motion_instability,30.989130002656978,40.92165756225586,40.92165756225586,0.6698016287689096,3,-1.3884315642660872,0.5321035749297072,0.5497107737424279,False,True,0.10536304200903372,major_maintenance,False,0.0,8b76d830385ec7e66a7f6d5e574c57e9488a7ded5284d3f5e8ff1ec4baa76d96
full_orchestra,11,case_11_0107_cycle_029,case_11_0107,29,motion_instability,36.96888514127289,35.938350677490234,35.938350677490234,0.5257383234417259,2,-1.2376356303422966,0.26935135460707066,0.2522528294891139,False,True,0.22920708787589195,minor_maintenance,False,0.0,bdde3e021aa4d1d6b951d27434a05bc78c275112415d3185c7ab96720b7402ad
full_orchestra,11,case_11_0107_cycle_030,case_11_0107,30,motion_instability,37.08411632642686,29.126482009887695,29.126482009887695,0.5791060359395547,2,-1.2285443827061906,0.2560620156170347,0.24481487253335393,False,True,0.22992152122384651,minor_maintenance,False,0.0,b8c6738538d4992f82a2f328175ad84befed05a8eec674b610aee4554d98fbb5
full_orchestra,11,case_11_0107_cycle_031,case_11_0107,31,motion_instability,37.51192880609269,43.8109130859375,50.23818935018353,0.6989849439418195,3,-1.4242580094607304,0.509972711634113,0.533519853016499,False,True,0.12754055794071514,major_maintenance,False,0.0,09e6128403078b26ea694f384447b07d879ac17bd92a6941fce87c8ddcc5d52d
full_orchestra,11,case_11_0107_cycle_032,case_11_0107,32,motion_instability,40.49902695099675,39.676883697509766,39.676883697509766,0.5403102564964687,2,-0.2736909309429846,0.24684655670596226,0.24064491809251543,False,False,0.25109396709617987,minor_maintenance,False,0.0,e58b31c673a2f81645ea687fb6a8313163615cf3fb35915ce666f3b23a80165a
full_orchestra,11,case_11_0107_cycle_033,case_11_0107,33,motion_instability,39.378284535829714,41.89973831176758,41.89973831176758,0.601429016919259,3,-1.4673590607438185,0.5184124793741341,0.5713421582079155,False,True,0.13388616742182102,major_maintenance,False,0.0,f2ffbba87fdb1b4b297d6c7fe2d66479164b6c7dd75e5d3ba452e2e398f9427a
full_orchestra,11,case_11_0107_cycle_034,case_11_0107,34,motion_instability,41.14241861161701,41.54457092285156,41.54457092285156,0.47422126689419,2,-0.28608529187667503,0.2503276600873472,0.2492193194739038,False,False,0.25508299539202545,minor_maintenance,False,0.0,bdefe57b7875b8d942fdc5d6d0eab7c30c0f26c364f43ca0177409f7fb6b4ae5
full_orchestra,11,case_11_0107_cycle_035,case_11_0107,35,motion_instability,41.707144160948786,36.0847053527832,43.538212587693614,0.7227389678196106,3,-1.4944387473118566,0.5142476416483115,0.5579592375611576,False,True,0.14180429014722584,major_maintenance,False,0.0,e4b929952c23c7191496b0b73801962f1799fc64993a35b53629326a551fb340
full_orchestra,11,case_11_0107_cycle_036,case_11_0107,36,motion_instability,38.33358137121384,40.56797409057617,40.56797409057617,0.6740675206827422,3,-1.4517687181173156,0.5149174633400484,0.5559232458605933,False,True,0.13033417666212704,major_maintenance,False,0.0,49538327eeedf9522bb098dab042f5e849f56bafa5e6fe3c28dc32402baa5c3d
full_orchestra,11,case_11_0107_cycle_037,case_11_0107,37,motion_instability,39.89899236671975,36.69498062133789,36.69498062133789,0.5753628248193772,2,-0.28797819052865115,0.25736846072365116,0.2527300600763825,False,False,0.24737375267366246,minor_maintenance,False,0.0,d22a6d388e464fbd11dcf993a547ae60e0a1598ac1054a70a1c41ca2c06ad735
full_orchestra,11,case_11_0107_cycle_038,case_11_0107,38,motion_instability,43.76665409908966,38.375221252441406,38.375221252441406,0.6793410132850138,3,-1.5231220377368189,0.5294649714464297,0.556670053108653,False,True,0.14880662393690483,major_maintenance,False,0.0,9ea6ab2c0e1d3b11506a091ec19dceb35352a12e96fc2f919608a73630c123aa
full_orchestra,11,case_11_0107_cycle_039,case_11_0107,39,motion_instability,46.601155885256695,35.45698165893555,35.45698165893555,0.5931814506744626,2,-0.42529039125044965,0.2697032867724264,0.24978548426384917,False,False,0.2889271664885915,minor_maintenance,False,0.0,6c22109661ad4c13c6bf9d389dcbb8399a452f957b3ceeac950d2a6b415cd73c
full_orchestra,11,case_11_0108_cycle_000,case_11_0108,0,lens_contamination,19.529734837710777,17.42151641845703,17.42151641845703,0.6640514794717585,3,-1.4952196360320167,0.5639453830781187,0.5730666228556015,False,True,0.12440441091621765,major_maintenance,True,1.0,f8830ceed49cbcb5e932a1930fe881eab2113d06197ade50e18f736728210498
full_orchestra,11,case_11_0108_cycle_001,case_11_0108,1,lens_contamination,21.176402943845428,33.87693405151367,33.87693405151367,0.5222256825124211,2,-0.9881584089941468,0.29941700374055974,0.24973307265149858,False,True,0.13687369825184167,minor_maintenance,False,0.0,d1b1924a7a4f2d107764c502921e54acb944a99df02d42db7cf70b0ea82cecdf
full_orchestra,11,case_11_0108_cycle_002,case_11_0108,2,lens_contamination,26.78612554445334,17.99455451965332,17.99455451965332,0.3279208482172045,1,0.06658760804510001,0.10548482593472047,0.06939256135919816,False,False,0.2410751299000801,inspect,False,1.0,7dc0fa6c43210babb76204a17003c3091d8239e6cf8ed033813dbb1c880f692b
full_orchestra,11,case_11_0108_cycle_003,case_11_0108,3,lens_contamination,22.035222391325863,24.1589298248291,24.1589298248291,0.5466343627049529,2,-1.0005766249450383,0.28991176847237443,0.25259320698532467,False,True,0.14219837882622036,minor_maintenance,False,0.0,c3f9709565d85f9132dc03a900224bab7fc5e36a4cdec00168309495a361f4f8
full_orchestra,11,case_11_0108_cycle_004,case_11_0108,4,lens_contamination,24.27277381412797,32.92521667480469,32.92521667480469,0.44703664791188247,2,-1.032163035261557,0.30972097583268476,0.25489121162413714,False,True,0.1504911976475934,minor_maintenance,False,0.0,da4d05786c9bcc7b92dc1c3af803b8ce99fb6df68a8254963fee07456bbc8fee
full_orchestra,11,case_11_0108_cycle_005,case_11_0108,5,lens_contamination,24.761505551101127,22.59377670288086,22.59377670288086,0.5009202506183553,2,-1.0590107297418965,0.3193865873684638,0.25490262691274784,False,True,0.15352133441682697,minor_maintenance,False,0.0,5ea1b38e4744592b7d164cfeef45b214a8586c9544782d737cdde25d9315745d
full_orchestra,11,case_11_0108_cycle_006,case_11_0108,6,lens_contamination,22.49713446094746,30.097448348999023,30.097448348999023,0.38345279226896667,1,0.17398035721985308,0.10580843932373862,0.06908831771310234,False,False,0.20247421014852715,inspect,False,1.0,d413fee71082322bbed671008f756a74f143d33299af9c194159d3ff5207a7c8
full_orchestra,11,case_11_0108_cycle_007,case_11_0108,7,lens_contamination,25.67797349268587,30.525104522705078,30.525104522705078,0.4364450423023245,2,-1.0849406036773799,0.31978270817631926,0.2566760402396934,False,True,0.1647834356546524,minor_maintenance,False,0.0,ae8c395adae223ad25fab513f3299274f408e505eb4cbecedd9d59d389747a91
full_orchestra,11,case_11_0108_cycle_008,case_11_0108,8,lens_contamination,28.57615519553565,19.0717830657959,19.0717830657959,0.33117931361190994,1,0.009691116167335388,0.11212867238705124,0.0711839051554553,False,False,0.2571853967598209,inspect,False,1.0,735197d5b782e21263a10c81ea7dbe0ea70622849ca6a51e4505f2e173f6a7fa
full_orchestra,11,case_11_0108_cycle_009,case_11_0108,9,lens_contamination,27.546187366939517,33.158077239990234,33.158077239990234,0.6369790601334666,3,-1.711588742349362,0.6047892128815847,0.584557537331929,False,True,0.18120221352740473,major_maintenance,True,2.0,d0c5958c8a41f9eab4432a29d8bf0c497850583fdb32c87743a5bee68c0e5fca
full_orchestra,11,case_11_0108_cycle_010,case_11_0108,10,lens_contamination,27.13168137990624,25.700788497924805,25.700788497924805,0.3786315572757814,1,-0.011962504912819215,0.11807622100096575,0.06992019132877217,False,False,0.2603851324191562,inspect,False,3.0,e827abaa25e344b5fe0881e7f9be002e38e58de690bba5b549572717c03dc2d5
full_orchestra,11,case_11_0108_cycle_011,case_11_0108,11,lens_contamination,31.806847575240855,30.218338012695312,30.218338012695312,0.4070626792708314,1,-0.16745179798769297,0.11845855927455567,0.07031119036376185,False,False,0.3105616281771677,inspect,False,4.0,45b4a8e2fa95febd7a2284cc4b8306187360f848481049bb3db2a2e9e53e57ca
full_orchestra,11,case_11_0108_cycle_012,case_11_0108,12,lens_contamination,33.27581248855713,22.647550582885742,22.647550582885742,0.5013699422922264,2,-1.3014355390903039,0.33097736865223715,0.26170320850883755,False,True,0.22863003742905422,minor_maintenance,False,0.0,e94b7ee67d0a041de53f13ce9c3f4d8fe2dc2f183599db785def18257b2d1332
full_orchestra,11,case_11_0108_cycle_013,case_11_0108,13,lens_contamination,29.320245234326126,33.472469329833984,33.472469329833984,0.5310941700042572,2,-1.1656793308258777,0.3293479139819396,0.2641384124810423,False,True,0.18178552045282198,minor_maintenance,False,0.0,4500356e1718df299e8461208bbe9f79720739b66604ef857e8f95fc1534cb99
full_orchestra,11,case_11_0108_cycle_014,case_11_0108,14,lens_contamination,31.65437361214804,28.110170364379883,28.110170364379883,0.49811126589904464,2,-1.2030040064464806,0.3325256482290826,0.25873789893323496,False,True,0.19625711639531784,minor_maintenance,False,0.0,5326d776fe176fdcee5916c7a043ca71807acbb65cb12a5439e3d574645abd40
full_orchestra,11,case_11_0108_cycle_015,case_11_0108,15,lens_contamination,32.14552761322385,29.694618225097656,29.694618225097656,0.5753077391116023,2,-1.2207752854938207,0.33181492005034674,0.2559467387134628,False,True,0.19930227120198785,minor_maintenance,False,0.0,758f916af266054146be0efac613ccebd52048293640c94c8a29f83d820b86e3
full_orchestra,11,case_11_0108_cycle_016,case_11_0108,16,lens_contamination,31.56647998765665,31.112773895263672,31.112773895263672,0.6100826237880798,3,-1.507573617410229,0.6237272168375577,0.5879448889129515,False,True,0.1073260319580326,major_maintenance,False,0.0,2361e5a4d44dbebdba3ddfe20826f66d750c650789a2c1517f2575b8d995da68
full_orchestra,11,case_11_0108_cycle_017,case_11_0108,17,lens_contamination,30.139241157137292,26.95496940612793,26.95496940612793,0.5165558725510808,2,-1.185818913837599,0.3369986005782176,0.2634338085674572,False,True,0.1868632951742512,minor_maintenance,False,0.0,54101df7efac4918f52c9cbb243a2f4c5972675ea5d77e2b99d4191c36ce923d
full_orchestra,11,case_11_0108_cycle_018,case_11_0108,18,lens_contamination,30.01617545866462,32.988155364990234,32.988155364990234,0.5210259937892984,2,-1.1687549985631227,0.32854078669192127,0.25469931158955594,False,True,0.18610028784372062,minor_maintenance,False,0.0,76959b8e0351b8f78fa02058179ee3eddebafcd4b5fd3fdf0b8eaa1d9c74ac3a
full_orchestra,11,case_11_0108_cycle_019,case_11_0108,19,lens_contamination,32.40478061697732,35.786102294921875,35.786102294921875,0.5435572316509211,2,-1.2261981793598236,0.33855000428554594,0.2542320885635767,False,True,0.2009096398252594,minor_maintenance,False,0.0,345a7a541d8d9cdcd8b7d0a6234c5a2b6d1dd03b8b625d7e2a67cc0198b2239e
full_orchestra,11,case_11_0108_cycle_020,case_11_0108,20,lens_contamination,32.72956022492806,30.14911460876465,30.14911460876465,0.5418314068206551,2,-1.2133168430701748,0.31546635975072784,0.25975744014085866,False,True,0.20292327339455393,minor_maintenance,False,0.0,13502392516e22358fcb37c981d8bea91fe9f5b834fece07f9c760b58b2b4b32
full_orchestra,11,case_11_0108_cycle_021,case_11_0108,21,lens_contamination,34.08018991861308,39.75592803955078,39.75592803955078,0.6264712698520382,3,-1.8563018685997097,0.64318218313867,0.5848457070481727,False,True,0.2170908097815653,major_maintenance,True,1.0,f15c85defd29981b3dfe560520faab1e5757403a2eeba9ef3518927eb198f623
full_orchestra,11,case_11_0108_cycle_022,case_11_0108,22,lens_contamination,34.151759948016355,38.68255615234375,39.90212223141852,0.7572144767137639,3,-1.5613099984203345,0.632700698909564,0.5718739706674237,False,True,0.11917598382325562,major_maintenance,False,0.0,a7cd9f985e4f37f8eb2eb8579a3d3b71723ad583fabe1d2cc9b7681abae1dfd3
full_orchestra,11,case_11_0108_cycle_023,case_11_0108,23,lens_contamination,34.80255721661283,24.8378849029541,24.8378849029541,0.5678304098899551,2,-1.2583838431787575,0.3216556129359522,0.25528263066289164,False,True,0.21577585474299957,minor_maintenance,False,0.0,92ba6694ade4f7703300df875898a023e8aaa183d128e3de2fce75cb8b4bdec0
full_orchestra,11,case_11_0108_cycle_024,case_11_0108,24,lens_contamination,39.098305440661726,30.738862991333008,36.71497656813523,0.7157443535947802,3,-1.5746309367669593,0.6134994370031459,0.5687089140373085,False,True,0.13293423849824984,major_maintenance,False,0.0,59da7609a70765324f0f3e06bba6c504800e525fa6057bd4548befaf153a3c42
full_orchestra,11,case_11_0108_cycle_025,case_11_0108,25,lens_contamination,35.48221175381589,34.05451965332031,34.05451965332031,0.6027999127407535,3,-1.4817141713544137,0.5844039890963046,0.5562145443225923,False,True,0.12063951996297402,major_maintenance,False,0.0,28c34fa2ce0baf9083e1d3c51821d8e24502728768566c3ce3d1134d8b1910b0
full_orchestra,11,case_11_0108_cycle_026,case_11_0108,26,lens_contamination,39.441650057526765,40.17307662963867,46.102856434162895,0.7646343504028987,4,-1.9126814823314007,0.8783112206690912,0.9721064611184731,False,True,0.04732998006903212,urgent_intervention,False,0.0,699036ceca7064fa068f6d73a361f954a413c59cbacde20c984a2e6d7c5206c3
full_orchestra,11,case_11_0108_cycle_027,case_11_0108,27,lens_contamination,37.46686698577772,30.453636169433594,30.453636169433594,0.5575508243606818,2,-1.2834474978366015,0.29783757842817443,0.25636696227357414,False,True,0.23229457531182185,minor_maintenance,False,0.0,9addb41768c28ae857a811ccc7a3e6cf8331abbff02167fc626a6b14c069ddc6
full_orchestra,11,case_11_0108_cycle_028,case_11_0108,28,lens_contamination,36.578666022695046,17.095090866088867,17.095090866088867,0.4835774499025788,2,-1.243124881772508,0.2849897280183604,0.2565441853082911,False,True,0.2267877293407093,minor_maintenance,False,0.0,9376b0f61da18579b3e42bb6a153ce99b9c64768d8ce406d36d4180dc844eebe
full_orchestra,11,case_11_0108_cycle_029,case_11_0108,29,lens_contamination,37.95156916974915,40.90270233154297,44.43576437270396,0.7217812413341423,3,-1.5176457138644852,0.567629010746346,0.5683043892332206,False,True,0.1290353351771471,major_maintenance,False,0.0,9803d2853581311d1063945f4ca41d5cec4fdc78c5df6e25651fb46d8356a006
full_orchestra,11,case_11_0108_cycle_030,case_11_0108,30,lens_contamination,38.6068322375002,28.996570587158203,28.996570587158203,0.6797765874462334,3,-1.499654090864632,0.5556006265616449,0.5603716092044377,False,True,0.13126322960750067,major_maintenance,False,0.0,ba972a6c88e136da5846aa6035040b5fb1b4928cad57aae74b62123a992518ca
full_orchestra,11,case_11_0108_cycle_031,case_11_0108,31,lens_contamination,37.816346193901104,33.042484283447266,33.042484283447266,0.5081443914002753,2,-1.27187343757949,0.2919194461022312,0.25043536695082136,False,True,0.23446134640218685,minor_maintenance,False,0.0,06ecca43572f7a7987eaa9d6c73eaee03ccb598f721c89d1249b588ea9d2202d
full_orchestra,11,case_11_0108_cycle_032,case_11_0108,32,lens_contamination,40.249362527533165,35.29010009765625,35.29010009765625,0.6262848652719006,3,-1.5137990477463348,0.5591833859729858,0.562661792752157,False,True,0.13684783259361274,major_maintenance,False,0.0,ea005b4a42fe34d8dc9d7b6f6fa1e6140937b9edd5696280468937868f89698b
full_orchestra,11,case_11_0108_cycle_033,case_11_0108,33,lens_contamination,34.31328441844978,30.784706115722656,30.784706115722656,0.6078276393825545,3,-1.750191786893046,0.5521888266775079,0.5638774363394745,False,True,0.21857562174552514,major_maintenance,True,1.0,e36c554a4da18b35948773fcccb51f516e328331d248d675b6193e2a41562d53
full_orchestra,11,case_11_0108_cycle_034,case_11_0108,34,lens_contamination,36.845626146843244,40.48630905151367,47.18220308060115,0.7599914940103658,4,-1.873912964491284,0.8352932128500882,0.9859209667637565,False,True,0.045294751376211896,urgent_intervention,False,0.0,b1aeb67f0f9e67667d0e95868fd1354e23334fbc0b091d908387c5033763b3fb
full_orchestra,11,case_11_0108_cycle_035,case_11_0108,35,lens_contamination,38.45358537671358,39.722232818603516,41.714503666938754,0.739102007988877,3,-1.500535721049124,0.5391951890094906,0.5728108249985289,False,True,0.13074219028082618,major_maintenance,False,0.0,d7f73667618d80dbf2826eda485c65b5eda1241e11ecbf6f4c3551ab9332fb45
full_orchestra,11,case_11_0108_cycle_036,case_11_0108,36,lens_contamination,39.0535325138839,28.22678565979004,28.22678565979004,0.6922478890107511,3,-1.4788133914148252,0.5340147592955142,0.553269271407603,False,True,0.13278201054720526,major_maintenance,False,0.0,83149110c78f82446af539857581ae95911093e63fd6c9382fb9d12d153deb53
full_orchestra,11,case_11_0108_cycle_037,case_11_0108,37,lens_contamination,41.44259530479826,42.230918884277344,40.545630302412164,0.747546551661186,3,-1.5257479635505962,0.5428658090409016,0.5600446245644681,False,True,0.14090482403631407,major_maintenance,False,0.0,593a50f65eb69360cc9962e183d021c25fca48c2d6052d478c61190451a77bdc
full_orchestra,11,case_11_0108_cycle_038,case_11_0108,38,lens_contamination,47.04790139570219,37.944091796875,41.13884992965183,0.7458145557904019,3,-1.578322009522093,0.5407397516378515,0.5572768503493986,False,True,0.15996286474538743,major_maintenance,False,0.0,86281e218edde3a1543363f796c151324f98694158dc3b04811089c2f6545e5d
full_orchestra,11,case_11_0108_cycle_039,case_11_0108,39,lens_contamination,40.25390801260327,35.79046630859375,35.79046630859375,0.6505693828429426,3,-1.8604719524949256,0.5273055051454925,0.5829110722526789,False,True,0.2564173940402828,major_maintenance,True,1.0,50c99853c3548d9ed83d8673657b7e921cea05e540e12d1468dd80852ca17765
full_orchestra,11,case_11_0109_cycle_000,case_11_0109,0,lens_contamination,21.970047682752153,34.68019485473633,34.68019485473633,0.6455457778306047,3,-1.4020623966271688,0.6121808906829385,0.5861939411319596,False,True,0.07469816212135731,major_maintenance,False,0.0,7fe15cf25a3a3f5d6e8169f608d8e7ad3ac77049f92d6a50609106ee7d428198
full_orchestra,11,case_11_0109_cycle_001,case_11_0109,1,lens_contamination,23.547389291721032,18.107192993164062,18.107192993164062,0.3287110116553998,1,0.14248228684693362,0.11545565090764648,0.07121987452580256,False,False,0.2119265036254893,inspect,False,1.0,bff803f0e7e517b49440c05d76babef244b137beca53fcb581bd00706bf3cd16
full_orchestra,11,case_11_0109_cycle_002,case_11_0109,2,lens_contamination,25.259957072289446,31.07302474975586,31.07302474975586,0.3532807440381316,1,0.0627073278775783,0.12278125115186682,0.06900058551627507,False,False,0.23543961365060503,inspect,False,2.0,fe70ce9fb18584cd067cab461756923305e19d8e0b01af22ac61b95fa65d51bf
full_orchestra,11,case_11_0109_cycle_003,case_11_0109,3,lens_contamination,24.11714159790677,21.457719802856445,21.457719802856445,0.5793313169871145,2,-1.100583944830682,0.32113034457103284,0.2631188362381453,False,True,0.16068627790702195,minor_maintenance,False,0.0,52bcecfddd2acedb191c71d353dbe56a8070dc9c33d73f57e92f0f5c9c54dfd6
full_orchestra,11,case_11_0109_cycle_004,case_11_0109,4,lens_contamination,27.565506417072744,34.39794158935547,34.39794158935547,0.44129890758795465,2,-1.0930382444134719,0.312878415330871,0.25155821698356834,False,True,0.170906139785851,minor_maintenance,False,0.0,a4d5d85f9e881811f3ecbf3d36526d75990a0e5c71d9c285aa7f45630e67a9ba
full_orchestra,11,case_11_0109_cycle_005,case_11_0109,5,lens_contamination,26.657076324257527,30.44984245300293,30.44984245300293,0.4891155855640389,2,-1.0990052164328816,0.3245654177471123,0.2565635515249669,False,True,0.16527387321039666,minor_maintenance,False,0.0,f45acdb5b31ed91170f45b69ad9d84847b53acd89b68d2813dc1abd75fc1dbf4
full_orchestra,11,case_11_0109_cycle_006,case_11_0109,6,lens_contamination,26.86379471975546,33.43423843383789,33.43423843383789,0.5498346923315048,2,-1.1111044415838547,0.3272235182912555,0.25217392206927747,False,True,0.16655552726248388,minor_maintenance,False,0.0,e0eece5cb332b26038d47b05d95aec9fe993bed4726f733e5e3ca3d28053b68c
full_orchestra,11,case_11_0109_cycle_007,case_11_0109,7,lens_contamination,22.48162089611582,34.450828552246094,34.450828552246094,0.5067887059998301,2,-1.023836565021495,0.32292501455286016,0.2584188698761323,False,True,0.13938604955591807,minor_maintenance,False,0.0,53f9da26bfaa68e774d469bb516978a5197195f8b8b206f3c0737aaab1ea03be
full_orchestra,11,case_11_0109_cycle_008,case_11_0109,8,lens_contamination,25.962026637300056,31.826618194580078,31.826618194580078,0.4076047676453316,1,0.0665682434130231,0.11473491137477469,0.07072676357287616,False,False,0.23365823973570052,inspect,False,1.0,5a4fb7b6c988702afc18b2b2dfa63240ac9ef5185ef943bf0c67fe48fb603e2b
full_orchestra,11,case_11_0109_cycle_009,case_11_0109,9,lens_contamination,25.892106475579034,25.052640914916992,25.052640914916992,0.5050471668563727,2,-1.0915479560303414,0.30863650531364323,0.26102649405309014,False,True,0.16611106014859003,minor_maintenance,False,0.0,a2740eb3277729975f853ce9a0204f96eb6f37007390681a0a86d0503a85d253
full_orchestra,11,case_11_0109_cycle_010,case_11_0109,10,lens_contamination,28.793771769567922,36.70730209350586,37.417051075313125,0.7280645484594852,3,-1.447010432655382,0.5929668395857892,0.5639217984388468,False,True,0.09789882401653092,major_maintenance,False,0.0,f4808d61a6ff47485b3e6e82a502251669b0c79270d0a8ee6ca7e4eb73e7b670
full_orchestra,11,case_11_0109_cycle_011,case_11_0109,11,lens_contamination,29.359894248037037,38.3017578125,38.3017578125,0.5821598956367914,2,-1.1301790102067208,0.2962224316320296,0.25067320151960465,False,True,0.18203134433782964,minor_maintenance,False,0.0,f2217ead30a38627872cc642d4f6af90b2dd0acd41d8f5e02cca69cb3f099c0e
full_orchestra,11,case_11_0109_cycle_012,case_11_0109,12,lens_contamination,28.892342914791357,31.430156707763672,31.430156707763672,0.4892019489411661,2,-1.1008209447094062,0.2847413988757378,0.25662709409671774,False,True,0.1791325260717064,minor_maintenance,False,0.0,cff8fedf6add756d3e39a90fffa24fadeaf6fe96f995d89b16066569d906cacb
full_orchestra,11,case_11_0109_cycle_013,case_11_0109,13,lens_contamination,31.395415106189144,31.29383087158203,31.29383087158203,0.5577722679675411,2,-1.1632563836474392,0.29252996718768254,0.2538823191118844,False,True,0.1946515736583727,minor_maintenance,False,0.0,a2263ed728fbad74b9c5dd427b83ae730f964514fb1add697aa4009b40b7261a
full_orchestra,11,case_11_0109_cycle_014,case_11_0109,14,lens_contamination,25.660237687615883,34.09205627441406,34.09205627441406,0.5867283374290969,2,-1.059394308775663,0.2936451502363583,0.2505743586691059,False,True,0.15909347366321847,minor_maintenance,False,0.0,6e0a620c43663906cf546f82a3fa3f7f22df074c925c57981f762918c7e5656f
full_orchestra,11,case_11_0109_cycle_015,case_11_0109,15,lens_contamination,33.54879481876742,29.787628173828125,29.787628173828125,0.6056645360044326,3,-1.7386979339955984,0.5562601727508824,0.563088264821757,False,True,0.21370582299554847,major_maintenance,True,1.0,e002c75407ae2fda5277bd14f60a2b985366a2cb05b674fdc54bc64bd89b1b96
full_orchestra,11,case_11_0109_cycle_016,case_11_0109,16,lens_contamination,27.652725193788434,38.97633743286133,38.9361084974136,0.7239152480337818,3,-1.6737728938948704,0.568210387430516,0.5641658010074877,False,True,0.18188085948443233,major_maintenance,True,2.0,9b2cd764685acc8ce550beae42c9764f47b0d0e5f0b7ab5d8448b3ab0839e4da
full_orchestra,11,case_11_0109_cycle_017,case_11_0109,17,lens_contamination,26.646897824652015,34.57954788208008,45.27994278415591,0.7217125187634609,4,-1.8577392987147818,0.8474724260009313,0.9995014534132302,False,True,0.03413627738958242,urgent_intervention,False,0.0,6ca0bbc5471a341d299a9cddc3ed5ee0324a0878661019bce9efadc574a8b92d
full_orchestra,11,case_11_0109_cycle_018,case_11_0109,18,lens_contamination,30.468401643015973,41.2772216796875,42.29462817571792,0.7547876130106546,3,-1.4197049656288807,0.5322801838253393,0.5792861788664755,False,True,0.1035925655862543,major_maintenance,False,0.0,854fcdf61e1c819c0486e58567ffa1bd7f56622063a5e220568f7b5ab039d698
full_orchestra,11,case_11_0109_cycle_019,case_11_0109,19,lens_contamination,28.982313844296893,30.161956787109375,30.161956787109375,0.4728880401624833,2,-1.0765033556139856,0.26400384652537984,0.25311908195038874,False,True,0.17969034583464072,minor_maintenance,False,0.0,d5c8a42d6ccc4ea608bc0f61a1736f038d02348ae0e07cf681e06ac832e3e33f
full_orchestra,11,case_11_0109_cycle_020,case_11_0109,20,lens_contamination,30.976903977652785,38.241695404052734,42.3374257152238,0.7543793999939221,3,-1.40875494778579,0.5239466840960618,0.5696086663982267,False,True,0.10532147352401947,major_maintenance,False,0.0,1246c811a1271d46439e45f2320cb7fbc199c09bacf344149759551b729b6562
full_orchestra,11,case_11_0109_cycle_021,case_11_0109,21,lens_contamination,31.516940729988356,35.55275344848633,35.55275344848633,0.6654106668049014,3,-1.3888194055483005,0.5270739818285961,0.55057628531636,False,True,0.10715759848196041,major_maintenance,False,0.0,5d3a94b6534f4bace63c3eb666f2c78172865e6f4e17e905f10916dfdc95def7
full_orchestra,11,case_11_0109_cycle_022,case_11_0109,22,lens_contamination,33.92188854663148,38.01853561401367,38.590893328945164,0.750446030733542,3,-1.4512679275997586,0.5304729180824365,0.5777810521645623,False,True,0.11533442105854702,major_maintenance,False,0.0,381cb564c2129a8d56122e3c6db81c6c8da8430be6519663b0877fa1af994e00
full_orchestra,11,case_11_0109_cycle_023,case_11_0109,23,lens_contamination,31.415504477846408,45.41183853149414,45.41183853149414,0.5856649595466155,2,-1.123976233152375,0.25773574563005414,0.24257795037798194,False,True,0.19477612776264772,minor_maintenance,False,0.0,1ab8208890b4117349ec22220393b32f14ca70a063eb6652b1a39d9bc8a9c819
full_orchestra,11,case_11_0109_cycle_024,case_11_0109,24,lens_contamination,30.463689276131124,41.18855285644531,41.18855285644531,0.6947131429722797,3,-1.385287787638731,0.5171817793253093,0.5664617578138029,False,True,0.10357654353884581,major_maintenance,False,0.0,a9fb58cfb410b41ea11036c6ece857c95f243a3adeae08f5608d655b58198a1e
full_orchestra,11,case_11_0109_cycle_025,case_11_0109,25,lens_contamination,30.61865686267624,33.46479034423828,33.46479034423828,0.6004817426361495,3,-1.388481234378816,0.528426852372135,0.5720897757649513,False,True,0.10410343333309921,major_maintenance,False,0.0,799af3e59595bf72d1ea3624240d991fb641bf18bf80288a77a49fa068f97fb9
full_orchestra,11,case_11_0109_cycle_026,case_11_0109,26,lens_contamination,34.155297715405666,41.11982727050781,40.21971349904218,0.753788247819046,3,-1.4225197795611737,0.5169450699768808,0.5551530446428727,False,True,0.11612801223237924,major_maintenance,False,0.0,442b826c7a789fb933f903403860028fbf449cd0aeca57aaf8bd11e1fceacdd6
full_orchestra,11,case_11_0109_cycle_027,case_11_0109,27,lens_contamination,39.6130803565506,43.00794219970703,43.00794219970703,0.6620938442650444,3,-1.828702214080047,0.5265717382322974,0.5572630419928887,False,True,0.2523353218712273,major_maintenance,True,1.0,544e1505dadcef7f964e2095bf444dd0c626476383aba8933bb6988ea56ed20b
full_orchestra,11,case_11_0109_cycle_028,case_11_0109,28,lens_contamination,35.808135685156515,39.29290008544922,33.88319950828017,0.7584397591500263,3,-1.4562780733503715,0.5208758767349917,0.5590165609428492,False,True,0.12480766132953215,major_maintenance,False,0.0,5070619f23e6be9062c36f6bfed3307c71d36031f012548df5ea17e49dab406e
full_orchestra,11,case_11_0109_cycle_029,case_11_0109,29,lens_contamination,36.4304416147679,33.45448684692383,33.45448684692383,0.5404322190069184,2,-1.2290526163865583,0.2712183415066288,0.24895403499276073,False,True,0.225868738011561,minor_maintenance,False,0.0,81de20b3181d7e24d03b7672f7471f6edf4b09f57a95548299307c30fa640065
full_orchestra,11,case_11_0109_cycle_030,case_11_0109,30,lens_contamination,42.20062641007757,39.217613220214844,39.961438824755156,0.757149294957391,3,-1.5554914350682554,0.5465464037097529,0.5811578096651283,False,True,0.14348212979426372,major_maintenance,False,0.0,2fce288465b92ed39ddcfc25db0047113927ad721403383d344288f0edd15601
full_orchestra,11,case_11_0109_cycle_031,case_11_0109,31,lens_contamination,38.51554254190412,44.32621765136719,39.9321190009653,0.7560770598349342,3,-1.4858420536573291,0.5328472532267157,0.5584058844099393,False,True,0.130952844642474,major_maintenance,False,0.0,8db0a8e1a0c1557ba81088acf4b025e680f4a9c3c0cfd99feb76e279bcfd6f5e
full_orchestra,11,case_11_0109_cycle_032,case_11_0109,32,lens_contamination,40.535993471183474,40.625057220458984,40.625057220458984,0.6802130335019826,3,-1.5160139347602724,0.5477135582207799,0.5660016101351545,False,True,0.1378223778020238,major_maintenance,False,0.0,f6c8e32605e107b98667e4b0f3a64f334c2f711486df2803d1ed78a7e6f4f4c4
full_orchestra,11,case_11_0109_cycle_033,case_11_0109,33,lens_contamination,42.3019984433196,40.41096115112305,36.0518914494656,0.7652230924191793,3,-1.555617731425261,0.546903028864061,0.5780635682205792,False,True,0.14382679470728663,major_maintenance,False,0.0,62fec0453e74e7155292184809b309b7136b12c3f3533258e2ee1c2393dde56f
full_orchestra,11,case_11_0109_cycle_034,case_11_0109,34,lens_contamination,44.39046773944699,45.367942810058594,47.61613818490357,0.731881730304521,4,-2.4470154802614585,0.854478834809775,0.9944874316242067,False,True,0.2290548135355465,urgent_intervention,True,1.0,bfce9db5c9ff2713e7718b3f51d43c374e7bddcf85ff284a817e7a0a5840d1aa
full_orchestra,11,case_11_0109_cycle_035,case_11_0109,35,lens_contamination,44.687518111062865,41.42668151855469,39.75755202509059,0.7685476877097198,3,-1.6114777265285485,0.5777708958857343,0.5667899909418938,False,True,0.1549975615776137,major_maintenance,False,0.0,0cfe917516ca30777dd13b0da7b5a6297c1710130b340519cbca1098cea8eaec
full_orchestra,11,case_11_0109_cycle_036,case_11_0109,36,lens_contamination,42.003081928718046,44.11028289794922,42.48554611705194,0.732039153146391,3,-1.5561879021925626,0.5648279311999331,0.5664033279346836,False,True,0.14281047855764134,major_maintenance,False,0.0,b107ff4bf844304342593b68c82dd883b2c360ecc83a8198e6faffcfacb6e828
full_orchestra,11,case_11_0109_cycle_037,case_11_0109,37,lens_contamination,46.58127933458003,45.416683197021484,41.85777050409837,0.7373644723126775,3,-1.6102312167793453,0.5749002610705427,0.5619965445614808,False,True,0.1583763497375721,major_maintenance,False,0.0,08f803f0082603bd8439993394fafedf7d710b0bcbf3caa5f67d5a5eed380250
full_orchestra,11,case_11_0109_cycle_038,case_11_0109,38,lens_contamination,45.790945170679734,43.9976921081543,43.55571047228203,0.7370632813646779,3,-1.6474060344123118,0.6026982828994909,0.5838507732089824,False,True,0.1556892135803111,major_maintenance,False,0.0,2fc270fa3299cdf71b97e8ec9d7500d0877479b35c6201eca2be38da90710d5c
full_orchestra,11,case_11_0109_cycle_039,case_11_0109,39,lens_contamination,52.85896546338606,45.83882141113281,43.18063502495653,0.7213551875435668,3,-1.7326547611880627,0.6140118620202483,0.5890977166371769,False,True,0.1797204825755126,major_maintenance,False,0.0,55c87427f8b96003071187fd5b7f311a1ff1859cde4d935b44d6f7802518378f
full_orchestra,11,case_11_0110_cycle_000,case_11_0110,0,focal_drift,27.823644621579213,32.71372604370117,32.71372604370117,0.40516931260937084,1,0.048372921311662986,0.08557165821291068,0.06755202350172736,False,False,0.2504128015942129,inspect,False,1.0,90d41eec5421b5e8156598f5604b62c30d505457c07f783c288f12351060e664
full_orchestra,11,case_11_0110_cycle_001,case_11_0110,1,focal_drift,24.310144085488425,25.48581886291504,25.48581886291504,0.36156790121319643,1,0.11592485497919998,0.0937119116524657,0.06931769734770922,False,False,0.22689129676939582,inspect,False,2.0,496e3fa408352c10861e2d9b2e5cd147fea846272e8844385b8f3d3585284001
full_orchestra,11,case_11_0110_cycle_002,case_11_0110,2,focal_drift,27.778454023431344,23.500150680541992,23.500150680541992,0.48820512102899805,2,-1.083462690810546,0.2600295571130662,0.25005390088413393,False,True,0.18338641494527433,minor_maintenance,False,0.0,e292fde8eca36ee0f2633275105ddb3616712bd95345ee806f345d62a74598fa
full_orchestra,11,case_11_0110_cycle_003,case_11_0110,3,focal_drift,30.09706500790944,24.44489288330078,24.44489288330078,0.41709553176581726,1,-0.027073911066364614,0.0979130626627075,0.06746970428153701,False,False,0.270873585071185,inspect,False,1.0,083cde54ea2277ef8fb7e2ab0ff9e29ab7ecbd40557b7ef0106129ef8178e2ad
full_orchestra,11,case_11_0110_cycle_004,case_11_0110,4,focal_drift,23.566608746306546,29.017126083374023,29.017126083374023,0.42130580506685744,2,-0.9968808659494569,0.27916869913894093,0.24929671671148187,False,True,0.1516929742271006,minor_maintenance,False,0.0,381de122538274952bd8797cff5b9c8908e68ae6a6a7f22e40df14b4600e31cc
full_orchestra,11,case_11_0110_cycle_005,case_11_0110,5,focal_drift,28.988811451890694,37.03715133666992,37.03715133666992,0.5707119137745604,2,-1.117539694384686,0.2931770226520759,0.2494549895765739,False,True,0.17973063100172232,minor_maintenance,False,0.0,ef3db34d1c3c74eea079b6ed8e68410f847a2a42753560ca10799119abfe1d6d
full_orchestra,11,case_11_0110_cycle_006,case_11_0110,6,focal_drift,29.083558004086306,31.13081932067871,31.13081932067871,0.5175830992654584,2,-1.1102181960306137,0.2877053153182915,0.25490154618312266,False,True,0.1803180596253351,minor_maintenance,False,0.0,9c5f31037d9dd2e213aca2186976f6a253efd3d2ae495724ae020f8da6798f38
full_orchestra,11,case_11_0110_cycle_007,case_11_0110,7,focal_drift,31.31708788649852,28.8292179107666,28.8292179107666,0.6326802939617744,3,-1.459868274253024,0.5814899376473266,0.5800524950864331,False,True,0.10647809881409495,major_maintenance,False,0.0,eca1cf230635e829c3638fddeaf13e2d0b1502081e499afcca50a8870be5a478
full_orchestra,11,case_11_0110_cycle_008,case_11_0110,8,focal_drift,31.644894149998628,32.0639762878418,32.0639762878418,0.4748424855141209,2,-1.1672373706010373,0.3054070474636854,0.252511148900324,False,True,0.19619834372999148,minor_maintenance,False,0.0,928fc53459aece695eba039a2b69aba9e3152edab407ef30558ff5c0a6fd5051
full_orchestra,11,case_11_0110_cycle_009,case_11_0110,9,focal_drift,34.48533315202232,34.6647834777832,34.6647834777832,0.44029032472703167,2,-1.210965356730902,0.29854175209005185,0.2561910741302256,False,True,0.21380906554253837,minor_maintenance,False,0.0,c390ffb402dbe321118ac1cc9b26028788b074ab0986eb123d9838ef8c9afd71
full_orchestra,11,case_11_0110_cycle_010,case_11_0110,10,focal_drift,32.2776111220172,52.153900146484375,51.95380710510871,0.7193877415818205,3,-1.496600798941011,0.5994865441367419,0.5749680751530262,False,True,0.10974387781485846,major_maintenance,False,0.0,b470b9d263cbc0d40e6aa03fe64774a881bb7ba91b4dd497e2fe57b57658b6fc
full_orchestra,11,case_11_0110_cycle_011,case_11_0110,11,focal_drift,33.626627348799374,35.845943450927734,35.845943450927734,0.5644820509818931,2,-1.2249905307780793,0.3153506475216661,0.24939038365182617,False,True,0.20848508956255613,minor_maintenance,False,0.0,4da190a929e9540267b0d5609a321b55e7c4261be0764630ae14f36f705ef573
full_orchestra,11,case_11_0110_cycle_012,case_11_0110,12,focal_drift,38.63367423925228,30.050203323364258,30.050203323364258,0.5456543377605291,2,-0.31639520716732383,0.31159070305190406,0.25546251575156,False,False,0.23952878028336413,minor_maintenance,False,0.0,65b900e21379d41a51b294e593c7de6d683f763efcba744d12b665875d451eb1
full_orchestra,11,case_11_0110_cycle_013,case_11_0110,13,focal_drift,41.974365086736206,32.70347213745117,41.433268760921216,0.7167583949788874,3,-1.6193628014832209,0.6232363233558587,0.5755927437447748,False,True,0.14271284129490308,major_maintenance,False,0.0,04683362676a2db0a7edd039f11886d57d7db50cb0fdf02cfde40c89a81e8c29
full_orchestra,11,case_11_0110_cycle_014,case_11_0110,14,focal_drift,37.826597798666505,32.28818130493164,36.27896300452563,0.7139107525777291,3,-1.572705165485582,0.6217382875831723,0.5725612093366899,False,True,0.1286104325154661,major_maintenance,False,0.0,3aa95304b169765e10c28e1e5d71a0239b72bec09a9d79bd28930df7dda49c14
full_orchestra,11,case_11_0110_cycle_015,case_11_0110,15,focal_drift,40.944391546422324,36.35833740234375,36.35833740234375,0.5579746278850145,2,-0.3812951246739784,0.3397496459147121,0.24535450226632363,False,False,0.2538552275878184,minor_maintenance,False,0.0,a04ca04aa36d7e558d7549b5f13d64d79ee55cf72924f1d36bc5c071ad9bcab3
full_orchestra,11,case_11_0110_cycle_016,case_11_0110,16,focal_drift,41.53900516467001,36.342315673828125,36.342315673828125,0.508541168005404,2,-0.39030436325681117,0.33648095528824185,0.2561459208811207,False,False,0.25754183202095404,minor_maintenance,False,0.0,2ad2d9aa653ca09c47225ff89660eb4a9ecc743afdb35aa1f5eca99027493d8d
full_orchestra,11,case_11_0110_cycle_017,case_11_0110,17,focal_drift,36.47484082643512,40.20598220825195,40.20598220825195,0.6251249320431916,3,-1.8846589037207082,0.6320225156623365,0.5772918000733974,False,True,0.2323447360643917,major_maintenance,True,1.0,e708ed3ef9f372659081372e142414692dd765aec4953d6c86a51bb942817745
full_orchestra,11,case_11_0110_cycle_018,case_11_0110,18,focal_drift,44.83022505714404,43.32460403442383,44.597916435717096,0.7441795239108899,3,-1.7096257469656855,0.6528700161659308,0.5983506332878149,False,True,0.15548276519428972,major_maintenance,False,0.0,975e97c880ab1b78919b9e235575bb789a54905cab9fce9b5d44aeeca09247fa
full_orchestra,11,case_11_0110_cycle_019,case_11_0110,19,focal_drift,43.84519407962879,30.805328369140625,30.805328369140625,0.3781976558325485,1,-0.41775389399505836,0.12224062115549603,0.06870423039337836,False,False,0.39460674671665913,inspect,False,1.0,04db3827c3a0daf19f4ebc8043a0e5900d79b55fe2502b1888083a4169237239
full_orchestra,11,case_11_0110_cycle_020,case_11_0110,20,focal_drift,44.26430569865608,48.341983795166016,48.341983795166016,0.6381631157815233,3,-1.693465231842829,0.6588870260912896,0.5977222753225239,False,True,0.15355863937543066,major_maintenance,False,0.0,7979c59e8708608c576f85eae578a789ae0cabdbb5369c1e038f20ccfe722d65
full_orchestra,11,case_11_0110_cycle_021,case_11_0110,21,focal_drift,43.9789119045889,48.70261764526367,48.70261764526367,0.6728130226600704,3,-1.6477749922005533,0.6276575342633981,0.5882632538891727,False,True,0.14952830047560223,major_maintenance,False,0.0,313c39bd8d42e79dc53f007ff73cd8f5a1dd9f6e515e0df7a2e983bedd5325ad
full_orchestra,11,case_11_0110_cycle_022,case_11_0110,22,focal_drift,42.21028821880666,35.692806243896484,35.692806243896484,0.5221695970100511,2,-0.40043644929512473,0.33264240378181176,0.2554465563650017,False,False,0.2617037869566013,minor_maintenance,False,0.0,31fc2c45a281a018be968ffef3e99cc0c64e93dab8e505395db6551163099407
full_orchestra,11,case_11_0110_cycle_023,case_11_0110,23,focal_drift,46.28017207360937,43.79765701293945,43.79765701293945,0.6085009850920293,3,-1.668968881298769,0.6490514110110985,0.5707307092163134,False,True,0.15735258505027186,major_maintenance,False,0.0,a3ecde2b55b395797f06b65c0b0ab2512d7bc4192d764d4b1ca613c05fd0da68
full_orchestra,11,case_11_0110_cycle_024,case_11_0110,24,focal_drift,47.62663477720889,43.6661491394043,50.32389398198562,0.7005335256040088,3,-1.705238866492066,0.627825594350494,0.6081769607168,False,True,0.1619305582425102,major_maintenance,False,0.0,5419fb921937988afd681227d9ba4f8acca04d7c28ab87b1e268561a408f1a28
full_orchestra,11,case_11_0110_cycle_025,case_11_0110,25,focal_drift,47.90975746520925,46.14248275756836,46.14248275756836,0.5907656642503594,2,-0.5114684188864134,0.3236264464633769,0.2601320424157381,False,False,0.29704049628429735,minor_maintenance,False,0.0,caa3c4959ee61347e4859ecdbd2c08205b3d68bb7bd8afaf543b219d0381ace3
full_orchestra,11,case_11_0110_cycle_026,case_11_0110,26,focal_drift,46.28099994620349,48.61042785644531,46.35811636678922,0.7251311715800344,4,-1.9729269837291419,0.8977780588909563,0.9997095616185596,False,True,0.05553719993544418,urgent_intervention,False,0.0,46d9afa9f77eed573468bb67b82dceee39dea09469bdfe0713630f11e457f4bf
full_orchestra,11,case_11_0110_cycle_027,case_11_0110,27,focal_drift,50.16308086853362,48.668792724609375,48.668792724609375,0.6985605852770997,3,-1.7251342523405764,0.6299247986288216,0.5984524263264338,False,True,0.1705544749530143,major_maintenance,False,0.0,fbbe9f11910e068926a227ace5bf842e1209ef415264366409c79905f9a8106a
full_orchestra,11,case_11_0110_cycle_028,case_11_0110,28,focal_drift,50.45540302952849,49.29163360595703,49.29163360595703,0.5815755721568638,2,-0.5300917355601458,0.305584367478631,0.24850066988594421,False,False,0.31282349878307664,minor_maintenance,False,0.0,4305bb35a688249e6375de5402121a8f5d1eca384547fc457451275174006ac1
full_orchestra,11,case_11_0110_cycle_029,case_11_0110,29,focal_drift,46.50644642618368,45.05247497558594,45.05247497558594,0.5953102886319157,2,-0.47260712491496143,0.31151351317894876,0.25847145614276124,False,False,0.2883399678423388,minor_maintenance,False,0.0,84caccb792f035c2d3a3d38941364ab9f8b51dcb9b9d566dcdbf24c3e24ad27b
full_orchestra,11,case_11_0110_cycle_030,case_11_0110,30,focal_drift,47.25853223170881,46.03343963623047,46.03343963623047,0.6661070927248725,3,-1.6286431869256461,0.5949550023958537,0.5646688648220394,False,True,0.16067900958780995,major_maintenance,False,0.0,ba123b30360cc9fba3c151700fe6eb02ab15d542f3717b7206efc6ad5e8b1714
full_orchestra,11,case_11_0110_cycle_031,case_11_0110,31,focal_drift,47.32338140266673,45.19126892089844,41.8594889119506,0.7333569456317066,3,-1.6527913987123488,0.606218001474471,0.5673392063574014,False,True,0.16089949676906687,major_maintenance,False,0.0,906c471602758376089eafea58df4ec0b91841aa088c661bdf749af24bd98a4e
full_orchestra,11,case_11_0110_cycle_032,case_11_0110,32,focal_drift,52.58442323485949,47.760650634765625,47.760650634765625,0.6407396183301518,3,-2.155041781856021,0.6001602877646955,0.5673527791545473,False,True,0.33496277600605495,major_maintenance,True,1.0,c2f7fd3fe47dcfde25bd74fbfcbb67c58203f3f4fa5943cfac4bc32dc6e0e7b8
full_orchestra,11,case_11_0110_cycle_033,case_11_0110,33,focal_drift,51.52974306792989,44.431846618652344,47.99734181132945,0.7255995053430513,4,-1.911955981361151,0.8625695645197262,0.9397492699942743,False,True,0.06291569168151587,urgent_intervention,False,0.0,2275b887a3940848031b952fc64fee1fbbb752737507640b8cc14d568f400d55
full_orchestra,11,case_11_0110_cycle_034,case_11_0110,34,focal_drift,53.33354798220565,47.337955474853516,47.337955474853516,0.5976241183988347,2,-0.5659634138969515,0.2844928969885986,0.2497786333493782,False,False,0.33066799748967507,minor_maintenance,False,0.0,8df66014ed88825c95f0c66f52c96cd5ded61186f09c150527dbd2e3149bca98
full_orchestra,11,case_11_0110_cycle_035,case_11_0110,35,focal_drift,54.08130701593148,45.244808197021484,45.244808197021484,0.6647356583679064,3,-1.6635772612660702,0.5607524455751989,0.5643564192164803,False,True,0.18387644385416702,major_maintenance,False,0.0,c3c95e386d94f0ca5e0485dd00ef347aeda550468a85105c909e755294777e23
full_orchestra,11,case_11_0110_cycle_036,case_11_0110,36,focal_drift,51.12719531046722,46.742401123046875,45.562449541114795,0.7442383236412564,4,-1.9023551466538142,0.8434916430974985,0.9539623148655565,False,True,0.061352634372560666,urgent_intervention,False,0.0,87dc024070baf356c653d5bdc7a8710c4e21ca9823cd6af955d771522044302e
full_orchestra,11,case_11_0110_cycle_037,case_11_0110,37,focal_drift,58.22019163706405,53.82427978515625,58.54619423913832,0.7048765466725874,3,-0.7135435687698921,0.5691850164422501,0.5559763945358759,False,False,0.19794865156601774,major_maintenance,False,0.0,a92d26a677c6d7851403e5804b8759b7744ea95e619848b0dfae4c2db70ced80
full_orchestra,11,case_11_0110_cycle_038,case_11_0110,38,focal_drift,50.10747804315875,53.455623626708984,49.791190550581696,0.6935221841960508,3,-1.6087166361045042,0.5407661290684324,0.5660323792080562,False,True,0.17036542534673974,major_maintenance,False,0.0,d0e3be02a3dd9fdf9d2b13cd52c4d1385104dd0f0c96c432e9d931b0745daeac
full_orchestra,11,case_11_0110_cycle_039,case_11_0110,39,focal_drift,58.22973715291545,47.8875846862793,52.15475565980823,0.7229742512246803,4,-1.9126520305705688,0.8338948801258451,0.9508549487631573,False,True,0.06987568458349853,urgent_intervention,False,0.0,08df4b7f3571257c8b74f763f70029fb395aa8942284eb446f51a7472161c431
full_orchestra,11,case_11_0120_cycle_000,case_11_0120,0,motion_instability,26.94480033677486,28.25049591064453,28.25049591064453,0.5106341282355789,2,-1.0297968923386893,0.2532411433819576,0.24848417932172806,False,True,0.16705776208800413,minor_maintenance,False,0.0,a9486cd990b98f42ede55690161fed25662b14673f798aa82f687bcca99d66fc
full_orchestra,11,case_11_0120_cycle_001,case_11_0120,1,motion_instability,26.661626499479496,23.371044158935547,23.371044158935547,0.596361522513344,2,-1.0187952506865334,0.24029102968799698,0.24142967466402016,False,True,0.16530208429677287,minor_maintenance,False,0.0,3ea4a57358e8025c61540f7daba00bd41d4b45af21c01eefe5a7af213182136d
full_orchestra,11,case_11_0120_cycle_002,case_11_0120,2,motion_instability,29.207335291892107,27.703630447387695,27.703630447387695,0.5903029123653283,2,-1.0810277775553685,0.25951176039552354,0.23714267984481552,False,True,0.18108547880973105,minor_maintenance,False,0.0,d04c999bb1974f156d3fc47f77a28eea1eb767b35e967241b484339bc51a4a25
full_orchestra,11,case_11_0120_cycle_003,case_11_0120,3,motion_instability,26.87065696805974,30.482084274291992,30.482084274291992,0.47802644281388695,2,-1.0356253058165477,0.26226546530585326,0.25232706810337513,False,True,0.1665980732019704,minor_maintenance,False,0.0,79429466897f3a48f919e1b672ade98a34ddefd1e6bb9f82a0d8bb37fdeb646e
full_orchestra,11,case_11_0120_cycle_004,case_11_0120,4,motion_instability,26.132871319753452,27.873510360717773,27.873510360717773,0.47328001612620213,2,-1.0054559266167373,0.2502211366713243,0.24771422622383543,False,True,0.16202380218247142,minor_maintenance,False,0.0,0ad28feb459fc9b0638eb1abcab896c90ded88ffe6e601e17922455bbcb62823
full_orchestra,11,case_11_0120_cycle_005,case_11_0120,5,motion_instability,29.37478988024421,29.167190551757812,29.167190551757812,0.48566907320219654,2,-1.1060129912257408,0.28384764883947,0.2536798620417487,False,True,0.18212369725751412,minor_maintenance,False,0.0,c5cb808ce6707f0e83efc11fe3ff893460e2e4248222ce1cd8d5d0b978c2d037
full_orchestra,11,case_11_0120_cycle_006,case_11_0120,6,motion_instability,36.99836959977413,30.115877151489258,30.115877151489258,0.48105772888051723,2,-1.227695211690992,0.2728375236344688,0.24316169271080862,False,True,0.2293898915185996,minor_maintenance,False,0.0,beba638d527da0f0504d42e3df587a99746cb98f196049574f7a7210b4e2f25c
full_orchestra,11,case_11_0120_cycle_007,case_11_0120,7,motion_instability,34.12716572153039,37.09151077270508,37.09151077270508,0.5601166317291153,2,-1.1985383520484088,0.275431226177596,0.25540543586372516,False,True,0.2115884274734884,minor_maintenance,False,0.0,a45e67509aeeccbecc4aecaa57d4c885ba972c95d257005e0b0f606ebf5d62af
full_orchestra,11,case_11_0120_cycle_008,case_11_0120,8,motion_instability,35.38580401166318,31.597856521606445,31.597856521606445,0.5772790022921656,2,-1.232786179240763,0.2841332265402119,0.2548564346747391,False,True,0.2193919848723117,minor_maintenance,False,0.0,0d53dafa105e01e2dc32afb6d0800514976e8feb94108b54ab17e43dea7aebd8
full_orchestra,11,case_11_0120_cycle_009,case_11_0120,9,motion_instability,33.51186897627026,30.380842208862305,30.380842208862305,0.4542437755388813,2,-1.16302929247761,0.2688227891284181,0.25343646757466615,False,True,0.2077735876528756,minor_maintenance,False,0.0,9aadc2ccd868fcb5cc8d9baddf89c6105b03465b46d263b7adc3c4f32c83a85f
full_orchestra,11,case_11_0120_cycle_010,case_11_0120,10,motion_instability,36.731214364528576,38.967742919921875,38.967742919921875,0.5984466351531019,2,-1.2493354788464737,0.2813530900307267,0.2437685079531876,False,True,0.22773352906007716,minor_maintenance,False,0.0,50bdb1fa807bbc7d195a88bbecc6a7ad866402e3ec9bfd394f8938c128f6b3d2
full_orchestra,11,case_11_0120_cycle_011,case_11_0120,11,motion_instability,38.77404052610832,32.32002639770508,32.32002639770508,0.5130851824361369,2,-0.29440793117574476,0.29295650435568193,0.2541143695862844,False,False,0.24039905126187158,minor_maintenance,False,0.0,53a09c483eb58e4e057f6a06d78e183d8e5ecb4ab053d5c194930956da75bbac
full_orchestra,11,case_11_0120_cycle_012,case_11_0120,12,motion_instability,33.515379713931345,36.26091003417969,35.5128112772573,0.7159963827069485,3,-1.5039988542971996,0.5904479053182338,0.58036827311353,False,True,0.11395229102736658,major_maintenance,False,0.0,7ef5bfab212410ce2b359d8eca44b9673670d1603547b21b001f101cc10da51c
full_orchestra,11,case_11_0120_cycle_013,case_11_0120,13,motion_instability,38.64644224848858,35.396759033203125,35.396759033203125,0.5508651574006114,2,-0.28651252507490316,0.28329525267181677,0.2522045912138838,False,False,0.2396079419406292,minor_maintenance,False,0.0,ee4c755712ff6f11c036bf144b6f3962ee197decb30cc501022d89b80745b22f
full_orchestra,11,case_11_0120_cycle_014,case_11_0120,14,motion_instability,38.76653100095613,39.053489685058594,39.053489685058594,0.5670435982076645,2,-0.309067514741164,0.29482047652958454,0.26016627732830727,False,False,0.240352492205928,minor_maintenance,False,0.0,bdec00931611f6252d1627acd50736edb301a872b652914c29fa617f45b16e41
full_orchestra,11,case_11_0120_cycle_015,case_11_0120,15,motion_instability,39.04768652720442,44.44879913330078,44.44879913330078,0.6662900958046319,3,-1.5804901884872147,0.6142379873702779,0.585027855210946,False,True,0.132762134192495,major_maintenance,False,0.0,ab79da538931050b11914c0aa13fc0c383e657834e477786cae243b0ef4729ff
full_orchestra,11,case_11_0120_cycle_016,case_11_0120,16,motion_instability,41.79939470107031,42.097652435302734,42.097652435302734,0.6319978854047481,3,-1.6070107736881944,0.6184851969974583,0.5842150849113833,False,True,0.14211794198363906,major_maintenance,False,0.0,c8e922477907d482624a4bb0ad039df6c2b7e9e3b9977ac32f905cb214613dff
full_orchestra,11,case_11_0120_cycle_017,case_11_0120,17,motion_instability,41.81268412427867,42.33824157714844,42.33824157714844,0.6665745530911191,3,-1.602632757161873,0.6127350340096429,0.5792777026511496,False,True,0.14216312602254746,major_maintenance,False,0.0,9a23b1984881f0a954840cb9ee7da8f4e9be212f9fbbfc178fe9c8b535525829
full_orchestra,11,case_11_0120_cycle_018,case_11_0120,18,motion_instability,37.58614829604236,37.577850341796875,37.577850341796875,0.6250806346618991,3,-1.5713170971157377,0.6352393557005265,0.5736711669953678,False,True,0.12779290420654402,major_maintenance,False,0.0,b021e8848f6c08914a8c5a89c86eb70139e5a1ea987bfae5045713d9bbb28be5
full_orchestra,11,case_11_0120_cycle_019,case_11_0120,19,motion_instability,42.44657194146059,41.01083755493164,41.01083755493164,0.6834171292448739,3,-1.618899027446771,0.6176071113761159,0.5822803911012824,False,True,0.14431834460096601,major_maintenance,False,0.0,e4a17555a9b4e28972f418c675ad0596bf591bce878259cc3f09966d32eea577
full_orchestra,11,case_11_0120_cycle_020,case_11_0120,20,motion_instability,47.108188456756665,43.08970260620117,37.10852108696476,0.7303721895484969,3,-1.6742695206887672,0.6170705111903669,0.5839245735090095,False,True,0.16016784075297266,major_maintenance,False,0.0,258b5b3fc16462a865f92a76f5a9e04b09d73bd770434b51c20542b287d8e99d
full_orchestra,11,case_11_0120_cycle_021,case_11_0120,21,motion_instability,46.64774670869961,37.651634216308594,37.651634216308594,0.6400844908113821,3,-1.623962580227143,0.5980039138646334,0.567673720390083,False,True,0.15860233880957864,major_maintenance,False,0.0,5cb4bd1cda73a136c3ddd61b0b75a92bd293b0a2ed9b2cf707ce576453f767d4
full_orchestra,11,case_11_0120_cycle_022,case_11_0120,22,motion_instability,43.98179025027692,44.61543273925781,47.2003438855925,0.7312781930339888,4,-1.9802554683826146,0.9107008807416144,1.0019105172311311,False,True,0.05277814830033231,urgent_intervention,False,0.0,451f5808436d7bb7207d01b4067f009a94bc1e5757800adba1655fdb120cde87
full_orchestra,11,case_11_0120_cycle_023,case_11_0120,23,motion_instability,47.82029207003836,39.678550720214844,39.678550720214844,0.6922808526681021,3,-2.10776685380329,0.6243997029290238,0.5820990518945222,False,True,0.30461526048614435,major_maintenance,True,1.0,a49bf10959d1772a122f7be1e3d4948eaa059bb61388d3360185db38883d356b
full_orchestra,11,case_11_0120_cycle_024,case_11_0120,24,motion_instability,44.39838291517945,49.36898422241211,49.36898422241211,0.6672423120857711,3,-1.6414734118571759,0.616606685436005,0.5784210923418435,False,True,0.15401450191161012,major_maintenance,False,0.0,13254f2cc8b5dbfaed07c63c80b08f1f2a62e351d4859e24665946dde2d8c594
full_orchestra,11,case_11_0120_cycle_025,case_11_0120,25,motion_instability,51.5426894763,50.16967010498047,50.16967010498047,0.6712703885806494,3,-2.208683783819623,0.6483058551301333,0.593383218137874,False,True,0.328326931964031,major_maintenance,True,1.0,5cf7bb55c890b9305a2962c193ebd8214ffef5a4aa5697e7f00db95f6222d30a
full_orchestra,11,case_11_0120_cycle_026,case_11_0120,26,motion_instability,50.168741455412615,48.48067092895508,42.40333994774248,0.7067769832008414,3,-2.2003192088613264,0.6422762386017276,0.595128466958172,False,True,0.32530788307097835,major_maintenance,True,2.0,8b585077034a170311d154919b80fd538f659b9edba1559079f5e7a88dba61ff
full_orchestra,11,case_11_0120_cycle_027,case_11_0120,27,motion_instability,45.762477387293785,42.55177307128906,42.55177307128906,0.6917851077597724,3,-1.7055181461586877,0.6493426581538084,0.584088065613146,False,True,0.16171242311679887,major_maintenance,False,0.0,87134cb23b666ebd2dc764144a1e357eb72430a763e3460ec7b7d1114965ebc7
full_orchestra,11,case_11_0120_cycle_028,case_11_0120,28,motion_instability,52.20786239642952,54.58095169067383,54.964146416863656,0.7048869422326886,3,-1.721362737205825,0.6200855911853409,0.5787798853024997,False,True,0.17750673214786034,major_maintenance,False,0.0,47022eaf17247a8737b9e0a5213600813a24f9cca475ca533c98134e99c19acd
full_orchestra,11,case_11_0120_cycle_029,case_11_0120,29,motion_instability,52.42734467900054,56.246463775634766,51.42649958920258,0.7221716228039142,4,-2.0089439484436773,0.9068222134599286,1.0063219383984492,False,True,0.06291281361480065,urgent_intervention,False,0.0,9867bddf10a30c5a8636c05cd5cae7446d39af0dbb7616c0da1b66f6d50778c2
full_orchestra,11,case_11_0120_cycle_030,case_11_0120,30,motion_instability,46.63174584040823,47.64235305786133,46.00078039726034,0.7169704655177526,3,-1.6535954337668464,0.6178467292250733,0.5656991589274329,False,True,0.15854793585738797,major_maintenance,False,0.0,a096c28b8babd5fa555fb057200f4108ed6b57f7fbb7d796fe98b56d2863074f
full_orchestra,11,case_11_0120_cycle_031,case_11_0120,31,motion_instability,52.926270895183926,47.95854949951172,47.95854949951172,0.6525915003238112,3,-1.7196431748179086,0.6241259830474577,0.5722256294887543,False,True,0.17994932104362532,major_maintenance,False,0.0,b902b04cc0872e6c49ef5b1a87006a2ca5b99c588cdb5d59cf3fdd81063c30e5
full_orchestra,11,case_11_0120_cycle_032,case_11_0120,32,motion_instability,58.56549170962848,45.972679138183594,48.97238312513706,0.7215718087628221,4,-1.9947398718571505,0.8954368445788831,0.9752893572614769,False,True,0.07027859005155418,urgent_intervention,False,0.0,dd2fac3720ed88e4e6b73de60b41e170266c9eab098ee4d52e32281a27c82998
full_orchestra,11,case_11_0120_cycle_033,case_11_0120,33,motion_instability,53.20457165790613,48.77767562866211,48.11262392300627,0.7073097845612035,3,-1.7348325525455508,0.6083298370125947,0.5971495211726665,False,True,0.18089554363688082,major_maintenance,False,0.0,2a0bd9975fe04f476a0e559902ad8539e985f480af4d5b5a51a33bf15fe87fa9
full_orchestra,11,case_11_0120_cycle_034,case_11_0120,34,motion_instability,52.958028469298746,54.10114669799805,49.947383578770285,0.7065366184135157,3,-1.7207946646012777,0.6070705403370951,0.5844646763941352,False,True,0.18005729679561572,major_maintenance,False,0.0,753294cf6f40bd2b461ca191f39c4ce6e66d63681887d4d8344b717140a6f9a1
full_orchestra,11,case_11_0120_cycle_035,case_11_0120,35,motion_instability,55.16672933048986,48.819950103759766,45.24780949709002,0.7039272850955938,3,-0.7118921758835779,0.5898196299051235,0.5672285175538986,False,False,0.1875668797236655,major_maintenance,False,0.0,ea29ec39fd52f338d252a57c41b53fda7e2051225609a19589c966dff3e6b1eb
full_orchestra,11,case_11_0120_cycle_036,case_11_0120,36,motion_instability,56.945406084536266,48.93861770629883,46.21017208905853,0.708439655294062,3,-0.7109593508185055,0.5705535748948661,0.5666208569590753,False,False,0.1936143806874233,major_maintenance,False,0.0,2874b7ed2048fe06a4b021677697bf4f8d86c66f1d1b2d1d94781d0636b5b178
full_orchestra,11,case_11_0120_cycle_037,case_11_0120,37,motion_instability,54.79327277750996,53.476295471191406,45.62431820920676,0.7067463030656153,3,-1.6883180763359718,0.5628981112138891,0.5756457966645484,False,True,0.18629712744353386,major_maintenance,False,0.0,ba86b24725864080468eb8fa6677559a8258690545f3189f524ab4792d339353
full_orchestra,11,case_11_0120_cycle_038,case_11_0120,38,motion_instability,60.01469256231894,53.398441314697266,46.524696123411076,0.70855127241182,3,-0.7605010267991368,0.5865883437539582,0.5693501600596906,False,False,0.20404995471188436,major_maintenance,False,0.0,1f4155e9ac3a7ba979c7d2ac957b8c25668587f3d681ada19b242865ca610921
full_orchestra,11,case_11_0120_cycle_039,case_11_0120,39,motion_instability,58.90190683121469,55.386436462402344,46.431361099692296,0.7043437631021922,3,-1.2479059949688356,0.5601222369660084,0.5706459424912318,False,False,0.3752051465148376,major_maintenance,True,1.0,6d93a9573fb7add8b9d1f580e1f300cd4f18745df2904d9203e69f646aa702e5
full_orchestra,11,case_11_0121_cycle_000,case_11_0121,0,lens_contamination,24.44430477926568,27.110809326171875,27.110809326171875,0.44072830291716686,2,-0.9969735070524802,0.27308067316323636,0.25389939944665907,False,True,0.15155468963144722,minor_maintenance,False,0.0,15f03eceb20072cf1a1701038227b596f2d055138ddb5c47f4beed911bc8043c
full_orchestra,11,case_11_0121_cycle_001,case_11_0121,1,lens_contamination,22.60330392554937,18.7266788482666,18.7266788482666,0.35425306173225957,1,0.19705371973536884,0.08668245907490786,0.06604581992506425,False,False,0.20342973532994432,inspect,False,1.0,2acb5920f32c319b2a1900483900bdda4f8dc85fcfd8366f44473ad8877cc168
full_orchestra,11,case_11_0121_cycle_002,case_11_0121,2,lens_contamination,23.693748408150768,23.335739135742188,23.335739135742188,0.5206784736398201,2,-0.9881098147559645,0.2573493990352319,0.244018655353944,False,True,0.15248124013053477,minor_maintenance,False,0.0,6a9214d4fd325206288dc71e08d73050fe770931266f557cc6c084c0952adf00
full_orchestra,11,case_11_0121_cycle_003,case_11_0121,3,lens_contamination,25.4581100408074,22.2510929107666,22.2510929107666,0.45654019055187933,2,-1.0011600251942485,0.25840176684131266,0.2509454787639202,False,True,0.1578402822530059,minor_maintenance,False,0.0,705f06297e4925b0514df7e0abfb3c31961bb93a1d44edc0c9e454854184c402
full_orchestra,11,case_11_0121_cycle_004,case_11_0121,4,lens_contamination,22.305936038484145,23.627975463867188,23.627975463867188,0.40073577241532826,1,0.1934779323885461,0.08824204711406075,0.06988672699502747,False,False,0.20075342434635732,inspect,False,1.0,2618031de3591aff06424e3eaac80d9f83cac7b71c446ea717d395a4db476f8c
full_orchestra,11,case_11_0121_cycle_005,case_11_0121,5,lens_contamination,23.793231711732105,35.25640869140625,35.25640869140625,0.47016226743390827,2,-0.9857791823318348,0.25600795095434625,0.24994097678023147,False,True,0.15309803661273905,minor_maintenance,False,0.0,1b49c1720dced1ca726aa8142bdbf05e5e790910710dbdfac9ff99fd84f70834
full_orchestra,11,case_11_0121_cycle_006,case_11_0121,6,lens_contamination,26.1476222416798,23.300870895385742,23.300870895385742,0.352102473278072,1,0.10022983786057515,0.08634583538767543,0.06827894404335498,False,False,0.23532860017511822,inspect,False,1.0,78815b639bed1443e30dc1447e788a744a332971ad46d48c115e5ed1d400b561
full_orchestra,11,case_11_0121_cycle_007,case_11_0121,7,lens_contamination,24.184555253073825,32.27224349975586,32.27224349975586,0.43700206532315816,2,-0.9886478313280274,0.25748953803944313,0.24879406972867157,False,True,0.15552424256905772,minor_maintenance,False,0.0,f062fc9fea61bd151497112d59da7817276a1c52aa2bc67bd84ccf35abbf56ee
full_orchestra,11,case_11_0121_cycle_008,case_11_0121,8,lens_contamination,25.920028540836626,35.51715087890625,37.51160432760172,0.7308180926362715,3,-1.3313938925298203,0.5086633176257607,0.5609044623651068,False,True,0.08812809703884451,major_maintenance,False,0.0,a604dd350b48256273c76f098cbbcc402a3bed8f09d81c831d8bee4eeb2b3ddf
full_orchestra,11,case_11_0121_cycle_009,case_11_0121,9,lens_contamination,26.702198234919123,31.295251846313477,31.295251846313477,0.5164053189092989,2,-1.0504272040898186,0.27246062146515754,0.2548061220234631,False,True,0.16555362905649856,minor_maintenance,False,0.0,912cc98b6624f222dce87cbe14ac0bb46f994c41cc93b4aa02db6d2f30364051
full_orchestra,11,case_11_0121_cycle_010,case_11_0121,10,lens_contamination,29.6723956840847,32.079952239990234,32.079952239990234,0.44210759914085807,2,-1.0902213978559805,0.27260379569955384,0.2492436282016532,False,True,0.18396885324132514,minor_maintenance,False,0.0,c44d45a2337eba5d21a5bc9e63d4bc24ca69d8907f53f83d55a46ef5a211c4de
full_orchestra,11,case_11_0121_cycle_011,case_11_0121,11,lens_contamination,31.996411554121806,28.65287971496582,28.65287971496582,0.49577193915506274,2,-1.148168000819375,0.27376979513729865,0.25612394987768927,False,True,0.1983777516355552,minor_maintenance,False,0.0,fd838f63cd9cb14a454e9b810d4bc13d36af779893dbe1c8cbb6395b1bbe5b48
full_orchestra,11,case_11_0121_cycle_012,case_11_0121,12,lens_contamination,26.76359864956056,31.127605438232422,31.127605438232422,0.41449972641402205,1,0.06399698109316022,0.0956982479339864,0.06939081059076858,False,False,0.24087238784604506,inspect,False,1.0,995eea3d127e86d391b22c1481237f13c3ec0951c489be8708c552b9fbd8c4e4
full_orchestra,11,case_11_0121_cycle_013,case_11_0121,13,lens_contamination,31.655206225724886,37.9553337097168,44.65987323690086,0.7491960503393151,3,-1.4736507398423666,0.5701670102776819,0.573801523139242,False,True,0.1106877011674646,major_maintenance,False,0.0,9414a463989314ecf7994d13f7654e65a73e7d74abf405edea4a4801a7799ab0
full_orchestra,11,case_11_0121_cycle_014,case_11_0121,14,lens_contamination,33.28493655284067,27.124114990234375,27.124114990234375,0.4946309885827139,2,-1.1814504469638474,0.28736609842068667,0.25098735046614634,False,True,0.20636660662761216,minor_maintenance,False,0.0,4ee823186f9a2c9604e4d13da4a91cff0959fd734fa243adbef1d51885fc9cd6
full_orchestra,11,case_11_0121_cycle_015,case_11_0121,15,lens_contamination,35.61347733885598,39.823829650878906,40.30288101113433,0.7597610481892755,3,-1.5163630761003852,0.5884311506452329,0.5633878742130373,False,True,0.12108582295211033,major_maintenance,False,0.0,63c630899418b277df09bcf6133ea749c05b4a242ac5fc8981a2aff7765b4963
full_orchestra,11,case_11_0121_cycle_016,case_11_0121,16,lens_contamination,38.11053111270429,36.098323822021484,36.098323822021484,0.6555466433777614,3,-1.5205667170726298,0.57492624030631,0.57322632863759,False,True,0.12957580578319455,major_maintenance,False,0.0,ef7e431ded345f2feb2546d9c51b8ab1d293130d3bde579f0936ee941472e2d2
full_orchestra,11,case_11_0121_cycle_017,case_11_0121,17,lens_contamination,34.972428046807664,38.514347076416016,38.514347076416016,0.6768192923201042,3,-1.7948195666148323,0.558071488740866,0.5836276050643202,False,True,0.22277436665816483,major_maintenance,True,1.0,f2b8d350087a035288b7bf32f77efa4bd2d928bd054a8f37741edfa0515c33e0
full_orchestra,11,case_11_0121_cycle_018,case_11_0121,18,lens_contamination,31.79913692495633,23.1817569732666,23.1817569732666,0.5285292176907628,2,-1.2062677337928285,0.30993463518891246,0.2610622114326423,False,True,0.20273464893472923,minor_maintenance,False,0.0,7ec9bd2e53ef4cecaea0de3019c75fce1bce9bf69e20b2c7fc5946dedbf068e2
full_orchestra,11,case_11_0121_cycle_019,case_11_0121,19,lens_contamination,34.57895806451289,36.0751838684082,35.5300039614896,0.726094852004273,3,-1.51380463616029,0.5913362088493485,0.5760610340653363,False,True,0.11756845741934381,major_maintenance,False,0.0,fdec3fefb7ce5bb98dab952c13163e59c34ec7bc1dbcaff91a7e61ceaad639d8
full_orchestra,11,case_11_0121_cycle_020,case_11_0121,20,lens_contamination,35.55484474213759,28.677860260009766,35.72935876483162,0.7062641144640396,3,-1.5277239571595116,0.5920159072175348,0.5838862705032095,False,True,0.12088647212326781,major_maintenance,False,0.0,ac1106c93aae897ffbe2584d1be23ff4b7e26112c9995472b4ac957f696d5123
full_orchestra,11,case_11_0121_cycle_021,case_11_0121,21,lens_contamination,36.275372018517174,36.2088737487793,36.2088737487793,0.5247609529859038,2,-1.273710209210552,0.3252118051826388,0.24382792691951002,False,True,0.2249073065148065,minor_maintenance,False,0.0,a659421d7c3ae51106788d9f105fa003dfd1b1d873076582393ea19c54d6e583
full_orchestra,11,case_11_0121_cycle_022,case_11_0121,22,lens_contamination,40.11759931716813,40.81548309326172,40.515155579360595,0.7587751094537851,3,-1.6155376117113092,0.635417211445755,0.5713807760154642,False,True,0.13639983767837163,major_maintenance,False,0.0,118c1b225de9205502e9abfc6b70394a8d113a004a8c55ccd4db535281186c74
full_orchestra,11,case_11_0121_cycle_023,case_11_0121,23,lens_contamination,41.60293207675935,43.22584915161133,43.22584915161133,0.5570168205479116,2,-0.39351494484564054,0.33298273041496496,0.2539564434009561,False,False,0.257938178875908,minor_maintenance,False,0.0,aff43e146c8e876fcc76958b4da7b6a4054c12921e1e4863826889c325c47389
full_orchestra,11,case_11_0121_cycle_024,case_11_0121,24,lens_contamination,40.85825856170453,31.385662078857422,31.385662078857422,0.6282426045769026,3,-1.9841624659035604,0.627365369511826,0.6021992307387818,False,True,0.2602671070380579,major_maintenance,True,1.0,5771e3073e54cc00015b38bfd553d891695446d7fd3408ee38ab2b7597a30f62
full_orchestra,11,case_11_0121_cycle_025,case_11_0121,25,lens_contamination,40.0458090272885,32.91266632080078,37.969573655850425,0.7234723019103032,3,-1.6275761442266525,0.6326289852447677,0.5859738270212458,False,True,0.1392157506927809,major_maintenance,False,0.0,1c4935e4ae5520e4b49c7558389cefb898fe765c49084ab256858c6862c00365
full_orchestra,11,case_11_0121_cycle_026,case_11_0121,26,lens_contamination,43.86383526728218,41.48992156982422,36.07391537613059,0.7529023696933759,3,-1.656763230903398,0.6273445881187467,0.5863402095054583,False,True,0.14913703990875937,major_maintenance,False,0.0,77f56cd5d3f5c3e0f8f2599725640a62e65a321d5299a919a48f8f8a32db95c6
full_orchestra,11,case_11_0121_cycle_027,case_11_0121,27,lens_contamination,39.98529547808919,45.49411392211914,45.49411392211914,0.6853409216517349,3,-1.9689733861352456,0.6274242845702503,0.5932862084136882,False,True,0.25470633219542815,major_maintenance,True,1.0,1c286b5ec88241e66562e95b960f407b2e8142074a214eb49fd171c48dc31b31
full_orchestra,11,case_11_0121_cycle_028,case_11_0121,28,lens_contamination,47.88862501281916,46.22454071044922,49.19161854310052,0.6568517188536553,3,-2.1368531127950234,0.6377626069893453,0.58526515497832,False,True,0.3107835413316581,major_maintenance,True,2.0,bd741fb0844a44d387a7291a1926ecd2576d785745c69ed3be9784d428305c14
full_orchestra,11,case_11_0121_cycle_029,case_11_0121,29,lens_contamination,41.96843073200955,41.27780532836914,41.27780532836914,0.6012810464546559,3,-1.636429807639149,0.6393842267357112,0.5755192880859277,False,True,0.14881266448883249,major_maintenance,False,0.0,c93e1f6f3fc7850ca7a869e51c4ed7aebb3a287e8b04026ed4dc11d35a2a89b8
full_orchestra,11,case_11_0121_cycle_030,case_11_0121,30,lens_contamination,43.70314032243004,35.589717864990234,37.483264357924796,0.7336171045401885,3,-1.6733250406616405,0.6434152264963646,0.5926190214943268,False,True,0.1485906770962621,major_maintenance,False,0.0,b10e20544386016ba0ac9aea49f31e72ed3d6f6e056907330527fcc231f76709
full_orchestra,11,case_11_0121_cycle_031,case_11_0121,31,lens_contamination,49.725968167597564,45.38099670410156,46.6958052185704,0.7494474219855909,4,-2.002239221350463,0.9058611595626629,1.0061843288582633,False,True,0.05967116180111707,urgent_intervention,False,0.0,42a119dfff36b38ce4ff8ab2691655a4321509782fada9cb9137a295440494b1
full_orchestra,11,case_11_0121_cycle_032,case_11_0121,32,lens_contamination,49.03519687041452,44.0888786315918,44.10141539764731,0.7304160596119555,3,-2.1319401295761415,0.6233065178373923,0.5775107382541679,False,True,0.31235420406454045,major_maintenance,True,1.0,56205d3922918779eb972d5863397683c88b3a573889812da07318170ff9887a
full_orchestra,11,case_11_0121_cycle_033,case_11_0121,33,lens_contamination,42.8592389542455,44.10330581665039,45.97319082366519,0.7402022331520134,4,-1.9871345805671004,0.9007434065555064,1.0222844735043852,False,True,0.052511086745094596,urgent_intervention,False,0.0,f143c7ff3b528bab67c7151ac754ab1a236d3ca121634b4ac4d2258f500fbcd4
full_orchestra,11,case_11_0121_cycle_034,case_11_0121,34,lens_contamination,48.04241484964694,45.516666412353516,43.48139998155908,0.7202599538486117,3,-1.6895096996617855,0.619195336282848,0.5903034235440588,False,True,0.16334421048879957,major_maintenance,False,0.0,55191acf826f3873def39231695308426582eddc7aa3c6db4f11bdedd52ca999
full_orchestra,11,case_11_0121_cycle_035,case_11_0121,35,lens_contamination,51.11752565784548,45.82105255126953,38.913149174608314,0.7235744319409321,3,-1.6987340683338812,0.6094657106892631,0.5741667889293178,False,True,0.17379958723667463,major_maintenance,False,0.0,2e9583f987f0ff6c3bf6d631af48bf3818f83eaeebbd7ea5fd3c6110b11d8eee
full_orchestra,11,case_11_0121_cycle_036,case_11_0121,36,lens_contamination,53.292207732879284,44.056846618652344,51.99351539161593,0.7365586384854497,4,-2.0047032871698276,0.904705726329828,0.9970772715360209,False,True,0.06395064927945514,urgent_intervention,False,0.0,449fae2d80062f5e16fcc08a3d2d75620199a22aadd83981039a87a52c40208a
full_orchestra,11,case_11_0121_cycle_037,case_11_0121,37,lens_contamination,52.950133577855055,47.518863677978516,49.20811410166435,0.7271275329595626,4,-2.014447696080449,0.8987127607607504,1.020056655619357,False,True,0.06354016029342606,urgent_intervention,False,0.0,692cc1844316088bc72378143179d6211844492812d7a0449eb2d035a302d08f
full_orchestra,11,case_11_0121_cycle_038,case_11_0121,38,lens_contamination,58.332139007515046,48.3395881652832,48.71373039661363,0.7068636611307432,3,-0.7657091200802328,0.6014860584426416,0.579007118239158,False,False,0.19832927262555114,major_maintenance,False,0.0,ff2eb99f2e865b4d28d866d3c4b2b7b323a391d48c78e49806b2687d759193f7
full_orchestra,11,case_11_0121_cycle_039,case_11_0121,39,lens_contamination,53.987541903795254,44.98590087890625,40.57634207934012,0.7089517494089608,3,-2.212821572418156,0.6096282272474418,0.5814358212223031,False,True,0.3439006419271758,major_maintenance,True,1.0,3634881e1aa740e93f4187229719b60eef229d939f2fd898852e0777a58ea3dd
full_orchestra,11,case_11_0124_cycle_000,case_11_0124,0,motion_instability,28.45016575905504,27.908292770385742,27.908292770385742,0.5325425695796553,2,-1.1092558125257164,0.30100187788261984,0.24899933260965545,False,True,0.17639102770614126,minor_maintenance,False,0.0,aca4471cc3374b9de3a20699c54cfd3b74f12fdf42775313641a907957cb782a
full_orchestra,11,case_11_0124_cycle_001,case_11_0124,1,motion_instability,22.94813930622459,27.00187110900879,27.00187110900879,0.3896286002196714,1,0.16125504687737427,0.10573702016665351,0.06870485206869695,False,False,0.20653325375602133,inspect,False,1.0,f463684ea34ed6f48a74a1971e1470f7945cd2076fd1334fb622685cec08ef2f
full_orchestra,11,case_11_0124_cycle_002,case_11_0124,2,motion_instability,24.151655678135924,18.094879150390625,18.094879150390625,0.3898049722116856,1,0.11124990269260536,0.09840782613520217,0.06934602753846206,False,False,0.22546490110322334,inspect,False,2.0,cc3161e08a8b4b44fcb0190600f47ac49dc915de96d625669752f712e823383d
full_orchestra,11,case_11_0124_cycle_003,case_11_0124,3,motion_instability,21.9001294358181,27.051830291748047,27.051830291748047,0.45569503689678464,2,-0.9903843872469955,0.28200703807809824,0.2490008576602034,False,True,0.14694080250207225,minor_maintenance,False,0.0,f40d2582b2dd8705786b50533d3330e658b03d96eae15dd7253f44ed75bb990a
full_orchestra,11,case_11_0124_cycle_004,case_11_0124,4,motion_instability,25.577562185734454,33.503849029541016,33.503849029541016,0.6962949578127711,3,-1.3821915833440954,0.5637275996213238,0.5664107571954556,False,True,0.08696371143149713,major_maintenance,False,0.0,597fb00e7c92e929ccd6dbb541278f7a9f306f0ad487d9697eeb93bb06c992dc
full_orchestra,11,case_11_0124_cycle_005,case_11_0124,5,motion_instability,25.699341513537295,25.943708419799805,25.943708419799805,0.3250894491496579,1,0.10686731370326544,0.09519191012867606,0.06911892241262851,False,False,0.23129407362183566,inspect,False,1.0,37efdd5fd12d10ee7853ba7a24232fecef2c3a1f7310d8e1a604d95fedc42dc4
full_orchestra,11,case_11_0124_cycle_006,case_11_0124,6,motion_instability,31.371088761587355,31.395235061645508,31.395235061645508,0.5205270155305051,2,-1.1554917914566778,0.2754414294835649,0.25216132334751534,False,True,0.2000807503218416,minor_maintenance,False,0.0,205ceef0c44f47cf3d6d202406ee7cfc1b6d793fa5d97c15792132d635a38064
full_orchestra,11,case_11_0124_cycle_007,case_11_0124,7,motion_instability,29.10124158124978,27.97243309020996,27.97243309020996,0.5713481091713337,2,-1.0996324176652896,0.2686429048941542,0.25500525373023686,False,True,0.18042769780374865,minor_maintenance,False,0.0,6b531ff8a6b8c4a6c02d34bf3cec6d1d2002e8a31ac0f1e86ee894c603f3c268
full_orchestra,11,case_11_0124_cycle_008,case_11_0124,8,motion_instability,28.534189385186902,29.523193359375,29.523193359375,0.49964456112375744,2,-1.0745265724942679,0.272686631841407,0.2451966673997763,False,True,0.1769119741881588,minor_maintenance,False,0.0,c330775caced3fd1985264072ba6c9b3ad23f4004b0bb8a40a37f4d2c48198a4
full_orchestra,11,case_11_0124_cycle_009,case_11_0124,9,motion_instability,33.3450030878527,33.18383026123047,33.18383026123047,0.5633693014297382,2,-1.175717115526278,0.26669066676897824,0.2553799951359733,False,True,0.20673901914468676,minor_maintenance,False,0.0,c7be77e4b51e70c9c5ef06c9a468179504f256f4faf17dfde7f179e178ad76dc
full_orchestra,11,case_11_0124_cycle_010,case_11_0124,10,motion_instability,31.18356706479878,23.790496826171875,23.790496826171875,0.4170138498956224,1,-0.046089728149728976,0.08821284814201391,0.06671061471725574,False,False,0.28065210358318904,inspect,False,1.0,08535d013deda0ef545c835a3624e1d7dac9db1137165ab63c33bd72bb03da17
full_orchestra,11,case_11_0124_cycle_011,case_11_0124,11,motion_instability,29.009801808029877,21.629581451416016,21.629581451416016,0.3538966958718866,1,0.004367848725710499,0.08082282175252423,0.06770022040521952,False,False,0.2691882162722689,inspect,False,2.0,2999c9162f5cc20ebec4255ffd6b8c786f5ab123c0841d35ea177e37ff7a966e
full_orchestra,11,case_11_0124_cycle_012,case_11_0124,12,motion_instability,34.05240324125816,27.927412033081055,31.474698966729274,0.6999150718249301,3,-1.4606130454824249,0.5360030050494686,0.5674103332479796,False,True,0.12189817102027774,major_maintenance,False,0.0,a3b00de037acb33c86259ff3c8706cc9e177badf9c70810f3cc53156a9fe66b2
full_orchestra,11,case_11_0124_cycle_013,case_11_0124,13,motion_instability,38.52507620924944,30.975038528442383,30.975038528442383,0.46336987509049665,2,-0.24387748085621036,0.25870214737223635,0.24887929341044987,False,False,0.23885547249734654,minor_maintenance,False,0.0,a625b24d401e332e247c7deafa51db98c79a05886f11ee2a2835176866c400f5
full_orchestra,11,case_11_0124_cycle_014,case_11_0124,14,motion_instability,34.74651722863408,27.380136489868164,27.380136489868164,0.44185315696616273,2,-1.1686813605466102,0.252865274447767,0.2540661151266561,False,True,0.2154284068175313,minor_maintenance,False,0.0,e8e060f14a3743dbc42f74fa99283bc8216dfb136e9e2ae43a86e849aabb03b4
full_orchestra,11,case_11_0124_cycle_015,case_11_0124,15,motion_instability,40.36394608231984,32.84424591064453,32.84424591064453,0.4574821717935833,2,-0.2792734439118111,0.260504903714562,0.24922102162132814,False,False,0.250256465710383,minor_maintenance,False,0.0,88a97ad80387fa8816af6bedb1da4fbfaae119f267ff06e8eafe80a1d71dc5c6
full_orchestra,11,case_11_0124_cycle_016,case_11_0124,16,motion_instability,37.92197085519991,37.65353775024414,37.65353775024414,0.5606026269348491,2,-1.229578446549231,0.24590774901993512,0.24278955697793775,False,True,0.23511621930223944,minor_maintenance,False,0.0,9ee8832592216be8a634ad0370e72ca11f8e10b43c3e43cdc5e8c792265806fa
full_orchestra,11,case_11_0124_cycle_017,case_11_0124,17,motion_instability,38.67295594333885,30.84658432006836,30.84658432006836,0.6975864435288778,3,-1.4839873552020406,0.5356985162241336,0.5614834022831487,False,True,0.13148805020735208,major_maintenance,False,0.0,a5d2103b0d5f6f0012d53c05d6aa9276f9e7394f125fc1b2450911a0162419d0
full_orchestra,11,case_11_0124_cycle_018,case_11_0124,18,motion_instability,40.163781229887164,41.0130615234375,41.0130615234375,0.5767568981737052,2,-0.30550106223060247,0.2672715876879819,0.2558370111758294,False,False,0.2490154436253004,minor_maintenance,False,0.0,a889f39edcd89d3a9ad84419f136d88fd9ef47691be1f63e84e4fb6b7e27b7a7
full_orchestra,11,case_11_0124_cycle_019,case_11_0124,19,motion_instability,41.244654887099166,44.438533782958984,44.438533782958984,0.5302613870779482,2,-0.300825338565069,0.25501259570522916,0.24890369237262885,False,False,0.25571686030001484,minor_maintenance,False,0.0,e3eb4326562e4708b84c470ad7be8eda884f56fc6ae50a5c5c0e4cf030681c26
full_orchestra,11,case_11_0124_cycle_020,case_11_0124,20,motion_instability,40.70178946850519,29.719255447387695,29.719255447387695,0.45653580499789187,2,-0.2740082597281368,0.25172643588493665,0.24593521122414982,False,False,0.25235109470473216,minor_maintenance,False,0.0,076516c754ce5c5e79879b58b5d876584771e8cd5dd6dad965b7ba1ac28065b9
full_orchestra,11,case_11_0124_cycle_021,case_11_0124,21,motion_instability,39.25425774883063,37.30856704711914,37.30856704711914,0.6368376884167142,3,-1.5271747881384197,0.5602962943596169,0.5886992643477791,False,True,0.13346447634602415,major_maintenance,False,0.0,4b992d923314c8631ee1ffdcd4a22b6b2737239e4a47e2bff6ec5df32524482a
full_orchestra,11,case_11_0124_cycle_022,case_11_0124,22,motion_instability,46.392866106620986,31.77191734313965,31.77191734313965,0.4742700463529844,2,-0.39383143112887536,0.26096867047804206,0.24851868014341919,False,False,0.2876357698610501,minor_maintenance,False,0.0,1a1fcc4df97b3b44663a2ac846f3c7a5b06484e79dfd28c8a35651340181ef6c
full_orchestra,11,case_11_0124_cycle_023,case_11_0124,23,motion_instability,39.69346194236969,38.49278259277344,38.49278259277344,0.5486771708388394,2,-0.2997528413331906,0.2867907552355136,0.24045264792971863,False,False,0.24609946404269206,minor_maintenance,False,0.0,e2bbb0af32e11276dbecca7094ed42855e12e454638ad5bddbb886fa2615396f
full_orchestra,11,case_11_0124_cycle_024,case_11_0124,24,motion_instability,47.79067265052813,37.54432678222656,37.54432678222656,0.5864143700586517,2,-0.45588275273625206,0.282541756798085,0.24559041141193272,False,False,0.2963021704332744,minor_maintenance,False,0.0,87703f5577dfe2719a86cb00e529eaf4c0f7fe9e04feb0c61f68da0a692142e2
full_orchestra,11,case_11_0124_cycle_025,case_11_0124,25,motion_instability,46.26670202833073,32.31669998168945,32.31669998168945,0.5858625100597975,2,-0.44464690759231384,0.2894439796041543,0.258453617190298,False,False,0.2868535525756505,minor_maintenance,False,0.0,6ed2024242f093ac7e229020a54426fa0b091c2dfa0a13d2eb774ee5b4b6d65e
full_orchestra,11,case_11_0124_cycle_026,case_11_0124,26,motion_instability,42.37052090887907,38.14239501953125,38.14239501953125,0.519460520935684,2,-0.34664847865039206,0.2788222388859722,0.25226934089864556,False,False,0.26269722963505027,minor_maintenance,False,0.0,d7c85b9507933adc4a3f4b54fa521af104880f655bb780e4cab0e04a7b6a5f8d
full_orchestra,11,case_11_0124_cycle_027,case_11_0124,27,motion_instability,46.22253558087862,45.32388687133789,45.32388687133789,0.6386166590397778,3,-1.6099051948166487,0.58468412167628,0.5724483891993002,False,True,0.1571566209749873,major_maintenance,False,0.0,7927482dfc4999cabd79843f8221da35da690457a35518ac3e03428004af6ef5
full_orchestra,11,case_11_0124_cycle_028,case_11_0124,28,motion_instability,48.26439566520801,41.976356506347656,41.976356506347656,0.6015248630761474,3,-1.6250307935214814,0.5766565636677027,0.5823108307590434,False,True,0.16409894526170724,major_maintenance,False,0.0,2fa4f41d1a7624f7abe207dccaaf2256da6d687f3f5aca600eb810327b0ad464
full_orchestra,11,case_11_0124_cycle_029,case_11_0124,29,motion_instability,47.421551361772096,46.57475280761719,46.57475280761719,0.6428200500466165,3,-1.6359278688809904,0.5909677084495588,0.5810466612929546,False,True,0.16123327463002513,major_maintenance,False,0.0,072a32d656a01bbbaa846d9110c6a10cf0e7bc4b0700d9e945b85623cb3c41c9
full_orchestra,11,case_11_0124_cycle_030,case_11_0124,30,motion_instability,54.33833261832919,39.4356803894043,40.9533909581027,0.7053993477631625,3,-2.207539397364453,0.6026093155266194,0.5758933041713601,False,True,0.34613517877875694,major_maintenance,True,1.0,d381d779c71778a8fded1cb71e4ef41ba3ff3b40f30d72ab12e879f81a5baa0d
full_orchestra,11,case_11_0124_cycle_031,case_11_0124,31,motion_instability,48.67005193367057,37.42782211303711,37.42782211303711,0.603720485748078,3,-1.6520268743007793,0.586922975014137,0.5861641208762384,False,True,0.16853817657447992,major_maintenance,False,0.0,c9b98aff3f78cd6193614d1aeb4e54f93ec05ef1c90c00f4d9413251ce7c00a9
full_orchestra,11,case_11_0124_cycle_032,case_11_0124,32,motion_instability,51.26095334501674,46.22225570678711,46.22225570678711,0.5855774454902206,2,-0.5657492514371985,0.3245611589941238,0.24987217925278776,False,False,0.31781791073910376,minor_maintenance,False,0.0,3609e11fe8719e35687d679a24cc3d99be5c376fd4c1e143b605d9f6141291de
full_orchestra,11,case_11_0124_cycle_033,case_11_0124,33,motion_instability,48.31024291524387,50.862632751464844,44.34601655159646,0.7273540674218372,3,-1.6956188452706271,0.6166298909795471,0.5964017080528963,False,True,0.16425482591182913,major_maintenance,False,0.0,3bbe2aa94f12db84a083e15a4c63834c58d4f2c9bb888cbc3fba7b7d7783b727
full_orchestra,11,case_11_0124_cycle_034,case_11_0124,34,motion_instability,55.17727980134348,40.99383544921875,40.99383544921875,0.6661205913621838,3,-0.7423005385154005,0.6221805628286173,0.5717420412609401,False,False,0.18760275132456783,major_maintenance,False,0.0,2ae54bc1e8a66d122a0f24f7d73fb6c44d0cfbdfe79545493d3c230ea4441c80
full_orchestra,11,case_11_0124_cycle_035,case_11_0124,35,motion_instability,57.796159208675846,48.27195739746094,48.27195739746094,0.6124841008184942,3,-0.7422281638561837,0.612122744503079,0.5608899753772962,False,False,0.19650694130949786,major_maintenance,False,0.0,23b4739180f6855cf69d97ba049fd5660beaebb572ff0ad6f7dde00de5d3791b
full_orchestra,11,case_11_0124_cycle_036,case_11_0124,36,motion_instability,55.18607100082862,41.970237731933594,41.970237731933594,0.5743557285390309,2,-0.6271863895419577,0.31758407417540135,0.2462350443378618,False,False,0.34215364020513744,minor_maintenance,False,0.0,ab7ea89f5f91bab39875a0cd45b41c43fe35e710b5d260ed861f5b183756358f
full_orchestra,11,case_11_0124_cycle_037,case_11_0124,37,motion_instability,58.65194878452804,42.5799446105957,42.5799446105957,0.6137508885525074,3,-0.8153063292543187,0.6561461959729377,0.5860595279953987,False,False,0.1994166258673953,major_maintenance,False,0.0,500c0bce0dd2dd1b4d613dc09759a7afab8843010ae17b3174977c27021cb75a
full_orchestra,11,case_11_0124_cycle_038,case_11_0124,38,motion_instability,60.90975112746712,49.29065704345703,49.29065704345703,0.656770205295854,3,-0.8109989156192419,0.6215932875024827,0.5870132947777708,False,False,0.20709315383338817,major_maintenance,False,0.0,352bd3ef8703ef77e8dc0280bc387c31074b321e2050bd599126f31deee2f39c
full_orchestra,11,case_11_0124_cycle_039,case_11_0124,39,motion_instability,57.904329190814444,40.37683868408203,42.440114913449904,0.7388394812689685,3,-0.8235965090915494,0.6455770878564753,0.5957116766230269,False,False,0.1968747192487691,major_maintenance,False,0.0,66d1ee4a55e89b8d93b828d06238d28cae13b1c182493989ada9cb4548d7e619
full_orchestra,11,case_11_0127_cycle_000,case_11_0127,0,normal,9.093785327161488,13.513065338134766,13.513065338134766,0.36053122950130556,1,0.5621800514753802,0.08434182346196717,0.06733279600512085,False,False,0.0818440679444534,inspect,False,1.0,32da547677e524d25f084f7a1c4e5111d2ef940b3714bbdf54c473cd488e8577
full_orchestra,11,case_11_0127_cycle_001,case_11_0127,1,normal,9.814304258287859,14.442984580993652,14.442984580993652,0.4199994706789628,1,0.5122118434682297,0.08079062770281781,0.06838924156666966,False,False,0.09642873832459074,inspect,False,2.0,ba33f2dcbe9d426b3b48894a079bc5522e40759387328f90a043b42d7b567b6f
full_orchestra,11,case_11_0127_cycle_002,case_11_0127,2,normal,9.119350458506565,16.359895706176758,16.359895706176758,0.6518658401849544,3,-1.198534637943829,0.5297201024485999,0.574571605988399,False,True,0.037125791558922316,major_maintenance,False,0.0,e05bff615d95718a2a7f0acac0348e27a39cb05ce7ad5680ae0bfbde50c3c1fe
full_orchestra,11,case_11_0127_cycle_003,case_11_0127,3,normal,9.615487333678415,13.439544677734375,13.439544677734375,0.4284500080405065,2,-0.691884803472654,0.2487448546800159,0.25003047897517944,False,True,0.059616021468806166,minor_maintenance,False,0.0,deb7b76d75b52beaa9a701c3ee47f43d264806f45712fced8015fb29df7b6631
full_orchestra,11,case_11_0127_cycle_004,case_11_0127,4,normal,12.091601058395208,14.323040008544922,14.323040008544922,0.47397897612286743,2,-0.7517328228688716,0.2592893683754543,0.24555353548604542,False,True,0.07496792656205029,minor_maintenance,False,0.0,4884aafa7e78f78b2a08ec57908c656036c51b525d5728920e47d26472ca70fb
full_orchestra,11,case_11_0127_cycle_005,case_11_0127,5,normal,9.043861843042771,13.426773071289062,13.426773071289062,0.3486161173754327,1,0.5610660578972473,0.08666183919558841,0.06974426942336819,False,False,0.08139475658738494,inspect,False,1.0,67eb1bcd07a3fb3b08dea2c71b0bceaf1d7d955744edd74705b9da5494a55baf
full_orchestra,11,case_11_0127_cycle_006,case_11_0127,6,normal,11.15801193043384,14.367890357971191,14.367890357971191,0.3341236256362599,1,0.4737724071171133,0.09802894850124295,0.06564222301811368,False,False,0.10852210737390458,inspect,False,2.0,437f54b9c3caf3713f3d93baa56e0786035fef49c59f92cad8bfd603642b83eb
full_orchestra,11,case_11_0127_cycle_007,case_11_0127,7,normal,12.068206396228467,13.963323593139648,13.963323593139648,0.47113666178973884,2,-0.7875415305757653,0.26411027205920223,0.24351515034781585,False,True,0.08598287965661651,minor_maintenance,False,0.0,ddbdb0e0c21e2a8d1a5b4e46c9403a1d8faf45ce0e2f67dff2780b0c15baf273
full_orchestra,11,case_11_0127_cycle_008,case_11_0127,8,normal,9.562200588433651,19.184690475463867,19.184690475463867,0.367625430770404,1,0.5367171628820251,0.09607967390263805,0.06734991589008443,False,False,0.08605980529590286,inspect,False,1.0,5a0f451605fac7e10273e30a17b43a3b2010196a0060e6e4d7e288249035a82c
full_orchestra,11,case_11_0127_cycle_009,case_11_0127,9,normal,11.996111369097045,13.628531455993652,13.628531455993652,0.5097125916028722,2,-0.8132260177583521,0.29386938943696894,0.25379008514468404,False,True,0.07995589048840168,minor_maintenance,False,0.0,112112ddaa41d783d8ea67054e4a911c96ae99a81168a5692afb3bac7303217d
full_orchestra,11,case_11_0127_cycle_010,case_11_0127,10,normal,12.46678195040568,13.55851936340332,13.55851936340332,0.4237888266731839,2,-0.7948345363311015,0.2967243879325162,0.2533246001500776,False,True,0.07729404809251522,minor_maintenance,False,0.0,6b6a5af43264856b11b847681248d776aa32caa6598a8fd57230e94733348916
full_orchestra,11,case_11_0127_cycle_011,case_11_0127,11,normal,8.649073593023196,13.591327667236328,13.591327667236328,0.526293619311204,2,-0.7470967846436893,0.29878008691482366,0.2606248575024422,False,True,0.05362425627674382,minor_maintenance,False,0.0,724c0179753a677c6f8414bfe179bc127672752e98c59cf62b6bed09a67bb6b1
full_orchestra,11,case_11_0127_cycle_012,case_11_0127,12,normal,11.0523209696708,13.272476196289062,13.272476196289062,0.4932095957026142,2,-0.7683820631318754,0.28641152157407135,0.2530199152081687,False,True,0.06852439001195897,minor_maintenance,False,0.0,0add92249179b98a3ab463a07b6846b2d772e6b5e1304f2938d0a8a7cb341657
full_orchestra,11,case_11_0127_cycle_013,case_11_0127,13,normal,12.491241963619627,13.811444282531738,13.811444282531738,0.3599824725813337,1,0.4431956289103337,0.11076641614132854,0.0684713138042597,False,False,0.11242117767257664,inspect,False,1.0,a1a70c12b49883bcc34762e2217c66fc681d0bb4282b06c7b68913f24f746b75
full_orchestra,11,case_11_0127_cycle_014,case_11_0127,14,normal,11.466495098044483,13.618408203125,13.618408203125,0.4145159196436663,1,0.43642450571561364,0.11154130650611407,0.06995179023065164,False,False,0.11129845588240035,inspect,False,2.0,05e0fb317b3e66ac735cb952f466b76f9a63197fd6eab0016b9238cea7643451
full_orchestra,11,case_11_0127_cycle_015,case_11_0127,15,normal,11.01031183396035,19.464839935302734,19.464839935302734,0.4461031132032605,2,-0.8185219567205918,0.30265304686129085,0.26335205345893675,False,True,0.07942393337055417,minor_maintenance,False,0.0,c7539d47dded41bed5d600ef79071b265154244b5f2712cfcab3c9be9e0a8b8e
full_orchestra,11,case_11_0127_cycle_016,case_11_0127,16,normal,11.050828474659605,16.715211868286133,16.715211868286133,0.3610202083603494,1,0.48060191762987264,0.110439109474894,0.07054196603171455,False,False,0.09945745627193645,inspect,False,1.0,e65ade7de090ef31c52ffb66998da38a2812d80b97b012c24088b4601ae1a48d
full_orchestra,11,case_11_0127_cycle_017,case_11_0127,17,normal,13.464029290126685,15.626702308654785,15.626702308654785,0.3536880742979642,1,0.3867285008429139,0.1165088141470361,0.0698508537899185,False,False,0.1292762636111402,inspect,False,2.0,ece5e8f2fd80bd9422d7f05088dd267c1184102e059457560d1a7ea31c7398cd
full_orchestra,11,case_11_0127_cycle_018,case_11_0127,18,normal,9.831022033707217,15.22887134552002,15.22887134552002,0.4143461276575416,1,0.4556660545737475,0.11304591695495311,0.06887314301571666,False,False,0.10467919830336496,inspect,False,3.0,4257461820877e67765e931a018299f1f2d98add23e64b297e148fc99748beaf
full_orchestra,11,case_11_0127_cycle_019,case_11_0127,19,normal,13.087850972442611,14.302374839782715,14.302374839782715,0.5617977382190795,2,-0.9061018719532361,0.3213278771291371,0.25856288250475545,False,True,0.0978846760291442,minor_maintenance,False,0.0,deae10018794d06a6ebf1998eb8576be8c6ac74750c78d71ce3576a8a068d5e4
full_orchestra,11,case_11_0127_cycle_020,case_11_0127,20,normal,12.326781821510794,14.516803741455078,14.516803741455078,0.372225186546471,1,0.4327679315498425,0.12241703842307079,0.07019767858040582,False,False,0.11094103639359715,inspect,False,1.0,6e0f782f6de07cce8fa9d1847e1f93abd81f6519d0720aa8932a6128231506f4
full_orchestra,11,case_11_0127_cycle_021,case_11_0127,21,normal,13.86523214117375,13.769280433654785,13.769280433654785,0.41990074576240416,1,0.36327363313699923,0.11674623536069488,0.07291718978281757,False,False,0.13288708927056375,inspect,False,2.0,41c0ad4c4fa325344465b3d09651f86fad97486184f16390b9bea1fbfb3fc7b4
full_orchestra,11,case_11_0127_cycle_022,case_11_0127,22,normal,14.73194812531874,25.991943359375,25.991943359375,0.6809207055635853,3,-1.3296993090065456,0.6122750145049815,0.5583253972359689,False,True,0.05620862362608371,major_maintenance,False,0.0,97e7f416eaee8513c62acfe88b83d3a04c58260f530f2eeb0f4e9a7dbf22f58b
full_orchestra,11,case_11_0127_cycle_023,case_11_0127,23,normal,14.939873221602168,16.090351104736328,16.090351104736328,0.3997701605488646,1,0.3650100685256847,0.11468112761607509,0.07120837849081511,False,False,0.1344588589944195,inspect,False,1.0,102e58d152b4dc1b2bb59e4a3a6513883479441eab2382e82388a274cb4e7a16
full_orchestra,11,case_11_0127_cycle_024,case_11_0127,24,normal,17.773772662274805,14.329330444335938,14.329330444335938,0.4370542038665278,2,-0.9672873988468913,0.34404789583144063,0.2629365011464501,False,True,0.1157773905061038,minor_maintenance,False,0.0,d3e7c21f7eb4a41d399e2225139e246155ced4dae39a83b7ca68097cbffcca1a
full_orchestra,11,case_11_0127_cycle_025,case_11_0127,25,normal,13.92150735792006,19.765743255615234,19.765743255615234,0.3327392270953782,1,0.4051548391137585,0.11332215560598397,0.0696642781901364,False,False,0.12529356622128054,inspect,False,1.0,38e590e6d8d8696501ba91f737a2cace99d975b00c96da5655138f083d1e63f3
full_orchestra,11,case_11_0127_cycle_026,case_11_0127,26,normal,15.520091057311172,13.678788185119629,13.678788185119629,0.48202712274856924,2,-0.9242525559589331,0.33817404344865526,0.2604509380400058,False,True,0.10180456455532927,minor_maintenance,False,0.0,8f5048b3a2e57dbb465748658cdb8bd3ff2c20fbf243e0e6a511504658b39dc9
full_orchestra,11,case_11_0127_cycle_027,case_11_0127,27,normal,14.724185602794131,13.57323169708252,13.57323169708252,0.4897662321831616,2,-0.8787035170030526,0.3290854391184789,0.2528541135564108,False,True,0.09128995073732361,minor_maintenance,False,0.0,2dce3b521dfceb61896b52aa82434639069b3a87eeeb1150608a01cd74053283
full_orchestra,11,case_11_0127_cycle_028,case_11_0127,28,normal,15.782589194714589,13.622868537902832,13.622868537902832,0.3332270826171514,1,0.35989582717625745,0.10931656333741321,0.06834204854557836,False,False,0.1420433027524313,inspect,False,1.0,5c5f529f59239f3798155e4dbc35d69a2e79d1590fc57b27e3ba0e42887ad8d7
full_orchestra,11,case_11_0127_cycle_029,case_11_0127,29,normal,12.791899380098059,15.162694931030273,15.162694931030273,0.3857376132617545,1,0.40527215360370056,0.11130472777601023,0.06985149171047297,False,False,0.12322709442088255,inspect,False,2.0,e4911b7b0c479fb07d1f19548fb9231eb661d1393cc8f08942dd5ec32ed2279d
full_orchestra,11,case_11_0127_cycle_030,case_11_0127,30,normal,14.790498319238262,13.74718189239502,13.74718189239502,0.5644384118876227,2,-0.910382215216394,0.31828659832548994,0.24855823296241109,False,True,0.10286108957927724,minor_maintenance,False,0.0,850e2f75dd8059fcb4041bac9e7354189dfbf449a366b5d8c62be41a79f6ad18
full_orchestra,11,case_11_0127_cycle_031,case_11_0127,31,normal,12.714881871122818,14.896183013916016,14.896183013916016,0.43548065664369706,2,-0.8073573653420859,0.3045566257900054,0.25122729781580183,False,True,0.07883226760096147,minor_maintenance,False,0.0,5e350c533990038083b6ac59dbe778e00318d5f9507d32a2c111ee7fcbb46cdb
full_orchestra,11,case_11_0127_cycle_032,case_11_0127,32,normal,12.961512935090752,13.539461135864258,13.539461135864258,0.3555243973704684,1,0.4289921609821379,0.1118554299482572,0.06982862527073048,False,False,0.11665361641581677,inspect,False,1.0,d68cf3d4ff35337fd824260a0f8ea77e2cc92b2214f448b94436e957cdabcafb
full_orchestra,11,case_11_0127_cycle_033,case_11_0127,33,normal,13.020779910694413,13.428826332092285,13.428826332092285,0.6419880781188818,3,-1.2713411969289459,0.581022074962741,0.5650361939491119,False,True,0.047330651696361005,major_maintenance,False,0.0,500e6ad3a5625e4312a4687cd374c2c859f698dfc9cf89c976138a61a9e1efdb
full_orchestra,11,case_11_0127_cycle_034,case_11_0127,34,normal,18.00947646915654,15.760906219482422,15.760906219482422,0.38494809166727934,1,0.2956136276520357,0.10420464295739848,0.07022956371655922,False,False,0.16208528822240884,inspect,False,1.0,644d2884cd2afc1188a54a8b187408dbced15abe333160edf9e7ae7f00601200
full_orchestra,11,case_11_0127_cycle_035,case_11_0127,35,normal,15.053019141974097,15.179224014282227,15.179224014282227,0.5478860458095663,2,-0.8765695164192318,0.29680478075777184,0.2510695909366335,False,True,0.09890871868023941,minor_maintenance,False,0.0,b4064d1e26231c4ccd72842a911cfa503a3e62d1572111b67a5faf01968897d6
full_orchestra,11,case_11_0127_cycle_036,case_11_0127,36,normal,13.7410691517273,15.982902526855469,15.982902526855469,0.41671764189981264,1,0.41638193757607894,0.09606257181180008,0.06754872153813982,False,False,0.12366962236554571,inspect,False,1.0,1b511a4124e0832acf76fcac74b1e107960b60b1b85cc1526fb8e53841c4c967
full_orchestra,11,case_11_0127_cycle_037,case_11_0127,37,normal,14.973692552477921,13.738360404968262,13.738360404968262,0.30495695805294853,1,0.37489997272871817,0.0968491652297562,0.06739702427084936,False,False,0.1428632329723013,inspect,False,2.0,36902797086ac868d06aca82c9f76c5e4f18e84c3ee9dd91ca15ae83836c8e39
full_orchestra,11,case_11_0127_cycle_038,case_11_0127,38,normal,14.9935729220707,22.60063934326172,22.60063934326172,0.3949997122524187,1,0.3280585939320575,0.10313679819682402,0.07016022767168352,False,False,0.1511421562986363,inspect,False,3.0,1b65a07b22b1ff84f87bfe3bce98425773b29aa5d36d42d326332fbfcf366b10
full_orchestra,11,case_11_0127_cycle_039,case_11_0127,39,normal,15.010860167591,17.9466495513916,17.9466495513916,0.5010713857011306,2,-0.8822576517252901,0.27398619420930376,0.25461093817953007,False,True,0.10980733303906422,minor_maintenance,False,0.0,9a8eaa214c8216a326366fc8e39cc34e564a499715d5d33ddba34cc61e1fb1d1
