policy,seed,episode,record_id,case_id,cycle,scenario,maintenance_urgency_score,predicted_urgency,orchestra_urgency,uncertainty,action,reward,downtime,cost,failure,unnecessary,risk_after_action,action_name,resource_blocked,maintenance_age,audit_hash
ppo_trained,11,0,case_42_0028_cycle_000,case_42_0028,0,normal,8.422249724725603,13.86052417755127,13.86052417755127,0.38654687065346366,0,1.5893504776602123,0.0,0.0,False,False,0.08422249724725603,do_nothing,False,1.0,f763844e308490ca515f255099e40490e549adfa841ee0a4be9ee2694591c028
ppo_trained,11,0,case_42_0028_cycle_001,case_42_0028,1,normal,10.330653872196384,13.391736030578613,13.391736030578613,0.4290848432111671,0,1.4537176573524335,0.0,0.0,False,False,0.12730653872196385,do_nothing,False,2.0,fe4c8d02daffca9b3dfd32abba764899b14272d6e21481476ee037ec2a9d889c
ppo_trained,11,0,case_42_0028_cycle_002,case_42_0028,2,normal,10.959359188215329,14.014866828918457,14.014866828918457,0.44600547519755934,0,1.3603184030739062,0.0,0.0,False,False,0.1575935918821533,do_nothing,False,3.0,99e0995f4d1cb6d4a39a9e2b22c708e759599f5b91485a1082545718d89aec59
ppo_trained,11,0,case_42_0028_cycle_003,case_42_0028,3,normal,11.572835928187917,13.692414283752441,13.692414283752441,0.3373864117626578,0,1.2862069603899637,0.0,0.0,False,False,0.18772835928187917,do_nothing,False,4.0,2cce503fc63bd397166f1266b8699d84a162341615d90df63178a4d59e956f72
ppo_trained,11,0,case_42_0028_cycle_004,case_42_0028,4,normal,11.476624282209508,13.197997093200684,13.197997093200684,0.3427276048856834,0,1.2162921308008623,0.0,0.0,False,False,0.2107662428220951,do_nothing,False,5.0,4b7f802be715765ca763e00b5fc23dc16206808f3f1616202b072901843a9303
ppo_trained,11,0,case_42_0028_cycle_005,case_42_0028,5,normal,8.345059558075363,13.34100341796875,13.34100341796875,0.6203933351915047,0,0.2965892129790134,0.0,0.0,False,False,0.20345059558075362,do_nothing,False,6.0,cf2b54f66e64b6bc595f6038674b1d1b352d076e34f36ca3adc67dd829bca81f
ppo_trained,11,0,case_42_0028_cycle_006,case_42_0028,6,normal,8.710629556474581,13.383564949035645,13.383564949035645,0.4488689604256665,0,1.1393507692419127,0.0,0.0,False,False,0.2311062955647458,do_nothing,False,7.0,3b6b826073feaeebadde984bc4c8a27fcb076c9628f8efb8113844313ef6ef6d
ppo_trained,11,0,case_42_0028_cycle_007,case_42_0028,7,normal,9.755662883112226,13.529280662536621,13.529280662536621,0.3283852843012785,0,1.0540723208614413,0.0,0.0,False,False,0.2655566288311223,do_nothing,False,8.0,8f92310b33ccf1b48d14f405a10d6ee579c14fbf9b7e235a9d97f2dc55463bec
ppo_trained,11,0,case_42_0028_cycle_008,case_42_0028,8,normal,10.883337910544123,15.702510833740234,15.702510833740234,0.3052206694602798,0,0.9517167622646342,0.0,0.0,False,False,0.3008333791054413,do_nothing,False,9.0,6019c799b3422e8edb408d4fa166e692e46bef8f5a053117705b9761ded99619
ppo_trained,11,0,case_42_0028_cycle_009,case_42_0028,9,normal,15.428460851919423,13.402923583984375,13.402923583984375,0.35727060385637494,0,0.7355555838639611,0.0,0.0,False,False,0.3702846085191942,do_nothing,False,10.0,a7f6b0336ce19df50b9815e9139699e5d2b804d9792a7cf1b7f0d6dc74760b79
ppo_trained,11,0,case_42_0028_cycle_010,case_42_0028,10,normal,11.578437675730232,13.810792922973633,13.810792922973633,0.491787067701166,0,-0.14112119042708193,0.0,0.0,False,False,0.35578437675730235,do_nothing,False,11.0,2af6ff46b903ed8c22614638b903441dfda9f84f12639820f2b68b51f48aa1b7
ppo_trained,11,0,case_42_0028_cycle_011,case_42_0028,11,normal,11.201346825229978,13.47592830657959,13.47592830657959,0.5431680911356419,0,-0.20951561842724553,0.0,0.0,False,False,0.37601346825229975,do_nothing,False,12.0,45021bab049776bc9518e0e51a43a65d3f180faba254c746e9868758f43595e5
ppo_trained,11,0,case_42_0028_cycle_012,case_42_0028,12,normal,11.538294634935529,13.326764106750488,13.326764106750488,0.3016805578688469,0,0.644599077271607,0.0,0.0,False,False,0.4033829463493553,do_nothing,False,13.0,1fafc7f7a427bbe0850afa39d2bc90bc88ab94e7a2bed723227f372a49837934
ppo_trained,11,0,case_42_0028_cycle_013,case_42_0028,13,normal,13.303716848262287,13.325064659118652,13.325064659118652,0.3112551587934908,0,0.5182002207331078,0.0,0.0,False,False,0.44503716848262287,do_nothing,False,14.0,4ff53e0a9b8bcc3bbfe67fc5350e75ad790f8fb9e2940ca89e002aa21eea3937
ppo_trained,11,0,case_42_0028_cycle_014,case_42_0028,14,normal,11.434707771286012,13.320038795471191,13.320038795471191,0.29230907103916837,0,0.5051124062055443,0.0,0.0,False,False,0.45034707771286014,do_nothing,False,15.0,42d5a1f176ae61eb90d78a3ac25b392dfc3c119658cff41b53eb9ba79f09efe3
ppo_trained,11,0,case_42_0028_cycle_015,case_42_0028,15,normal,11.70121149495231,13.398782730102539,13.398782730102539,0.3559863134880352,0,0.4155657081282255,0.0,0.0,False,False,0.47701211494952306,do_nothing,False,16.0,f9745f4dbdd10d78d6ea6aa2f8a575051a8627a18572f165530c1d67eb7833e8
ppo_trained,11,0,case_42_0028_cycle_016,case_42_0028,16,normal,15.353986859731064,13.633878707885742,13.633878707885742,0.6422753380205096,0,-0.7089609064950082,0.0,0.0,False,False,0.5375398685973106,do_nothing,False,17.0,7dd84be8c6986ece037a90e44422c75f8698c34ee782aefc1ccc68735b0e5725
ppo_trained,11,0,case_42_0028_cycle_017,case_42_0028,17,normal,11.853345546537492,14.335265159606934,14.335265159606934,0.28704141677889283,0,0.27734342108704146,0.0,0.0,False,False,0.5265334554653749,do_nothing,False,18.0,6358975d184ffe4898d9c86e10b7d51487c91e5aac41bf06e602bb9148490cff
ppo_trained,11,0,case_42_0028_cycle_018,case_42_0028,18,normal,12.402665629205845,13.739541053771973,13.739541053771973,0.47587705441986955,0,-0.7394615270391556,0.0,0.0,False,False,0.5560266562920584,do_nothing,False,19.0,f295649b06a967c5f750fa76be4d1531f6726e79ae0566f313bc7d819784b50f
ppo_trained,11,0,case_42_0028_cycle_019,case_42_0028,19,normal,13.444006995465607,15.701550483703613,15.701550483703613,0.5842501595585068,0,-0.8589577337977444,0.0,0.0,False,False,0.5904400699546561,do_nothing,False,20.0,fc70f5a61179c90464aa470a9f91cd48c3a19dd844e91b7feace39c7c2a1ae33
ppo_trained,11,0,case_42_0028_cycle_020,case_42_0028,20,normal,10.700259770405934,13.587884902954102,13.587884902954102,0.3580760909895093,0,0.08528079323939552,0.0,0.0,False,False,0.5870025977040594,do_nothing,False,21.0,aa67d7645031dcb6df482a8932e399750ead5972584d89cd8fe510771b0b5d26
ppo_trained,11,0,case_42_0028_cycle_021,case_42_0028,21,normal,12.818896385637352,13.537476539611816,13.537476539611816,0.4399480754061473,0,-0.06255910288004285,0.0,0.0,False,False,0.6321889638563736,do_nothing,False,22.0,e2bed2dffe1c1dd55bc9969d9bcaa6b1ae8cc297ab42fafacdb4e05e479dc650
ppo_trained,11,0,case_42_0028_cycle_022,case_42_0028,22,normal,12.939687780070571,13.798564910888672,13.798564910888672,0.3604026532908524,0,-0.12625103139574512,0.0,0.0,False,False,0.6573968778007058,do_nothing,False,23.0,fc49080defb5aae26c9ddd7e6dac4c651c538cab1ddd615bbe09fe65eb6b97e6
ppo_trained,11,0,case_42_0028_cycle_023,case_42_0028,23,normal,15.13637656646695,13.493847846984863,13.493847846984863,0.4316002294970276,0,-0.27483133141856275,0.0,0.0,False,False,0.7033637656646695,do_nothing,False,24.0,a6ad088e2a4b8c10717803cb60f5dd6e8ef8372bf87f005c769630db5a1d21db
ppo_trained,11,0,case_42_0028_cycle_024,case_42_0028,24,normal,11.017455240772527,13.4813232421875,13.4813232421875,0.30684091614364006,0,-0.204549794644722,0.0,0.0,False,False,0.6861745524077253,do_nothing,False,25.0,6db642ca5ab21a8728b939a75fbdea23fa10de316c10c69397d0315681e881a6
ppo_trained,11,0,case_42_0028_cycle_025,case_42_0028,25,normal,12.670650950248415,13.181565284729004,13.181565284729004,0.396732555356407,0,-0.33962941181091344,0.0,0.0,False,False,0.7267065095024842,do_nothing,False,26.0,78cb087f78594bddc5540286466bc9cb8c0cde6280b3f88e4e11121f590488c0
ppo_trained,11,0,case_42_0028_cycle_026,case_42_0028,26,normal,16.968831936119965,13.557008743286133,13.557008743286133,0.3708024000076774,0,-0.5366853180847505,0.0,0.0,False,False,0.7936883193611997,do_nothing,False,27.0,aba7861ff1e137ae4f335aaec9f16a3ccb233ddee87d2ff6e1e8c82671c54da4
ppo_trained,11,0,case_42_0028_cycle_027,case_42_0028,27,normal,14.137938390554595,20.480831146240234,20.480831146240234,0.3709644163662447,0,-0.5237828141715747,0.0,0.0,False,False,0.789379383905546,do_nothing,False,28.0,dd17a600214011b8fcc822143b6f95eeb59a9c0610a2e4b740c724317440b374
ppo_trained,11,0,case_42_0028_cycle_028,case_42_0028,28,normal,14.976630843704603,13.616629600524902,13.616629600524902,0.2977973905845815,0,-45.60996853389883,0.0,0.0,True,False,0.8217663084370461,do_nothing,False,29.0,8cad7f0e1703ec90ba5c2b2aa89b89578747c6cc33d0016b74782b7b6536293c
ppo_trained,11,0,case_42_0028_cycle_029,case_42_0028,29,normal,13.083172730990306,13.193942070007324,13.193942070007324,0.484659968909741,0,-46.55319417726617,0.0,0.0,True,False,0.8268317273099031,do_nothing,False,30.0,6538a3592fd480233ef3b1873977a1236bad8e83a0d41560d0673913b85a1965
ppo_trained,11,0,case_42_0028_cycle_030,case_42_0028,30,normal,12.623700210971858,13.961959838867188,13.961959838867188,0.43429211065860407,0,-45.703854822927944,0.0,0.0,True,False,0.8462370021097185,do_nothing,False,31.0,b29122fa76c47a2bd79dc69b5e2f135688f787f3b679ed0ed7a93cfb85465c49
ppo_trained,11,0,case_42_0028_cycle_031,case_42_0028,31,normal,15.887068831918446,13.197997093200684,13.197997093200684,0.3489611844294605,0,-45.860956242621974,0.0,0.0,True,False,0.9028706883191845,do_nothing,False,32.0,68f65bb343524445cc74eafa411bf8f4cca273a60e56ad402c15d858b9d52cce
ppo_trained,11,0,case_42_0028_cycle_032,case_42_0028,32,normal,16.10390470805046,13.389060974121094,13.389060974121094,0.3978013535939742,0,-45.94678734428061,0.0,0.0,True,False,0.9290390470805047,do_nothing,False,33.0,6be48f2872622e0c01ee700efd260bc2fc04e43395fda1984d1798b05b6ea213
ppo_trained,11,0,case_42_0028_cycle_033,case_42_0028,33,normal,17.73214710263671,13.276495933532715,13.276495933532715,0.49462147690144687,0,-46.98215763461432,0.0,0.0,True,False,0.9693214710263671,do_nothing,False,34.0,19edd716f901f5b61187e34464a8bbff7c6e3c22b3586a89311a67a54e75ec3f
ppo_trained,11,0,case_42_0028_cycle_034,case_42_0028,34,normal,15.29798885724423,14.572169303894043,14.572169303894043,0.3017868276611469,0,-46.0522076898665,0.0,0.0,True,False,0.9689798885724423,do_nothing,False,35.0,676fb609362180d00724e4a13a21e7d1113a3b54a65f92950e1af2c6f7f44587
ppo_trained,11,0,case_42_0028_cycle_035,case_42_0028,35,normal,14.344762275671407,17.242036819458008,17.242036819458008,0.30010021583393354,0,-46.09535790064523,0.0,0.0,True,False,0.9834476227567142,do_nothing,False,36.0,e06139011ac263d2924904822727f100634cac4a02a47eb305446bf03fc5cdca
ppo_trained,11,0,case_42_0028_cycle_036,case_42_0028,36,normal,17.35698306794542,14.786107063293457,14.786107063293457,0.40059199128502704,0,-46.27279829073112,0.0,0.0,True,False,1.037569830679454,do_nothing,False,37.0,db1e279f39ee8df84cdd97986efee8fc63dffe8c7d46f9fa7aaa8d4b80e6171e
ppo_trained,11,0,case_42_0028_cycle_037,case_42_0028,37,normal,15.410399165100328,13.2166109085083,13.2166109085083,0.3447335097087945,0,-46.27802200140933,0.0,0.0,True,False,1.0421039916510033,do_nothing,False,38.0,b200f7732cfaefaf351f3e34044d9fbb388f9704c0067c609e4dc5838bbbc3d1
ppo_trained,11,0,case_42_0028_cycle_038,case_42_0028,38,normal,15.249298591556038,14.799962997436523,14.799962997436523,0.3306936509576896,0,-46.34308300539033,0.0,0.0,True,False,1.0644929859155603,do_nothing,False,39.0,885ff776d4ef3a4cabd63333ef8a55a00814402b2fdbd8cffaa113becf97f5de
ppo_trained,11,0,case_42_0028_cycle_039,case_42_0028,39,normal,13.278019526478701,13.382883071899414,13.382883071899414,0.391714062334734,0,-46.36509769514457,0.0,0.0,True,False,1.068780195264787,do_nothing,False,40.0,bc1ec9c38e6fff9bc39df83855330fe00e25aea795207363ec9da5cdc21ad841
ppo_trained,11,1,case_42_0033_cycle_000,case_42_0033,0,focal_drift,20.03903711838545,26.042274475097656,26.042274475097656,0.419104167078021,0,1.2359632613867335,0.0,0.0,False,False,0.2003903711838545,do_nothing,False,1.0,1de8645cf57858a3576373d3895f8d462b59684b791d0aa066ba5911096f9de4
ppo_trained,11,1,case_42_0033_cycle_001,case_42_0033,1,focal_drift,16.615971486620662,18.700870513916016,18.700870513916016,0.4654138841780757,0,0.35970877277466884,0.0,0.0,False,False,0.19015971486620661,do_nothing,False,2.0,04c4f3830eb0a95c850578d4d299debf37a8f777819ce99f6364a0c25283cc4d
ppo_trained,11,1,case_42_0033_cycle_002,case_42_0033,2,focal_drift,19.003865127984064,14.98110294342041,14.98110294342041,0.4331276634245015,0,1.120914896646803,0.0,0.0,False,False,0.23803865127984064,do_nothing,False,3.0,b4e996ab258f79abebacbee9cbec8107045e25e5f95491d464d77f9d0a864245
ppo_trained,11,1,case_42_0033_cycle_003,case_42_0033,3,focal_drift,19.164443705178407,14.707727432250977,14.707727432250977,0.38028675817940744,0,1.0520236751177365,0.0,0.0,False,False,0.2636444370517841,do_nothing,False,4.0,c84d7bbc7587cedc2e96a5eba4a2205fb440d52bb708f0ff634fbedabc8a81c7
ppo_trained,11,1,case_42_0033_cycle_004,case_42_0033,4,focal_drift,19.786140568472018,22.10711669921875,22.10711669921875,0.36882694191526527,0,0.9630917416585496,0.0,0.0,False,False,0.2938614056847202,do_nothing,False,5.0,cc851da55eafc086c99978fb9083fc0fb9c0952ffa3388b8d73e2daa5c2bfc86
ppo_trained,11,1,case_42_0033_cycle_005,case_42_0033,5,focal_drift,19.283603799256138,27.809507369995117,27.809507369995117,0.30042315454120827,0,0.9164284128411347,0.0,0.0,False,False,0.3128360379925614,do_nothing,False,6.0,9fd17e2763e5bd57fc31f564639ef1e3023cc400729b91b304de0da912a7ef5b
ppo_trained,11,1,case_42_0033_cycle_006,case_42_0033,6,focal_drift,22.030551123943773,19.861597061157227,19.861597061157227,0.33509192959550116,0,0.7568196768423617,0.0,0.0,False,False,0.3643055112394377,do_nothing,False,7.0,e451a0e92d7f01769a48d78e7a869bb1b8ffd36bac1f0a1d9ac6e969745f0f27
ppo_trained,11,1,case_42_0033_cycle_007,case_42_0033,7,focal_drift,22.75947684065985,30.306598663330078,30.306598663330078,0.44504891356812487,0,0.6464583577449858,0.0,0.0,False,False,0.3955947684065985,do_nothing,False,8.0,43b4a130b0f859f0c8ab1ab25d1c72ad63c2f64573b75cc81878d68c6bf1c85c
ppo_trained,11,1,case_42_0033_cycle_008,case_42_0033,8,focal_drift,22.88292081739962,23.907747268676758,23.907747268676758,0.39487582723965525,0,0.5782810013920632,0.0,0.0,False,False,0.42082920817399616,do_nothing,False,9.0,37e1d4e5075fffbf764bd8c3292c661e19a05bcf1bd52216bf843d83d1bccc59
ppo_trained,11,1,case_42_0033_cycle_009,case_42_0033,9,focal_drift,24.633073628556588,20.88968849182129,20.88968849182129,0.5155356161663465,0,-0.46432255128164945,0.0,0.0,False,False,0.46233073628556587,do_nothing,False,10.0,26ad0c47907c3119174063fb148fee885548d9d626e4f0abe227b16a56eca2e3
ppo_trained,11,1,case_42_0033_cycle_010,case_42_0033,10,focal_drift,23.316880860173743,24.756629943847656,24.756629943847656,0.3104695013330075,0,0.4339231489948365,0.0,0.0,False,False,0.47316880860173743,do_nothing,False,11.0,b7ea97a839c2e8972cb60aaf5856ecaaac8d28a3f4edef5721ffe1e12c0b78f8
ppo_trained,11,1,case_42_0033_cycle_011,case_42_0033,11,focal_drift,22.085197879665042,23.305593490600586,23.305593490600586,0.42509755203918265,0,0.3816794308041712,0.0,0.0,False,False,0.48485197879665043,do_nothing,False,12.0,dc385a0a198c102ac3d7e5264289682697255b8a6e7b589d91309e3b8d1df624
ppo_trained,11,1,case_42_0033_cycle_012,case_42_0033,12,focal_drift,22.740983838188964,16.837308883666992,16.837308883666992,0.383704142074892,0,0.2962148635430971,0.0,0.0,False,False,0.5154098383818897,do_nothing,False,13.0,21f59340e5dde005630d7497a7e400fa182b89ba25a455dd4be02ace91bfee59
ppo_trained,11,1,case_42_0033_cycle_013,case_42_0033,13,focal_drift,23.979233251272696,24.196025848388672,24.196025848388672,0.45075230693639523,0,-0.7229898435786402,0.0,0.0,False,False,0.551792332512727,do_nothing,False,14.0,921b4dcacc312deb7b128c63df71416b3e14ae4dc285c8a7fdea1e77cf681737
ppo_trained,11,1,case_42_0033_cycle_014,case_42_0033,14,focal_drift,27.76687974121935,29.336748123168945,29.336748123168945,0.46213394275720027,0,-0.9103264836501606,0.0,0.0,False,False,0.6136687974121935,do_nothing,False,15.0,1ad88a5da9f5d4d60e274e87f2cd5ab44104fb2178f48e403540632cb06b2c48
ppo_trained,11,1,case_42_0033_cycle_015,case_42_0033,15,focal_drift,24.89244625050463,28.667837142944336,28.667837142944336,0.5547203684884041,0,-0.9099814427883994,0.0,0.0,False,False,0.6089244625050463,do_nothing,False,16.0,ee58c3f0db3d87793c625b941d81ab49a6b65b1da6e0a160e4b108b40d8e2bdb
ppo_trained,11,1,case_42_0033_cycle_016,case_42_0033,16,focal_drift,27.41901537752664,29.68809700012207,29.68809700012207,0.5485734172095857,0,-1.0568564739072368,0.0,0.0,False,False,0.6581901537752664,do_nothing,False,17.0,0fd40269d0f02f3a465c33a39b5eac7df83776ce11e7746f8b9fcbba80170f35
ppo_trained,11,1,case_42_0033_cycle_017,case_42_0033,17,focal_drift,27.888559206283926,30.96029281616211,30.96029281616211,0.4723736981678869,0,-1.1315128309137008,0.0,0.0,False,False,0.6868855920628393,do_nothing,False,18.0,b77b4da459b9182495de64405bab5633491c4619d147aea402108d559714e443
ppo_trained,11,1,case_42_0033_cycle_018,case_42_0033,18,focal_drift,23.89778768233811,27.928068161010742,27.928068161010742,0.4750548337388592,0,-1.084191855530972,0.0,0.0,False,False,0.6709778768233811,do_nothing,False,19.0,18fa1f7442e8f3ad7d5e1fe1353470ee5ef97ef38e600b9efb59218a967149bc
ppo_trained,11,1,case_42_0033_cycle_019,case_42_0033,19,focal_drift,26.64404863427558,19.966567993164062,19.966567993164062,0.35826314752712923,0,-0.3210609311573366,0.0,0.0,False,False,0.7224404863427558,do_nothing,False,20.0,7dd7c6963dcb7a36a3fd381d8f03d20346e69bb0d2d86ad84b5038e1e447d778
ppo_trained,11,1,case_42_0033_cycle_020,case_42_0033,20,focal_drift,24.9413890791435,21.52332305908203,21.52332305908203,0.33169790418949247,0,-0.3379963580027291,0.0,0.0,False,False,0.729413890791435,do_nothing,False,21.0,d0096a6bcdf42bf33f252777a7ddbbf696ecf62783c2588d1d57f8b4808266fc
ppo_trained,11,1,case_42_0033_cycle_021,case_42_0033,21,focal_drift,28.030540386915337,23.34917449951172,23.34917449951172,0.38323980096325416,0,-0.5104021817519481,0.0,0.0,False,False,0.7843054038691534,do_nothing,False,22.0,8242d3d37ef9294543e65276682e35184ee7546db6b92c996cd8367f90e37411
ppo_trained,11,1,case_42_0033_cycle_022,case_42_0033,22,focal_drift,27.2989678397106,42.308135986328125,42.308135986328125,0.6423708290433409,0,-1.4993246595478191,0.0,0.0,False,False,0.800989678397106,do_nothing,False,23.0,9c1c5a0a6b37583588dd4e60c563f8e117272e074fdc57bdaa56a8162dbf67a4
ppo_trained,11,1,case_42_0033_cycle_023,case_42_0033,23,focal_drift,28.815499612830457,23.27346420288086,23.27346420288086,0.23736002751551505,0,-45.656068992512246,0.0,0.0,True,False,0.8401549961283046,do_nothing,False,24.0,f47e6cb71c9c4d9b19ef7930f1f6dfb1c3b6bf6032a00d0f9138a41e5bf118cf
ppo_trained,11,1,case_42_0033_cycle_024,case_42_0033,24,focal_drift,28.009352218789086,28.29978370666504,28.29978370666504,0.39316360018892277,0,-45.72725510659201,0.0,0.0,True,False,0.8560935221878908,do_nothing,False,25.0,179c077f57097ffe392e5c5f08aa8d1f704c0a0b674edcfb517aa99bddcb66eb
ppo_trained,11,1,case_42_0033_cycle_025,case_42_0033,25,focal_drift,30.361570053480136,29.551450729370117,29.551450729370117,0.48756734815934805,0,-46.78398220382831,0.0,0.0,True,False,0.9036157005348013,do_nothing,False,26.0,54a39cbe89d7e090ea07de228f0c6af4c4252c6af2d0fd2e751a13d73e600f08
ppo_trained,11,1,case_42_0033_cycle_026,case_42_0033,26,focal_drift,34.5025409397253,23.18651580810547,23.18651580810547,0.566800925603118,0,-46.992096367032225,0.0,0.0,True,False,0.969025409397253,do_nothing,False,27.0,ec33ef03f56a919d7fde4f9cb216364cb30e312c06fbc2cbfcf26d8828b648ce
ppo_trained,11,1,case_42_0033_cycle_027,case_42_0033,27,focal_drift,32.95511290518938,28.534202575683594,28.534202575683594,0.4128602612265878,0,-46.09458242633967,0.0,0.0,True,False,0.9775511290518939,do_nothing,False,28.0,08cd670ea7c4f92b828bc9d2500b1bddafc7b1c8ba1cc3ae8bf10833c4d8d198
ppo_trained,11,1,case_42_0033_cycle_028,case_42_0033,28,focal_drift,28.613069917517908,35.39460754394531,35.39460754394531,0.474624458353385,0,-46.94558576627855,0.0,0.0,True,False,0.9581306991751791,do_nothing,False,29.0,e40704fd5df8cd477f2e5cd11f6e4c6ae7fb08b1afca52fb464f0d75c5d9cf92
ppo_trained,11,1,case_42_0033_cycle_029,case_42_0033,29,focal_drift,33.566704092892714,27.814443588256836,27.814443588256836,0.4247716974561,0,-46.2587168774052,0.0,0.0,True,False,1.031667040928927,do_nothing,False,30.0,32d235dc2bd8ea673d00a3b1790ee9cfc48de1b27e8e0c5446a2bfcef7290ca4
ppo_trained,11,1,case_42_0033_cycle_030,case_42_0033,30,focal_drift,31.67821297275874,31.895009994506836,31.895009994506836,0.5151281436641263,0,-47.18761561073238,0.0,0.0,True,False,1.0367821297275874,do_nothing,False,31.0,18180a800ecb23f7773f21dd25a9d0e26ebd836db51ddc923ae98bae41466f6b
ppo_trained,11,1,case_42_0033_cycle_031,case_42_0033,31,focal_drift,32.74670427869955,37.67161178588867,37.67161178588867,0.5739588145512546,0,-47.30049495054367,0.0,0.0,True,False,1.0714670427869954,do_nothing,False,32.0,346d1a33f772b8b2a9099d403f930d1d4e3ec68bad3660b66f15e1cb398bc828
ppo_trained,11,1,case_42_0033_cycle_032,case_42_0033,32,focal_drift,30.01207563517701,30.416545867919922,30.416545867919922,0.4207094017734818,0,-46.367468679321334,0.0,0.0,True,False,1.06812075635177,do_nothing,False,33.0,aa6b03a27daf2f16d1cc660503ab697fba49dbbf3d811884fbc52720d6344f9d
ppo_trained,11,1,case_42_0033_cycle_033,case_42_0033,33,focal_drift,28.894217332757627,28.538986206054688,28.538986206054688,0.5932505326431589,0,-47.3318140998792,0.0,0.0,True,False,1.0809421733275764,do_nothing,False,34.0,a848d8299ae642b0bd7f0ecbc103e43037f1d474f7bb7270f077ad45e093f590
ppo_trained,11,1,case_42_0033_cycle_034,case_42_0033,34,focal_drift,33.60948119806842,43.9444465637207,43.9444465637207,0.6311316204483255,0,-47.5509541790093,0.0,0.0,True,False,1.1520948119806844,do_nothing,False,35.0,80998cd302824c78f20a84a626358b5724588aaef3cf1fb39a9178742513ec2c
ppo_trained,11,1,case_42_0033_cycle_035,case_42_0033,35,focal_drift,32.60131215982099,35.402076721191406,35.402076721191406,0.5595445758575013,0,-47.581971051173255,0.0,0.0,True,False,1.1660131215982101,do_nothing,False,36.0,47f30bfeff723a245bf115900115d8bf4e919f2d2a1c005c85839e99e5ab6318
ppo_trained,11,1,case_42_0033_cycle_036,case_42_0033,36,focal_drift,34.77354423031143,30.012792587280273,30.012792587280273,0.4367911260452977,0,-46.80072499581614,0.0,0.0,True,False,1.2117354423031144,do_nothing,False,37.0,dccd54c0a3ed8d27bff82d96dba0b88ba1ecb435f0370a2f1e38d8072a237819
ppo_trained,11,1,case_42_0033_cycle_037,case_42_0033,37,focal_drift,34.79503003635751,34.03061294555664,34.03061294555664,0.5783415817829825,0,-47.79460213835817,0.0,0.0,True,False,1.2359503003635752,do_nothing,False,38.0,316b180a29ae88a983b70b5171678ae2301c2be7715b014323fe84eb6d0e3ba3
ppo_trained,11,1,case_42_0033_cycle_038,case_42_0033,38,focal_drift,30.471657392233432,31.039430618286133,31.039430618286133,0.5327849996340526,0,-47.73006747171211,0.0,0.0,True,False,1.2167165739223345,do_nothing,False,39.0,7b9d74abdc95339e7219bf2eef4daeccf1c43ce9f65bb65650046f9e32eea66a
ppo_trained,11,1,case_42_0033_cycle_039,case_42_0033,39,focal_drift,30.379716983331694,36.303550720214844,36.303550720214844,0.7424819651179692,0,-47.83076380426765,0.0,0.0,True,False,1.239797169833317,do_nothing,False,40.0,3afc7b38cdace48c10bb6e71520261f8404d9f7a6ef5e1af69df8d04072a0055
ppo_trained,11,2,case_42_0034_cycle_000,case_42_0034,0,lens_contamination,18.623277967142425,19.640729904174805,19.640729904174805,0.3545053170817337,0,1.2881258634234674,0.0,0.0,False,False,0.18623277967142424,do_nothing,False,1.0,b9c8a3c2d3cff62f9337515b5b143c3de658c5f45f6afa255aec3d89db0f7b78
ppo_trained,11,2,case_42_0034_cycle_001,case_42_0034,1,lens_contamination,19.92799668659103,28.714258193969727,28.714258193969727,0.5452188528116821,0,0.24837727148051678,0.0,0.0,False,False,0.22327996686591028,do_nothing,False,2.0,64220f3d29562db5dcb364aa7a7aa9b580b0a08fdf1cd0ea13a88461c3bc3a00
ppo_trained,11,2,case_42_0034_cycle_002,case_42_0034,2,lens_contamination,19.68474348467446,27.18057632446289,27.18057632446289,0.3952414467349719,0,1.1061714784495205,0.0,0.0,False,False,0.24484743484674462,do_nothing,False,3.0,770b8a7ea057f436e8b058836350a013291a5946ee7abe655bf7a3913935740c
ppo_trained,11,2,case_42_0034_cycle_003,case_42_0034,3,lens_contamination,19.94011035147413,21.483238220214844,21.483238220214844,0.30961964928036195,0,1.0393537420637218,0.0,0.0,False,False,0.2714011035147413,do_nothing,False,4.0,0177f99051d5da6ca7bbf8ba78b1a35f5d1856f182a518f88ade9f2adf62199f
ppo_trained,11,2,case_42_0034_cycle_004,case_42_0034,4,lens_contamination,20.526473064795507,25.99361801147461,25.99361801147461,0.47781441122361507,0,0.024533646372592505,0.0,0.0,False,False,0.30126473064795506,do_nothing,False,5.0,0a3bd42ce937a80681d00cd0f81959a8191a85ab7eb5d4745483455510277d13
ppo_trained,11,2,case_42_0034_cycle_005,case_42_0034,5,lens_contamination,23.075415888801647,24.74834442138672,24.74834442138672,0.46424400729055415,0,-0.12189907775763272,0.0,0.0,False,False,0.35075415888801653,do_nothing,False,6.0,a3034c8ee9ec05918ac6a19a668da2ea676bae5c4c902f5aafdfb64b6728b86f
ppo_trained,11,2,case_42_0034_cycle_006,case_42_0034,6,lens_contamination,20.146079865453224,38.50068283081055,38.50068283081055,0.48199312121827675,0,-0.10868136414633822,0.0,0.0,False,False,0.3454607986545322,do_nothing,False,7.0,6f9ed9554f8a3e62ee1802c04de0140f054b09168cd3248790a8e516a85f3697
ppo_trained,11,2,case_42_0034_cycle_007,case_42_0034,7,lens_contamination,23.35311238340745,16.598478317260742,16.598478317260742,0.3229721638855314,0,0.6469608039149466,0.0,0.0,False,False,0.4015311238340745,do_nothing,False,8.0,934aeb6384247ee9e60a62445258fe3cab121204c6969bc5987efba1c9b422ae
ppo_trained,11,2,case_42_0034_cycle_008,case_42_0034,8,lens_contamination,20.99212868760333,32.833614349365234,32.833614349365234,0.4283632964889942,0,0.6299816448985511,0.0,0.0,False,False,0.4019212868760333,do_nothing,False,9.0,f68d04b618f312744d768d92ca78eb56314594b8fe6ba7d8df36171051404274
ppo_trained,11,2,case_42_0034_cycle_009,case_42_0034,9,lens_contamination,23.464817264326733,27.43975830078125,27.43975830078125,0.46519260775743465,0,-0.42172340909341716,0.0,0.0,False,False,0.45064817264326734,do_nothing,False,10.0,6baba81972f7f16e333a2df87b463406853494a886e0d8ecfe40f7cb5bdceb50
ppo_trained,11,2,case_42_0034_cycle_010,case_42_0034,10,lens_contamination,24.696913281859064,29.849863052368164,29.849863052368164,0.4555965311487454,0,-0.5292468781280839,0.0,0.0,False,False,0.48696913281859067,do_nothing,False,11.0,e7899b0f3869bd4d8c5dd3975583f78e3e3fb61ae3312d100992e9f2ea565d8f
ppo_trained,11,2,case_42_0034_cycle_011,case_42_0034,11,lens_contamination,25.945403650564547,23.259552001953125,23.259552001953125,0.39915054090748253,0,0.2697653093469412,0.0,0.0,False,False,0.5234540365056455,do_nothing,False,12.0,14a780292c722ed284937dad7560d37c844cbd814a8affbaa952a3cb8fe81206
ppo_trained,11,2,case_42_0034_cycle_012,case_42_0034,12,lens_contamination,21.262938635094883,27.82887077331543,27.82887077331543,0.4991149475047859,0,-0.5767554011785643,0.0,0.0,False,False,0.5006293863509488,do_nothing,False,13.0,82d6470b554038a4b38bd44feb412393a7e72051b2e636ae6c3ebcb5eb853272
ppo_trained,11,2,case_42_0034_cycle_013,case_42_0034,13,lens_contamination,28.677554047531466,28.3997745513916,28.3997745513916,0.6008397120293574,0,-0.8864525782303477,0.0,0.0,False,False,0.5987755404753147,do_nothing,False,14.0,6aa968bd420a7211c28950a7bffa23cd7805c49779842c12315a81d2a5428275
ppo_trained,11,2,case_42_0034_cycle_014,case_42_0034,14,lens_contamination,30.014116769871883,29.119644165039062,29.119644165039062,0.518197592989639,0,-0.9861531420446026,0.0,0.0,False,False,0.6361411676987189,do_nothing,False,15.0,8b0da1e67214d7fe7cd6c0190f8133bfca94473098297f22ce92a09200d1182a
ppo_trained,11,2,case_42_0034_cycle_015,case_42_0034,15,lens_contamination,27.574624641599883,21.02336311340332,21.02336311340332,0.41787138200564833,0,-0.06991944654884386,0.0,0.0,False,False,0.6357462464159989,do_nothing,False,16.0,4a7548f7019a9494caa9d57cc1b8429e12b1a4f042e6665c51e183212d1092bf
ppo_trained,11,2,case_42_0034_cycle_016,case_42_0034,16,lens_contamination,24.165459037736344,33.086830139160156,33.086830139160156,0.7164795265375324,0,-0.98443570011272,0.0,0.0,False,False,0.6256545903773634,do_nothing,False,17.0,7030799d630d471203e7fc42958ed63b1c46dc2fcf64e7080749e08ff343bc3c
ppo_trained,11,2,case_42_0034_cycle_017,case_42_0034,17,lens_contamination,29.75027803165244,31.023944854736328,31.023944854736328,0.5867153590018336,0,-1.2045156447998482,0.0,0.0,False,False,0.7055027803165244,do_nothing,False,18.0,e896abb4940ec411e77324f71e4e8f31b3c54034cbaf64b5dfdcbdf1109a0cca
ppo_trained,11,2,case_42_0034_cycle_018,case_42_0034,18,lens_contamination,29.929067142503037,34.74799728393555,34.74799728393555,0.3727971246195425,0,-0.3497915829680226,0.0,0.0,False,False,0.7312906714250303,do_nothing,False,19.0,441d9fecb8666c11a799e4a688357746fcf4a829e78d3765f12a9fc33d682faa
ppo_trained,11,2,case_42_0034_cycle_019,case_42_0034,19,lens_contamination,27.29997441500569,25.553836822509766,25.553836822509766,0.45949354769779505,0,-1.2559232646048397,0.0,0.0,False,False,0.7289997441500569,do_nothing,False,20.0,81d8345ed5803ffd4c831d0928b25e35c9ab25a33b273fb6537a4b8d7dde7b9d
ppo_trained,11,2,case_42_0034_cycle_020,case_42_0034,20,lens_contamination,29.130091103998012,34.44755935668945,34.44755935668945,0.47494988941258737,0,-1.3851452165318285,0.0,0.0,False,False,0.7713009110399802,do_nothing,False,21.0,356d5a50c83feba61c0a323d6176ad781646aa1cd917d331b85e2421e5f83262
ppo_trained,11,2,case_42_0034_cycle_021,case_42_0034,21,lens_contamination,26.93421434690666,20.97146987915039,20.97146987915039,0.47254978193654185,0,-1.3909088976976813,0.0,0.0,False,False,0.7733421434690666,do_nothing,False,22.0,dc895abc1c70fb49bab54c31ab608a34960ca748553217c263f0221d84830942
ppo_trained,11,2,case_42_0034_cycle_022,case_42_0034,22,lens_contamination,34.05430445933978,31.407909393310547,31.407909393310547,0.47647846872969857,0,-46.67710090408965,0.0,0.0,True,False,0.8685430445933979,do_nothing,False,23.0,9ba531de72ff9271a925737f312da4623560169066a4a7ce655f454cb2b328f5
ppo_trained,11,2,case_42_0034_cycle_023,case_42_0034,23,lens_contamination,32.356773019207694,31.714628219604492,31.714628219604492,0.4456126304857929,0,-45.7935450851491,0.0,0.0,True,False,0.875567730192077,do_nothing,False,24.0,154cad092ec173c4ef32aee5b6aceb377409af749e9d45ae2169e0a807de8c61
ppo_trained,11,2,case_42_0034_cycle_024,case_42_0034,24,lens_contamination,32.87640825644237,29.08536720275879,29.08536720275879,0.4784703446494803,0,-46.78606279939069,0.0,0.0,True,False,0.9047640825644236,do_nothing,False,25.0,e438307efe7e0a05af2c17c4af0aecfd4bd741cb12637ed7d7e41aa04dccf5f0
ppo_trained,11,2,case_42_0034_cycle_025,case_42_0034,25,lens_contamination,35.83500530209178,36.52958679199219,36.52958679199219,0.5149480074432113,0,-46.952292360179236,0.0,0.0,True,False,0.9583500530209178,do_nothing,False,26.0,ba2c86e8f00525af925787a757e0660ca080fa1e79057a58d5af48c5f1c29c6b
ppo_trained,11,2,case_42_0034_cycle_026,case_42_0034,26,lens_contamination,33.68222608396751,33.66136169433594,33.66136169433594,0.5107645687776878,0,-46.95908146783568,0.0,0.0,True,False,0.9608222608396751,do_nothing,False,27.0,d10501028751986e3f493e1c1272ebd501914dbbab1690469beafd340b6a8410
ppo_trained,11,2,case_42_0034_cycle_027,case_42_0034,27,lens_contamination,37.54160679496584,34.387962341308594,34.387962341308594,0.6825909274687778,0,-47.17263684296929,0.0,0.0,True,False,1.0234160679496584,do_nothing,False,28.0,66df5b119c6dd3566851c88749d1317bae8910660e53fef927b6e61c95fb33d8
ppo_trained,11,2,case_42_0034_cycle_028,case_42_0034,28,lens_contamination,37.37785651009109,36.148250579833984,36.148250579833984,0.5725893138936271,0,-47.22322409238678,0.0,0.0,True,False,1.0457785651009108,do_nothing,False,29.0,0dded782c2fc440aa6ec71d57105b9f595cff322c992295d7ee74a4ca269dc3e
ppo_trained,11,2,case_42_0034_cycle_029,case_42_0034,29,lens_contamination,36.39058950123314,36.18700408935547,36.18700408935547,0.6560542850342531,0,-47.27812582779213,0.0,0.0,True,False,1.0599058950123315,do_nothing,False,30.0,54c70de5362363df67257aa111492fe03e15e4c3b20e82a7aeba862cb7553a50
ppo_trained,11,2,case_42_0034_cycle_030,case_42_0034,30,lens_contamination,38.65673913796608,31.522384643554688,31.522384643554688,0.5131008368686858,0,-47.39666729966928,0.0,0.0,True,False,1.1065673913796608,do_nothing,False,31.0,776fa8c6b1ad59fcf4ff41e372c2fd0cd6ae578898e4964069066a7c30cd0fbd
ppo_trained,11,2,case_42_0034_cycle_031,case_42_0034,31,lens_contamination,40.66134521526536,36.20861053466797,36.20861053466797,0.5277764742439566,0,-47.53100682759455,0.0,0.0,True,False,1.1506134521526534,do_nothing,False,32.0,15b1d09be4fcb43767c32fee79d5cd7e72bb91b4b9952125bd6284266aa05fc6
ppo_trained,11,2,case_42_0034_cycle_032,case_42_0034,32,lens_contamination,38.043775893654505,34.52384948730469,34.52384948730469,0.7225075272629021,0,-47.55368940589907,0.0,0.0,True,False,1.148437758936545,do_nothing,False,33.0,66ab44b686e6d75ccd1d868b1b2d44e1459a1cd3f874e683f94c874910cddbb2
ppo_trained,11,2,case_42_0034_cycle_033,case_42_0034,33,lens_contamination,43.50269588000277,33.261016845703125,33.261016845703125,0.5680838365020902,0,-47.7662934518754,0.0,0.0,True,False,1.2270269588000278,do_nothing,False,34.0,b242ed2bb61ee50eb10a81c6130d0e914785eb9b0d9664635273120c517bd054
ppo_trained,11,2,case_42_0034_cycle_034,case_42_0034,34,lens_contamination,37.03109002100848,28.46016502380371,28.46016502380371,0.5962240544459835,0,-47.64836630879715,0.0,0.0,True,False,1.186310900210085,do_nothing,False,35.0,f246df9fc171a434d9afd1b9b1eb4c0e30a542e338e5f09809f7eda8f6da6049
ppo_trained,11,2,case_42_0034_cycle_035,case_42_0034,35,lens_contamination,42.007066771448756,39.99717712402344,39.99717712402344,0.5561464705270552,0,-47.86363397372252,0.0,0.0,True,False,1.2600706677144875,do_nothing,False,36.0,ca47c9ff27d8521545acbb190ccc9f634c77773b38ef02643dfd68d3b0671c0c
ppo_trained,11,2,case_42_0034_cycle_036,case_42_0034,36,lens_contamination,38.03410501362222,37.70050048828125,37.70050048828125,0.6076188744110075,0,-47.82416598157032,0.0,0.0,True,False,1.2443410501362222,do_nothing,False,37.0,e633563cf29687f69a09a998576076c235b4f835d558d83a55d8bdbbc3da9f5a
ppo_trained,11,2,case_42_0034_cycle_037,case_42_0034,37,lens_contamination,43.08458922743098,37.08988952636719,37.08988952636719,0.6484131019103028,0,-48.053799642109475,0.0,0.0,True,False,1.3188458922743098,do_nothing,False,38.0,e3a9d1078b81a364dcd1e20fbd1f97fcdfbc5faa04c99082d5c104c7a10826cc
ppo_trained,11,2,case_42_0034_cycle_038,case_42_0034,38,lens_contamination,39.189355341910016,45.052406311035156,45.052406311035156,0.6913401597489537,0,-48.01538168421965,0.0,0.0,True,False,1.3038935534191003,do_nothing,False,39.0,af0b437da756a0e054bcb098f4036438d060228005f6729fd9bab13af5c6d923
ppo_trained,11,2,case_42_0034_cycle_039,case_42_0034,39,lens_contamination,37.99387669968362,44.936767578125,48.91242456986026,0.7301740694904798,0,-48.05734241141408,0.0,0.0,True,False,1.3159387669968363,do_nothing,False,40.0,d83492921557f35bff5acd1250f6642789b1d19d4f84ba798ca7863023a9cb06
ppo_trained,11,3,case_42_0039_cycle_000,case_42_0039,0,motion_instability,26.29235779012929,23.985445022583008,23.985445022583008,0.6740429228911325,0,0.11012282786245138,0.0,0.0,False,False,0.2629235779012929,do_nothing,False,1.0,8ae7d54cbf46fa4ec0009e8fbfae588db25f46d915f2f43177ed13cde0d239d9
ppo_trained,11,3,case_42_0039_cycle_001,case_42_0039,1,motion_instability,28.600405837002135,25.96706771850586,25.96706771850586,0.5173114064454342,0,-0.007608886076879193,0.0,0.0,False,False,0.3100040583700214,do_nothing,False,2.0,4d4ef39f21ab0626c23b9c748c52a0571fc990b664e97ec197820583bffbe1da
ppo_trained,11,3,case_42_0039_cycle_002,case_42_0039,2,motion_instability,25.759298334508294,25.49907684326172,25.49907684326172,0.561492010874945,0,-0.0010027516664905395,0.0,0.0,False,False,0.30559298334508295,do_nothing,False,3.0,2725d28ef86702c35c6dc21de73544c3f3612972baa980bf8cf1d3b2309f9805
ppo_trained,11,3,case_42_0039_cycle_003,case_42_0039,3,motion_instability,28.82335152035833,29.90058135986328,29.90058135986328,0.45314143177981653,0,-0.1486717603777224,0.0,0.0,False,False,0.3602335152035833,do_nothing,False,4.0,3b6a833c96464a56c88bbd176153ea8483405966fa6b3cc0ef8ac579f4c56f89
ppo_trained,11,3,case_42_0039_cycle_004,case_42_0039,4,motion_instability,28.886225041205655,39.73335266113281,39.73335266113281,0.6368105800752722,0,-0.25010833824746065,0.0,0.0,False,False,0.3848622504120566,do_nothing,False,5.0,c05486a234f521a097f2788a3dd9d41a1cb2ac3a47a0c35f92061f2c82befeae
ppo_trained,11,3,case_42_0039_cycle_005,case_42_0039,5,motion_instability,31.630575530381705,34.38603973388672,34.38603973388672,0.6704869999504495,0,-0.40949031590401863,0.0,0.0,False,False,0.4363057553038171,do_nothing,False,6.0,d658e783f90aad947f122ff2421fa2b36984d863e003307c9fb2083f013afa13
ppo_trained,11,3,case_42_0039_cycle_006,case_42_0039,6,motion_instability,26.75990542635742,32.297760009765625,32.297760009765625,0.6032895727799547,0,-0.3252905987077158,0.0,0.0,False,False,0.41159905426357424,do_nothing,False,7.0,eb163d4a62b0a7bfc3795c4ce0dd0286881b4b38ae68153ddfdefd650b51cde5
ppo_trained,11,3,case_42_0039_cycle_007,case_42_0039,7,motion_instability,29.671987547103846,32.392826080322266,32.392826080322266,0.6263075935987666,0,-0.4881057654529305,0.0,0.0,False,False,0.4647198754710385,do_nothing,False,8.0,be3b855f15b6abca70fe6a9ff703f874a33a26d8203aa51abb9519f132629290
ppo_trained,11,3,case_42_0039_cycle_008,case_42_0039,8,motion_instability,26.27118674435835,36.265342712402344,36.265342712402344,0.6626340269927045,0,-0.46353070637965615,0.0,0.0,False,False,0.4547118674435835,do_nothing,False,9.0,4cc77e3f45aa90720031b43da241758e62a131d5819881f08ad34f6f7dfd1f33
ppo_trained,11,3,case_42_0039_cycle_009,case_42_0039,9,motion_instability,33.54996989635431,35.88273239135742,35.88273239135742,0.600833428288451,0,-0.7446241111338974,0.0,0.0,False,False,0.5514996989635432,do_nothing,False,10.0,49983d10487003b0176518a116776394991418aedae77dc90767af69f031b5f6
ppo_trained,11,3,case_42_0039_cycle_010,case_42_0039,10,motion_instability,34.30222997681214,28.1456298828125,28.1456298828125,0.5417770621227728,0,-0.83033345862278,0.0,0.0,False,False,0.5830222997681214,do_nothing,False,11.0,16281759eecad21e81c82de1b2cccc090d0d49c5ae29728e42518f52b35a21da
ppo_trained,11,3,case_42_0039_cycle_011,case_42_0039,11,motion_instability,31.49591733181691,39.95499038696289,39.95499038696289,0.7282342893707947,0,-0.8461126633601265,0.0,0.0,False,False,0.578959173318169,do_nothing,False,12.0,7c708fa2d118bce2afa39adc738bdad6fb06cb7dcf2f496d13295182f062e5f6
ppo_trained,11,3,case_42_0039_cycle_012,case_42_0039,12,motion_instability,38.65466188825427,34.45661544799805,34.45661544799805,0.677008595675569,0,-1.125191145998963,0.0,0.0,False,False,0.6745466188825426,do_nothing,False,13.0,456cd7a9320f98eaf423600761c063571afce4eaa670faa50882e170cf9d68e9
ppo_trained,11,3,case_42_0039_cycle_013,case_42_0039,13,motion_instability,33.30932002765634,43.477962493896484,43.477962493896484,0.7270706126796146,0,-1.0443401927316327,0.0,0.0,False,False,0.6450932002765635,do_nothing,False,14.0,cab8b5ac16a13c5a61e738b398235bc97bb9815cda882ec584abd4dd629cecfd
ppo_trained,11,3,case_42_0039_cycle_014,case_42_0039,14,motion_instability,32.96213608670149,35.20341873168945,35.20341873168945,0.5940323960645802,0,-1.085968942010732,0.0,0.0,False,False,0.665621360867015,do_nothing,False,15.0,53a946eab722554db37b7260c7d01c76944e05a681d753588341e6b19f870912
ppo_trained,11,3,case_42_0039_cycle_015,case_42_0039,15,motion_instability,37.15676008848869,39.765113830566406,39.765113830566406,0.7260224190504272,0,-1.3036061655122246,0.0,0.0,False,False,0.7315676008848868,do_nothing,False,16.0,a52d3c96eccedc9e248a7cf11a1721c4b0eda0ca4277807a9c3acad4d1fcdccf
ppo_trained,11,3,case_42_0039_cycle_016,case_42_0039,16,motion_instability,36.18841455227981,35.53468704223633,35.53468704223633,0.6180727781390801,0,-1.330363353289256,0.0,0.0,False,False,0.745884145522798,do_nothing,False,17.0,4f63d1b1fb9adb29b9a16323731ff6007d8c27b4425f0db829f2b362294e8507
ppo_trained,11,3,case_42_0039_cycle_017,case_42_0039,17,motion_instability,36.08074006177036,25.4316349029541,25.4316349029541,0.6832613906349325,0,-1.4089114104483509,0.0,0.0,False,False,0.7688074006177037,do_nothing,False,18.0,5163bbcaed181bbc96dcbadaabd931484566278158b609035e7feaa9659aedcc
ppo_trained,11,3,case_42_0039_cycle_018,case_42_0039,18,motion_instability,37.45822223456649,39.89967727661133,39.89967727661133,0.7949543260007506,0,-1.5389898159371072,0.0,0.0,False,False,0.8065822223456649,do_nothing,False,19.0,a53fca8c98c95a8ba4b7c733a82cc5e917a424ea7281958bd7a35aa7ec7d2812
ppo_trained,11,3,case_42_0039_cycle_019,case_42_0039,19,motion_instability,39.737143364783684,36.1936149597168,36.1936149597168,0.59020411446912,0,-46.64864491811388,0.0,0.0,True,False,0.8533714336478369,do_nothing,False,20.0,75e0e017560727149a4a5715be5a74276adca8d3c2571b451363b006cf6542c1
ppo_trained,11,3,case_42_0039_cycle_020,case_42_0039,20,motion_instability,39.93859336018458,36.63547897338867,36.63547897338867,0.670275799719656,0,-46.73869917076349,0.0,0.0,True,False,0.8793859336018459,do_nothing,False,21.0,6e3097b157db6b6dbfe1f63343ee888552daf1eb41a21328a2f80db188b2dae5
ppo_trained,11,3,case_42_0039_cycle_021,case_42_0039,21,motion_instability,37.30405753958886,44.07807159423828,44.07807159423828,0.7473798176836977,0,-46.74322869884022,0.0,0.0,True,False,0.8770405753958885,do_nothing,False,22.0,2709fec947c3c1f2d4f5ff367644a62d5e7f50228154da0e08a0f6d3b957e666
ppo_trained,11,3,case_42_0039_cycle_022,case_42_0039,22,motion_instability,42.79019826880141,42.73392105102539,42.73392105102539,0.7370059212766009,0,-46.97825683625553,0.0,0.0,True,False,0.9559019826880142,do_nothing,False,23.0,22b8e3ea737f594f7d19143de4a17100947323176032770f26d7112ccd0b106c
ppo_trained,11,3,case_42_0039_cycle_023,case_42_0039,23,motion_instability,44.77468394525112,50.486907958984375,50.486907958984375,0.6851384074376167,0,-47.102011279473174,0.0,0.0,True,False,0.9997468394525113,do_nothing,False,24.0,1b1078730a61ea48bd21d90ad8dd05bcedf85bf06882c3accc77877b15399139
ppo_trained,11,3,case_42_0039_cycle_024,case_42_0039,24,motion_instability,43.912618549590086,49.500709533691406,49.500709533691406,0.7232682620320295,0,-47.153868795792505,0.0,0.0,True,False,1.0151261854959008,do_nothing,False,25.0,b498d0f8acb67c49d4d7403a6b869ca0d32117d6482bfee99c605a644e8b8105
ppo_trained,11,3,case_42_0039_cycle_025,case_42_0039,25,motion_instability,38.260618451417464,45.079872131347656,45.079872131347656,0.7267451828545343,0,-47.056830330970705,0.0,0.0,True,False,0.9826061845141747,do_nothing,False,26.0,bbf2551ad4165fa45ad199e1165ea6bb63fd9be5f01cd774fcec0a39962b9925
ppo_trained,11,3,case_42_0039_cycle_026,case_42_0039,26,motion_instability,46.27121317180144,43.24946594238281,43.24946594238281,0.7518633454250515,0,-47.372915896967804,0.0,0.0,True,False,1.0867121317180144,do_nothing,False,27.0,14ecb5373920c99731ca09672c755d6450c1c204c13712a2e5dd534312b82109
ppo_trained,11,3,case_42_0039_cycle_027,case_42_0039,27,motion_instability,49.338816287821565,48.4578971862793,48.4578971862793,0.729221740264752,0,-47.53354774967436,0.0,0.0,True,False,1.1413881628782157,do_nothing,False,28.0,c5165e580fabe13ba1912a9e0a32c78a7f42b6428798d4d127508e8ae8377bc1
ppo_trained,11,3,case_42_0039_cycle_028,case_42_0039,28,motion_instability,46.05669114282186,42.61372375488281,42.61372375488281,0.7680181615954209,0,-47.512903458523965,0.0,0.0,True,False,1.1325669114282186,do_nothing,False,29.0,b085cbaae1b8304a08586cc5968a1825b450cdbb70ae821a0a22c14355128a78
ppo_trained,11,3,case_42_0039_cycle_029,case_42_0039,29,motion_instability,45.1636252109606,49.299415588378906,44.342452976053885,0.7162857926808686,0,-47.550351625230945,0.0,0.0,True,False,1.147636252109606,do_nothing,False,30.0,035542ec7391986b3396ff4827aec823d051c4d146b3289d3f9ce90a3c3e5720
ppo_trained,11,3,case_42_0039_cycle_030,case_42_0039,30,motion_instability,45.17034598495408,49.21243667602539,49.21243667602539,0.7102392533200236,0,-47.62164626754662,0.0,0.0,True,False,1.1717034598495406,do_nothing,False,31.0,51d2bce1f9e47e7d350dc36b1311310de7c4ed60080267561bccda410fe1fe79
ppo_trained,11,3,case_42_0039_cycle_031,case_42_0039,31,motion_instability,50.90663102768907,55.68183898925781,49.02019048690552,0.6952612816626027,0,-47.86348812308006,0.0,0.0,True,False,1.2530663102768909,do_nothing,False,32.0,ec6992ddd3fd9145384341733b77a14daf43fbd70f2091d53f131b45ee8f0d5b
ppo_trained,11,3,case_42_0039_cycle_032,case_42_0039,32,motion_instability,46.27046520462239,49.82889938354492,49.82889938354492,0.7103403517848124,0,-47.7986650089064,0.0,0.0,True,False,1.230704652046224,do_nothing,False,33.0,feadb8e25a75922028388ba5c52bec3377abb775b10fcca85a64b0bcecd5dcb8
ppo_trained,11,3,case_42_0039_cycle_033,case_42_0039,33,motion_instability,53.302659908487215,47.408477783203125,37.2644513009721,0.7344208598481604,0,-48.08524292623184,0.0,0.0,True,False,1.3250265990848722,do_nothing,False,34.0,9f2cd8091b8418f9b5e49a85c5c7f748f0c259ef3d7b3db7263d19485e236b70
ppo_trained,11,3,case_42_0039_cycle_034,case_42_0039,34,motion_instability,52.150804367057,56.527530670166016,56.527530670166016,0.6956722800962389,0,-50.11687497302614,0.0,0.0,True,False,1.33750804367057,do_nothing,False,35.0,3c41a667b371d7d0ff14575653769608bc6e6d7c04a513e7be17882eb854646d
ppo_trained,11,3,case_42_0039_cycle_035,case_42_0039,35,motion_instability,56.13625302996428,52.28179931640625,52.28179931640625,0.6883578331443553,0,-50.30734126587058,0.0,0.0,True,False,1.4013625302996429,do_nothing,False,36.0,cd08322e989db766990bbf77b2627e17d969506124953a5edd9a5842b81fc875
ppo_trained,11,3,case_42_0039_cycle_036,case_42_0039,36,motion_instability,57.917806615683645,56.30702590942383,42.31384596025492,0.6980733189837909,0,-48.43424519631808,0.0,0.0,True,False,1.4431780661568365,do_nothing,False,37.0,e893e5e9b8ed1359cbca6c284d76ad08f825805de80f58fc4ad529fc2d2d49b2
ppo_trained,11,3,case_42_0039_cycle_037,case_42_0039,37,motion_instability,62.205113164734,56.87226104736328,50.66031554018423,0.6907806431233745,0,-48.603617096468504,0.0,0.0,True,False,1.5,do_nothing,False,38.0,2b0e72b6fe933d398be265102f678d1980db297bf07bf26361312eade91b286d
ppo_trained,11,3,case_42_0039_cycle_038,case_42_0039,38,motion_instability,59.791242284946776,53.844970703125,53.844970703125,0.6934582031276111,0,-50.60401873046914,0.0,0.0,True,False,1.5,do_nothing,False,39.0,4d27cb93b767c381c099a26dc7bae2aa5fa70988f265563a6317ed783d807dcd
ppo_trained,11,3,case_42_0039_cycle_039,case_42_0039,39,motion_instability,58.24331742918832,52.866844177246094,52.866844177246094,0.7072854225520713,0,-50.60609281338281,0.0,0.0,True,False,1.5,do_nothing,False,40.0,910c320293527ea85416376aa7dbbe6821a0ee77044bc6ef295716cca704eebf
ppo_trained,11,4,case_42_0044_cycle_000,case_42_0044,0,lens_contamination,18.858683795924634,20.956283569335938,20.956283569335938,0.4373004326377141,0,1.268644421226604,0.0,0.0,False,False,0.18858683795924633,do_nothing,False,1.0,7dccadc7bf04f5dde45b590a9a0db25e49e9ab9ebfe318ccbaa10be36beb738d
ppo_trained,11,4,case_42_0044_cycle_001,case_42_0044,1,lens_contamination,17.499235136690153,28.064117431640625,28.064117431640625,0.385721604295773,0,1.2451647052549295,0.0,0.0,False,False,0.19899235136690152,do_nothing,False,2.0,3ac25a3edae07987ca571546516f36e29ffa0ec4a608bfc95ec78a3383b62768
ppo_trained,11,4,case_42_0044_cycle_002,case_42_0044,2,lens_contamination,19.507984285360042,23.353578567504883,23.353578567504883,0.4550010844970359,0,0.2025103087646433,0.0,0.0,False,False,0.24307984285360043,do_nothing,False,3.0,c2e592022154fcb071d54e96ccaec0bee1b441a1a6d4de74870ca825f66665d4
ppo_trained,11,4,case_42_0044_cycle_003,case_42_0044,3,lens_contamination,19.17437484073579,16.838598251342773,16.838598251342773,0.36648435819838543,0,1.0537961010481685,0.0,0.0,False,False,0.2637437484073579,do_nothing,False,4.0,2796eb80d3733c6aeef0d65e921bd0c1a16e35849bcf604ed35ef9ebfa6b494b
ppo_trained,11,4,case_42_0044_cycle_004,case_42_0044,4,lens_contamination,18.9077959495895,29.562437057495117,29.562437057495117,0.47902224067049504,0,0.0729127854117408,0.0,0.0,False,False,0.285077959495895,do_nothing,False,5.0,925c4ccd47d03a1fdb8f5ef1065711d37891fcde0912443723381578c858a71a
ppo_trained,11,4,case_42_0044_cycle_005,case_42_0044,5,lens_contamination,21.161480705065756,20.659564971923828,20.659564971923828,0.44514450815584133,0,0.8383839026246511,0.0,0.0,False,False,0.33161480705065755,do_nothing,False,6.0,e4e0634aa9198c1c60841b3be7cdafb1ff26282b00b652af738498ef72fe573c
ppo_trained,11,4,case_42_0044_cycle_006,case_42_0044,6,lens_contamination,23.035011058880812,33.09764099121094,33.09764099121094,0.34747085401693417,0,0.7248290401310354,0.0,0.0,False,False,0.3743501105888081,do_nothing,False,7.0,15a6113c0d8b53e126e7657fe0a6e1c8c69fe382707e3f610b51ded55bf19c27
ppo_trained,11,4,case_42_0044_cycle_007,case_42_0044,7,lens_contamination,22.323665581693998,21.929149627685547,21.929149627685547,0.5487554304338302,0,-0.2560232820158945,0.0,0.0,False,False,0.39123665581694,do_nothing,False,8.0,8fb1d60aaec27b5bdf5fb114dff324363ba95c757002ae910c17cf9942775479
ppo_trained,11,4,case_42_0044_cycle_008,case_42_0044,8,lens_contamination,23.78903377788771,22.449363708496094,22.449363708496094,0.3131538975576272,0,0.5633559020297247,0.0,0.0,False,False,0.4298903377788771,do_nothing,False,9.0,1e64726897f31259547b5cd41490ab2b8154e3c43a4abfd450dbc08d95b04f3f
ppo_trained,11,4,case_42_0044_cycle_009,case_42_0044,9,lens_contamination,20.427795767259845,24.156179428100586,24.156179428100586,0.4637541398854357,0,-0.3303969940006106,0.0,0.0,False,False,0.42027795767259846,do_nothing,False,10.0,dc2dbed1070031c249a25bc2a850d4ee8636699e1ef169037b5b3f5c555f2b74
ppo_trained,11,4,case_42_0044_cycle_010,case_42_0044,10,lens_contamination,25.4218825054802,30.280717849731445,30.280717849731445,0.4838889402981082,0,-0.5552398162091222,0.0,0.0,False,False,0.49421882505480197,do_nothing,False,11.0,5b91f478e448a3a03fffb371f634d7969396881cbde6fe98b1c8f70c34e7af9b
ppo_trained,11,4,case_42_0044_cycle_011,case_42_0044,11,lens_contamination,25.671493267861685,21.578399658203125,21.578399658203125,0.367259322691227,0,0.2827663035604657,0.0,0.0,False,False,0.5207149326786168,do_nothing,False,12.0,c894c92a3731b9db99f2543cd1d2bac46d785bef1548bd5eb6f2f68035365fa5
ppo_trained,11,4,case_42_0044_cycle_012,case_42_0044,12,lens_contamination,28.40705285366244,34.67070007324219,34.67070007324219,0.42727379919760233,0,0.11969734451048675,0.0,0.0,False,False,0.5720705285366243,do_nothing,False,13.0,dd3da9c62e8f3f984988171d3d98aa1a782b9ec38df3cfae7100777d9ecf904b
ppo_trained,11,4,case_42_0044_cycle_013,case_42_0044,13,lens_contamination,25.844527341300665,24.31283187866211,24.31283187866211,0.6064323929329529,0,-0.8023006791789629,0.0,0.0,False,False,0.5704452734130067,do_nothing,False,14.0,c7abb664069ebe9a18961cede1c093931aa7f72304309e0baff8bbc7432d9836
ppo_trained,11,4,case_42_0044_cycle_014,case_42_0044,14,lens_contamination,33.626881160375646,33.008914947509766,33.008914947509766,0.5129508723818189,0,-1.0937490656685425,0.0,0.0,False,False,0.6722688116037565,do_nothing,False,15.0,ef89cddfeda7d0976fc7bd6c1bba6d1fb72482b89f6ec0eaacdd555e1b0c8a4e
ppo_trained,11,4,case_42_0044_cycle_015,case_42_0044,15,lens_contamination,28.464339130070638,36.12377166748047,36.12377166748047,0.4149870950826665,0,-0.996178238164519,0.0,0.0,False,False,0.6446433913007064,do_nothing,False,16.0,5661d114e5b508ceaffbf865a44df5c8b4fd897337194615b271a25500560d68
ppo_trained,11,4,case_42_0044_cycle_016,case_42_0044,16,lens_contamination,29.195222524148274,26.81026268005371,26.81026268005371,0.5688972369077782,0,-1.1131912612606145,0.0,0.0,False,False,0.6759522252414827,do_nothing,False,17.0,db2408d326e3f064a734a061288ce8b78477e47bc5ebd43debd2cc427b00d6c8
ppo_trained,11,4,case_42_0044_cycle_017,case_42_0044,17,lens_contamination,30.396594270949112,34.50733947753906,34.50733947753906,0.4344622334883945,0,-0.30106716315173243,0.0,0.0,False,False,0.7119659427094911,do_nothing,False,18.0,e90dcf30337d203e6c1d7550c8dca8ea0ccc06c963c18ca6f59f68e25119800c
ppo_trained,11,4,case_42_0044_cycle_018,case_42_0044,18,lens_contamination,34.995996344421066,31.212621688842773,31.212621688842773,0.5611091366863206,0,-1.4300462608355802,0.0,0.0,False,False,0.7819599634442107,do_nothing,False,19.0,7092371ea96f6eade103c24d812d9988d3542099ddfa38886d6b2c78d3b23a3b
ppo_trained,11,4,case_42_0044_cycle_019,case_42_0044,19,lens_contamination,30.399389178593374,29.74785804748535,29.74785804748535,0.5381290941741834,0,-1.3607010394839285,0.0,0.0,False,False,0.7599938917859337,do_nothing,False,20.0,eb7d0c65ce34667c3f7a0f4d7cfa28df3a3931a773d1ff9758fc3368cc423e26
ppo_trained,11,4,case_42_0044_cycle_020,case_42_0044,20,lens_contamination,34.50090522873677,39.24843978881836,39.24843978881836,0.764467615811682,0,-46.589697299233855,0.0,0.0,True,False,0.8250090522873677,do_nothing,False,21.0,b34f0be97e82a1979ef12bb76c87aa1a5131987d3d1491f2800c16978233d5cc
ppo_trained,11,4,case_42_0044_cycle_021,case_42_0044,21,lens_contamination,35.8029688423855,28.547914505004883,28.547914505004883,0.3368339248756848,0,-45.73661415400292,0.0,0.0,True,False,0.862029688423855,do_nothing,False,22.0,976ae26a2e459fcef4443bb8f7a5a645d9d22faa10916d9b57a64b205b6662e8
ppo_trained,11,4,case_42_0044_cycle_022,case_42_0044,22,lens_contamination,35.55688221498895,36.626895904541016,36.626895904541016,0.5264749582879451,0,-46.72967771019286,0.0,0.0,True,False,0.8835688221498896,do_nothing,False,23.0,a6e9483abcb0e8ac0ecc93f250107aa1e8f61ae9b17773c331076547861b92ba
ppo_trained,11,4,case_42_0044_cycle_023,case_42_0044,23,lens_contamination,35.21654065276132,37.50300979614258,37.50300979614258,0.619452270736034,0,-46.80541406019324,0.0,0.0,True,False,0.9041654065276132,do_nothing,False,24.0,a7f39d10792013bbaaf450fd76db4378c5d87d9822249ee417229a872ed3567b
ppo_trained,11,4,case_42_0044_cycle_024,case_42_0044,24,lens_contamination,35.20785328354918,37.263755798339844,37.263755798339844,0.5850852077791395,0,-46.87199837967334,0.0,0.0,True,False,0.9280785328354918,do_nothing,False,25.0,a6350b66ac677132dd84290871a630c5f4815c69e2e9e97362a47256258ad5c2
ppo_trained,11,4,case_42_0044_cycle_025,case_42_0044,25,lens_contamination,35.32708887736081,31.898460388183594,31.898460388183594,0.6583010592815419,0,-46.958557825213056,0.0,0.0,True,False,0.9532708887736081,do_nothing,False,26.0,c94485f42c9489e403ae679c4be6795e47c85bd3056ff3957be897060c51eb79
ppo_trained,11,4,case_42_0044_cycle_026,case_42_0044,26,lens_contamination,33.122661345642165,30.939395904541016,30.939395904541016,0.5450221247267196,0,-46.94743315907827,0.0,0.0,True,False,0.9552266134564217,do_nothing,False,27.0,8adbeaebc534829d1da3548699564551955e5cea75703b58477d73586e3d467d
ppo_trained,11,4,case_42_0044_cycle_027,case_42_0044,27,lens_contamination,35.271950814961464,33.99006652832031,33.99006652832031,0.5199571916358648,0,-47.08015210319422,0.0,0.0,True,False,1.0007195081496145,do_nothing,False,28.0,4ea818a47f766f73c5d5ea5fa040b6f52f6b9028345c4961cd5d502f69b44192
ppo_trained,11,4,case_42_0044_cycle_028,case_42_0044,28,lens_contamination,38.02833556560497,38.90483474731445,38.90483474731445,0.6262821662327209,0,-47.250792391903055,0.0,0.0,True,False,1.0522833556560498,do_nothing,False,29.0,26370077316e2c0319822cb5ce34376c1d95c13952de896305f65993743c21e4
ppo_trained,11,4,case_42_0044_cycle_029,case_42_0044,29,lens_contamination,41.70708214005653,35.58845520019531,35.58845520019531,0.543467256292709,0,-47.4207325526456,0.0,0.0,True,False,1.1130708214005653,do_nothing,False,30.0,5a1121384afbf5636f837e92c9e8f86f6ee7282ffb8bea8e78cc179dc6305f3b
ppo_trained,11,4,case_42_0044_cycle_030,case_42_0044,30,lens_contamination,41.195848395548005,37.70450210571289,37.70450210571289,0.6936716602569521,0,-47.49992620090498,0.0,0.0,True,False,1.1319584839554802,do_nothing,False,31.0,e3af55345f940e52d524b0b1fed0262138ab1463258ce490fca552bb422dd7d0
ppo_trained,11,4,case_42_0044_cycle_031,case_42_0044,31,lens_contamination,37.438940744243155,39.599876403808594,39.599876403808594,0.5807746171660222,0,-47.4422844149022,0.0,0.0,True,False,1.1183894074424314,do_nothing,False,32.0,b08bd69d2630efce413166a1cc41f587683d82954daebbe895cd30b190dd1afb
ppo_trained,11,4,case_42_0044_cycle_032,case_42_0044,32,lens_contamination,38.16878084950621,45.199623107910156,45.199623107910156,0.673469769282252,0,-47.550083890877524,0.0,0.0,True,False,1.1496878084950621,do_nothing,False,33.0,19630ab2fb37aeaf488308f19ef4a79e84b83acc6d8bf783e1db286549da2136
ppo_trained,11,4,case_42_0044_cycle_033,case_42_0044,33,lens_contamination,43.73639127518773,38.08224105834961,38.08224105834961,0.5206835258749467,0,-47.766194267136875,0.0,0.0,True,False,1.2293639127518774,do_nothing,False,34.0,5c5c86e02b768fe7da13adbbda53eaf90f55e937af9f58de14ab66a14f309cde
ppo_trained,11,4,case_42_0044_cycle_034,case_42_0044,34,lens_contamination,39.13894948250901,38.87470245361328,38.87470245361328,0.6909129217952995,0,-47.725805422744564,0.0,0.0,True,False,1.2073894948250903,do_nothing,False,35.0,bf108e37bc9c95f05207ed225857ea72e8f91521bae82be63c4a52c6240fab81
ppo_trained,11,4,case_42_0044_cycle_035,case_42_0044,35,lens_contamination,45.187085345840316,43.94328689575195,43.94328689575195,0.5924223379078465,0,-47.964475911061385,0.0,0.0,True,False,1.2918708534584034,do_nothing,False,36.0,504e78f88cf0231d26025bba2d1bec4aa0c68e9eaf4bf1b6e674b991c953e6a3
ppo_trained,11,4,case_42_0044_cycle_036,case_42_0044,36,lens_contamination,43.091131600526786,47.11457443237305,45.07757133461958,0.7199159031079586,0,-47.992721333481995,0.0,0.0,True,False,1.2949113160052679,do_nothing,False,37.0,fac6b1e3089bb2c93b6c8232749f5154382032f11bd5c859bdad5538d592122b
ppo_trained,11,4,case_42_0044_cycle_037,case_42_0044,37,lens_contamination,45.82854791887169,45.783103942871094,44.84608120165717,0.7250799360132834,0,-48.14761842796814,0.0,0.0,True,False,1.3462854791887169,do_nothing,False,38.0,6d3df283e0990450f786dd2280460dd6d4d3700c9fd747224f1d6a247053ab95
ppo_trained,11,4,case_42_0044_cycle_038,case_42_0044,38,lens_contamination,45.01165812554744,40.33985137939453,40.33985137939453,0.5917944365526091,0,-48.17511890924931,0.0,0.0,True,False,1.3621165812554743,do_nothing,False,39.0,785f8926c92a74efb5864b3fb2c77048312ac463a7a81c945cc37887b246258f
ppo_trained,11,4,case_42_0044_cycle_039,case_42_0044,39,lens_contamination,45.72329446184008,41.47450637817383,44.410949071543556,0.751905321413495,0,-48.29248463206723,0.0,0.0,True,False,1.3932329446184006,do_nothing,False,40.0,357329e51a8072059d02673e02e3990ab4345c8f3db861b32d10a6f6001a9d1b
ppo_trained,11,5,case_42_0045_cycle_000,case_42_0045,0,normal,10.288107736994032,13.780925750732422,13.780925750732422,0.3738016502839864,0,1.5352865203475812,0.0,0.0,False,False,0.10288107736994032,do_nothing,False,1.0,999c5164da304f2c635638682f4ca40ca3a4b7c8753412b57710dbff454083e5
ppo_trained,11,5,case_42_0045_cycle_001,case_42_0045,1,normal,11.682139667959333,13.350107192993164,13.350107192993164,0.5013214250620458,0,0.5023375962019131,0.0,0.0,False,False,0.14082139667959334,do_nothing,False,2.0,7e7baf7fbacd38cfd2f8296efa7c2abaf27f570b6a0b40b3b8c2a639762e7be8
ppo_trained,11,5,case_42_0045_cycle_002,case_42_0045,2,normal,9.776888159214185,17.692533493041992,17.692533493041992,0.5318072187908691,0,0.48292227240494406,0.0,0.0,False,False,0.14576888159214185,do_nothing,False,3.0,e1cdf6a3765ae43d9f3ac062f6ada14907fb7939be9b51dee7e491f22011d143
ppo_trained,11,5,case_42_0045_cycle_003,case_42_0045,3,normal,14.632628779593206,14.921526908874512,14.921526908874512,0.3920964586674444,0,1.1862066678120873,0.0,0.0,False,False,0.21832628779593208,do_nothing,False,4.0,e14449b467944bba65687abf72d53a35e15dcd9811df43848ba6723ed26c276c
ppo_trained,11,5,case_42_0045_cycle_004,case_42_0045,4,normal,9.791715189619932,13.696856498718262,13.696856498718262,0.6468161893115295,0,0.3212261159146726,0.0,0.0,False,False,0.19391715189619932,do_nothing,False,5.0,90350e857b7490d77df6dad6e1e4a12f31a98bced284878f7556702fca6fe142
ppo_trained,11,5,case_42_0045_cycle_005,case_42_0045,5,normal,12.325352006315685,22.244056701660156,22.244056701660156,0.4911169233140483,0,0.1965719013134222,0.0,0.0,False,False,0.24325352006315684,do_nothing,False,6.0,f2721c48aea11908f9075d7286d7d1ed5a09bf025775b3e644623e0db8d52deb
ppo_trained,11,5,case_42_0045_cycle_006,case_42_0045,6,normal,8.457560055576247,19.238370895385742,19.238370895385742,0.4354319515812529,0,1.1489584055955246,0.0,0.0,False,False,0.22857560055576245,do_nothing,False,7.0,db965c70068e91b427cd3d10133787b79f18d0867d5a43bc06f327ada4478c5b
ppo_trained,11,5,case_42_0045_cycle_007,case_42_0045,7,normal,12.447897982614817,13.755062103271484,13.755062103271484,0.5516857356282405,0,0.03981020017731944,0.0,0.0,False,False,0.2924789798261482,do_nothing,False,8.0,0db8c0541985daa077098fde2a525b37d8f886125899cee227547ce48ea54600
ppo_trained,11,5,case_42_0045_cycle_008,case_42_0045,8,normal,10.954768931315941,13.70285701751709,13.70285701751709,0.3448840732866935,0,0.9436243210675177,0.0,0.0,False,False,0.30154768931315945,do_nothing,False,9.0,0a15fbef4215d7617601c0046539f526100fd2e17de45d7548b79a7ee5aa8def
ppo_trained,11,5,case_42_0045_cycle_009,case_42_0045,9,normal,10.964475082353976,13.927071571350098,13.927071571350098,0.4037471932011245,0,0.8625036685492121,0.0,0.0,False,False,0.3256447508235398,do_nothing,False,10.0,57e8828900feb507bebf35838cc765a7da92c7af7207d29f935a624c90dd9cca
ppo_trained,11,5,case_42_0045_cycle_010,case_42_0045,10,normal,11.502853731710468,15.449845314025879,15.449845314025879,0.4105136517222413,0,0.7733373402903497,0.0,0.0,False,False,0.3550285373171047,do_nothing,False,11.0,0b107512d0a79bdad677366bfe1d865f30051a95e63d099a97c5652a7679e058
ppo_trained,11,5,case_42_0045_cycle_011,case_42_0045,11,normal,11.279658611076083,13.972463607788086,13.972463607788086,0.3898986865205122,0,0.7111254386896408,0.0,0.0,False,False,0.37679658611076083,do_nothing,False,12.0,855db416b01d4d75cbd8769505b7f795758c52c9dff5565f3b5193a98510c745
ppo_trained,11,5,case_42_0045_cycle_012,case_42_0045,12,normal,12.413302967061913,15.050982475280762,15.050982475280762,0.41200187041887354,0,0.6018006304253115,0.0,0.0,False,False,0.41213302967061916,do_nothing,False,13.0,46f324e84a56a49844c955d23f3cfa42c3f7cc400052970af7c23785d7d7653b
ppo_trained,11,5,case_42_0045_cycle_013,case_42_0045,13,normal,12.329605599070488,13.877361297607422,13.877361297607422,0.47747544573175,0,-0.3775094848318771,0.0,0.0,False,False,0.43529605599070487,do_nothing,False,14.0,435cd7a0226e4cffb0c9f08f327ca8922c5631692169b4ac410baf1e929ec8ea
ppo_trained,11,5,case_42_0045_cycle_014,case_42_0045,14,normal,18.558109046567527,13.690079689025879,13.690079689025879,0.41454773931229494,0,0.27307456770613003,0.0,0.0,False,False,0.5215810904656752,do_nothing,False,15.0,01455565c2b7b353b411a6e20fad34bb6eb70fa3c855c13292a32da345062d2a
ppo_trained,11,5,case_42_0045_cycle_015,case_42_0045,15,normal,14.878987697450894,13.451687812805176,13.451687812805176,0.32775715960664104,0,0.32446679513547705,0.0,0.0,False,False,0.508789876974509,do_nothing,False,16.0,135b47773e92bec5cf9d63176017c4cc169255ed2999d775b6108807b557bb55
ppo_trained,11,5,case_42_0045_cycle_016,case_42_0045,16,normal,12.644566755165487,13.577622413635254,13.577622413635254,0.28157672538069506,0,0.3264264885379311,0.0,0.0,False,False,0.5104456675516549,do_nothing,False,17.0,159dd1932459e708fc0f827026b6f17bf39ce43b9c2599efb21adf1e2b077e30
ppo_trained,11,5,case_42_0045_cycle_017,case_42_0045,17,normal,13.654073834262274,13.446760177612305,13.446760177612305,0.4285050439438577,0,0.20210202838055302,0.0,0.0,False,False,0.5445407383426227,do_nothing,False,18.0,a21d0fb42aa228656f30596b333f763468814a88f8d5607adc80116d76a7646b
ppo_trained,11,5,case_42_0045_cycle_018,case_42_0045,18,normal,13.229013815749187,16.96914291381836,16.96914291381836,0.45252048604121625,0,-0.760748487378658,0.0,0.0,False,False,0.5642901381574918,do_nothing,False,19.0,4ab57b45e4a669580b315f712e5edd1a0cc0d3353b1162c602c456a227c5a527
ppo_trained,11,5,case_42_0045_cycle_019,case_42_0045,19,normal,14.11152716139912,13.174273490905762,13.174273490905762,0.31097280199183486,0,0.06200826485925137,0.0,0.0,False,False,0.5971152716139911,do_nothing,False,20.0,179f046496b06ff4ae7e3bd6cf04ede34532e13814a6308a716f74a85fa53576
ppo_trained,11,5,case_42_0045_cycle_020,case_42_0045,20,normal,16.878234446267648,13.278341293334961,13.278341293334961,0.44324708159580456,0,-0.11283409562740043,0.0,0.0,False,False,0.6487823444626766,do_nothing,False,21.0,0be1b3b90c33af6f8f0644476639cd36b911bcbaf3712926b343b8649dd4b34e
ppo_trained,11,5,case_42_0045_cycle_021,case_42_0045,21,normal,13.396426106363343,14.620555877685547,14.620555877685547,0.4096035402588185,0,-0.07533331422972278,0.0,0.0,False,False,0.6379642610636334,do_nothing,False,22.0,92881939f089a6d6bc315401add28f75f88df4665b76b3aa1c030aec6f86bfee
ppo_trained,11,5,case_42_0045_cycle_022,case_42_0045,22,normal,13.964196540000298,14.607621192932129,14.607621192932129,0.4472054334058389,0,-0.17000671121088462,0.0,0.0,False,False,0.667641965400003,do_nothing,False,23.0,45d55eb7924bc40256f062ba7ab0f60c73743efefc8ca3ca19c47d019884feef
ppo_trained,11,5,case_42_0045_cycle_023,case_42_0045,23,normal,15.469068651631703,15.79450511932373,15.79450511932373,0.4699922080915778,0,-1.1905708907626877,0.0,0.0,False,False,0.7066906865163171,do_nothing,False,24.0,9033326c107ba69647bfcde250879208b27d645508089368d226686e62661a31
ppo_trained,11,5,case_42_0045_cycle_024,case_42_0045,24,normal,15.573650347457146,13.34367847442627,13.34367847442627,0.3244105120315076,0,-0.3438710872284402,0.0,0.0,False,False,0.7317365034745714,do_nothing,False,25.0,eb91fae3e16d0f6f56548739134007f6cd2eeed8d5d9ed2786010f0db1c72c9b
ppo_trained,11,5,case_42_0045_cycle_025,case_42_0045,25,normal,14.382374633591644,15.146317481994629,15.146317481994629,0.3471683574358013,0,-0.38354649262311924,0.0,0.0,False,False,0.7438237463359164,do_nothing,False,26.0,6b8ed44e1d5f48bf994140878be4aa24dc8affe93170acfdb5fb72ed50553291
ppo_trained,11,5,case_42_0045_cycle_026,case_42_0045,26,normal,14.52636133650605,13.783743858337402,13.783743858337402,0.3944710911660042,0,-0.46696150377008216,0.0,0.0,False,False,0.7692636133650606,do_nothing,False,27.0,e7abe3d2861f51c9188d3a5ca4c879cb6a5e05bc3c188361c7458503c826c4c2
ppo_trained,11,5,case_42_0045_cycle_027,case_42_0045,27,normal,15.768885709951569,13.487931251525879,13.487931251525879,0.5506839583258729,0,-1.4996691650474283,0.0,0.0,False,False,0.8056888570995158,do_nothing,False,28.0,f370fd58eac17664e0e1bcf15caad5c91cf333d988341f04b3d6fa0531bb6ef8
ppo_trained,11,5,case_42_0045_cycle_028,case_42_0045,28,normal,13.754255785017133,13.685539245605469,13.685539245605469,0.3676666422421806,0,-0.5837776698868412,0.0,0.0,False,False,0.8095425578501714,do_nothing,False,29.0,785f276af50548d196a4847ac780723e066c9ceb13d94ad35cd86efd6aa6d4d7
ppo_trained,11,5,case_42_0045_cycle_029,case_42_0045,29,normal,16.21630288308767,23.187124252319336,23.187124252319336,0.4528890125933281,0,-46.64242243838163,0.0,0.0,True,False,0.8581630288308767,do_nothing,False,30.0,5c7d50154a221ca8ccb3c899938f67be1e537215712dd036ec7906f82b57a2bd
ppo_trained,11,5,case_42_0045_cycle_030,case_42_0045,30,normal,15.212939940633966,14.02019214630127,14.02019214630127,0.4332000538972519,0,-45.78136820630361,0.0,0.0,True,False,0.8721293994063396,do_nothing,False,31.0,e63775fd7ad8a96bb69ed684cbba23ea2f12d3feea96d3fe381a9103d861a06f
ppo_trained,11,5,case_42_0045_cycle_031,case_42_0045,31,normal,13.733372382721655,13.808588981628418,13.808588981628418,0.3380343160648888,0,-45.794706318891386,0.0,0.0,True,False,0.8813337238272165,do_nothing,False,32.0,6fcfb36313017b04b920e171247e394df42192f74b99ba14412624a70e497fc8
ppo_trained,11,5,case_42_0045_cycle_032,case_42_0045,32,normal,12.07662526467833,14.636613845825195,14.636613845825195,0.4723377429152843,0,-46.737149419377644,0.0,0.0,True,False,0.8887662526467833,do_nothing,False,33.0,1dc105066cac68fa4dc75ccacd338b9e5c443ad3f3576ed3903063c4ff9ba5f9
ppo_trained,11,5,case_42_0045_cycle_033,case_42_0045,33,normal,13.91391045908599,13.409808158874512,13.409808158874512,0.4059184355053249,0,-45.95430507909838,0.0,0.0,True,False,0.9311391045908599,do_nothing,False,34.0,e4ee51fe8d23644f693dace12017e798494682a1c6383f723d9e6ffaea8a42e6
ppo_trained,11,5,case_42_0045_cycle_034,case_42_0045,34,normal,14.365915203942533,17.521270751953125,17.521270751953125,0.4513634323589275,0,-46.946681970972115,0.0,0.0,True,False,0.9596591520394254,do_nothing,False,35.0,2a5a40a4b15288b34ee100ee6855fb58642d4a6eb1f1e7ed6b4fce6d18e334dc
ppo_trained,11,5,case_42_0045_cycle_035,case_42_0045,35,normal,14.880557047959513,23.9432373046875,23.9432373046875,0.6839112460336177,0,-47.06900339834383,0.0,0.0,True,False,0.9888055704795953,do_nothing,False,36.0,246d56843576d765dca0d8eac0aac19c7dc634c92cd0b4a53ba3ab177136773f
ppo_trained,11,5,case_42_0045_cycle_036,case_42_0045,36,normal,15.43072691365329,13.836002349853516,13.836002349853516,0.45519373868891055,0,-47.12320086821293,0.0,0.0,True,False,1.018307269136533,do_nothing,False,37.0,7f8a5e51a9975ef67db251b779d647a7d3f5b8bce381628daa0b953109b6111a
ppo_trained,11,5,case_42_0045_cycle_037,case_42_0045,37,normal,14.054538148912915,15.063272476196289,15.063272476196289,0.4055750534269614,0,-46.24647240248143,0.0,0.0,True,False,1.028545381489129,do_nothing,False,38.0,6bf76c5089d277c7c038f717a1bb769cb0fafbacd73937378cdc753f4936d8a4
ppo_trained,11,5,case_42_0045_cycle_038,case_42_0045,38,normal,16.302180352617537,13.559643745422363,13.559643745422363,0.3641478387954267,0,-46.37968758639784,0.0,0.0,True,False,1.0750218035261754,do_nothing,False,39.0,9e1a6612abf3a509746daa7ed990c04642030ed967ea1c0ddf79bc642f489a47
ppo_trained,11,5,case_42_0045_cycle_039,case_42_0045,39,normal,16.005471836119973,14.080363273620605,14.080363273620605,0.47398638222752315,0,-47.359262112417724,0.0,0.0,True,False,1.0960547183611997,do_nothing,False,40.0,04bbe6a82c2860a63ebd231aca59a6a498e69597ef68cf178c4db215d2b11ee4
ppo_trained,11,6,case_42_0048_cycle_000,case_42_0048,0,low_shielding_gas,18.927567827051707,26.175029754638672,26.175029754638672,0.45759379916739545,0,0.3635338953133395,0.0,0.0,False,False,0.18927567827051706,do_nothing,False,1.0,93cc76a34eeb06bd152360d61a79b5c2abedee1db76e33de20fed38c76263f68
ppo_trained,11,6,case_42_0048_cycle_001,case_42_0048,1,low_shielding_gas,20.662921213191645,28.090532302856445,28.090532302856445,0.3772397875899989,0,1.1515263954657509,0.0,0.0,False,False,0.23062921213191645,do_nothing,False,2.0,834ee3f3044799887ec0e4f139f91cd9a95f5be6c4033df2a0f77a461ebf0d24
ppo_trained,11,6,case_42_0048_cycle_002,case_42_0048,2,low_shielding_gas,19.936282940047416,25.078401565551758,25.078401565551758,0.38375519648878176,0,1.1003482323252602,0.0,0.0,False,False,0.2473628294004742,do_nothing,False,3.0,09e1c6a2b913a07518425a9d8d41b81bdfe80ce6ea61f3175d3c360e5658e269
ppo_trained,11,6,case_42_0048_cycle_003,case_42_0048,3,low_shielding_gas,25.09634856537249,20.48064613342285,20.48064613342285,0.4177039158592783,0,0.8684539556599336,0.0,0.0,False,False,0.3229634856537249,do_nothing,False,4.0,ff36bf9be0a00cd267d8e296e85d931189c94c1c78770541ef45a50d14226b3b
ppo_trained,11,6,case_42_0048_cycle_004,case_42_0048,4,low_shielding_gas,23.400070975257165,31.452463150024414,31.452463150024414,0.6067754249772177,0,-0.08101844300429768,0.0,0.0,False,False,0.3300007097525717,do_nothing,False,5.0,72c95792e45445780a00df30c16f7a24158e8ff373887c8eba2226b8d27a7c61
ppo_trained,11,6,case_42_0048_cycle_005,case_42_0048,5,low_shielding_gas,20.868661523103892,20.17697525024414,20.17697525024414,0.5043692174800791,0,-0.06171522831512864,0.0,0.0,False,False,0.3286866152310389,do_nothing,False,6.0,53b1b280a385ab6ae3db2c61b98cec3f0a3de6f07a0e534844dc84067872db61
ppo_trained,11,6,case_42_0048_cycle_006,case_42_0048,6,low_shielding_gas,22.977574511298336,20.78870391845703,20.78870391845703,0.42629176811749603,0,0.7147289994434256,0.0,0.0,False,False,0.37377574511298334,do_nothing,False,7.0,697806f115ad3a19938f61111aac7e8ad8c36a548311ba6bb18b9fe4fdf318de
ppo_trained,11,6,case_42_0048_cycle_007,case_42_0048,7,low_shielding_gas,26.658494059155057,21.93557357788086,21.93557357788086,0.43883285035425784,0,0.5304202506722093,0.0,0.0,False,False,0.4345849405915506,do_nothing,False,8.0,729eb3a97d89463d853ebacc64e2d655758de7b50864cf187aa9b923ef688992
ppo_trained,11,6,case_42_0048_cycle_008,case_42_0048,8,low_shielding_gas,25.014333925924547,33.55194091796875,33.55194091796875,0.4572642381018037,0,-0.39501965349300716,0.0,0.0,False,False,0.44214333925924554,do_nothing,False,9.0,bb4d4d3dd77adb09bdf1dd1cf8299fbacd9d00451df640159f1067fa504ef97a
ppo_trained,11,6,case_42_0048_cycle_009,case_42_0048,9,low_shielding_gas,23.418976414695805,30.321561813354492,30.321561813354492,0.35340140318425456,0,0.4964204970814877,0.0,0.0,False,False,0.45018976414695805,do_nothing,False,10.0,246e52bd2a9899fa69ddb03c112810eb527d2468199ea82778ac683640813c10
ppo_trained,11,6,case_42_0048_cycle_010,case_42_0048,10,low_shielding_gas,21.004259420522892,24.636707305908203,24.636707305908203,0.40846680516224776,0,0.48860219660997606,0.0,0.0,False,False,0.4500425942052289,do_nothing,False,11.0,083292b3df586430452db5229359992b7e8eeecace421dae59be7e63e5f26377
ppo_trained,11,6,case_42_0048_cycle_011,case_42_0048,11,low_shielding_gas,22.56198565729997,30.340286254882812,30.340286254882812,0.5417355194779908,0,-0.5501198976406976,0.0,0.0,False,False,0.48961985657299967,do_nothing,False,12.0,f55d30eb715a76dc4ee46f73aab5a8af0ae2dcb217687ac8e37915c00ed62bfc
ppo_trained,11,6,case_42_0048_cycle_012,case_42_0048,12,low_shielding_gas,25.39991197266469,24.710546493530273,24.710546493530273,0.39253443517849085,0,0.21512247554328556,0.0,0.0,False,False,0.5419991197266469,do_nothing,False,13.0,62c25246c6f45b02a7330ecfb8bc6636d4f5eef7768dfffb1665969e66e116f8
ppo_trained,11,6,case_42_0048_cycle_013,case_42_0048,13,low_shielding_gas,24.929920811252288,35.741050720214844,35.741050720214844,0.5359952888057568,0,-0.7642969176584322,0.0,0.0,False,False,0.5612992081125229,do_nothing,False,14.0,8c18d28efb74ad48fe3aba8d134b23de71e1b882b0fef2dac189341340f3374a
ppo_trained,11,6,case_42_0048_cycle_014,case_42_0048,14,low_shielding_gas,24.363382654226047,33.735843658447266,33.735843658447266,0.7068879747039509,0,-0.844934675832374,0.0,0.0,False,False,0.5796338265422605,do_nothing,False,15.0,2f101686ad9a919e8f3c2a55caef2c081b47e2443d27212d0e3a2327d5463d5e
ppo_trained,11,6,case_42_0048_cycle_015,case_42_0048,15,low_shielding_gas,24.897543612278195,30.83534812927246,30.83534812927246,0.46697292244519084,0,-0.8969722467351244,0.0,0.0,False,False,0.6089754361227819,do_nothing,False,16.0,bbd924bf694182481c8eed677337ed7b9f874ddbf925bee766b542455e32eac5
ppo_trained,11,6,case_42_0048_cycle_016,case_42_0048,16,low_shielding_gas,30.826026647908343,34.722328186035156,34.722328186035156,0.47483453248386853,0,-1.1480059793098307,0.0,0.0,False,False,0.6922602664790835,do_nothing,False,17.0,075d1e47113b49a5ddcaebc6ce0635a5070c28a89f6482dfaf736b6c029b065d
ppo_trained,11,6,case_42_0048_cycle_017,case_42_0048,17,low_shielding_gas,29.259848371924065,31.830703735351562,31.830703735351562,0.5096880519727974,0,-1.1782486589536416,0.0,0.0,False,False,0.7005984837192407,do_nothing,False,18.0,2a66d24d5f10c331d7cc25c5aaa299492af54721a75d2bd93d87dd3a1ee05fb5
ppo_trained,11,6,case_42_0048_cycle_018,case_42_0048,18,low_shielding_gas,27.263606457363526,32.73027801513672,32.73027801513672,0.4799741278796028,0,-1.1859043129028464,0.0,0.0,False,False,0.7046360645736353,do_nothing,False,19.0,016f66cdaef5f3f4ab96627fa36c577416c1ffdcb27c58fadcedb6ac63130eec
ppo_trained,11,6,case_42_0048_cycle_019,case_42_0048,19,low_shielding_gas,29.054836642366013,27.026470184326172,27.026470184326172,0.421075513494082,0,-0.40280642629509245,0.0,0.0,False,False,0.7465483664236601,do_nothing,False,20.0,32c7d497aec3d0855c3c74d0ea36faf9119a247bfe6d064530d0e121c62ca6ea
ppo_trained,11,6,case_42_0048_cycle_020,case_42_0048,20,low_shielding_gas,34.241590074739975,26.366220474243164,26.366220474243164,0.47564855506348674,0,-46.538594985501724,0.0,0.0,True,False,0.8224159007473998,do_nothing,False,21.0,f50cbf34631a82c7d4d4c41a0be99a15c376d6c5861933b278c7b1be951b8e6d
ppo_trained,11,6,case_42_0048_cycle_021,case_42_0048,21,low_shielding_gas,33.71034641161235,35.973838806152344,35.973838806152344,0.6134202982412275,0,-46.615323437084555,0.0,0.0,True,False,0.8411034641161235,do_nothing,False,22.0,1d4e49f3ee3bcafe5440655a35a0d3eebce93020c9d971bf850bacc5e05efa63
ppo_trained,11,6,case_42_0048_cycle_022,case_42_0048,22,low_shielding_gas,35.06827218621017,37.37497329711914,37.37497329711914,0.5669485207182675,0,-46.721090443694045,0.0,0.0,True,False,0.8786827218621018,do_nothing,False,23.0,bae18db7c61ff33d08883a806976565c2c835e4e32a640b79299f8d09ba206f8
ppo_trained,11,6,case_42_0048_cycle_023,case_42_0048,23,low_shielding_gas,32.04772786512201,38.25288772583008,38.25288772583008,0.5230209013919356,0,-46.69588497116245,0.0,0.0,True,False,0.87247727865122,do_nothing,False,24.0,4ac0661c45179897e56f7aad8f692f813b985918a7a2fe9afcf85e325ec002e0
ppo_trained,11,6,case_42_0048_cycle_024,case_42_0048,24,low_shielding_gas,34.01821468034811,31.56053352355957,31.56053352355957,0.5414657061628587,0,-46.829766296334874,0.0,0.0,True,False,0.9161821468034811,do_nothing,False,25.0,132439db227f7b4bd5c34efe0acaa1c4fb76d11f5f3caae6eed9e0161dd7f8e2
ppo_trained,11,6,case_42_0048_cycle_025,case_42_0048,25,low_shielding_gas,36.83711761400178,39.21845626831055,39.21845626831055,0.5144607329381606,0,-46.98228263836078,0.0,0.0,True,False,0.9683711761400178,do_nothing,False,26.0,bdf4d97aa3d036921fed432669228098b0a9a10f936caea905710bf731a03660
ppo_trained,11,6,case_42_0048_cycle_026,case_42_0048,26,low_shielding_gas,36.857507504626945,35.26102066040039,35.26102066040039,0.5037952351544868,0,-47.05329451041198,0.0,0.0,True,False,0.9925750750462695,do_nothing,False,27.0,15b935cf68c667cb3a2a7b81cfc68161a73148205e7721175c070473425ceca3
ppo_trained,11,6,case_42_0048_cycle_027,case_42_0048,27,low_shielding_gas,34.15819962286756,37.259159088134766,37.259159088134766,0.6416395940585369,0,-47.06499192779481,0.0,0.0,True,False,0.9895819962286756,do_nothing,False,28.0,94308aad38558986fd035e63be4ab1ab7a6bf054ae6376a4f952dd36037db99b
ppo_trained,11,6,case_42_0048_cycle_028,case_42_0048,28,low_shielding_gas,33.89728031231185,41.17034149169922,41.17034149169922,0.7197473227757298,0,-47.14088050778572,0.0,0.0,True,False,1.0109728031231184,do_nothing,False,29.0,e3a18281db995961b4e14bac8a5effd537e35a1e2b5e5cb9d52c49721843aa4f
ppo_trained,11,6,case_42_0048_cycle_029,case_42_0048,29,low_shielding_gas,36.72495094897234,44.94941711425781,44.94941711425781,0.5771852626186535,0,-47.276326317861965,0.0,0.0,True,False,1.0632495094897234,do_nothing,False,30.0,d35115ea57cdd05bb14cfae1d12e31765aa6b5144c98f7f5300b8d7e310321ca
ppo_trained,11,6,case_42_0048_cycle_030,case_42_0048,30,low_shielding_gas,39.900182524310935,33.45886993408203,33.45886993408203,0.4451237954139158,0,-46.523774045041414,0.0,0.0,True,False,1.1190018252431093,do_nothing,False,31.0,f3c63a5391b3a55a85266ffd996d46010678ff8f180dd7243ae6b0f223ef4a7f
ppo_trained,11,6,case_42_0048_cycle_031,case_42_0048,31,low_shielding_gas,38.15747712065608,38.89857864379883,38.89857864379883,0.6683079608228164,0,-47.476970507743104,0.0,0.0,True,False,1.1255747712065607,do_nothing,False,32.0,b1f6d5ae3fe8e2877c3d398ce76514520d1edc17d0e40977d4d8555cba2a7545
ppo_trained,11,6,case_42_0048_cycle_032,case_42_0048,32,low_shielding_gas,41.50504957016079,40.49990463256836,40.49990463256836,0.60459694516502,0,-47.63984102887957,0.0,0.0,True,False,1.183050495701608,do_nothing,False,33.0,a5e4980e33f9f695aa8281a8f749503e0c0aa9a868c874aadb9bbbe7fbd07a7a
ppo_trained,11,6,case_42_0048_cycle_033,case_42_0048,33,low_shielding_gas,45.72541666659614,44.3849983215332,44.3849983215332,0.5153936787006922,0,-47.82507155180299,0.0,0.0,True,False,1.2492541666659616,do_nothing,False,34.0,40ee9fdfc87258dfde66736c4f354a1fb182b5a9cb45eaae8401f59e4fb4cac8
ppo_trained,11,6,case_42_0048_cycle_034,case_42_0048,34,low_shielding_gas,47.05842676029908,43.25611877441406,43.25611877441406,0.5095874378851633,0,-47.93619091849175,0.0,0.0,True,False,1.2865842676029908,do_nothing,False,35.0,cc2894fede39f067fa93850412cc08ec8cf16576c179ca64f8d182a0b694a7ec
ppo_trained,11,6,case_42_0048_cycle_035,case_42_0048,35,low_shielding_gas,46.337295511031314,37.75169372558594,37.75169372558594,0.6971085845004744,0,-48.01468515300601,0.0,0.0,True,False,1.303372955110313,do_nothing,False,36.0,7ed35d33c8f9c31be09930eeaf32478c486571ed344b0e08415bff991f05024c
ppo_trained,11,6,case_42_0048_cycle_036,case_42_0048,36,low_shielding_gas,48.2391233270045,45.82408142089844,45.82408142089844,0.6144390706766485,0,-48.13133956041163,0.0,0.0,True,False,1.346391233270045,do_nothing,False,37.0,0d6c091a329060e9ae7a6c851e59ecf633a7aae14bdaf928c497924f3b9136b3
ppo_trained,11,6,case_42_0048_cycle_037,case_42_0048,37,low_shielding_gas,44.66514746385036,38.77239990234375,38.77239990234375,0.6467474121730231,0,-48.10096653574146,0.0,0.0,True,False,1.3346514746385036,do_nothing,False,38.0,12d591aa595eac1c037208159c7c9638816a937cace98eb874ed4caf5f7f723e
ppo_trained,11,6,case_42_0048_cycle_038,case_42_0048,38,low_shielding_gas,44.19758793319404,42.13932418823242,42.13932418823242,0.5492508069537346,0,-48.14431525903888,0.0,0.0,True,False,1.3539758793319403,do_nothing,False,39.0,94f4c94fdabe84f8b7fbd01d5ecfdf432323b61a432e5ba59908d96dd0fef11e
ppo_trained,11,6,case_42_0048_cycle_039,case_42_0048,39,low_shielding_gas,49.93148146754935,38.36024856567383,38.36024856567383,0.7474732349829563,0,-48.41806542927392,0.0,0.0,True,False,1.4353148146754935,do_nothing,False,40.0,f0e2046992abae6ea8462ec879ceede1ddbcc7661c88d27e6b37deaa060d5559
ppo_trained,11,7,case_42_0051_cycle_000,case_42_0051,0,low_shielding_gas,21.797215822541254,25.84846305847168,25.84846305847168,0.4530846970610636,0,0.27812082076460287,0.0,0.0,False,False,0.21797215822541255,do_nothing,False,1.0,9cb33df51c86abacf7757dc2f58ff1123d9bd5678fa5ef8bfbe4c2424ae9b98c
ppo_trained,11,7,case_42_0051_cycle_001,case_42_0051,1,low_shielding_gas,25.61349312462481,27.48486328125,27.48486328125,0.3663596023764677,0,1.0046412659047856,0.0,0.0,False,False,0.2801349312462481,do_nothing,False,2.0,e6b99435c57484a3b94993392fd4f96c79f999ac77eee84aee5eb77f1a12e07a
ppo_trained,11,7,case_42_0051_cycle_002,case_42_0051,2,low_shielding_gas,25.33689027844409,31.648174285888672,31.648174285888672,0.4749714183708086,0,0.02464757889105597,0.0,0.0,False,False,0.3013689027844409,do_nothing,False,3.0,49b3fce5d9e545c8b313032a3552f3a79a31bb38dc63c139a2fee401a5e34b09
ppo_trained,11,7,case_42_0051_cycle_003,case_42_0051,3,low_shielding_gas,25.81697262302199,22.553653717041016,22.553653717041016,0.4317494196380246,0,0.8447284083636366,0.0,0.0,False,False,0.3301697262302199,do_nothing,False,4.0,9ddb59e6b3aa92176d6ef336fa5cca4b404aa75ebe72d6ede3c61fc0e8aa358b
ppo_trained,11,7,case_42_0051_cycle_004,case_42_0051,4,low_shielding_gas,25.819579310918805,36.50261306762695,45.91185540447074,0.7538116971451088,0,-0.17565913389933052,0.0,0.0,False,False,0.3541957931091881,do_nothing,False,5.0,261e70dfe5943b7647e5a5e47d1d810d0b4d95af6667c5d973cfd5cfa6ba7918
ppo_trained,11,7,case_42_0051_cycle_005,case_42_0051,5,low_shielding_gas,26.58710039223695,28.920635223388672,28.920635223388672,0.6958161716526328,0,-0.2619854375150035,0.0,0.0,False,False,0.3858710039223695,do_nothing,False,6.0,7048722ccc021a0c3fe65c12ffec56c99d6000589682435fced2125e2639719b
ppo_trained,11,7,case_42_0051_cycle_006,case_42_0051,6,low_shielding_gas,27.931453701678333,27.153915405273438,27.153915405273438,0.6513061824365851,0,-0.3676395384158377,0.0,0.0,False,False,0.42331453701678334,do_nothing,False,7.0,57a815de5aac703ac2a28864de1ad22624ae3fe7b19471cd4cae611ab067e40c
ppo_trained,11,7,case_42_0051_cycle_007,case_42_0051,7,low_shielding_gas,30.002027187873814,31.480085372924805,31.480085372924805,0.5469264716995819,0,-0.4860997863911517,0.0,0.0,False,False,0.4680202718787382,do_nothing,False,8.0,1199ee286241e16191db2abb83c64419afb5724d36cc6eed3dce233e260b4a09
ppo_trained,11,7,case_42_0051_cycle_008,case_42_0051,8,low_shielding_gas,26.846192379837536,27.012739181518555,27.012739181518555,0.6874876939225064,0,-0.48450892548350205,0.0,0.0,False,False,0.46046192379837536,do_nothing,False,9.0,21099be90b3bd079bce1e5a6c09f10019da8b34cdec5aff17c1f9229769ca7d3
ppo_trained,11,7,case_42_0051_cycle_009,case_42_0051,9,low_shielding_gas,30.575328258657425,32.74083709716797,32.74083709716797,0.43169664272875635,0,0.2699856558309638,0.0,0.0,False,False,0.5217532825865743,do_nothing,False,10.0,de8578b9b387667577b9d714744f4b13fd8e2b16a8c9ff436ab5b8e0e9165e0f
ppo_trained,11,7,case_42_0051_cycle_010,case_42_0051,10,low_shielding_gas,27.666471875184566,28.57857894897461,28.57857894897461,0.44641837994028666,0,0.28304308675342016,0.0,0.0,False,False,0.5166647187518456,do_nothing,False,11.0,b2c80e17075faa8750421adc220806054ba6478df283e926a19ca2270eb94a2c
ppo_trained,11,7,case_42_0051_cycle_011,case_42_0051,11,low_shielding_gas,30.51028876647564,32.79557800292969,32.79557800292969,0.5015338482501421,0,-0.7825387402317904,0.0,0.0,False,False,0.5691028876647564,do_nothing,False,12.0,307688d5076476bb04abf6cd3d021c2d14fe00b624744697c7432f19a2b53214
ppo_trained,11,7,case_42_0051_cycle_012,case_42_0051,12,low_shielding_gas,35.970690710363556,30.919095993041992,30.919095993041992,0.5597983322904125,0,-1.0270904711544684,0.0,0.0,False,False,0.6477069071036355,do_nothing,False,13.0,945d9988d26f421ffa2228087b9b7a5e67b31bb6f48a5a08f4b41179ba2ebd71
ppo_trained,11,7,case_42_0051_cycle_013,case_42_0051,13,low_shielding_gas,31.857162222530523,40.16064453125,40.16064453125,0.5634563194055549,0,-0.976233314586749,0.0,0.0,False,False,0.6305716222253053,do_nothing,False,14.0,56112c3fc0edaf03df5a54588e891d0217d46f03fe1965c28bcbeb036e56135e
ppo_trained,11,7,case_42_0051_cycle_014,case_42_0051,14,low_shielding_gas,27.96829363680309,26.821243286132812,26.821243286132812,0.5142145199101993,0,-0.9241809870906228,0.0,0.0,False,False,0.615682936368031,do_nothing,False,15.0,595d735e0a49ba68c376e01a24fce1cf0c9a0474a3792e9a3be831727e80cf05
ppo_trained,11,7,case_42_0051_cycle_015,case_42_0051,15,low_shielding_gas,31.24120992988324,38.3509407043457,38.3509407043457,0.4606137340154569,0,-1.0863283579988159,0.0,0.0,False,False,0.6724120992988324,do_nothing,False,16.0,d18e44b8563532389c87d9e1031de6916496c8e7ced3a7af896840e0f10de4bd
ppo_trained,11,7,case_42_0051_cycle_016,case_42_0051,16,low_shielding_gas,31.901198280228705,28.051267623901367,28.051267623901367,0.45123513675069926,0,-1.176721218919466,0.0,0.0,False,False,0.703011982802287,do_nothing,False,17.0,3b8bce95e911edf908cb1b4cf3d1dac5038513f1e745d366704359035889e965
ppo_trained,11,7,case_42_0051_cycle_017,case_42_0051,17,low_shielding_gas,37.98666085152882,36.49330139160156,36.49330139160156,0.4475405409132691,0,-1.430730906682855,0.0,0.0,False,False,0.7878666085152882,do_nothing,False,18.0,416870a46dfb81aa878d150ca0a8a636b28e3ca56962f6cad39ad2e46f335880
ppo_trained,11,7,case_42_0051_cycle_018,case_42_0051,18,low_shielding_gas,36.668038011376375,39.945621490478516,39.945621490478516,0.6555078354791288,0,-1.4943673156631607,0.0,0.0,False,False,0.7986803801137637,do_nothing,False,19.0,b9f8e67eac66b123845c288357027c78abb225eca124ab1e5eb8b3eafc9e3029
ppo_trained,11,7,case_42_0051_cycle_019,case_42_0051,19,low_shielding_gas,36.16606792742495,35.4498291015625,35.4498291015625,0.7337131311973214,0,-1.563039007502347,0.0,0.0,False,False,0.8176606792742496,do_nothing,False,20.0,ca330a14d94f6a4748a2f2ca43a43eccef0098fd780767c7de539496c6d869c2
ppo_trained,11,7,case_42_0051_cycle_020,case_42_0051,20,low_shielding_gas,34.57147235940039,40.551795959472656,40.551795959472656,0.709646827071924,0,-46.5835911948428,0.0,0.0,True,False,0.8257147235940039,do_nothing,False,21.0,6aac23f605037ca6041305a8894027f6ab7a9f70ace40a572fb6d4024bc7f03b
ppo_trained,11,7,case_42_0051_cycle_021,case_42_0051,21,low_shielding_gas,38.96633068885475,35.83713150024414,35.83713150024414,0.6313639796322027,0,-46.775694517610475,0.0,0.0,True,False,0.8936633068885474,do_nothing,False,22.0,3f41f5f519d9f5ba1d971ed8d45730772cc7cee1efa15d10599a5ca60a92fa5e
ppo_trained,11,7,case_42_0051_cycle_022,case_42_0051,22,low_shielding_gas,36.59078335026295,34.249534606933594,34.249534606933594,0.5643601235981011,0,-46.7663775190476,0.0,0.0,True,False,0.8939078335026296,do_nothing,False,23.0,53a171139948a66fd2525bdc1dd01836ea56d98bf98d62a7784c747f11ceab48
ppo_trained,11,7,case_42_0051_cycle_023,case_42_0051,23,low_shielding_gas,36.664227059454966,44.770084381103516,44.770084381103516,0.61576673632839,0,-46.84829182223291,0.0,0.0,True,False,0.9186422705945496,do_nothing,False,24.0,ef3bb71cb7f91406c093930d9b3d774ad625638091d107bec919482f4803e51b
ppo_trained,11,7,case_42_0051_cycle_024,case_42_0051,24,low_shielding_gas,44.00397879598213,37.14546203613281,37.14546203613281,0.5506138798184623,0,-47.130711445852235,0.0,0.0,True,False,1.0160397879598213,do_nothing,False,25.0,ae0a30889bc0ed509dfcfeb46a4e40f173c935476b05e00071a2828def8f2d6d
ppo_trained,11,7,case_42_0051_cycle_025,case_42_0051,25,low_shielding_gas,39.51170623926828,41.0167350769043,41.0167350769043,0.5452401657554271,0,-47.06713721204136,0.0,0.0,True,False,0.9951170623926828,do_nothing,False,26.0,4b4bd6df60d62ad8dfbd9f7b6db287b6b4d83af20dab3a9aee150f23881770c7
ppo_trained,11,7,case_42_0051_cycle_026,case_42_0051,26,low_shielding_gas,40.58058016324384,44.083919525146484,44.083919525146484,0.5816448890838489,0,-47.176664138259895,0.0,0.0,True,False,1.0298058016324383,do_nothing,False,27.0,aa51ef792efe6a35adb96d289f80c13a0886879d5c96c9b76db8a1eec1c4924d
ppo_trained,11,7,case_42_0051_cycle_027,case_42_0051,27,low_shielding_gas,42.55567976048071,39.47774124145508,39.47774124145508,0.5931805251340394,0,-47.309647471584526,0.0,0.0,True,False,1.073556797604807,do_nothing,False,28.0,ef0759cd6cf2c6e52b756356e7cbb0b49d9ba58499ff154eaedd02695dc62fb2
ppo_trained,11,7,case_42_0051_cycle_028,case_42_0051,28,low_shielding_gas,38.47966621046239,28.57625961303711,28.57625961303711,0.7037361601152667,0,-47.27595041033116,0.0,0.0,True,False,1.0567966621046239,do_nothing,False,29.0,478c32c844585b08159933b4d49c64690100341146384c585ffa5f19c258aa8b
ppo_trained,11,7,case_42_0051_cycle_029,case_42_0051,29,low_shielding_gas,42.32619485767691,38.23362350463867,38.23362350463867,0.595870740237712,0,-47.44716645676596,0.0,0.0,True,False,1.119261948576769,do_nothing,False,30.0,cad78040d04f6fea301020a7a2ebdecb5766aa164b9768edb1b335bf972ed155
ppo_trained,11,7,case_42_0051_cycle_030,case_42_0051,30,low_shielding_gas,40.49771241003862,38.56800842285156,38.56800842285156,0.6005914402827708,0,-47.46502008834357,0.0,0.0,True,False,1.1249771241003863,do_nothing,False,31.0,951c766595030ab085e9afd049c1c70ae63f552439611227c2bec2884ff1f7b2
ppo_trained,11,7,case_42_0051_cycle_031,case_42_0051,31,low_shielding_gas,42.74078195354738,43.82769012451172,43.82769012451172,0.7378474228483837,0,-47.62490057203368,0.0,0.0,True,False,1.171407819535474,do_nothing,False,32.0,c37e2378d07845a636c66573876583fbd965f051e6109d3dde3e5700139be756
ppo_trained,11,7,case_42_0051_cycle_032,case_42_0051,32,low_shielding_gas,46.97535100045771,48.47937774658203,48.47937774658203,0.6767147406116942,0,-47.814767741105484,0.0,0.0,True,False,1.237753510004577,do_nothing,False,33.0,b48e7105dbc889dd06e42c9c8a36994cb9981e5a46738ef7dc009eea5cc6a9f8
ppo_trained,11,7,case_42_0051_cycle_033,case_42_0051,33,low_shielding_gas,51.79173891135444,47.98035430908203,47.98035430908203,0.7220328413701229,0,-48.03805709354615,0.0,0.0,True,False,1.3099173891135445,do_nothing,False,34.0,87644c4eac45ee4ecf40e9cb99db38336fd8ed7a47874af48eb9ae440f58c446
ppo_trained,11,7,case_42_0051_cycle_034,case_42_0051,34,low_shielding_gas,43.15698601645958,39.437198638916016,39.437198638916016,0.7358477532136897,0,-47.85308674347584,0.0,0.0,True,False,1.247569860164596,do_nothing,False,35.0,46ceb09ffc0cd0c018b4c0f6a0793003425ff3b654aed7958814c055d77c808d
ppo_trained,11,7,case_42_0051_cycle_035,case_42_0051,35,low_shielding_gas,43.314677954920995,43.8396110534668,43.8396110534668,0.6812349809112428,0,-47.92162558578432,0.0,0.0,True,False,1.2731467795492102,do_nothing,False,36.0,241846464f8587d1af8f4b216149585fe03f66d6ad00e9b6a215e60215ad9076
ppo_trained,11,7,case_42_0051_cycle_036,case_42_0051,36,low_shielding_gas,53.78387261580525,51.439632415771484,51.439632415771484,0.6919605706755096,0,-48.309310264075485,0.0,0.0,True,False,1.4018387261580525,do_nothing,False,37.0,41929338371a1f23889751f9c90db6a9656ae93719bde148b921caf6e9550c2b
ppo_trained,11,7,case_42_0051_cycle_037,case_42_0051,37,low_shielding_gas,45.58556693103164,43.90871810913086,43.90871810913086,0.7416019321806936,0,-48.142807297758054,0.0,0.0,True,False,1.3438556693103165,do_nothing,False,38.0,1a04debc0318d3f8b98fde9bdb42cd1237fc520d55212c8ce52377f50ea881f6
ppo_trained,11,7,case_42_0051_cycle_038,case_42_0051,38,low_shielding_gas,48.95102361000665,50.75761413574219,50.75761413574219,0.6893374146967729,0,-48.307931320504714,0.0,0.0,True,False,1.4015102361000666,do_nothing,False,39.0,b038499a494ab67d14a72d23536d497165e57b482145b58e41c0054d59165bc7
ppo_trained,11,7,case_42_0051_cycle_039,case_42_0051,39,low_shielding_gas,59.20738645963522,48.65894317626953,47.69251570614117,0.730359296736517,0,-48.609553894510476,0.0,0.0,True,False,1.5,do_nothing,False,40.0,96522d1f9db99b045a777294d2fed81c2414f59e92d89910319ff0a86d21ee9c
ppo_trained,11,8,case_42_0055_cycle_000,case_42_0055,0,thermal_overload,18.812018620151168,29.986417770385742,29.986417770385742,0.44679630673550497,0,1.2686199953851394,0.0,0.0,False,False,0.1881201862015117,do_nothing,False,1.0,2c52517ac1f66010672e47fb78bfc6e8394a139315a17a545e701249ad721988
ppo_trained,11,8,case_42_0055_cycle_001,case_42_0055,1,thermal_overload,23.6492198430991,17.379535675048828,17.379535675048828,0.363101488913596,0,1.0640581813699876,0.0,0.0,False,False,0.26049219843099103,do_nothing,False,2.0,5a207221d0872c2d387c97ea787861b43d9d994eebe9c7fdb8a03b5b26e3339c
ppo_trained,11,8,case_42_0055_cycle_002,case_42_0055,2,thermal_overload,26.68733027533241,36.32181930541992,36.32181930541992,0.5880027020941859,0,-0.032820313574100105,0.0,0.0,False,False,0.3148733027533241,do_nothing,False,3.0,119b328666eccbfa401eacba3734e3a2796ce5bfea701ca62ee3f0b8f42aceaa
ppo_trained,11,8,case_42_0055_cycle_003,case_42_0055,3,thermal_overload,29.21989952146607,40.5596809387207,47.98956212146531,0.7212162558499342,0,-0.20077942402147225,0.0,0.0,False,False,0.3641989952146607,do_nothing,False,4.0,23048f04f6cae827a1f9d3dda38bb75c307fda9047b55d053cfaf2d016aa6d9f
ppo_trained,11,8,case_42_0055_cycle_004,case_42_0055,4,thermal_overload,25.27093179841161,40.152679443359375,40.152679443359375,0.5486403055970813,0,-0.12842399979191066,0.0,0.0,False,False,0.34870931798411614,do_nothing,False,5.0,d23eca1be35a97030faf73a6c8b6b6869b5b635d5d6639ebdba90a70b1673d85
ppo_trained,11,8,case_42_0055_cycle_005,case_42_0055,5,thermal_overload,27.755682179894997,25.117334365844727,25.117334365844727,0.5967287244579587,0,-0.28217977406554384,0.0,0.0,False,False,0.39755682179895,do_nothing,False,6.0,365b80773e8387aa965864a8168045b93ad7a13f3e472d35121727090bb0e130
ppo_trained,11,8,case_42_0055_cycle_006,case_42_0055,6,thermal_overload,33.87021447098789,32.921695709228516,32.921695709228516,0.5047366900828264,0,-0.5238169376420607,0.0,0.0,False,False,0.48270214470987893,do_nothing,False,7.0,88e0b3e4d16e52736ce2418ce07d7c78529156eabc6dd8c421f9dca8fe304e01
ppo_trained,11,8,case_42_0055_cycle_007,case_42_0055,7,thermal_overload,32.093138752444844,35.640506744384766,35.640506744384766,0.6026728955780843,0,-0.5571950969100581,0.0,0.0,False,False,0.4889313875244485,do_nothing,False,8.0,12b91632edec97b7caed924bb762014a207d15128db6d28fca6fcbdb787c3045
ppo_trained,11,8,case_42_0055_cycle_008,case_42_0055,8,thermal_overload,34.991623668544406,36.76953125,36.76953125,0.608229310454864,0,-0.7169831066245618,0.0,0.0,False,False,0.5419162366854441,do_nothing,False,9.0,c3884cded1d343387e3061d2dc710300f70470c24d64ccac5a756efdb9fc7c74
ppo_trained,11,8,case_42_0055_cycle_009,case_42_0055,9,thermal_overload,29.999092774334812,42.764286041259766,39.63501227292005,0.7391428236528914,0,-0.658844206777978,0.0,0.0,False,False,0.5159909277433481,do_nothing,False,10.0,eff974910147e29712f7720fedd4b6357f5896dcfa0d8886d12eeac83e6bd397
ppo_trained,11,8,case_42_0055_cycle_010,case_42_0055,10,thermal_overload,30.042724288117288,34.78787612915039,34.78787612915039,0.7413136791110374,0,-0.7324787805101745,0.0,0.0,False,False,0.5404272428811729,do_nothing,False,11.0,97642633deacf4ea810452edc34eaa8ee2ee2911787378a260f5e514ee0f239c
ppo_trained,11,8,case_42_0055_cycle_011,case_42_0055,11,thermal_overload,30.403533306582986,35.867530822753906,35.867530822753906,0.714147031587235,0,-0.8112280539355748,0.0,0.0,False,False,0.5680353330658299,do_nothing,False,12.0,4f584b78910e7bfb9b1cbfb89fb1a209866bdd678843e27c011f2c9096d9caf8
ppo_trained,11,8,case_42_0055_cycle_012,case_42_0055,12,thermal_overload,30.466078934996897,18.47361183166504,18.47361183166504,0.5751244114010634,0,-0.8642510297600663,0.0,0.0,False,False,0.5926607893499689,do_nothing,False,13.0,bb2d55cc5a4191fcfc84d0059b8e69d04641e74be4eb1e84518185803c3db051
ppo_trained,11,8,case_42_0055_cycle_013,case_42_0055,13,thermal_overload,33.264622729487904,38.95412826538086,47.17836167463291,0.6967132086945707,0,-1.0384456631888226,0.0,0.0,False,False,0.644646227294879,do_nothing,False,14.0,5d6f23bc8954672088f958eaa5a9380e40c438128013f516ac8d7b9dc9d35f22
ppo_trained,11,8,case_42_0055_cycle_014,case_42_0055,14,thermal_overload,41.684385846659346,42.20988845825195,42.20988845825195,0.5552245534805753,0,-1.341815258421867,0.0,0.0,False,False,0.7528438584665935,do_nothing,False,15.0,8dd39f03135cd2aa64e2982ebf94d4c2455bc8bd757c46c43d4c2bb068a6a7ea
ppo_trained,11,8,case_42_0055_cycle_015,case_42_0055,15,thermal_overload,40.876273886307104,33.694244384765625,33.694244384765625,0.49214333853516473,0,-1.3801097173694878,0.0,0.0,False,False,0.768762738863071,do_nothing,False,16.0,9f23a8001c13a7a1f2d36b8da46c8e2a1735456f8a3d536883e16b5ee2fc0392
ppo_trained,11,8,case_42_0055_cycle_016,case_42_0055,16,thermal_overload,38.06853152442061,23.098535537719727,23.098535537719727,0.6588279513223017,0,-1.392880138430964,0.0,0.0,False,False,0.7646853152442061,do_nothing,False,17.0,7b6b8cc2b6a1aad57f869ff7e7cb68c02a9e334f2e751a2e772f4061da1864ed
ppo_trained,11,8,case_42_0055_cycle_017,case_42_0055,17,thermal_overload,36.623399114740984,20.553619384765625,20.553619384765625,0.5264032576885,0,-1.4016624620955045,0.0,0.0,False,False,0.7742339911474099,do_nothing,False,18.0,bfdd5643299ebe2175cf9647dd0c75f15f6ff9a1176f63e7bdfacf34a54ca872
ppo_trained,11,8,case_42_0055_cycle_018,case_42_0055,18,thermal_overload,41.981402620965454,36.82997512817383,42.21822241589735,0.699367224570967,0,-46.66034716231461,0.0,0.0,True,False,0.8518140262096545,do_nothing,False,19.0,7260e1c645f298c0afc72f05481c52f32abd68ed4dea872bcba4ef5e2dbaa79f
ppo_trained,11,8,case_42_0055_cycle_019,case_42_0055,19,thermal_overload,44.34612154391433,44.49286651611328,44.49286651611328,0.677070452234892,0,-46.79994421415266,0.0,0.0,True,False,0.8994612154391433,do_nothing,False,20.0,c033caacf00b0b035e3bb806a1c45fa01d2a12c76b8dce83d40a0dde9536c5b3
ppo_trained,11,8,case_42_0055_cycle_020,case_42_0055,20,thermal_overload,41.64820305232419,41.243141174316406,41.243141174316406,0.6049567305583456,0,-46.78018960115348,0.0,0.0,True,False,0.8964820305232419,do_nothing,False,21.0,47a29146e517906ecf72c70a93f2e73fe6aef8ee9d80b1702ce5006a5ff30da6
ppo_trained,11,8,case_42_0055_cycle_021,case_42_0055,21,thermal_overload,43.3652531873681,46.235748291015625,46.235748291015625,0.5318206961565537,0,-46.892730700044524,0.0,0.0,True,False,0.937652531873681,do_nothing,False,22.0,1b83569ceea0b62f2cdc705d21bb30d755a8a9609af8b4712170e97e5c7e5fdb
ppo_trained,11,8,case_42_0055_cycle_022,case_42_0055,22,thermal_overload,39.567725732461845,45.92696762084961,45.92696762084961,0.73500394799357,0,-46.88128236417289,0.0,0.0,True,False,0.9236772573246184,do_nothing,False,23.0,3c817e7bebc4c765f94b8c5787eb7fdd9f5ede0d7b0ecc200d469262fc60cc57
ppo_trained,11,8,case_42_0055_cycle_023,case_42_0055,23,thermal_overload,43.38571741813293,46.10883712768555,46.10883712768555,0.5649468380099493,0,-47.04231354824548,0.0,0.0,True,False,0.9858571741813293,do_nothing,False,24.0,fdb7aab447bceb35dc543f191b0aec2ae70cd6c392b3672b7794105cdfea20e4
ppo_trained,11,8,case_42_0055_cycle_024,case_42_0055,24,thermal_overload,47.30622173400387,43.637168884277344,43.637168884277344,0.6950000219102499,0,-47.251436655306655,0.0,0.0,True,False,1.0490622173400386,do_nothing,False,25.0,be2247554f7c83095d859797a73628df72b953df77149ce2eb8faf9ce963d838
ppo_trained,11,8,case_42_0055_cycle_025,case_42_0055,25,thermal_overload,46.89064917177006,31.953754425048828,31.953754425048828,0.48758516744939107,0,-47.27985725027051,0.0,0.0,True,False,1.0689064917177005,do_nothing,False,26.0,0b39d5ff0a78dbe8c92b39df3a28583f4bf0b8c6d43fbafafbc61ba8ce7c6912
ppo_trained,11,8,case_42_0055_cycle_026,case_42_0055,26,thermal_overload,44.66624300749105,47.48257827758789,47.48257827758789,0.5986292589300829,0,-47.30178167906424,0.0,0.0,True,False,1.0706624300749104,do_nothing,False,27.0,ac449bf0da9c3f76cead4c82915706ddb55b94ab97c2a32fb4c33b021135254b
ppo_trained,11,8,case_42_0055_cycle_027,case_42_0055,27,thermal_overload,52.654767216386944,43.25564956665039,44.291363764669995,0.7515685956106823,0,-47.63637830583321,0.0,0.0,True,False,1.1745476721638695,do_nothing,False,28.0,1e73efb38e5e04bece9114ef26501c33a02438420eac86efd50da65b3a478be5
ppo_trained,11,8,case_42_0055_cycle_028,case_42_0055,28,thermal_overload,55.31814783303548,23.459667205810547,38.98471567554518,0.6987602161337327,0,-47.780358467411126,0.0,0.0,True,False,1.225181478330355,do_nothing,False,29.0,e04e0e5848ce5890f9ffda1f32c45b7dde5555112ca32c7ca34a149f6cc04eee
ppo_trained,11,8,case_42_0055_cycle_029,case_42_0055,29,thermal_overload,51.237835402369456,41.69406509399414,41.69406509399414,0.7045692092931461,0,-47.730820443465056,0.0,0.0,True,False,1.2083783540236945,do_nothing,False,30.0,d1d5d3db7d75bf1f513723f0fd9193c573137336ffbca5853ca8bb69f37eea19
ppo_trained,11,8,case_42_0055_cycle_030,case_42_0055,30,thermal_overload,53.87849406276487,42.799156188964844,42.799156188964844,0.7293465681844145,0,-47.88575680711061,0.0,0.0,True,False,1.2587849406276486,do_nothing,False,31.0,dd41f381d7655c555452935bd5f3a500b58b26934de997b662977d011541db1e
ppo_trained,11,8,case_42_0055_cycle_031,case_42_0055,31,thermal_overload,49.400100862423535,33.26922607421875,33.26922607421875,0.4323993110831981,0,-46.878862922535184,0.0,0.0,True,False,1.2380010086242352,do_nothing,False,32.0,e4b370aa17176f276c90f729035b2377d5c0e262005f01f1d06adda8787f1d84
ppo_trained,11,8,case_42_0055_cycle_032,case_42_0055,32,thermal_overload,48.51478139084628,46.483123779296875,46.483123779296875,0.741566514505714,0,-47.87067841890124,0.0,0.0,True,False,1.2531478139084626,do_nothing,False,33.0,68c94c63d707abcceddc6f5ed18a2b20493a3717e5d723567d4b7ee7e6cb2da3
ppo_trained,11,8,case_42_0055_cycle_033,case_42_0055,33,thermal_overload,52.21100469972599,50.24155807495117,47.108492613630574,0.7180955825021275,0,-48.0500444783671,0.0,0.0,True,False,1.31411004699726,do_nothing,False,34.0,03e835a492d8094d31209221650b2e3140126f14d70aef83e5341b1c6571b754
ppo_trained,11,8,case_42_0055_cycle_034,case_42_0055,34,thermal_overload,53.795488687958915,48.717185974121094,48.717185974121094,0.7150563145463815,0,-48.169123107820724,0.0,0.0,True,False,1.3539548868795892,do_nothing,False,35.0,5c1a5bc306342635665f1292c82ff6bfb1fb9569cccea10dd9707cd5d3a802b4
ppo_trained,11,8,case_42_0055_cycle_035,case_42_0055,35,thermal_overload,58.21682306897876,50.932804107666016,50.932804107666016,0.7053755028413284,0,-48.37231101749556,0.0,0.0,True,False,1.4221682306897878,do_nothing,False,36.0,10bd289d1055973eb1996a198a84409a9a2d15e831bacab283f0ae8c88a30cff
ppo_trained,11,8,case_42_0055_cycle_036,case_42_0055,36,thermal_overload,52.345149405282164,39.73323440551758,39.73323440551758,0.7687992204962073,0,-48.2776743652329,0.0,0.0,True,False,1.3874514940528218,do_nothing,False,37.0,eea6798087ef9d6d4ea27dfad9fd26102cc90f909b75707b24d8a600471b118e
ppo_trained,11,8,case_42_0055_cycle_037,case_42_0055,37,thermal_overload,59.030322539708,37.609493255615234,37.609493255615234,0.7593896362769572,0,-48.548818121632785,0.0,0.0,True,False,1.47830322539708,do_nothing,False,38.0,c59c14587c42f0c9225ffc1ec6ba49f1a2feb2423dcb9b8d5ab53432e670c573
ppo_trained,11,8,case_42_0055_cycle_038,case_42_0055,38,thermal_overload,59.09030484358999,49.217376708984375,51.705565641676046,0.7032316604170926,0,-48.60548474906256,0.0,0.0,True,False,1.5,do_nothing,False,39.0,ea98d3c5632eefb2c9e610f94dd25dfdf9dced142fa926af288c5a450a842d8e
ppo_trained,11,8,case_42_0055_cycle_039,case_42_0055,39,thermal_overload,58.81903117980014,47.095706939697266,46.978714284790335,0.7294031471991032,0,-48.609410472079865,0.0,0.0,True,False,1.5,do_nothing,False,40.0,f12c4d92436ef0a8008d10956025f42d5d5b5bc8c8c3f38ba5dfc3d58e434ce3
ppo_trained,11,9,case_42_0066_cycle_000,case_42_0066,0,thermal_overload,24.600370990826946,33.04291915893555,33.04291915893555,0.5658429236702512,0,0.17711243172465402,0.0,0.0,False,False,0.24600370990826945,do_nothing,False,1.0,852734a7f1f2999bd7b28a3cdd87543ccc19721f55a628d3c1d44930b6a618df
ppo_trained,11,9,case_42_0066_cycle_001,case_42_0066,1,thermal_overload,28.362523429053745,19.377445220947266,19.377445220947266,0.378333796053574,0,0.9203742277203516,0.0,0.0,False,False,0.30762523429053745,do_nothing,False,2.0,bf153df26d285cd4392d6619f4a695ebbe5326ec0f10dd5434eb586e881518fa
ppo_trained,11,9,case_42_0066_cycle_002,case_42_0066,2,thermal_overload,28.583049030367974,20.24083709716797,20.24083709716797,0.4652653642321805,0,-0.07128127554586626,0.0,0.0,False,False,0.33383049030367973,do_nothing,False,3.0,2e0f0aab4f4706e601ac8369acb647d72f782eb39d8524f596ecdcf7d53f64d1
ppo_trained,11,9,case_42_0066_cycle_003,case_42_0066,3,thermal_overload,29.23863711370558,24.515684127807617,24.515684127807617,0.4653940858173948,0,-0.16296822628377655,0.0,0.0,False,False,0.3643863711370558,do_nothing,False,4.0,428bbb5939190ec27ebbb82e14317fff38ef2f2615bfd3db08527e8717954ec6
ppo_trained,11,9,case_42_0066_cycle_004,case_42_0066,4,thermal_overload,32.07750953276374,15.025694847106934,15.025694847106934,0.44415710694568683,0,0.5830511479752346,0.0,0.0,False,False,0.41677509532763746,do_nothing,False,5.0,39049fbd91a6734e3d4dc0818a70d814504761224fdfc3058b0dd747c832dd05
ppo_trained,11,9,case_42_0066_cycle_005,case_42_0066,5,thermal_overload,31.140888118175415,23.35266876220703,23.35266876220703,0.5993640150817682,0,-0.3841312458075277,0.0,0.0,False,False,0.43140888118175413,do_nothing,False,6.0,e1fd4cea666a45ab1cfd1cac569ba3ea8e3c91a4b2f9b58208d862c711e96ecf
ppo_trained,11,9,case_42_0066_cycle_006,case_42_0066,6,thermal_overload,32.787541962513636,35.70872497558594,35.70872497558594,0.681445985670225,0,-0.5178431567259429,0.0,0.0,False,False,0.47187541962513635,do_nothing,False,7.0,30a132d474b9cef5645ad7020fa204224c5296282b560ace7fbd8839697e0d45
ppo_trained,11,9,case_42_0066_cycle_007,case_42_0066,7,thermal_overload,33.331886988799816,36.60173416137695,36.60173416137695,0.48997823905371907,0,-0.5774533455220525,0.0,0.0,False,False,0.5013188698879982,do_nothing,False,8.0,eb8f6286403e2187e999979fb8b1afeb72f1d1d5bde99acb197a2ce5c2862a98
ppo_trained,11,9,case_42_0066_cycle_008,case_42_0066,8,thermal_overload,31.8525943823794,34.128753662109375,34.128753662109375,0.600424111103523,0,-0.6216414481369104,0.0,0.0,False,False,0.510525943823794,do_nothing,False,9.0,70cae0dd7c760178e9e785424476e79c514d7e91b38930c4cebf7db65c5dab46
ppo_trained,11,9,case_42_0066_cycle_009,case_42_0066,9,thermal_overload,31.940005794311528,27.23959732055664,27.23959732055664,0.4991261797956771,0,-0.6810691007986974,0.0,0.0,False,False,0.5354000579431153,do_nothing,False,10.0,d034666491d0e4a8a5b8b224185c345a1a104794f6fa35fcce7b928404d0e86a
ppo_trained,11,9,case_42_0066_cycle_010,case_42_0066,10,thermal_overload,36.68474264348901,41.040672302246094,41.040672302246094,0.770414103342544,0,-0.9361043948060518,0.0,0.0,False,False,0.6068474264348901,do_nothing,False,11.0,550e94d55d4abb192ce60f127eddff7aaa439a717ef3dcb2f59fc8866500b01d
ppo_trained,11,9,case_42_0066_cycle_011,case_42_0066,11,thermal_overload,34.62943700394333,36.03289031982422,36.03289031982422,0.5655191820365273,0,-0.915710987423779,0.0,0.0,False,False,0.6102943700394333,do_nothing,False,12.0,b53beb6ca6bc3e7ca2a07a3a65f6c4f12ed030655c337398a12608b04f89d165
ppo_trained,11,9,case_42_0066_cycle_012,case_42_0066,12,thermal_overload,35.310390890315986,30.626829147338867,30.626829147338867,0.5161006079502626,0,-1.0007268179020188,0.0,0.0,False,False,0.6411039089031598,do_nothing,False,13.0,eed2dc96d358dd3edfa06e493b5cf40f00ed40d9ec108dd234ae97146d12c7b4
ppo_trained,11,9,case_42_0066_cycle_013,case_42_0066,13,thermal_overload,39.00281313538392,26.08494758605957,26.08494758605957,0.5414298887314664,0,-1.1872988773712376,0.0,0.0,False,False,0.7020281313538392,do_nothing,False,14.0,c96fd5ee93f8bb465df6fc6dd42b8aa6ad1a41db49c84263293ab5707524ab67
ppo_trained,11,9,case_42_0066_cycle_014,case_42_0066,14,thermal_overload,35.04685971159475,35.68193817138672,35.68193817138672,0.7144128741693552,0,-1.1665677224732456,0.0,0.0,False,False,0.6864685971159474,do_nothing,False,15.0,2089418ea0a1e99b7d2a3e906f81d35a71cf7bffc9199954674f7b6f17164178
ppo_trained,11,9,case_42_0066_cycle_015,case_42_0066,15,thermal_overload,35.70217233217652,31.80063819885254,31.80063819885254,0.5566302012027361,0,-1.234559700145706,0.0,0.0,False,False,0.7170217233217652,do_nothing,False,16.0,b49e45db5aac706b8ba14cd56c9f8863d92a9b2c8f87b7308f5788eb8109c0fb
ppo_trained,11,9,case_42_0066_cycle_016,case_42_0066,16,thermal_overload,38.39518664323685,27.94902229309082,27.94902229309082,0.4766908741438231,0,-1.3753592304186788,0.0,0.0,False,False,0.7679518664323685,do_nothing,False,17.0,52ec85f4f55efa1628524bc497706019942c2c2765ad8301c8ae7b610d0b834d
ppo_trained,11,9,case_42_0066_cycle_017,case_42_0066,17,thermal_overload,39.714971423545684,47.1686897277832,47.1686897277832,0.6414689944900628,0,-1.5116694918798803,0.0,0.0,False,False,0.8051497142354569,do_nothing,False,18.0,e954900da42d3d9833ce5b1aa05b980285cd21985ebb0577a9acbfef2d6341e7
ppo_trained,11,9,case_42_0066_cycle_018,case_42_0066,18,thermal_overload,39.39533021102598,34.592323303222656,34.592323303222656,0.6935221475133858,0,-46.581888228457785,0.0,0.0,True,False,0.8259533021102599,do_nothing,False,19.0,3587a90346edd233b3be011e94481de5367e08cff769f341e62ea15b12c35ada
ppo_trained,11,9,case_42_0066_cycle_019,case_42_0066,19,thermal_overload,38.20305703936195,36.854705810546875,42.8718582194801,0.7010906370752634,0,-46.61925530674215,0.0,0.0,True,False,0.8380305703936195,do_nothing,False,20.0,fa3b9b5634ce783be00e8ea265e14a66ebf6d15b8353554eb4deec0d5feaca73
ppo_trained,11,9,case_42_0066_cycle_020,case_42_0066,20,thermal_overload,43.921392196450725,28.384859085083008,28.384859085083008,0.7103824721980947,0,-46.86419913672324,0.0,0.0,True,False,0.9192139219645072,do_nothing,False,21.0,f0448bf58b663dc4a6428ce333118d40dc1ed384503369420b07db0fab29f007
ppo_trained,11,9,case_42_0066_cycle_021,case_42_0066,21,thermal_overload,35.708623630349905,38.94387435913086,38.94387435913086,0.4789923291185161,0,-46.655107558278274,0.0,0.0,True,False,0.861086236303499,do_nothing,False,22.0,de790237f18e91b5f56136ae1054aaa7cce82fe2abdee5dc55e781c078168680
ppo_trained,11,9,case_42_0066_cycle_022,case_42_0066,22,thermal_overload,44.33695307811841,43.34764862060547,47.38162719931778,0.7452827933231028,0,-47.025901011342015,0.0,0.0,True,False,0.971369530781184,do_nothing,False,23.0,6c228224086f34196ae8cb9639fbf41b532656429156928beea170c39dc9423e
ppo_trained,11,9,case_42_0066_cycle_023,case_42_0066,23,thermal_overload,42.86412540042232,43.997039794921875,44.493621477839,0.7385078033502472,0,-47.0526999325152,0.0,0.0,True,False,0.9806412540042231,do_nothing,False,24.0,465e445355d2af6dabc3d63e32fd215277505a0e348d44b68896599db5fb976b
ppo_trained,11,9,case_42_0066_cycle_024,case_42_0066,24,thermal_overload,41.49394368836356,39.19387435913086,39.19387435913086,0.7421306647372459,0,-47.08413791036149,0.0,0.0,True,False,0.9909394368836356,do_nothing,False,25.0,45382f8cebfee82e1d2c8d3de850b3c06a4c0d46847a736996084ec2f6fb523f
ppo_trained,11,9,case_42_0066_cycle_025,case_42_0066,25,thermal_overload,46.418487062001105,33.0789909362793,37.805074930351026,0.72464904954635,0,-47.30125196929198,0.0,0.0,True,False,1.0641848706200112,do_nothing,False,26.0,771b8c4002c3084155b47996a3a7fbfb361b0079d7dda9511f8229d63e6e422b
ppo_trained,11,9,case_42_0066_cycle_026,case_42_0066,26,thermal_overload,42.88036310794913,30.572694778442383,30.572694778442383,0.5776656219221142,0,-47.24506073652679,0.0,0.0,True,False,1.0528036310794913,do_nothing,False,27.0,ba67f4e3cd9b19e6b62a5d46c99513e3b063c90e7d02667d73b225ded68d87a9
ppo_trained,11,9,case_42_0066_cycle_027,case_42_0066,27,thermal_overload,49.11489736891376,42.66734313964844,42.66734313964844,0.7256920675364699,0,-47.526300731197885,0.0,0.0,True,False,1.1391489736891376,do_nothing,False,28.0,146ef55965f64f5b020628cd38d0864107f6338d28e079632f520a3a8120a0a7
ppo_trained,11,9,case_42_0066_cycle_028,case_42_0066,28,thermal_overload,51.95435475937366,48.00698471069336,48.00698471069336,0.6063824318640194,0,-47.665588007560814,0.0,0.0,True,False,1.1915435475937366,do_nothing,False,29.0,a9de2e24a4f0ee38a773c96d4c502f1c76b31bf8853969b07e48d39099b95dc0
ppo_trained,11,9,case_42_0066_cycle_029,case_42_0066,29,thermal_overload,44.33731249184102,46.227970123291016,49.38661732738234,0.7281860582821417,0,-47.527347283497555,0.0,0.0,True,False,1.1393731249184103,do_nothing,False,30.0,337a21bc2429c3b1953ca5f239bd5e372d7829828fa7d00d0c6bb43a6fd2b384
ppo_trained,11,9,case_42_0066_cycle_030,case_42_0066,30,thermal_overload,45.86235174565235,34.88512420654297,34.88512420654297,0.7014132613802505,0,-47.64108254157661,0.0,0.0,True,False,1.1786235174565234,do_nothing,False,31.0,890c18935026d76be2c3b89c25cf8d9c92e194c67fee372648743a7c8334f2d0
ppo_trained,11,9,case_42_0066_cycle_031,case_42_0066,31,thermal_overload,51.54125691198522,24.830839157104492,24.830839157104492,0.6553404702803691,0,-47.876538777901615,0.0,0.0,True,False,1.2594125691198523,do_nothing,False,32.0,72109f9fc142c4362677cc7845f24788736ee019fcff824163206fa879fbe640
ppo_trained,11,9,case_42_0066_cycle_032,case_42_0066,32,thermal_overload,47.38491872225418,46.56908416748047,46.56908416748047,0.6393514512668085,0,-47.82145027935765,0.0,0.0,True,False,1.2418491872225417,do_nothing,False,33.0,5384ddfd0c324197ee321e189e0f6dd580452fa4397ce31d335d106472bde0de
ppo_trained,11,9,case_42_0066_cycle_033,case_42_0066,33,thermal_overload,50.23026285253111,47.645565032958984,47.645565032958984,0.7241255517326359,0,-47.99152671833583,0.0,0.0,True,False,1.2943026285253112,do_nothing,False,34.0,80d111e41105ff279906970c3c942679a63d8aaa15dc295b6e8d58dc8cc031c0
ppo_trained,11,9,case_42_0066_cycle_034,case_42_0066,34,thermal_overload,51.0361210903716,44.189388275146484,44.189388275146484,0.738275806799096,0,-48.089825003731015,0.0,0.0,True,False,1.3263612109037162,do_nothing,False,35.0,5121660b4a9dcb27eae1ee5ff679436fb6c8655aca2793639325a22c45307862
ppo_trained,11,9,case_42_0066_cycle_035,case_42_0066,35,thermal_overload,54.96223561839165,34.66994094848633,34.66994094848633,0.7074833528710889,0,-48.274989571482415,0.0,0.0,True,False,1.3896223561839167,do_nothing,False,36.0,93a32486dc4baf2571c313ccd2685b0b97dad9bdc2dfddd69f740b9477847c58
ppo_trained,11,9,case_42_0066_cycle_036,case_42_0066,36,thermal_overload,49.18370154089372,30.758445739746094,30.758445739746094,0.7179265426563595,0,-48.175200027625266,0.0,0.0,True,False,1.3558370154089372,do_nothing,False,37.0,36834a3be7645dde0ec451603bc00ee1e6172649a63cf3646e2f4e4c71f02c06
ppo_trained,11,9,case_42_0066_cycle_037,case_42_0066,37,thermal_overload,54.64323179328486,46.56584548950195,46.56584548950195,0.7298934422644907,0,-48.41278097013822,0.0,0.0,True,False,1.4344323179328486,do_nothing,False,38.0,98b727f2d2c00cc7cca4f0367c0a68c60cc099a5be8a3cd6fa5113c37430354a
ppo_trained,11,9,case_42_0066_cycle_038,case_42_0066,38,thermal_overload,55.59234289272236,45.782470703125,46.50368875742733,0.7311453556762567,0,-48.51344209013311,0.0,0.0,True,False,1.4679234289272236,do_nothing,False,39.0,187fc3733696eeaedf14d173b02ded1a5eeb8968bb3661261357a12f965c93d1
ppo_trained,11,9,case_42_0066_cycle_039,case_42_0066,39,thermal_overload,60.80586035001785,48.36848831176758,48.36848831176758,0.6600500501699952,0,-48.5990075075255,0.0,0.0,True,False,1.5,do_nothing,False,40.0,94afe0648340bb7fc2d7ec8a8d3775b94111a77fc7ff6eab3d5fe5247d64ad83
ppo_trained,11,10,case_42_0067_cycle_000,case_42_0067,0,normal,14.355465832549116,14.908050537109375,14.908050537109375,0.4912483363325708,0,0.4956487745736409,0.0,0.0,False,False,0.14355465832549116,do_nothing,False,1.0,cb5559edaf103a3111184a56066dae8770a281993366a16ee7b3382820b8d642
ppo_trained,11,10,case_42_0067_cycle_001,case_42_0067,1,normal,14.80537316467384,13.871191024780273,13.871191024780273,0.34892655984172793,0,1.3314998210835256,0.0,0.0,False,False,0.1720537316467384,do_nothing,False,2.0,f7ac6dd7e21fd44311101d1ad3784d2912f71bfd696c100b5a0650d11dcf4580
ppo_trained,11,10,case_42_0067_cycle_002,case_42_0067,2,normal,14.053254915295476,14.309226989746094,14.309226989746094,0.3760997963675887,0,1.2779873830859974,0.0,0.0,False,False,0.18853254915295478,do_nothing,False,3.0,bb3eef262fc08628298fe2a42573daedb8216f4c0ed933b2e6e912402bf48776
ppo_trained,11,10,case_42_0067_cycle_003,case_42_0067,3,normal,15.759443485411076,15.440374374389648,15.440374374389648,0.3782615746581067,0,1.1544774592389517,0.0,0.0,False,False,0.22959443485411077,do_nothing,False,4.0,8ec5645bfae90f8383df90471ada97a34be4fd5425e9ad6e626bfcfc94765f34
ppo_trained,11,10,case_42_0067_cycle_004,case_42_0067,4,normal,13.792357014702128,13.878748893737793,13.878748893737793,0.4359185445194813,0,1.132841507881014,0.0,0.0,False,False,0.2339235701470213,do_nothing,False,5.0,919d5950ec5a0d5abade3070cd7615e3c37cb60eee39adeb2793af043820bdf4
ppo_trained,11,10,case_42_0067_cycle_005,case_42_0067,5,normal,14.208070066310322,13.808649063110352,13.808649063110352,0.41033711591109245,0,1.0522073306240265,0.0,0.0,False,False,0.2620807006631032,do_nothing,False,6.0,623ba032cd02c5045f31362dc9b30d183cfc1ac46088e33e5dc5ee5cc7d63912
ppo_trained,11,10,case_42_0067_cycle_006,case_42_0067,6,normal,15.600602236587774,13.325064659118652,13.325064659118652,0.39495667670305074,0,0.9407384313969093,0.0,0.0,False,False,0.3000060223658777,do_nothing,False,7.0,478e22f407fb43cc18534834e56bf1a63f275954361ccb1c2f71f505a63e84a5
ppo_trained,11,10,case_42_0067_cycle_007,case_42_0067,7,normal,12.4180874726914,13.34669303894043,13.34669303894043,0.5628771269096265,0,0.03902580678281399,0.0,0.0,False,False,0.292180874726914,do_nothing,False,8.0,2ade779fa193b56afa5fed8940d62ec4593995dc9e7842158f76826cfb81321f
ppo_trained,11,10,case_42_0067_cycle_008,case_42_0067,8,normal,15.42079796914695,19.53430938720703,19.53430938720703,0.2744439911565209,0,0.8202094622521133,0.0,0.0,False,False,0.3462079796914695,do_nothing,False,9.0,586a56ee7dbe5a9b4ef63534bc9949fd9b81671f97168fe1a957e898810e384a
ppo_trained,11,10,case_42_0067_cycle_009,case_42_0067,9,normal,14.963580136544898,14.021687507629395,14.021687507629395,0.39147001820815375,0,0.74437209317243,0.0,0.0,False,False,0.365635801365449,do_nothing,False,10.0,83692734d7fbcc7f1455e0401c1f2f775e9a659eafa6dd3ae39c0f7eb606daa0
ppo_trained,11,10,case_42_0067_cycle_010,case_42_0067,10,normal,16.90762659039102,13.724212646484375,13.724212646484375,0.40500162530267386,0,0.6120209584928683,0.0,0.0,False,False,0.4090762659039102,do_nothing,False,11.0,e051f87589e5a43885cf10ccaff1310f8b42ae2d4ec68f70d8e8f9f66a857f3c
ppo_trained,11,10,case_42_0067_cycle_011,case_42_0067,11,normal,15.470475689680004,14.019587516784668,14.019587516784668,0.6516201844311096,0,-0.3538572983550667,0.0,0.0,False,False,0.4187047568968001,do_nothing,False,12.0,acfc6766534831897c152e755cd279b01b0c9a0cb9498bdd616d50725a7a244a
ppo_trained,11,10,case_42_0067_cycle_012,case_42_0067,12,normal,16.121185011333537,14.618592262268066,14.618592262268066,0.27149991557568076,0,0.5116394623236418,0.0,0.0,False,False,0.44921185011333536,do_nothing,False,13.0,231eeeed1611ff145bb55d13deb4282a6cb12b6a6dadc7c66edbde527c753887
ppo_trained,11,10,case_42_0067_cycle_013,case_42_0067,13,normal,14.52061787265417,14.741219520568848,14.741219520568848,0.42114902134768,0,0.4652091106182229,0.0,0.0,False,False,0.45720617872654173,do_nothing,False,14.0,eb912848177d6f560801a59d054185f5b8090c5cb3594f939a0afc66c574682c
ppo_trained,11,10,case_42_0067_cycle_014,case_42_0067,14,normal,12.950502373356768,16.1253604888916,16.1253604888916,0.420549221909465,0,0.4404025455128772,0.0,0.0,False,False,0.4655050237335677,do_nothing,False,15.0,7435404916d20e3799848a5b486a78f823c32dffab8745c4b3d400fdcb044e35
ppo_trained,11,10,case_42_0067_cycle_015,case_42_0067,15,normal,18.77958002326178,13.36400318145752,13.36400318145752,0.42718767022772436,0,0.1925344487679881,0.0,0.0,False,False,0.5477958002326178,do_nothing,False,16.0,7f7b6e2c45160c03a663c8c324353d9f433dd38f90830d2b792b29af63b1ac5d
ppo_trained,11,10,case_42_0067_cycle_016,case_42_0067,16,normal,15.695172670104931,13.42712116241455,13.42712116241455,0.3119012672591518,0,0.23035962980797942,0.0,0.0,False,False,0.5409517267010493,do_nothing,False,17.0,eae73caf03f467330bf422f2c9dc98570a614ea7178cf32bcfa4de36e549c326
ppo_trained,11,10,case_42_0067_cycle_017,case_42_0067,17,normal,15.867965236405745,15.740666389465332,15.740666389465332,0.6626392483348091,0,-0.7994348443423938,0.0,0.0,False,False,0.5666796523640575,do_nothing,False,18.0,c7c57b4a1564b9f2f5ce1cca582063c69ab9335d411358a1958541a8a7e28e6f
ppo_trained,11,10,case_42_0067_cycle_018,case_42_0067,18,normal,14.89256111003826,14.639931678771973,14.639931678771973,0.3805289415968854,0,0.10014382545931921,0.0,0.0,False,False,0.5809256111003827,do_nothing,False,19.0,5fa8e1bb2a4b611fedfec5e4d07ddab60135f1c59bfe158cf113b1015a729cdb
ppo_trained,11,10,case_42_0067_cycle_019,case_42_0067,19,normal,14.955956316526354,15.242558479309082,15.242558479309082,0.384283150431582,0,0.025678837939472232,0.0,0.0,False,False,0.6055595631652635,do_nothing,False,20.0,44f4707144202ca3a6508fe7362bfcd7a6144817962827a2a9224654fb9aa1fe
ppo_trained,11,10,case_42_0067_cycle_020,case_42_0067,20,normal,16.68054502435806,13.516762733459473,13.516762733459473,0.33150474664379487,0,-0.0901420627273114,0.0,0.0,False,False,0.6468054502435807,do_nothing,False,21.0,fd60466ad81e41ad2091d033d6056cf49b891f84d058b338bb30e65ad8a07bd6
ppo_trained,11,10,case_42_0067_cycle_021,case_42_0067,21,normal,12.285361749964412,15.906386375427246,15.906386375427246,0.4708770648420162,0,-0.951192412225235,0.0,0.0,False,False,0.6268536174996442,do_nothing,False,22.0,8a6a36e76af72eac90ac449817da2e00e363bc4cbc6baca7e7fcd8e85af3b348
ppo_trained,11,10,case_42_0067_cycle_022,case_42_0067,22,normal,14.615777771691949,17.261138916015625,17.261138916015625,0.3906659708173675,0,-0.1810732287733633,0.0,0.0,False,False,0.6741577777169194,do_nothing,False,23.0,6318a0aa5b1e4d802d096e4d259fa906adfb24bd911f016542bb58ed33f09ae0
ppo_trained,11,10,case_42_0067_cycle_023,case_42_0067,23,normal,18.13092659898808,13.806238174438477,13.806238174438477,0.4011595795487773,0,-0.36010173490195874,0.0,0.0,False,False,0.7333092659898808,do_nothing,False,24.0,58f2ba54688ba8131bec61057552b9414a606f5114f865df9cedbfc44523f0fb
ppo_trained,11,10,case_42_0067_cycle_024,case_42_0067,24,normal,16.681962577980084,21.632007598876953,21.632007598876953,0.48102392041865316,0,-1.3006124654022002,0.0,0.0,False,False,0.7428196257798008,do_nothing,False,25.0,0c959d68e4f58fa3267d24999dfe83c5514c8524c9b0ba887c6be2515d1781ef
ppo_trained,11,10,case_42_0067_cycle_025,case_42_0067,25,normal,16.189447479767626,16.154653549194336,16.154653549194336,0.39857740582749696,0,-0.44547003526715334,0.0,0.0,False,False,0.7618944747976762,do_nothing,False,26.0,8033f2f4c942a4941ff94719f5017795c41b5dfaa465e1eb8bd3fe0d394e2276
ppo_trained,11,10,case_42_0067_cycle_026,case_42_0067,26,normal,13.480101854095594,17.8165225982666,17.8165225982666,0.3115132466853881,0,-0.423130042625676,0.0,0.0,False,False,0.7588010185409559,do_nothing,False,27.0,b17c233819eb621631327d3911598318852d9a24ddf1b50d22e2828d531de243
ppo_trained,11,10,case_42_0067_cycle_027,case_42_0067,27,normal,16.997218899467708,20.235225677490234,20.235225677490234,0.34812334616169655,0,-0.6061350689082862,0.0,0.0,False,False,0.8179721889946772,do_nothing,False,28.0,802fdcc25a0eeecd8720dcd2e7e0d4cf25be93637ca20c52123a19937fb1d868
ppo_trained,11,10,case_42_0067_cycle_028,case_42_0067,28,normal,15.051232710036192,13.529280662536621,13.529280662536621,0.4110134897065022,0,-45.629189004757066,0.0,0.0,True,False,0.822512327100362,do_nothing,False,29.0,45d52aa9dd2768aebcdd9cf45a5223b569ddc46c8ebffa3444d81ab8f209ef18
ppo_trained,11,10,case_42_0067_cycle_029,case_42_0067,29,normal,17.47014443438709,13.83063793182373,13.83063793182373,0.41039458161107517,0,-45.773663520273274,0.0,0.0,True,False,0.8707014443438709,do_nothing,False,30.0,d8b989e29262606e4d2144b708f87ddce0bad76b781d64c27194e6895340ead2
ppo_trained,11,10,case_42_0067_cycle_030,case_42_0067,30,normal,15.63011130164194,18.322690963745117,18.322690963745117,0.6630476949846797,0,-46.72836049329696,0.0,0.0,True,False,0.8763011130164193,do_nothing,False,31.0,38c2d96947ee692e377563b3e266e1a45c4b336d79dc93da8cd66ea2e0bc9e17
ppo_trained,11,10,case_42_0067_cycle_031,case_42_0067,31,normal,14.92959768935162,14.310212135314941,14.310212135314941,0.6494128277988684,0,-46.77729985485038,0.0,0.0,True,False,0.8932959768935163,do_nothing,False,32.0,04434c30c4434793b468ca2c2be12bb750ce5e52d53579fcd26eb62fc9986909
ppo_trained,11,10,case_42_0067_cycle_032,case_42_0067,32,normal,18.049793494082138,14.22769832611084,14.22769832611084,0.2631280711166597,0,-45.98496301548997,0.0,0.0,True,False,0.9484979349408214,do_nothing,False,33.0,e578c17dd0a3100da24c360bff062a6d54d5217c9a41b27ada797212eeba3860
ppo_trained,11,10,case_42_0067_cycle_033,case_42_0067,33,normal,14.9154187422348,13.497297286987305,13.497297286987305,0.38556674258564894,0,-45.98129757365489,0.0,0.0,True,False,0.941154187422348,do_nothing,False,34.0,2b51051b6c8bf2732d3d68d58ea4f7a53f601d49cacaa947b540ef01e290b231
ppo_trained,11,10,case_42_0067_cycle_034,case_42_0067,34,normal,16.196652989496833,15.651981353759766,15.651981353759766,0.4665447850252188,0,-47.00388130743869,0.0,0.0,True,False,0.9779665298949684,do_nothing,False,35.0,26fec95f0449b42053d71753be1a1e80af7df1e2375b7c90c47b59a45c8535cb
ppo_trained,11,10,case_42_0067_cycle_035,case_42_0067,35,normal,15.23073992129935,15.379323959350586,15.379323959350586,0.6498633761376068,0,-47.074401704059625,0.0,0.0,True,False,0.9923073992129936,do_nothing,False,36.0,2ef1f01560f2965f3f35ad341f507c076c247e5c88652dd349623af28ac325fe
ppo_trained,11,10,case_42_0067_cycle_036,case_42_0067,36,normal,16.921318499009345,20.183805465698242,20.183805465698242,0.38267004870238036,0,-46.25704006227564,0.0,0.0,True,False,1.0332131849900934,do_nothing,False,37.0,2367af8194f2803725b282e222f6c0381458af5dbb869e762888aaf4c5f4ed45
ppo_trained,11,10,case_42_0067_cycle_037,case_42_0067,37,normal,17.317470957568233,18.824905395507812,18.824905395507812,0.4467414387834243,0,-46.35053534454456,0.0,0.0,True,False,1.0611747095756823,do_nothing,False,38.0,8cb9e629be2da4c377df56fc187c01d581c61c7f956d23832db94f808685e6b7
ppo_trained,11,10,case_42_0067_cycle_038,case_42_0067,38,normal,15.683342589481175,14.49332332611084,14.49332332611084,0.43534819007700404,0,-46.37180250619599,0.0,0.0,True,False,1.0688334258948118,do_nothing,False,39.0,564576e3daac73da242e97bb044144db8cb0a00e2ef28f33c5fd839c85248e7d
ppo_trained,11,10,case_42_0067_cycle_039,case_42_0067,39,normal,19.075707937944387,14.031120300292969,14.031120300292969,0.4411942166936423,0,-46.54645037064238,0.0,0.0,True,False,1.126757079379444,do_nothing,False,40.0,2e682d4300b8e3ada37f397c78b14ed6c1f5ffa3eb28b2cb7c107923afe28df6
ppo_trained,11,11,case_42_0070_cycle_000,case_42_0070,0,motion_instability,25.303832128195143,31.565092086791992,31.565092086791992,0.5400621829544493,0,0.15987570871097828,0.0,0.0,False,False,0.2530383212819514,do_nothing,False,1.0,3ce1caadbd2f2bdf4b94bd22af7c51d540e913cb5384cc95da6f174a61411cef
ppo_trained,11,11,case_42_0070_cycle_001,case_42_0070,1,motion_instability,27.613354272890934,26.45984649658203,26.45984649658203,0.4910465431940481,0,0.025942390334164733,0.0,0.0,False,False,0.30013354272890935,do_nothing,False,2.0,d5e0ed2ba5c7670b3892dad8ccc619cf60c7d576b36f812cd7b57e2e14e367c7
ppo_trained,11,11,case_42_0070_cycle_002,case_42_0070,2,motion_instability,29.226886177916462,30.755159378051758,30.755159378051758,0.7046309671818829,0,-0.12650123041477634,0.0,0.0,False,False,0.3402688617791646,do_nothing,False,3.0,ba1e2c20945f38ad7e41c76f4949a9dc76162ae40d0d9a52ccd46369222ee8e4
ppo_trained,11,11,case_42_0070_cycle_003,case_42_0070,3,motion_instability,28.142546349270788,24.565147399902344,24.565147399902344,0.42957462230046994,0,0.775287416176806,0.0,0.0,False,False,0.35342546349270787,do_nothing,False,4.0,5a120f82f91e109bf50bdb91a8f170ac7f7d1370f4e19191384c3e7ef98be67d
ppo_trained,11,11,case_42_0070_cycle_004,case_42_0070,4,motion_instability,25.54683031236278,25.089412689208984,25.089412689208984,0.3662710019309617,0,0.7906544403394724,0.0,0.0,False,False,0.3514683031236278,do_nothing,False,5.0,808444af9aa7158bc0da1b45f1039a2614be15493e5c5b98cfe5c40706667236
ppo_trained,11,11,case_42_0070_cycle_005,case_42_0070,5,motion_instability,31.365588679251456,26.510107040405273,26.510107040405273,0.49910603532716313,0,-0.3758335656766182,0.0,0.0,False,False,0.43365588679251454,do_nothing,False,6.0,e3256a4c9290402bc0c9e92fe1452c88a1fc2399d54a31598b1561178bb1f359
ppo_trained,11,11,case_42_0070_cycle_006,case_42_0070,6,motion_instability,28.461094191550824,30.402372360229492,30.402372360229492,0.39318634048620615,0,0.5551892231805443,0.0,0.0,False,False,0.42861094191550825,do_nothing,False,7.0,1c04fe2a2755463a220551c5041d20a85e50bc5d35a9c93cb7dbe4a7720d2065
ppo_trained,11,11,case_42_0070_cycle_007,case_42_0070,7,motion_instability,33.80232406851408,36.860774993896484,36.860774993896484,0.6950016904675489,0,-0.6223199756255547,0.0,0.0,False,False,0.5060232406851408,do_nothing,False,8.0,8ca39700de85afdf21e6676f704c0b96b51b02c7b35f9d4ee93683303fd206d0
ppo_trained,11,11,case_42_0070_cycle_008,case_42_0070,8,motion_instability,27.87020099030122,32.21394348144531,32.21394348144531,0.49442136760227623,0,-0.48626923484937806,0.0,0.0,False,False,0.47070200990301225,do_nothing,False,9.0,b08d6c226a7624e48c86304e25f24227c6a2e6e0df68690e6ca931b60a150cde
ppo_trained,11,11,case_42_0070_cycle_009,case_42_0070,9,motion_instability,30.83725973472115,31.881134033203125,31.881134033203125,0.5541709348380968,0,-0.6562434322673492,0.0,0.0,False,False,0.5243725973472115,do_nothing,False,10.0,272a043a8b6583f2564b930d99b3f44f6361d06f450f27b30ad6ed0c7779ebb8
ppo_trained,11,11,case_42_0070_cycle_010,case_42_0070,10,motion_instability,30.700318072245935,27.27407455444336,27.27407455444336,0.681150493507776,0,-0.7431821161935445,0.0,0.0,False,False,0.5470031807224593,do_nothing,False,11.0,e2700ae320579f6ef0d5c74b2bcb2a6b34fdbb2a604c9c36a7e345a3600b96c1
ppo_trained,11,11,case_42_0070_cycle_011,case_42_0070,11,motion_instability,34.732478410334785,41.395484924316406,41.395484924316406,0.75511619821119,0,-0.9472417820417218,0.0,0.0,False,False,0.6113247841033478,do_nothing,False,12.0,b10748c7e58de30bdbaf38f67906c74b5ea1f95a9847d727788fcc7193185361
ppo_trained,11,11,case_42_0070_cycle_012,case_42_0070,12,motion_instability,37.19376808315948,41.62711715698242,41.62711715698242,0.7277797430114186,0,-1.0889800039464974,0.0,0.0,False,False,0.6599376808315949,do_nothing,False,13.0,fa641c11913d5d5cd72808b4621ec243d8627119cd3c0ec9bd4cb57060f86105
ppo_trained,11,11,case_42_0070_cycle_013,case_42_0070,13,motion_instability,32.06777634535101,33.4690055847168,33.4690055847168,0.725301250685434,0,-1.0068284779633454,0.0,0.0,False,False,0.6326777634535101,do_nothing,False,14.0,789e51731ae68c6229951a41c86491c0715607d73e537909f07c8c2cdf53e2e0
ppo_trained,11,11,case_42_0070_cycle_014,case_42_0070,14,motion_instability,30.14790095831492,33.46047592163086,33.46047592163086,0.5859001427476992,0,-1.0003220501616028,0.0,0.0,False,False,0.6374790095831493,do_nothing,False,15.0,b3296b4da83ae12927d07567adee9267f7d0fdb27533a1b413ed1a59e18ddb1e
ppo_trained,11,11,case_42_0070_cycle_015,case_42_0070,15,motion_instability,31.30895405248797,41.33988952636719,41.33988952636719,0.6448426432390116,0,-1.115995018060491,0.0,0.0,False,False,0.6730895405248797,do_nothing,False,16.0,d46deb0439058b5aabe00411dce542a855392f7b43c98aeca338a3ab30250668
ppo_trained,11,11,case_42_0070_cycle_016,case_42_0070,16,motion_instability,33.67661840671092,38.41702651977539,38.41702651977539,0.6233141303679053,0,-1.2557956717565133,0.0,0.0,False,False,0.7207661840671092,do_nothing,False,17.0,c08434e029d82f559f22142384b305d95db191a6cfab3578a409975c5dbed8b3
ppo_trained,11,11,case_42_0070_cycle_017,case_42_0070,17,motion_instability,40.71987643250032,39.61225891113281,39.61225891113281,0.7482176448059175,0,-1.5578289396958973,0.0,0.0,False,False,0.8151987643250033,do_nothing,False,18.0,4a8f8ec4b1d15abe2fdaaa19a018dc00afeab9840d8054368572967eebcc9fe4
ppo_trained,11,11,case_42_0070_cycle_018,case_42_0070,18,motion_instability,35.46599680912834,40.61250305175781,40.61250305175781,0.7594175411210056,0,-1.473892535442001,0.0,0.0,False,False,0.7866599680912834,do_nothing,False,19.0,f59ee7d30537077a0997617a9dc0196ea137ced05e8b9b21677ad88a7eec3ba4
ppo_trained,11,11,case_42_0070_cycle_019,case_42_0070,19,motion_instability,39.982945538843886,36.19127655029297,36.19127655029297,0.7464836205171032,0,-46.679460909242884,0.0,0.0,True,False,0.8558294553884389,do_nothing,False,20.0,6ffb30bf3a0ad7b8bc91afa038f46c3de0f167279994cee0bf6b8ddb624a3577
ppo_trained,11,11,case_42_0070_cycle_020,case_42_0070,20,motion_instability,36.59565361521253,33.94865036010742,33.94865036010742,0.6269090961437659,0,-46.63190597287794,0.0,0.0,True,False,0.8459565361521253,do_nothing,False,21.0,31cbc8eae65c93e93dcd0caece2a7e3528a7283cfae2d4361fb95a0cd07aa50e
ppo_trained,11,11,case_42_0070_cycle_021,case_42_0070,21,motion_instability,35.76396423185438,42.37509536743164,42.37509536743164,0.7539082488370243,0,-46.698005164281184,0.0,0.0,True,False,0.8616396423185437,do_nothing,False,22.0,1fdf906bf9d6e3306e1aafda7d694e5b22d86be6fbb7be37a2ff9422d5e58ae8
ppo_trained,11,11,case_42_0070_cycle_022,case_42_0070,22,motion_instability,40.869578075476326,37.37488555908203,37.37488555908203,0.7489236034253046,0,-46.922425882778086,0.0,0.0,True,False,0.9366957807547633,do_nothing,False,23.0,c3fa7878f3b763fa315626c37a8117547e1c57da2714bbfa8f77641221b9e7ec
ppo_trained,11,11,case_42_0070_cycle_023,case_42_0070,23,motion_instability,42.07427695472919,44.34273910522461,36.292332260283416,0.7440091638694963,0,-47.0298296832223,0.0,0.0,True,False,0.9727427695472919,do_nothing,False,24.0,356a3cb6663551d3047095b8493df177e9629540dc5c392584f6bbb76c4dfde9
ppo_trained,11,11,case_42_0070_cycle_024,case_42_0070,24,motion_instability,39.695935291867606,48.65711212158203,48.65711212158203,0.7060476400930631,0,-47.02478520476999,0.0,0.0,True,False,0.9729593529186761,do_nothing,False,25.0,0c6448bb42da478d9ff3b37d4d448fa3d54b778b548b51737a9efe385c3cb036
ppo_trained,11,11,case_42_0070_cycle_025,case_42_0070,25,motion_instability,42.93565437511055,50.747737884521484,50.747737884521484,0.7085907246801975,0,-47.19435823995535,0.0,0.0,True,False,1.0293565437511054,do_nothing,False,26.0,82e88171a50979d3d0713e406dcc62aa98766e63e3b787ca8d6bf77bb60e2995
ppo_trained,11,11,case_42_0070_cycle_026,case_42_0070,26,motion_instability,45.033922070375276,39.230350494384766,39.230350494384766,0.77439989983095,0,-47.339177647085904,0.0,0.0,True,False,1.0743392207037528,do_nothing,False,27.0,1c81159fa4890a8393a14874b323f4540a8da8e502c23eaaf95d098ea49f8692
ppo_trained,11,11,case_42_0070_cycle_027,case_42_0070,27,motion_instability,45.10317925531551,40.124263763427734,40.124263763427734,0.7924000839769654,0,-47.41595539025601,0.0,0.0,True,False,1.0990317925531552,do_nothing,False,28.0,52fa78c5ddadce80ced13a803b5db43ac10960bca65592aa54c39044d042d7b5
ppo_trained,11,11,case_42_0070_cycle_028,case_42_0070,28,motion_instability,43.01607907077308,53.99184799194336,53.99184799194336,0.7134000858936025,0,-49.41349238500723,0.0,0.0,True,False,1.1021607907077309,do_nothing,False,29.0,a32be30b1c2c250d1aa3f2090a13a51176d994a495e7bc0779e2e99bfafcd998
ppo_trained,11,11,case_42_0070_cycle_029,case_42_0070,29,motion_instability,46.48184017579717,49.7877197265625,49.7877197265625,0.71424836386048,0,-47.58959245985299,0.0,0.0,True,False,1.1608184017579717,do_nothing,False,30.0,3e4c7e305672f2f571187f7a93fe110900442f43370ecfabcce395c2f8de4025
ppo_trained,11,11,case_42_0070_cycle_030,case_42_0070,30,motion_instability,44.41562449636557,46.34865951538086,46.34865951538086,0.7203904456718315,0,-47.60052730174174,0.0,0.0,True,False,1.1641562449636558,do_nothing,False,31.0,a44f26bc3ee6779b19c370886b8e4105fa28ec934e9413947f892203f114ede3
ppo_trained,11,11,case_42_0070_cycle_031,case_42_0070,31,motion_instability,39.751262560451785,46.50244140625,46.50244140625,0.7373239716599338,0,-47.53513647256254,0.0,0.0,True,False,1.1415126256045178,do_nothing,False,32.0,2a2fcaec78eb518cd56bbed1c7830dd70ba1c1bac4ca1f5a3915c8990f68fe13
ppo_trained,11,11,case_42_0070_cycle_032,case_42_0070,32,motion_instability,50.08747704465337,54.63778305053711,54.63778305053711,0.7026825197013529,0,-49.912026689294805,0.0,0.0,True,False,1.2688747704465337,do_nothing,False,33.0,8fcead669a47bcd7de2fc2c49a4d3abc96d81b21622ab66dd3107775defbabdc
ppo_trained,11,11,case_42_0070_cycle_033,case_42_0070,33,motion_instability,47.720609745928,51.59783172607422,51.59783172607422,0.7271804971094199,0,-47.91669536694425,0.0,0.0,True,False,1.26920609745928,do_nothing,False,34.0,fa53c7eb6b167e35c278778d55f8e00a32905a38af82cc7915690da545609516
ppo_trained,11,11,case_42_0070_cycle_034,case_42_0070,34,motion_instability,53.00026356890076,53.56046676635742,52.53859099247647,0.7173572406614137,0,-50.145611493166236,0.0,0.0,True,False,1.3460026356890076,do_nothing,False,35.0,dcbe4e4539951e005a23233de299fcd80a00cafba1cce13fda0f06556f2bf112
ppo_trained,11,11,case_42_0070_cycle_035,case_42_0070,35,motion_instability,49.1060933370046,54.95750427246094,54.95750427246094,0.6973702887104467,0,-50.0977883434167,0.0,0.0,True,False,1.331060933370046,do_nothing,False,36.0,9ef4ca92e525abd815445e4d7cbc89556544d1795e72bdb3c8e1101699ed0965
ppo_trained,11,11,case_42_0070_cycle_036,case_42_0070,36,motion_instability,48.83290709069788,56.71977996826172,44.49228026373089,0.698752361814198,0,-48.16180006699307,0.0,0.0,True,False,1.3523290709069788,do_nothing,False,37.0,494b0e7397d071577fabee01be69b6900d169f2820cc66893848986179239c14
ppo_trained,11,11,case_42_0070_cycle_037,case_42_0070,37,motion_instability,52.65610904251437,56.352210998535156,56.352210998535156,0.6932601478540911,0,-50.34767229345354,0.0,0.0,True,False,1.4145610904251438,do_nothing,False,38.0,51b88bfbb6c1921468b96308cf91e1868361aca438419448d48fe63a9dcf8fa8
ppo_trained,11,11,case_42_0070_cycle_038,case_42_0070,38,motion_instability,52.45428519967956,54.2498893737793,44.7953851649883,0.7010146711194444,0,-48.4147807566583,0.0,0.0,True,False,1.4365428519967955,do_nothing,False,39.0,2c93b1bb311b67397b2ab0ebb51ff8260f56449ca40344b5e3ab93ca5829f6eb
ppo_trained,11,11,case_42_0070_cycle_039,case_42_0070,39,motion_instability,52.93560974073749,54.986900329589844,54.986900329589844,0.6835627320729412,0,-50.49860270203307,0.0,0.0,True,False,1.465356097407375,do_nothing,False,40.0,55b84d14287c3cb6f8eff5906c7d0347825400336f777ea51cd97914337586ff
ppo_trained,11,12,case_42_0083_cycle_000,case_42_0083,0,normal,10.242109263250166,13.402923583984375,13.402923583984375,0.4256153677536252,0,1.5288944169394512,0.0,0.0,False,False,0.10242109263250165,do_nothing,False,1.0,c12c053ed0ab1a4de6208a19a5b5b64e1a6d6e714758721eeb1d1e63d109d357
ppo_trained,11,12,case_42_0083_cycle_001,case_42_0083,1,normal,8.38652835495108,13.174273490905762,13.174273490905762,0.4052590848709855,0,1.51561528662082,0.0,0.0,False,False,0.1078652835495108,do_nothing,False,2.0,f82855b576bb7fa97d4f6343acdbbcb73e3d3723fb4e13e7f91b8e29ca71f956
ppo_trained,11,12,case_42_0083_cycle_002,case_42_0083,2,normal,10.49890556135242,18.006242752075195,18.006242752075195,0.5690409457077963,0,0.45567669130325794,0.0,0.0,False,False,0.1529890556135242,do_nothing,False,3.0,7a3f4aefc4509f56fb28c3016834019704be25e80eaaae930acb5254cc00e869
ppo_trained,11,12,case_42_0083_cycle_003,case_42_0083,3,normal,12.190312724176197,15.025714874267578,15.025714874267578,0.40398036354925093,0,1.2576935637423263,0.0,0.0,False,False,0.19390312724176198,do_nothing,False,4.0,4a30541407063fa50d6b0d07d6aad6d9e9a175c00cb424bd29576b326fc3b0f7
ppo_trained,11,12,case_42_0083_cycle_004,case_42_0083,4,normal,9.428776465682981,13.132393836975098,13.132393836975098,0.46206703949866884,0,0.35982665010471027,0.0,0.0,False,False,0.1902877646568298,do_nothing,False,5.0,ebb7463d1e69d2a357e1000d72608a2f512ac5511a883998cb9a12bf21eca857
ppo_trained,11,12,case_42_0083_cycle_005,case_42_0083,5,normal,10.657892100746436,13.348690032958984,13.348690032958984,0.38877533466477215,0,1.1619469367778912,0.0,0.0,False,False,0.22657892100746435,do_nothing,False,6.0,57f73562f9ac13824f1d80e7f6eb973d695f98615bae89e6a5e81448d6cd26cb
ppo_trained,11,12,case_42_0083_cycle_006,case_42_0083,6,normal,9.824312619946925,13.161491394042969,13.161491394042969,0.4546510127904026,0,0.2050729694830319,0.0,0.0,False,False,0.24224312619946925,do_nothing,False,7.0,1fff6a66718241a36517b8bd6f749a0a113d4d68daa12be16168e13a56c73a4b
ppo_trained,11,12,case_42_0083_cycle_007,case_42_0083,7,normal,12.457067442210937,13.132393836975098,13.132393836975098,0.5806562297285895,0,0.03518954227438344,0.0,0.0,False,False,0.2925706744221094,do_nothing,False,8.0,4455629e55b417e92cd7254ff307f6b85cb56c0488daee9cfc427a6d02ac0d4a
ppo_trained,11,12,case_42_0083_cycle_008,case_42_0083,8,normal,10.188058597273617,17.86741828918457,17.86741828918457,0.4128234808885035,0,0.956434719948516,0.0,0.0,False,False,0.29388058597273614,do_nothing,False,9.0,7988350f885ae0737dff690c4c79d1723dd4a8449f231adf47a72fc95b6fa952
ppo_trained,11,12,case_42_0083_cycle_009,case_42_0083,9,normal,10.460894024677481,16.908306121826172,16.908306121826172,0.628170546337322,0,-0.05605240269092264,0.0,0.0,False,False,0.3206089402467748,do_nothing,False,10.0,450575dd3d828e60b4008f400e3549a60c87e24ca99114583a3ea6bc6edf449a
ppo_trained,11,12,case_42_0083_cycle_010,case_42_0083,10,normal,11.002497438485562,14.704476356506348,14.704476356506348,0.39844344989257435,0,0.7901585593615469,0.0,0.0,False,False,0.35002497438485564,do_nothing,False,11.0,6b706c0794c161f9e1a2b618b6db0e4ed8778117a000979d3858fe8967ea418d
ppo_trained,11,12,case_42_0083_cycle_011,case_42_0083,11,normal,9.846358845482149,13.892875671386719,13.892875671386719,0.3021545471105131,0,0.7672860525689585,0.0,0.0,False,False,0.3624635884548215,do_nothing,False,12.0,735f7a322874854386d316b265b92fd73c22cd091788cc79c26f6fc1ded87c72
ppo_trained,11,12,case_42_0083_cycle_012,case_42_0083,12,normal,10.748390445733582,18.46147346496582,18.46147346496582,0.46008789122478944,0,-0.255464897055726,0.0,0.0,False,False,0.39548390445733583,do_nothing,False,13.0,b619a0fb1f5820c529b8c08811360c9860de5ba3b20fc4ba8eeab9ae975f4409
ppo_trained,11,12,case_42_0083_cycle_013,case_42_0083,13,normal,9.950127848849494,13.641727447509766,13.641727447509766,0.29444526323566483,0,0.6213293750491653,0.0,0.0,False,False,0.41150127848849494,do_nothing,False,14.0,960f75e40b975fa02e3de4120ad4e4a5cae87d76ff86496c820d1fc1d451940e
ppo_trained,11,12,case_42_0083_cycle_014,case_42_0083,14,normal,11.083679861959666,14.305651664733887,14.305651664733887,0.4051790693382876,0,0.4987127437404668,0.0,0.0,False,False,0.4468367986195967,do_nothing,False,15.0,304d870284070777f4468315aa54fbeddd068ec8c5c3c15ceac6b69fa7d05933
ppo_trained,11,12,case_42_0083_cycle_015,case_42_0083,15,normal,11.24555367907076,13.490673065185547,13.490673065185547,0.366729799362011,0,0.4276239197235756,0.0,0.0,False,False,0.47245553679070756,do_nothing,False,16.0,14cabfd154c6afa00918af4576d1601fe3179d2646f992cc4ffda1b69afd3370
ppo_trained,11,12,case_42_0083_cycle_016,case_42_0083,16,normal,9.670665859872283,13.365572929382324,13.365572929382324,0.41177121092946084,0,0.39611434256441225,0.0,0.0,False,False,0.48070665859872286,do_nothing,False,17.0,65a15cca495b838938869e5a869238779278aa078dd26b6d3876d9aa4d2623c6
ppo_trained,11,12,case_42_0083_cycle_017,case_42_0083,17,normal,10.01214591683688,15.525836944580078,15.525836944580078,0.41399151619366736,0,0.31353689506584337,0.0,0.0,False,False,0.5081214591683688,do_nothing,False,18.0,eb505761a6c6343df7f7d27527cd5eee59a87f6977e306c9265b5aaa8ad5feba
ppo_trained,11,12,case_42_0083_cycle_018,case_42_0083,18,normal,10.471588443656414,13.278341293334961,13.278341293334961,0.4299847463011405,0,0.2253546347451364,0.0,0.0,False,False,0.5367158844365642,do_nothing,False,19.0,00ab4cc31b7bdb68709794d0c91590fee499d23772ad476fff701079e6d5c3e1
ppo_trained,11,12,case_42_0083_cycle_019,case_42_0083,19,normal,10.737231158803421,15.082345008850098,15.082345008850098,0.6496094205869132,0,-0.7875583478521397,0.0,0.0,False,False,0.5633723115880342,do_nothing,False,20.0,b831d98c4bda4ccd68a714d737161f90126dc7b8d7bcb87f1441e7edea1f9693
ppo_trained,11,12,case_42_0083_cycle_020,case_42_0083,20,normal,10.136860197600214,13.601539611816406,13.601539611816406,0.3497985575471246,0,0.10342441043992501,0.0,0.0,False,False,0.5813686019760022,do_nothing,False,21.0,e8b00a2f99b17bbfa43c931be31177d9160844008ca150a2e52a8ca3e31471f3
ppo_trained,11,12,case_42_0083_cycle_021,case_42_0083,21,normal,10.637751084977022,14.451213836669922,14.451213836669922,0.46164303035414667,0,-0.9003789871024326,0.0,0.0,False,False,0.6103775108497702,do_nothing,False,22.0,d2968d5af7d47210b2324e51064a98cfa55e14fc1f145560261409641e35a802
ppo_trained,11,12,case_42_0083_cycle_022,case_42_0083,22,normal,13.682566689341563,13.848177909851074,13.848177909851074,0.3329286871518211,0,-0.14441630375302006,0.0,0.0,False,False,0.6648256668934156,do_nothing,False,23.0,fcbc6ee84e14cc776be361c28c909ecb27822859043e974f8cd8be206609746d
ppo_trained,11,12,case_42_0083_cycle_023,case_42_0083,23,normal,11.174958523809323,16.143665313720703,16.143665313720703,0.3470252814395277,0,-0.1433025479302089,0.0,0.0,False,False,0.6637495852380932,do_nothing,False,24.0,b2a7e19c45e2529469afc9defd384506f48154f706bb298805d89e8402c2a187
ppo_trained,11,12,case_42_0083_cycle_024,case_42_0083,24,normal,10.080452869549017,13.782093048095703,13.782093048095703,0.4641953429117449,0,-1.100042887523232,0.0,0.0,False,False,0.6768045286954901,do_nothing,False,25.0,e93637822e1ad507e74bc02f6740a9e3acdd63a63c2204403e68ec22b11ae15b
ppo_trained,11,12,case_42_0083_cycle_025,case_42_0083,25,normal,9.912442562329984,13.383671760559082,13.383671760559082,0.540365409234726,0,-1.1784280882551086,0.0,0.0,False,False,0.6991244256232998,do_nothing,False,26.0,c50f9b19efd1600bd7e3f1b612ddc41163e974b3e34690ba220de28b6348d613
ppo_trained,11,12,case_42_0083_cycle_026,case_42_0083,26,normal,13.212120305323296,13.121066093444824,13.121066093444824,0.32902379124433795,0,-0.4177171778463492,0.0,0.0,False,False,0.7561212030532329,do_nothing,False,27.0,dd7c39b4dd05640c77d2808dba5531d57b9e7e98752b8a45460cab10ee72c0e2
ppo_trained,11,12,case_42_0083_cycle_027,case_42_0083,27,normal,10.40937808791781,13.414722442626953,13.414722442626953,0.376294632980482,0,-0.4127255375846065,0.0,0.0,False,False,0.7520937808791781,do_nothing,False,28.0,88e5d9567d8d338908ee8765a1b889347afa4614fa2ed134564ee3166c24654e
ppo_trained,11,12,case_42_0083_cycle_028,case_42_0083,28,normal,11.775278580132365,13.630720138549805,13.630720138549805,0.3184169682075068,0,-0.5170209026350973,0.0,0.0,False,False,0.7897527858013237,do_nothing,False,29.0,206fb31e25611492cefbb259a0c1c0267639d02eed12c3e82e1e56748fafc196
ppo_trained,11,12,case_42_0083_cycle_029,case_42_0083,29,normal,12.50927263930226,13.832202911376953,13.832202911376953,0.3449732461208599,0,-45.6150241660972,0.0,0.0,True,False,0.8210927263930226,do_nothing,False,30.0,9076a203cfb88d13e2d67808019366d337186683a36a8c0dee35455f3d5340b7
ppo_trained,11,12,case_42_0083_cycle_030,case_42_0083,30,normal,11.435656642482936,13.490574836730957,13.490574836730957,0.39953769931801425,0,-45.66300035417219,0.0,0.0,True,False,0.8343565664248294,do_nothing,False,31.0,2c90308c35ba218fa958f2c7d4e5a3ca6bc762b9d5c2f3b4c93f184a99cc35c8
ppo_trained,11,12,case_42_0083_cycle_031,case_42_0083,31,normal,11.862268561895348,13.85273265838623,13.85273265838623,0.39226835064628607,0,-45.7467083094538,0.0,0.0,True,False,0.8626226856189535,do_nothing,False,32.0,8b82f1f3a412f76d7bec6e2ce54f23cebea9ce6954e5c4f6918eaf646582256b
ppo_trained,11,12,case_42_0083_cycle_032,case_42_0083,32,normal,12.10440497498318,13.391469955444336,13.391469955444336,0.3593752311027591,0,-45.82103843391491,0.0,0.0,True,False,0.8890440497498318,do_nothing,False,33.0,675d32716470098589d14c3cbd2e3b9a31ccd6d087c0e6f88339b5adf79dc35b
ppo_trained,11,12,case_42_0083_cycle_033,case_42_0083,33,normal,12.050350972084493,20.944807052612305,20.944807052612305,0.29147579409533025,0,-45.88123189827684,0.0,0.0,True,False,0.9125035097208449,do_nothing,False,34.0,5a0d712f0dcd2882c0a5aaecd802c126e3e57bae2ebe26b7e5b0702009b8f4fd
ppo_trained,11,12,case_42_0083_cycle_034,case_42_0083,34,normal,14.362999233782764,13.620170593261719,13.620170593261719,0.33952941491470795,0,-46.02981938925069,0.0,0.0,True,False,0.9596299923378278,do_nothing,False,35.0,106a9689c7103c09f373168781f7fd6f80188c8e6d631c29751256b509091dea
ppo_trained,11,12,case_42_0083_cycle_035,case_42_0083,35,normal,14.715451598731491,13.47279167175293,13.47279167175293,0.6433732958414924,0,-47.05796954233817,0.0,0.0,True,False,0.987154515987315,do_nothing,False,36.0,6bef2342a14e5f8fa3c162edb04d67f9d9f0eb927fade4207a9642f1208c7fa6
ppo_trained,11,12,case_42_0083_cycle_036,case_42_0083,36,normal,13.266612180703197,13.151273727416992,13.151273727416992,0.35708213382822485,0,-46.14356068549533,0.0,0.0,True,False,0.996666121807032,do_nothing,False,37.0,c7af57fdc1dfd898d46b6a583703177877b202a816fd9e2beb3b4f9513b7b79a
ppo_trained,11,12,case_42_0083_cycle_037,case_42_0083,37,normal,13.746826662621647,13.923151969909668,13.923151969909668,0.29561688612209136,0,-46.22074733279697,0.0,0.0,True,False,1.0254682666262165,do_nothing,False,38.0,db8722295a3273dc3d88243c1e3af80d65af74e52fbb0a13644dbee26a117f84
ppo_trained,11,12,case_42_0083_cycle_038,case_42_0083,38,normal,15.705928371903946,14.037080764770508,14.037080764770508,0.4362783160149129,0,-46.37261959855936,0.0,0.0,True,False,1.0690592837190396,do_nothing,False,39.0,f6c84cfe0ca4b13f4f0041257db4c9fa821196859c5ca510bd685998088fd900
ppo_trained,11,12,case_42_0083_cycle_039,case_42_0083,39,normal,13.119758449498395,13.79912281036377,13.79912281036377,0.37882124176673854,0,-46.35841593974996,0.0,0.0,True,False,1.067197584494984,do_nothing,False,40.0,f8fb6c7efbec9003a8cf34b4798e0159caaaf5acd313cecc8ed6a8164c240f72
ppo_trained,11,13,case_42_0085_cycle_000,case_42_0085,0,normal,11.989370912042105,14.095648765563965,14.095648765563965,0.34078984740833396,0,1.4892003955274868,0.0,0.0,False,False,0.11989370912042105,do_nothing,False,1.0,cae7ea1d0bcdfbadb4f2cd8a3d11c0f24c0d810bc45e7222dcd0fa08369f290e
ppo_trained,11,13,case_42_0085_cycle_001,case_42_0085,1,normal,9.092230020178125,13.212821960449219,13.212821960449219,0.4131641726409142,0,1.493258473498519,0.0,0.0,False,False,0.11492230020178125,do_nothing,False,2.0,396a3c7300cbd6e0b60818f301d5272191a7c88c8deb55334ea709f8ef993d97
ppo_trained,11,13,case_42_0085_cycle_002,case_42_0085,2,normal,11.487834113281536,13.29012393951416,13.29012393951416,0.6171204900228885,0,0.4187969030981206,0.0,0.0,False,False,0.16287834113281538,do_nothing,False,3.0,5d460bd5ed8c60a2431161e2a3ad0f1b3594f5dff1f58060b17febf467020ee2
ppo_trained,11,13,case_42_0085_cycle_003,case_42_0085,3,normal,10.68139773397529,13.862101554870605,13.862101554870605,0.4799686060753397,0,0.3915627770694403,0.0,0.0,False,False,0.1788139773397529,do_nothing,False,4.0,0679c3c5ba61e0280dce8bf11b159a92981f22529702b7539e45bd4ebb25aba1
ppo_trained,11,13,case_42_0085_cycle_004,case_42_0085,4,normal,9.52006436974138,13.498442649841309,13.498442649841309,0.37159897360736266,0,1.2706582228666543,0.0,0.0,False,False,0.1912006436974138,do_nothing,False,5.0,f48d3bec902419026bb5070ec10e320bf72df53d4635956ad71f249ffaaf03c3
ppo_trained,11,13,case_42_0085_cycle_005,case_42_0085,5,normal,10.6829475552061,13.72524356842041,13.72524356842041,0.3520833161462409,0,1.166699075921881,0.0,0.0,False,False,0.226829475552061,do_nothing,False,6.0,6675efbfa57c3ffd65fab328a40d5c702113a3ae44c658f7a2d6ce512318b2eb
ppo_trained,11,13,case_42_0085_cycle_006,case_42_0085,6,normal,10.126832722479467,13.948657035827637,13.948657035827637,0.42066408510410114,0,1.1010954055600009,0.0,0.0,False,False,0.24526832722479466,do_nothing,False,7.0,37230ece06f191039e2ccb73341a5f165c5414bbf082dfc4ac6619d751173106
ppo_trained,11,13,case_42_0085_cycle_007,case_42_0085,7,normal,10.606246216791188,14.631621360778809,14.631621360778809,0.4744969758608011,0,0.10663806711714427,0.0,0.0,False,False,0.27406246216791186,do_nothing,False,8.0,fa56e99d746faace628e7dae3830f496289288cbb3c8dc7535acf85246592e4f
ppo_trained,11,13,case_42_0085_cycle_008,case_42_0085,8,normal,12.620933244384311,13.70206069946289,13.70206069946289,0.4041699740138245,0,0.8847465065663971,0.0,0.0,False,False,0.3182093324438431,do_nothing,False,9.0,13c3da6ed851c32141c35de0c9e9e74b681a96c0e82629fe03dd746335d45ae6
ppo_trained,11,13,case_42_0085_cycle_009,case_42_0085,9,normal,11.811919386231239,15.667315483093262,15.667315483093262,0.4077061253594504,0,0.8364864996091452,0.0,0.0,False,False,0.33411919386231237,do_nothing,False,10.0,bf722c4d5caabf1b053dc4920e783d30c78713ec8a6b48c763f158e114d36635
ppo_trained,11,13,case_42_0085_cycle_010,case_42_0085,10,normal,10.082173533416986,14.20598030090332,14.20598030090332,0.4101203417526154,0,0.816016742734598,0.0,0.0,False,False,0.3408217353341699,do_nothing,False,11.0,bd8437727118d0a47bda3a52fe420ec2d9a0452c9e3f135fb7992c01f61cc52a
ppo_trained,11,13,case_42_0085_cycle_011,case_42_0085,11,normal,9.904463922735696,14.490498542785645,14.490498542785645,0.42447722895474116,0,0.7471944979747179,0.0,0.0,False,False,0.36304463922735697,do_nothing,False,12.0,b29741382c46ed6e7e8395b94a4ea7efb84499b29ddf7cd3d6c91e0b79aa3837
ppo_trained,11,13,case_42_0085_cycle_012,case_42_0085,12,normal,11.498772970223829,13.132393836975098,13.132393836975098,0.3617952090225675,0,0.6367675295399,0.0,0.0,False,False,0.4029877297022383,do_nothing,False,13.0,ba93b72b17e180d7d5e94db4f57dffa4d519d6d23adbcfdeea579239873879ad
ppo_trained,11,13,case_42_0085_cycle_013,case_42_0085,13,normal,11.433945826053629,13.255681037902832,13.255681037902832,0.488115816204564,0,-0.35223574721229367,0.0,0.0,False,False,0.4263394582605363,do_nothing,False,14.0,050098702e8924c382af0794eeb1c46b2765bb68cc27505ffecc62be10b486de
ppo_trained,11,13,case_42_0085_cycle_014,case_42_0085,14,normal,10.081620359350598,14.668750762939453,14.668750762939453,0.3845658342561226,0,0.5318665140810634,0.0,0.0,False,False,0.43681620359350604,do_nothing,False,15.0,b630ab8a52418a91dcb63c44c8a8ea6b5a2f2ece40eeb914fbb798abccef1700
ppo_trained,11,13,case_42_0085_cycle_015,case_42_0085,15,normal,10.578840010226148,13.212821960449219,13.212821960449219,0.5425600303575614,0,-0.47874920486041866,0.0,0.0,False,False,0.46578840010226147,do_nothing,False,16.0,fc68e9ff615c6c38d4b04641a284152965e84ed48450b28afa573734a8501733
ppo_trained,11,13,case_42_0085_cycle_016,case_42_0085,16,normal,9.428954069927945,13.391736030578613,13.391736030578613,0.41845577294812036,0,0.4023630119599436,0.0,0.0,False,False,0.4782895406992795,do_nothing,False,17.0,281ff8d668ac3d6097a56eb9877ca8ac14e3c1e5f1ca0ccf166d352d4aee7f49
ppo_trained,11,13,case_42_0085_cycle_017,case_42_0085,17,normal,12.717238077417692,19.274866104125977,19.274866104125977,0.5146584653922247,0,-0.6827159121313646,0.0,0.0,False,False,0.535172380774177,do_nothing,False,18.0,c1a0f5a0eba97df6709cd21b44f9513c915d29933ef6c407b0cd20e92706acd7
ppo_trained,11,13,case_42_0085_cycle_018,case_42_0085,18,normal,11.692187813115616,13.161225318908691,13.161225318908691,0.503429263417759,0,-0.7222800239061326,0.0,0.0,False,False,0.5489218781311562,do_nothing,False,19.0,c11f318cc7bfa767f0aada71f9a38e2cfad10d133be80e10baf8b4a5ae498ea5
ppo_trained,11,13,case_42_0085_cycle_019,case_42_0085,19,normal,10.50781679273245,13.261725425720215,13.261725425720215,0.31820550009168147,0,0.1690346712042744,0.0,0.0,False,False,0.5610781679273245,do_nothing,False,20.0,358bad3c7b2b647dc201530758cdd8d0dd8449a09e80255046ca81b746c6c233
ppo_trained,11,13,case_42_0085_cycle_020,case_42_0085,20,normal,10.488187697060836,13.515692710876465,13.515692710876465,0.3276501426671471,0,0.09620684768810295,0.0,0.0,False,False,0.5848818769706083,do_nothing,False,21.0,6c944a5bb347f105dc4415e0e3ac913508609dd49c9303789111ef8ccdec243d
ppo_trained,11,13,case_42_0085_cycle_021,case_42_0085,21,normal,12.283654310637647,20.256912231445312,20.256912231445312,0.30517849721541856,0,-0.026286403901442212,0.0,0.0,False,False,0.6268365431063765,do_nothing,False,22.0,21e5dcc1caf4455c8776e502dd87d334f2d116ccc93449983a1738bb4ac72612
ppo_trained,11,13,case_42_0085_cycle_022,case_42_0085,22,normal,10.993914800457718,15.264054298400879,15.264054298400879,0.43262734447246304,0,-0.07871154568460093,0.0,0.0,False,False,0.6379391480045772,do_nothing,False,23.0,00158f846251a2cd47326d488ff56d6906cfcbb869573ce30d1e218da69af6b1
ppo_trained,11,13,case_42_0085_cycle_023,case_42_0085,23,normal,11.98822933059737,18.716323852539062,18.716323852539062,0.42079238421224213,0,-0.17876573754975722,0.0,0.0,False,False,0.6718822933059737,do_nothing,False,24.0,fc24b4c580f082f8a29f34121c127b88c62f0caf5054ab138641ecf4cdb4c357
ppo_trained,11,13,case_42_0085_cycle_024,case_42_0085,24,normal,10.440212308002032,13.151273727416992,13.151273727416992,0.3959208074438883,0,-0.20059449035664423,0.0,0.0,False,False,0.6804021230800203,do_nothing,False,25.0,b597c0dc549709d2350c21b271bac6fe8a9fff542dfa577cfe7f2327bbebaad9
ppo_trained,11,13,case_42_0085_cycle_025,case_42_0085,25,normal,11.53424358563461,13.92198371887207,13.92198371887207,0.42272734089767267,0,-0.3094364087036888,0.0,0.0,False,False,0.715342435856346,do_nothing,False,26.0,8444a9dc162430e3e2bb0976993c5b241f62085ac7aa4ef2f783a00b49d6542a
ppo_trained,11,13,case_42_0085_cycle_026,case_42_0085,26,normal,12.148081804836275,16.88870620727539,16.88870620727539,0.3911278498944498,0,-0.39511163162925544,0.0,0.0,False,False,0.7454808180483627,do_nothing,False,27.0,71e36f0c51f797e45a9f27f1d3470511aab0d0fb340697d5c50b42527fdef51d
ppo_trained,11,13,case_42_0085_cycle_027,case_42_0085,27,normal,12.127495282692182,14.164839744567871,14.164839744567871,0.3391147298240537,0,-0.4586920679543737,0.0,0.0,False,False,0.7692749528269218,do_nothing,False,28.0,0b78c575bf53b8643cc197d91b9fef003bf11560e4b40d26a8bb71a9e8fb689e
ppo_trained,11,13,case_42_0085_cycle_028,case_42_0085,28,normal,10.621051818098234,13.151273727416992,13.151273727416992,0.43107401719876687,0,-0.4992926571227624,0.0,0.0,False,False,0.7782105181809824,do_nothing,False,29.0,749d781e332abe51d77ef8e357ecc1196e0e161e0503202f360592a243636231
ppo_trained,11,13,case_42_0085_cycle_029,case_42_0085,29,normal,12.32845372791672,13.547894477844238,13.547894477844238,0.541790058924567,0,-1.5391221206761867,0.0,0.0,False,False,0.8192845372791672,do_nothing,False,30.0,985dce4af6ecc4ae06df7231df8700c7f4372b681878592d09a29559bc946a7e
ppo_trained,11,13,case_42_0085_cycle_030,case_42_0085,30,normal,12.014903007813096,13.722691535949707,13.722691535949707,0.4339411470917088,0,-45.68553826229815,0.0,0.0,True,False,0.8401490300781309,do_nothing,False,31.0,03cd11643377be1bc631491ef01c446774d48bed6199e485ccd5aca1f552401a
ppo_trained,11,13,case_42_0085_cycle_031,case_42_0085,31,normal,11.81689402087453,13.132393836975098,13.132393836975098,0.393692414425017,0,-45.74556068278999,0.0,0.0,True,False,0.8621689402087453,do_nothing,False,32.0,d7b5f4262f238d6030817bab13dc5cfac7668ceb027351a113b8c5d00bea1a09
ppo_trained,11,13,case_42_0085_cycle_032,case_42_0085,32,normal,11.19609757530859,14.122883796691895,14.122883796691895,0.6202043595289949,0,-46.732913581188605,0.0,0.0,True,False,0.879960975753086,do_nothing,False,33.0,ecd7e21d8e920154b488bfcfb4fe5dab59984ee20bda244f6b7f6b3c83c59ce2
ppo_trained,11,13,case_42_0085_cycle_033,case_42_0085,33,normal,11.499031720635365,13.88467788696289,13.88467788696289,0.4371435603550766,0,-45.88654248567232,0.0,0.0,True,False,0.9069903172063537,do_nothing,False,34.0,e064bb103ed16e220fca46d5954145922cd9c7e871723451e1fa6548b66f9b54
ppo_trained,11,13,case_42_0085_cycle_034,case_42_0085,34,normal,11.748835996321223,13.937865257263184,13.937865257263184,0.37236716511164036,0,-45.95632015465638,0.0,0.0,True,False,0.9334883599632122,do_nothing,False,35.0,a63d0d9d74e69b27221760a80277f72f5d13d237859882ad609837ba1021d5fb
ppo_trained,11,13,case_42_0085_cycle_035,case_42_0085,35,normal,11.212723862741816,22.562726974487305,22.562726974487305,0.4096898114716351,0,-46.017835187603005,0.0,0.0,True,False,0.9521272386274182,do_nothing,False,36.0,5e36f6217c4bb97c179fbd51ef1b236435b8e76ba5aaa9e1f7f45376aff16122
ppo_trained,11,13,case_42_0085_cycle_036,case_42_0085,36,normal,13.504398440499838,15.289752006530762,15.289752006530762,0.4183642760277237,0,-46.15988659461915,0.0,0.0,True,False,0.9990439844049983,do_nothing,False,37.0,10257d5bfd991b15c17d78d1bf47b1bcb98ffa7105d8d30f43787b3099e07de0
ppo_trained,11,13,case_42_0085_cycle_037,case_42_0085,37,normal,11.544174451753475,19.369905471801758,19.369905471801758,0.3905018995750572,0,-46.16890051848886,0.0,0.0,True,False,1.0034417445175348,do_nothing,False,38.0,f54c2a7bfb2144336e2d9ce1509787f04a4b868aee5f43a42871dd75210b398d
ppo_trained,11,13,case_42_0085_cycle_038,case_42_0085,38,normal,13.175197908842442,13.242547035217285,13.242547035217285,0.31408978235,0,-46.27836940461778,0.0,0.0,True,False,1.0437519790884244,do_nothing,False,39.0,5e51e387b59a6cc033b9707fc92b027a6ecd7c102b71e75ee540c75d057e8e7a
ppo_trained,11,13,case_42_0085_cycle_039,case_42_0085,39,normal,12.968641779913447,13.174273490905762,13.174273490905762,0.3870790262987164,0,-46.355121107342214,0.0,0.0,True,False,1.0656864177991345,do_nothing,False,40.0,fd3e9d0ffc34874e8735e101d7a342d1400f901625d589b3271bf72f231500a7
ppo_trained,11,14,case_42_0087_cycle_000,case_42_0087,0,focal_drift,17.791515609527263,33.39503860473633,33.39503860473633,0.6079025063245541,0,0.37506915576549893,0.0,0.0,False,False,0.17791515609527264,do_nothing,False,1.0,880e034da14251d7ae2b9f33f6b0719c7a9bf3fc149fe548cad9014f48006d2a
ppo_trained,11,14,case_42_0087_cycle_001,case_42_0087,1,focal_drift,18.01950819835769,19.824522018432617,19.824522018432617,0.31789755821489435,0,1.2397301203170352,0.0,0.0,False,False,0.20419508198357691,do_nothing,False,2.0,473cc912c4bac46166a70801a5e3d44a42344ff87b1a7b8d0c492771742be58e
ppo_trained,11,14,case_42_0087_cycle_002,case_42_0087,2,focal_drift,21.456104046960238,19.66286277770996,19.66286277770996,0.33678543821135154,0,1.0617990628594902,0.0,0.0,False,False,0.2625610404696024,do_nothing,False,3.0,b05295d7ff5320767207c654148268eb847e98f7ce64688cea39c7845658ff2d
ppo_trained,11,14,case_42_0087_cycle_003,case_42_0087,3,focal_drift,23.687455080085847,16.36827850341797,16.36827850341797,0.337591096094405,0,0.9227376831832639,0.0,0.0,False,False,0.30887455080085846,do_nothing,False,4.0,ef9253cdcfdb3a7dfb01950c1f0495ea2de8e726dc3247695feb502d847b8b2e
ppo_trained,11,14,case_42_0087_cycle_004,case_42_0087,4,focal_drift,24.182300286801233,20.475095748901367,20.475095748901367,0.4251064992911892,0,0.8227650165022844,0.0,0.0,False,False,0.33782300286801237,do_nothing,False,5.0,78aa723e4bea2015eba2417cb5f315f649adf1c1f1aaf2548cf34e050df71ebd
ppo_trained,11,14,case_42_0087_cycle_005,case_42_0087,5,focal_drift,22.924440380067065,30.677457809448242,30.677457809448242,0.5536911562540247,0,-0.13078688484011564,0.0,0.0,False,False,0.3492444038006707,do_nothing,False,6.0,0f3c7ba68b98db2f4d52c3705532487e41c3bc2bafb956a745ba967274e0527f
ppo_trained,11,14,case_42_0087_cycle_006,case_42_0087,6,focal_drift,24.864518006932908,32.58917999267578,32.58917999267578,0.5269512240271991,0,-0.25697822381206703,0.0,0.0,False,False,0.3926451800693291,do_nothing,False,7.0,7a16880746e2e3dc1df47b78c722dbec4642d9cf1a45481c0abd73d4ed1b29aa
ppo_trained,11,14,case_42_0087_cycle_007,case_42_0087,7,focal_drift,25.905854241586518,17.011581420898438,17.011581420898438,0.4276296435543065,0,0.5546799262192584,0.0,0.0,False,False,0.4270585424158652,do_nothing,False,8.0,6e988faf915e803c465e932669b4000e9537dc5dac057835ba8ebcbef10a939d
ppo_trained,11,14,case_42_0087_cycle_008,case_42_0087,8,focal_drift,25.45404611113452,23.74909782409668,23.74909782409668,0.35444968911660346,0,0.5072111632984737,0.0,0.0,False,False,0.44654046111134527,do_nothing,False,9.0,4a955e2711664786dc25b694b8b169a2b61e69648081ab08fe02ef887e049a18
ppo_trained,11,14,case_42_0087_cycle_009,case_42_0087,9,focal_drift,27.59052498849722,26.118146896362305,26.118146896362305,0.47058366953225683,0,-0.546303300084755,0.0,0.0,False,False,0.49190524988497214,do_nothing,False,10.0,7ccc720247a9811ef565090f4ce038a2a287d3334489ce082396d56c08dada42
ppo_trained,11,14,case_42_0087_cycle_010,case_42_0087,10,focal_drift,26.079013916936074,26.0797061920166,26.0797061920166,0.30583764936339086,0,0.35175393508740904,0.0,0.0,False,False,0.5007901391693608,do_nothing,False,11.0,15c772a07e6a9f1bbf9f372527a2fe8ca758d380549b6279d066740393485e5d
ppo_trained,11,14,case_42_0087_cycle_011,case_42_0087,11,focal_drift,28.12699149124696,26.3934326171875,26.3934326171875,0.4224290388487048,0,0.20082589943528562,0.0,0.0,False,False,0.5452699149124696,do_nothing,False,12.0,93f88da8d9f993d2c449950fe793104115bb1e13307ec571128d8a6edb5bc57c
ppo_trained,11,14,case_42_0087_cycle_012,case_42_0087,12,focal_drift,31.515453817110213,20.54041290283203,20.54041290283203,0.6457303441900865,0,-0.9063231661418193,0.0,0.0,False,False,0.6031545381711021,do_nothing,False,13.0,cd5328aa967cde46dbca69a2203b8d87d248e15e461eee38812bf2af664e6ee9
ppo_trained,11,14,case_42_0087_cycle_013,case_42_0087,13,focal_drift,32.04465535930714,34.25083541870117,34.25083541870117,0.5434732283578949,0,-0.9788606450328986,0.0,0.0,False,False,0.6324465535930714,do_nothing,False,14.0,2dd8e7492aa6aca933a40d66a9243a05d0892c6ad802f07fcb1bec01fc1cb5a7
ppo_trained,11,14,case_42_0087_cycle_014,case_42_0087,14,focal_drift,32.66543879561302,31.517433166503906,31.517433166503906,0.5458412478758026,0,-1.069839351049761,0.0,0.0,False,False,0.6626543879561302,do_nothing,False,15.0,cde6b8aa1b96dc0c14544a129a6a5eca25c4d9d53108f5faa41eee1178d7d93b
ppo_trained,11,14,case_42_0087_cycle_015,case_42_0087,15,focal_drift,31.004770386504372,34.48867416381836,34.48867416381836,0.4426955414117827,0,-0.17654744280689816,0.0,0.0,False,False,0.6700477038650436,do_nothing,False,16.0,4ba76da4dfa8bb395f76729bf59ad80be22cf9608d6e51fb30456dc29771ce30
ppo_trained,11,14,case_42_0087_cycle_016,case_42_0087,16,focal_drift,33.55268204531989,32.39942169189453,32.39942169189453,0.4754640005434102,0,-1.2299000614411084,0.0,0.0,False,False,0.7195268204531989,do_nothing,False,17.0,fe53bdf03f2eae66b8bb1a4526170d8ed22ecf8f5384db985bcb09cbd4bbcfae
ppo_trained,11,14,case_42_0087_cycle_017,case_42_0087,17,focal_drift,36.12289168385877,34.11415100097656,34.11415100097656,0.5131840035322223,0,-1.3846643510455965,0.0,0.0,False,False,0.7692289168385877,do_nothing,False,18.0,e4be332762d81bc78806134d330d87856f2ae2618ee2c2b85c667434387bf1ff
ppo_trained,11,14,case_42_0087_cycle_018,case_42_0087,18,focal_drift,34.13634494372582,43.77277374267578,43.77277374267578,0.46292789721245853,0,-1.3895295328936432,0.0,0.0,False,False,0.7733634494372581,do_nothing,False,19.0,faf2ad6fb9ab12d29f8826a8c3666b6851345ca29e5c294281b56fac9cac6aa8
ppo_trained,11,14,case_42_0087_cycle_019,case_42_0087,19,focal_drift,33.61803630857672,32.20411682128906,32.20411682128906,0.4285151581399709,0,-0.5408183629782971,0.0,0.0,False,False,0.7921803630857672,do_nothing,False,20.0,297bce675af111e7b56f3aa483e59ff0fd60d2bf6bb3f4590667c30c3ffa44b0
ppo_trained,11,14,case_42_0087_cycle_020,case_42_0087,20,focal_drift,36.11100433238218,32.553009033203125,32.553009033203125,0.6320585076456191,0,-46.61813890611831,0.0,0.0,True,False,0.8411100433238219,do_nothing,False,21.0,e6f38d495e6c8cb03a151df28671bd21a3862e2c5943335203dfc0b87694c0aa
ppo_trained,11,14,case_42_0087_cycle_021,case_42_0087,21,focal_drift,36.443123451302654,38.36960220336914,38.36960220336914,0.596780185739042,0,-46.69481073139993,0.0,0.0,True,False,0.8684312345130265,do_nothing,False,22.0,80e6c2fd6ce9f443a97e4617aee7b25d2b52303a03ef34734caef5fc85a99c17
ppo_trained,11,14,case_42_0087_cycle_022,case_42_0087,22,focal_drift,32.03837127871437,32.35020446777344,32.35020446777344,0.5960874223904822,0,-46.63456425172,0.0,0.0,True,False,0.8483837127871436,do_nothing,False,23.0,3fd9e6de4b9bfff74c3235de40a1c9b552275b9418cb6e2565ce57a8474ab35f
ppo_trained,11,14,case_42_0087_cycle_023,case_42_0087,23,focal_drift,38.742728256198085,32.20859909057617,32.20859909057617,0.5905375642054379,0,-46.90686248231676,0.0,0.0,True,False,0.9394272825619809,do_nothing,False,24.0,6a0ab8b5401af8ada7461b9f1b71f7cfd8da6a03a61132ae97977e907adf57c9
ppo_trained,11,14,case_42_0087_cycle_024,case_42_0087,24,focal_drift,38.05094025341829,34.19215774536133,34.19215774536133,0.5358721507815747,0,-46.949909030219786,0.0,0.0,True,False,0.9565094025341829,do_nothing,False,25.0,8b52ca5ac6bfa852655378f6881c3d6a69b6b4035c8cb08d0e5555ab3c1173c2
ppo_trained,11,14,case_42_0087_cycle_025,case_42_0087,25,focal_drift,41.50691631897393,38.60834884643555,38.60834884643555,0.6446092050561782,0,-47.141898870327644,0.0,0.0,True,False,1.0150691631897393,do_nothing,False,26.0,74fe8993cc2b7e0d4032a3bcdc97b21f2cf954f9bef59ff051d795a10b2c4b31
ppo_trained,11,14,case_42_0087_cycle_026,case_42_0087,26,focal_drift,41.33109013348318,44.95391845703125,44.95391845703125,0.6135457016152618,0,-47.203964559246785,0.0,0.0,True,False,1.0373109013348318,do_nothing,False,27.0,0d3f33712a5541ee04b2ca4c6586cbd21d4843bebe4fcd53912103f47f6f6298
ppo_trained,11,14,case_42_0087_cycle_027,case_42_0087,27,focal_drift,37.07750666976569,32.250308990478516,32.250308990478516,0.45259386952475256,0,-47.124214280521684,0.0,0.0,True,False,1.018775066697657,do_nothing,False,28.0,939b15e860eedbcd00cf2b7d397ca4314afd882ba6e69cdbbb8e0cb8a77a98a3
ppo_trained,11,14,case_42_0087_cycle_028,case_42_0087,28,focal_drift,41.903275347708146,35.34336471557617,35.34336471557617,0.6733220827105069,0,-47.37409657283782,0.0,0.0,True,False,1.0910327534770814,do_nothing,False,29.0,74e9476f049901c625e2ca2b3fd63c9f7b2289bdeab7e3131609b7747f470cff
ppo_trained,11,14,case_42_0087_cycle_029,case_42_0087,29,focal_drift,44.607400559037416,38.82985305786133,38.82985305786133,0.5441341332019847,0,-47.50784213675142,0.0,0.0,True,False,1.142074005590374,do_nothing,False,30.0,22a2452aebcfc9c7fc21369ebd8fe7766f3a8ceabed03893b1d932477ab54d23
ppo_trained,11,14,case_42_0087_cycle_030,case_42_0087,30,focal_drift,43.94952968547356,34.94843292236328,34.94843292236328,0.5052609256298058,0,-47.55427502940868,0.0,0.0,True,False,1.1594952968547356,do_nothing,False,31.0,5f54e80e0578c28c227bc9a85965e4195cba4e2654be09285d22b3eb2d2462c5
ppo_trained,11,14,case_42_0087_cycle_031,case_42_0087,31,focal_drift,42.774865609867376,36.489925384521484,36.489925384521484,0.6431212038789259,0,-47.61171414887786,0.0,0.0,True,False,1.1717486560986736,do_nothing,False,32.0,56718c2b3e730326ed9e60b2a34fed65011ea537d793446b7d27b2b8b44a4c93
ppo_trained,11,14,case_42_0087_cycle_032,case_42_0087,32,focal_drift,40.7751438758314,39.655094146728516,39.655094146728516,0.5727596417171327,0,-47.61316826253251,0.0,0.0,True,False,1.1757514387583141,do_nothing,False,33.0,e40a0ff9356357a33ec70780cad4d8adb5b2ba5bd9281ba09be1d898a34f9b17
ppo_trained,11,14,case_42_0087_cycle_033,case_42_0087,33,focal_drift,45.75545507311366,37.54179000854492,37.54179000854492,0.5841486391543924,0,-47.83628594806657,0.0,0.0,True,False,1.2495545507311365,do_nothing,False,34.0,a54b19e06072bf369222648dc321a59484a183adc86bbd50773ec6f27aabce7b
ppo_trained,11,14,case_42_0087_cycle_034,case_42_0087,34,focal_drift,41.79856434435194,45.04341506958008,45.04341506958008,0.64815661051567,0,-47.799180421907906,0.0,0.0,True,False,1.2339856434435195,do_nothing,False,35.0,e65be77d8903d3d6193346670c820f3c39bd103b98fbe6e646e5353672ee67e9
ppo_trained,11,14,case_42_0087_cycle_035,case_42_0087,35,focal_drift,48.64437724706836,41.041648864746094,41.041648864746094,0.7584696570039173,0,-48.093101765962636,0.0,0.0,True,False,1.3264437724706837,do_nothing,False,36.0,69feb41d840582fcc7866e912f1717faf131e3f899cafd5124649af44c698bf2
ppo_trained,11,14,case_42_0087_cycle_036,case_42_0087,36,focal_drift,42.66663164956524,42.00971984863281,42.00971984863281,0.7521460372917538,0,-47.98482085508072,0.0,0.0,True,False,1.2906663164956524,do_nothing,False,37.0,c031646070573ffa24ea41dc63797fad535730029c06073cbb649c1e9e0a81ef
ppo_trained,11,14,case_42_0087_cycle_037,case_42_0087,37,focal_drift,49.784838582267525,46.97015380859375,46.97015380859375,0.7290470084959519,0,-48.26690220874242,0.0,0.0,True,False,1.3858483858226753,do_nothing,False,38.0,618e2e6173642fad93f5ec62bfd0ad90192521909377aae88308525b54d86750
ppo_trained,11,14,case_42_0087_cycle_038,case_42_0087,38,focal_drift,47.29616166369213,44.92420959472656,44.92420959472656,0.7444288513927936,0,-48.26654917761968,0.0,0.0,True,False,1.3849616166369212,do_nothing,False,39.0,1f1c784ed50013561a83d4b366b8d42bfa727489c9f373f5b87bc1310a960a8b
ppo_trained,11,14,case_42_0087_cycle_039,case_42_0087,39,focal_drift,47.34853207972753,47.77674102783203,47.77674102783203,0.7157480794824778,0,-48.3358181743142,0.0,0.0,True,False,1.4094853207972755,do_nothing,False,40.0,854b51631c5f9024981a2e68c0331e97880ff9ad35e0b9ba1be994331510894b
ppo_trained,11,15,case_42_0093_cycle_000,case_42_0093,0,low_shielding_gas,31.603933894954395,29.977752685546875,29.977752685546875,0.3950079278302458,0,0.8926307939768313,0.0,0.0,False,False,0.31603933894954395,do_nothing,False,1.0,07ca51a5419e4146da15bf550a614006bc32c691f1a1d4b770c35488ce5d60aa
ppo_trained,11,15,case_42_0093_cycle_001,case_42_0093,1,low_shielding_gas,24.886377018457882,26.7335262298584,26.7335262298584,0.439763535399223,0,1.0154441591363803,0.0,0.0,False,False,0.2728637701845788,do_nothing,False,2.0,9da734c1c32cd7e5a22ee7d9f958c4b90b0a66e50f2d339d23ddb95f95fe21e7
ppo_trained,11,15,case_42_0093_cycle_002,case_42_0093,2,low_shielding_gas,24.376576567470867,24.39186668395996,24.39186668395996,0.3430416536764158,0,0.9732464549244118,0.0,0.0,False,False,0.29176576567470863,do_nothing,False,3.0,ad597773a1936a6a463ad1ef8bdfda26707411b18d7d3ef0e8ad48987ba74ffd
ppo_trained,11,15,case_42_0093_cycle_003,case_42_0093,3,low_shielding_gas,25.974314130795957,32.898277282714844,32.898277282714844,0.4830379716818509,0,-0.06768511967615633,0.0,0.0,False,False,0.33174314130795957,do_nothing,False,4.0,07c6130d916153d47b8ec86bad701fdd18bb4cf76c32ec6084a821020d7dd55e
ppo_trained,11,15,case_42_0093_cycle_004,case_42_0093,4,low_shielding_gas,28.06197528480652,26.437633514404297,26.437633514404297,0.2986253413440292,0,0.7253469402542001,0.0,0.0,False,False,0.3766197528480652,do_nothing,False,5.0,71ee7e82922382169d262f5d15a8412dddb7b46915899fa93eac979a50478db7
ppo_trained,11,15,case_42_0093_cycle_005,case_42_0093,5,low_shielding_gas,29.9915629047268,30.84108543395996,30.84108543395996,0.4230712245742462,0,0.5767924291720592,0.0,0.0,False,False,0.419915629047268,do_nothing,False,6.0,02d6112e90e8f7a278f141f7adc9eecda5e78b516962a1e0a920909c2c2c28af
ppo_trained,11,15,case_42_0093_cycle_006,case_42_0093,6,low_shielding_gas,30.541120544646677,37.17649841308594,37.17649841308594,0.49996892060403153,0,-0.42322895443000513,0.0,0.0,False,False,0.4494112054464668,do_nothing,False,7.0,17b1ec6a28aab6291c3276f55016abe07f7a5cd050c45bc057b88cfe0f1305d6
ppo_trained,11,15,case_42_0093_cycle_007,case_42_0093,7,low_shielding_gas,33.60067000614871,41.66753005981445,41.66753005981445,0.510379983262921,0,-0.5885770976738997,0.0,0.0,False,False,0.5040067000614872,do_nothing,False,8.0,480a6c5b9a8fd159d94bffa02d1d420b634538017ca2601fa60ad5ebedca50ec
ppo_trained,11,15,case_42_0093_cycle_008,case_42_0093,8,low_shielding_gas,30.87116041471075,34.92478942871094,34.92478942871094,0.5068381079983166,0,-0.5781605286410703,0.0,0.0,False,False,0.5007116041471076,do_nothing,False,9.0,2c2b844c2a400135067b2a83c47dbebd6e692dba7d2da01d8d2c8a832a5090ed
ppo_trained,11,15,case_42_0093_cycle_009,case_42_0093,9,low_shielding_gas,29.349898224375153,29.54171371459961,29.54171371459961,0.39400475980260585,0,0.3124023392983548,0.0,0.0,False,False,0.5094989822437515,do_nothing,False,10.0,0f00a8ac6812f028a8091510080def795789b7f8592ba860279b034eb50d3a65
ppo_trained,11,15,case_42_0093_cycle_010,case_42_0093,10,low_shielding_gas,32.92997555748533,42.37137985229492,42.37137985229492,0.7461881357573413,0,-0.8198274870881612,0.0,0.0,False,False,0.5692997555748534,do_nothing,False,11.0,dbc10ed09c6ae8817766bf810be6efb156bca7cceda0dec2afdafa6ed24f136c
ppo_trained,11,15,case_42_0093_cycle_011,case_42_0093,11,low_shielding_gas,29.83869857860028,36.47322463989258,36.47322463989258,0.5471895278231662,0,-0.7692393865314834,0.0,0.0,False,False,0.5623869857860028,do_nothing,False,12.0,e68f03811ff8cdbf1bf2c37d8c0bea7b896ea1e556f57169b8b745068fcfbacf
ppo_trained,11,15,case_42_0093_cycle_012,case_42_0093,12,low_shielding_gas,31.32117720919797,29.422273635864258,29.422273635864258,0.5586960926366258,0,-0.8874397301714327,0.0,0.0,False,False,0.6012117720919796,do_nothing,False,13.0,ab99346c8d3c1b86647654f692eac88775c49d4544ac0da43e14dc27d60ad63e
ppo_trained,11,15,case_42_0093_cycle_013,case_42_0093,13,low_shielding_gas,30.812541339224303,28.798015594482422,28.798015594482422,0.5373525323619762,0,-0.9409791200310256,0.0,0.0,False,False,0.620125413392243,do_nothing,False,14.0,fd009e9b8a1aa542ec1941547124f1a2542178038df6353ee3e8b7fbcde70c69
ppo_trained,11,15,case_42_0093_cycle_014,case_42_0093,14,low_shielding_gas,34.020494361209025,31.641740798950195,31.641740798950195,0.5798471325753204,0,-1.1155919007225692,0.0,0.0,False,False,0.6762049436120903,do_nothing,False,15.0,8e5f2c6f52abdc8ab30e1d2d03fe98adacac83fcef0c88810d889683e12280e1
ppo_trained,11,15,case_42_0093_cycle_015,case_42_0093,15,low_shielding_gas,30.012013795543375,32.96955871582031,32.96955871582031,0.5244405495566246,0,-1.059026496299795,0.0,0.0,False,False,0.6601201379554338,do_nothing,False,16.0,51fb2817d410ecfa0eb249e2474c4948dce4887ccadd33540c5148b8f8e433ac
ppo_trained,11,15,case_42_0093_cycle_016,case_42_0093,16,low_shielding_gas,34.2482462144727,29.218162536621094,29.218162536621094,0.5063863073027081,0,-1.2554053325295875,0.0,0.0,False,False,0.726482462144727,do_nothing,False,17.0,c6015d8c42eb0823578a3b2cfc2855f9d4f8ecdc6a7c5e7ec0f36eea09001ceb
ppo_trained,11,15,case_42_0093_cycle_017,case_42_0093,17,low_shielding_gas,32.82150338951444,37.065860748291016,37.065860748291016,0.6701504704964227,0,-1.3091676722598966,0.0,0.0,False,False,0.7362150338951444,do_nothing,False,18.0,d899c18e422277d7ca66e44d6fee21b876f9fc72ea818333f62782e606557ea5
ppo_trained,11,15,case_42_0093_cycle_018,case_42_0093,18,low_shielding_gas,27.935750073062813,32.87052536010742,32.87052536010742,0.5836961989488866,0,-1.2216269320342172,0.0,0.0,False,False,0.7113575007306281,do_nothing,False,19.0,8062d574b2d7a3f6e2c32b5c3f45854eae593efb26c9b188840d0d052ea30495
ppo_trained,11,15,case_42_0093_cycle_019,case_42_0093,19,low_shielding_gas,38.03970311025394,32.991539001464844,32.991539001464844,0.544073679715977,0,-46.590802145265016,0.0,0.0,True,False,0.8363970311025394,do_nothing,False,20.0,d6db34167032bfbb3d532e07df2b058da4ee2990be9ba9f7d33e3cde311fd2f9
ppo_trained,11,15,case_42_0093_cycle_020,case_42_0093,20,low_shielding_gas,38.89216850088223,38.40478515625,38.40478515625,0.48228946108213866,0,-46.67910847418879,0.0,0.0,True,False,0.8689216850088224,do_nothing,False,21.0,61298159e9ff1869069405e34d0d16884117999eed46129342411096e5563511
ppo_trained,11,15,case_42_0093_cycle_021,case_42_0093,21,low_shielding_gas,36.58529769289904,38.78940200805664,38.78940200805664,0.5346336948699562,0,-46.68975398501747,0.0,0.0,True,False,0.8698529769289904,do_nothing,False,22.0,e2dbc691874bd576e4ce094cf470d225667d89ee54c5df6208bfb6ae9dd0d845
ppo_trained,11,15,case_42_0093_cycle_022,case_42_0093,22,low_shielding_gas,37.460179015337715,46.40082931518555,46.40082931518555,0.5831154071281757,0,-46.795272681529354,0.0,0.0,True,False,0.9026017901533772,do_nothing,False,23.0,d367ad3df9b0226c330953ee31a700806bd12d8bc2bd0b609634ebf327aead60
ppo_trained,11,15,case_42_0093_cycle_023,case_42_0093,23,low_shielding_gas,37.58704474090141,48.09746170043945,45.50892509646955,0.7208269715488147,0,-46.891735387959365,0.0,0.0,True,False,0.927870447409014,do_nothing,False,24.0,d4214c0324ab701eeb7f7771087b5bf194ae2a772c121d6bf79c9accaa51142c
ppo_trained,11,15,case_42_0093_cycle_024,case_42_0093,24,low_shielding_gas,35.64971074863402,38.359771728515625,38.359771728515625,0.7055628042119552,0,-46.90332574309081,0.0,0.0,True,False,0.9324971074863402,do_nothing,False,25.0,afc6d159388908a8ac4512befbf4df43f85a3abf534c01dd0824aae2a56a5b58
ppo_trained,11,15,case_42_0093_cycle_025,case_42_0093,25,low_shielding_gas,34.08889860734969,41.453304290771484,41.453304290771484,0.681874298851852,0,-46.924948103048266,0.0,0.0,True,False,0.9408889860734969,do_nothing,False,26.0,a15c1ca1c9ad0469e916b97704c91de750417f60a437257b778143b5088ff690
ppo_trained,11,15,case_42_0093_cycle_026,case_42_0093,26,low_shielding_gas,39.65419405390123,34.87950134277344,42.72269745670426,0.7362433566119966,0,-47.17206232510883,0.0,0.0,True,False,1.0205419405390121,do_nothing,False,27.0,9877621b9d0f5573157e8aab17b4ff65d101310c27cb5a79e0bb548dac2c729e
ppo_trained,11,15,case_42_0093_cycle_027,case_42_0093,27,low_shielding_gas,42.47762017974367,40.8762321472168,40.8762321472168,0.6459236580518871,0,-47.3152171541001,0.0,0.0,True,False,1.0727762017974367,do_nothing,False,28.0,c4d333148c9d45dff5cd1fd3a12a45f4544fc0285e6b7665676a7736249fb06b
ppo_trained,11,15,case_42_0093_cycle_028,case_42_0093,28,low_shielding_gas,34.37843393086201,42.07279968261719,42.07279968261719,0.6556133600926859,0,-47.145695021939765,0.0,0.0,True,False,1.01578433930862,do_nothing,False,29.0,ff8eb642b4ddc69f600b2bdeafaba9dddfc3e2505429863c4a1af496c21efe6a
ppo_trained,11,15,case_42_0093_cycle_029,case_42_0093,29,low_shielding_gas,41.47023008298403,43.530426025390625,53.54150603015623,0.7439031695088719,0,-49.44369237791585,0.0,0.0,True,False,1.1107023008298404,do_nothing,False,30.0,22ee6383f6694501222727cdc52a899dca08cc6ebfe89782c1c4350b161550a0
ppo_trained,11,15,case_42_0093_cycle_030,case_42_0093,30,low_shielding_gas,42.653920148516534,36.91672897338867,36.91672897338867,0.7366712942507394,0,-47.550118298593105,0.0,0.0,True,False,1.1465392014851652,do_nothing,False,31.0,857d5bb4cf47cfd19ed71b791a4f6df662c45f5636b12133f803841b1a17c079
ppo_trained,11,15,case_42_0093_cycle_031,case_42_0093,31,low_shielding_gas,44.267399782355724,37.98786163330078,37.98786163330078,0.7458973155516017,0,-47.67190659080341,0.0,0.0,True,False,1.1866739978235574,do_nothing,False,32.0,b64a0a6d2b67621d78cceceb20f555a160ebb8ebb6fe5f1d4a13570b5a4bfcb3
ppo_trained,11,15,case_42_0093_cycle_032,case_42_0093,32,low_shielding_gas,41.94820183472402,43.752159118652344,43.752159118652344,0.6345312967841219,0,-47.65762574955934,0.0,0.0,True,False,1.1874820183472403,do_nothing,False,33.0,347a456bc8b3c955abefeea9a09da70473c8a106e988a61494686fd508fb0829
ppo_trained,11,15,case_42_0093_cycle_033,case_42_0093,33,low_shielding_gas,50.60616588585339,46.216758728027344,46.216758728027344,0.7294106569639958,0,-48.0035965751202,0.0,0.0,True,False,1.298061658858534,do_nothing,False,34.0,eb80d16c9b43155c108a733dcc9d582743cef1eb636d351d6d3496e837b3ccb2
ppo_trained,11,15,case_42_0093_cycle_034,case_42_0093,34,low_shielding_gas,43.96391365754172,49.774131774902344,46.34761451796358,0.7242943366531032,0,-47.87556156022422,0.0,0.0,True,False,1.2556391365754171,do_nothing,False,35.0,8aef8267819405e48d94719ee5d422b98f700d009cdeafdf1ed585222dd7bded
ppo_trained,11,15,case_42_0093_cycle_035,case_42_0093,35,low_shielding_gas,52.271911102330705,44.366004943847656,44.366004943847656,0.6111190839069732,0,-48.179825195655965,0.0,0.0,True,False,1.3627191110233072,do_nothing,False,36.0,3bacab47fdd3e08aa02c5077f6ccfff28639ef9bb8ed09408b3b9e682b1ae85f
ppo_trained,11,15,case_42_0093_cycle_036,case_42_0093,36,low_shielding_gas,50.72036371289763,43.60790252685547,43.60790252685547,0.6567070541603051,0,-48.21211696951097,0.0,0.0,True,False,1.3712036371289762,do_nothing,False,37.0,28b4db7d5885f3447249a435e3f0cccb444ac48fb8f266167ac2ed53c36bd3bb
ppo_trained,11,15,case_42_0093_cycle_037,case_42_0093,37,low_shielding_gas,47.07511448847658,49.39645004272461,52.2665962551619,0.7090332003299084,0,-50.182608414703786,0.0,0.0,True,False,1.3587511448847658,do_nothing,False,38.0,01513c61fee83e1682f660cb5c879f0c1130368f8f5c0e5ae4af9e32c3ff45c4
ppo_trained,11,15,case_42_0093_cycle_038,case_42_0093,38,low_shielding_gas,46.48064664068457,54.06019592285156,54.06019592285156,0.687272651494418,0,-50.2335102969447,0.0,0.0,True,False,1.3768064664068458,do_nothing,False,39.0,06b6a84f2db9079affb0e11e0bfb43421112ea0545ee60dabf8b99f6d927801f
ppo_trained,11,15,case_42_0093_cycle_039,case_42_0093,39,low_shielding_gas,53.54721826741361,56.28271484375,55.15244938281996,0.6971717038434764,0,-50.51899230359893,0.0,0.0,True,False,1.4714721826741362,do_nothing,False,40.0,8224cf7dac32f684c04c96ff1724c26198b26fe561ef8c148cc9b50b3c41ff61
ppo_trained,11,16,case_42_0098_cycle_000,case_42_0098,0,focal_drift,15.450307198167804,20.919532775878906,20.919532775878906,0.4486117947789817,0,1.3691990148381186,0.0,0.0,False,False,0.15450307198167804,do_nothing,False,1.0,37b7167c22abfc8fc802e401501b27dddb9b797df983015c441648e9f8698caf
ppo_trained,11,16,case_42_0098_cycle_001,case_42_0098,1,focal_drift,15.79624760523778,21.420244216918945,21.420244216918945,0.39203737674197836,0,1.2953069653315699,0.0,0.0,False,False,0.18196247605237778,do_nothing,False,2.0,6b09b3317edcd5f8dea1acf93d8d9c963a6d811c7dcbf7e835683f2d6100b8fe
ppo_trained,11,16,case_42_0098_cycle_002,case_42_0098,2,focal_drift,16.955343750920168,24.579431533813477,24.579431533813477,0.39317919461749584,0,1.1883628082797704,0.0,0.0,False,False,0.2175534375092017,do_nothing,False,3.0,01e9987c174b60d85c7c33ef11b9ca84edb0ede8c526921b5951dc209b90cc2b
ppo_trained,11,16,case_42_0098_cycle_003,case_42_0098,3,focal_drift,17.8107886897475,23.70113182067871,23.70113182067871,0.47958401464756334,0,0.17773873711044055,0.0,0.0,False,False,0.250107886897475,do_nothing,False,4.0,fbf376a8b06e2a3059a5ce3fedae0d15c42197a27b5649a2b275717ab274b9a5
ppo_trained,11,16,case_42_0098_cycle_004,case_42_0098,4,focal_drift,15.466347336855705,24.001855850219727,24.001855850219727,0.5781225920641686,0,0.16129119108470363,0.0,0.0,False,False,0.25066347336855704,do_nothing,False,5.0,f77bba44c2512c9743f6a1abe30ab7abe3a30140162939a1384db4f2a884d076
ppo_trained,11,16,case_42_0098_cycle_005,case_42_0098,5,focal_drift,17.983088785892484,19.671192169189453,19.671192169189453,0.5693806162976656,0,0.015100243978575567,0.0,0.0,False,False,0.29983088785892487,do_nothing,False,6.0,97ce6dfd2d90c9d045b0e19e2d61c2abbd8fe05236ad6c171535d200456f7a51
ppo_trained,11,16,case_42_0098_cycle_006,case_42_0098,6,focal_drift,16.56367885250959,28.866296768188477,28.866296768188477,0.39892485891027524,0,0.911250905588171,0.0,0.0,False,False,0.3096367885250959,do_nothing,False,7.0,5aae0f566c65a2f7aaaed378b772b68c49ee1f9911f513c009a52f06b1450eca
ppo_trained,11,16,case_42_0098_cycle_007,case_42_0098,7,focal_drift,18.95720202032141,21.872802734375,21.872802734375,0.39879067853559774,0,0.767465337610018,0.0,0.0,False,False,0.3575720202032141,do_nothing,False,8.0,357f45f7a8c5adebc9857dde1a23750b37046f4d0b1d54286d2ed6a753018c9f
ppo_trained,11,16,case_42_0098_cycle_008,case_42_0098,8,focal_drift,19.60645055058081,24.209911346435547,24.209911346435547,0.39260027072768366,0,0.6769164428734233,0.0,0.0,False,False,0.38806450550580807,do_nothing,False,9.0,5de6547ab7ba7dc466453cadc27db0ecbc6e7e65276506fa00a982442ccbf78d
ppo_trained,11,16,case_42_0098_cycle_009,case_42_0098,9,focal_drift,20.357383439896104,15.75418758392334,15.75418758392334,0.35254699469631257,0,0.58839644759867,0.0,0.0,False,False,0.419573834398961,do_nothing,False,10.0,41a3c15737c80cff04dbf6c4dedb215cba71dd49f2147d8bbbd13f780d619ce7
ppo_trained,11,16,case_42_0098_cycle_010,case_42_0098,10,focal_drift,19.541544427009235,17.81427001953125,17.81427001953125,0.4440036334538258,0,0.527153122171649,0.0,0.0,False,False,0.4354154442700924,do_nothing,False,11.0,6c0c7f9a383a5b4c4847617fd5daf7718d1d976ffe76feb98bb460e77a0ec9d6
ppo_trained,11,16,case_42_0098_cycle_011,case_42_0098,11,focal_drift,20.93218976262838,14.623449325561523,14.623449325561523,0.34103856122932086,0,0.4288785229367508,0.0,0.0,False,False,0.47332189762628374,do_nothing,False,12.0,a1c0f6ed20940b2154cd93e6fd3063e09b5be5359cada0e3680d7bdca0cddb27
ppo_trained,11,16,case_42_0098_cycle_012,case_42_0098,12,focal_drift,20.004442259371586,27.111614227294922,27.111614227294922,0.44511646881526173,0,0.3690992618965634,0.0,0.0,False,False,0.48804442259371583,do_nothing,False,13.0,a3a9b2bdde3634d77b354826e42d30287638759a993cc3a967bdc86def4ef877
ppo_trained,11,16,case_42_0098_cycle_013,case_42_0098,13,focal_drift,21.17466464395427,22.1431941986084,22.1431941986084,0.39661143459095144,0,0.26926834549272927,0.0,0.0,False,False,0.5237466464395427,do_nothing,False,14.0,1d41e817c9c5e76f955e98addb1df98d18afd43d76a30102882a1c5ff740df0c
ppo_trained,11,16,case_42_0098_cycle_014,case_42_0098,14,focal_drift,21.506428355965635,29.503646850585938,29.503646850585938,0.43689442168048453,0,0.18127298606895803,0.0,0.0,False,False,0.5510642835596564,do_nothing,False,15.0,93cf9bbeb0dc09ff2fd1c5eadd4ede6db79f85def357454056e378eb460c87ce
ppo_trained,11,16,case_42_0098_cycle_015,case_42_0098,15,focal_drift,24.06905639523666,24.971660614013672,24.971660614013672,0.32247515275822297,0,0.04955703522916699,0.0,0.0,False,False,0.6006905639523665,do_nothing,False,16.0,e9f17b5b7781727704330127e8e3a64b98477ca6d567fd18f3b1e4102ebc5937
ppo_trained,11,16,case_42_0098_cycle_016,case_42_0098,16,focal_drift,24.730663344317584,23.798913955688477,23.798913955688477,0.4542579123589488,0,-0.9620585871833698,0.0,0.0,False,False,0.6313066334431758,do_nothing,False,17.0,d93e7edecd2036c05c603f1b529a94e853cf852ff98dd1afebd0910abdec2d30
ppo_trained,11,16,case_42_0098_cycle_017,case_42_0098,17,focal_drift,21.026860139760338,15.230923652648926,15.230923652648926,0.33561247642355596,0,-0.005147675656343331,0.0,0.0,False,False,0.6182686013976033,do_nothing,False,18.0,444da7cdbb6347491b79b248ab857012d04e90e091d562efdf14cbb4d553dfab
ppo_trained,11,16,case_42_0098_cycle_018,case_42_0098,18,focal_drift,22.893523875577294,19.992481231689453,19.992481231689453,0.4153935032640452,0,-0.14511474175692574,0.0,0.0,False,False,0.660935238755773,do_nothing,False,19.0,ae98ec4cd76733f2ad9dfd8dc23d6f9a7f8886e02980a80924e4a78ab95adf44
ppo_trained,11,16,case_42_0098_cycle_019,case_42_0098,19,focal_drift,24.351237844069534,30.709938049316406,30.709938049316406,0.5686139536375255,0,-1.1838292283677152,0.0,0.0,False,False,0.6995123784406954,do_nothing,False,20.0,9e79f09636fc80f717a967b3e7b1dabe1c60212b00b41e631f8d046074e724b6
ppo_trained,11,16,case_42_0098_cycle_020,case_42_0098,20,focal_drift,23.728914616599635,16.760236740112305,16.760236740112305,0.4545934704514962,0,-1.2200564590657137,0.0,0.0,False,False,0.7172891461659964,do_nothing,False,21.0,1c0a9d15a5fb35d8528d970b0f519a12bdd65f773142dd9346aea291a2764e1d
ppo_trained,11,16,case_42_0098_cycle_021,case_42_0098,21,focal_drift,25.076391751143827,32.83893966674805,32.83893966674805,0.5824545639391369,0,-1.3516599371251854,0.0,0.0,False,False,0.7547639175114382,do_nothing,False,22.0,d13fbac6ffb72805e4955b80899bbaecbb1817cec4196bae69f2e8f535f2d6a0
ppo_trained,11,16,case_42_0098_cycle_022,case_42_0098,22,focal_drift,24.36269915539729,18.710840225219727,18.710840225219727,0.38173015095284646,0,-0.47214049730484564,0.0,0.0,False,False,0.7716269915539729,do_nothing,False,23.0,3a29ce3ccb5b2955023f6d89a2d590571ade420f38fe606751ac6751d66bb696
ppo_trained,11,16,case_42_0098_cycle_023,case_42_0098,23,focal_drift,29.000666033070594,31.980907440185547,31.980907440185547,0.47154721299488367,0,-46.59675206294135,0.0,0.0,True,False,0.8420066603307059,do_nothing,False,24.0,2b4aa6bdd5b3a7c620d517d730de9c6972cc91794cf32f4643b8d4e033d6f75d
ppo_trained,11,16,case_42_0098_cycle_024,case_42_0098,24,focal_drift,25.784680424457534,26.219022750854492,26.219022750854492,0.37181537749623395,0,-45.65731271935816,0.0,0.0,True,False,0.8338468042445754,do_nothing,False,25.0,e386c5764136d8d05b069a10909f8232e136dab95007326c68d7c2e458c3e7e5
ppo_trained,11,16,case_42_0098_cycle_025,case_42_0098,25,focal_drift,27.588640336022348,34.460296630859375,34.460296630859375,0.48508645545257895,0,-46.700422178398554,0.0,0.0,True,False,0.8758864033602235,do_nothing,False,26.0,44d5e4f45a33e54b403dc61c25c4ea47006d012e7b3453201469919de03e87f4
ppo_trained,11,16,case_42_0098_cycle_026,case_42_0098,26,focal_drift,30.057513648894464,33.999820709228516,43.80332206331508,0.7129847437981377,0,-46.88067312103655,0.0,0.0,True,False,0.9245751364889446,do_nothing,False,27.0,a78aa640a86f1c0d3f01cd6714e622cf51befde1b5bef0c9e71cbedb4448fe5b
ppo_trained,11,16,case_42_0098_cycle_027,case_42_0098,27,focal_drift,31.71274942662962,27.17528533935547,27.17528533935547,0.5904869510895183,0,-46.983955525462314,0.0,0.0,True,False,0.9651274942662962,do_nothing,False,28.0,e035341f29ac09cf34719992dab4c6511ff9f065876b8528d745ff7685d8ec0b
ppo_trained,11,16,case_42_0098_cycle_028,case_42_0098,28,focal_drift,31.639354142746967,32.0473518371582,32.0473518371582,0.5695622321604609,0,-47.050614959106476,0.0,0.0,True,False,0.9883935414274697,do_nothing,False,29.0,df509eee49cdaa5be6e4344a2e1cf52e8b952b9581910f491f17a0002f036f85
ppo_trained,11,16,case_42_0098_cycle_029,case_42_0098,29,focal_drift,32.43544592382582,34.523284912109375,34.523284912109375,0.7293002307493945,0,-47.170458412327186,0.0,0.0,True,False,1.020354459238258,do_nothing,False,30.0,dce135f93e800c8000387713c38e1b8808d99c3154ecdb995e750d2bd9712596
ppo_trained,11,16,case_42_0098_cycle_030,case_42_0098,30,focal_drift,27.795501605003807,32.27573776245117,32.27573776245117,0.4824532162484161,0,-47.06623303058738,0.0,0.0,True,False,0.9979550160500381,do_nothing,False,31.0,f3117c8a0644581cea87388b199d2e33930049dbbf49dc5f747eaf2a076ee46a
ppo_trained,11,16,case_42_0098_cycle_031,case_42_0098,31,focal_drift,36.07821150423713,30.56139373779297,30.56139373779297,0.5156788202168283,0,-47.391698168159635,0.0,0.0,True,False,1.1047821150423713,do_nothing,False,32.0,17493ea807c0cc15fb6d5217b89cf6a343ef68f9a4edb7a273134cab974b6c63
ppo_trained,11,16,case_42_0098_cycle_032,case_42_0098,32,focal_drift,29.874040674280693,31.529672622680664,31.529672622680664,0.7175398216598503,0,-47.3078521934774,0.0,0.0,True,False,1.066740406742807,do_nothing,False,33.0,f26f99d37958834ee83572d0d9213681691e24f4fc955490918fb12f2bf306f6
ppo_trained,11,16,case_42_0098_cycle_033,case_42_0098,33,focal_drift,28.756432607203237,29.572046279907227,29.572046279907227,0.38495581931801903,0,-46.3964363511138,0.0,0.0,True,False,1.0795643260720325,do_nothing,False,34.0,11a16a2e9dd1bbb26a85d9faaeb214369c40157a1aa292f5fbe06f82e8e69e51
ppo_trained,11,16,case_42_0098_cycle_034,case_42_0098,34,focal_drift,30.42622812089602,31.161026000976562,31.161026000976562,0.47383987783639325,0,-47.43186282530234,0.0,0.0,True,False,1.1202622812089602,do_nothing,False,35.0,0b7d1f3dc5c9a09828bad1051f83c7e38c99807fd45c4fe6feead569e143954e
ppo_trained,11,16,case_42_0098_cycle_035,case_42_0098,35,focal_drift,34.41830305159158,30.727588653564453,30.727588653564453,0.4848334234703795,0,-47.62527410506831,0.0,0.0,True,False,1.184183030515916,do_nothing,False,36.0,3c29753d08849cbe055c6d402b59335323b935e7a140bae46ca889bc61d512ff
ppo_trained,11,16,case_42_0098_cycle_036,case_42_0098,36,focal_drift,29.82946797741659,31.871503829956055,31.871503829956055,0.551196273648083,0,-47.56956348036971,0.0,0.0,True,False,1.162294679774166,do_nothing,False,37.0,2168afe267c47f13d9c9787d463e67429138beb537d1853a10e4f44131b24a65
ppo_trained,11,16,case_42_0098_cycle_037,case_42_0098,37,focal_drift,31.85746726849754,36.010398864746094,36.010398864746094,0.5460880403969863,0,-47.70163722411448,0.0,0.0,True,False,1.2065746726849755,do_nothing,False,38.0,a741eb24cfce8ab8c5abac6150ca9496834169afc0520a8fca83d405c82f115f
ppo_trained,11,16,case_42_0098_cycle_038,case_42_0098,38,focal_drift,31.823259220590728,42.11294937133789,42.11294937133789,0.712158125388413,0,-47.79752149542598,0.0,0.0,True,False,1.2302325922059074,do_nothing,False,39.0,b6cac690f360eb6a3a60f7b3043f6d3cd183ba9c38b3fbb139506bda10b7c24d
ppo_trained,11,16,case_42_0098_cycle_039,case_42_0098,39,focal_drift,36.393761036143715,39.193660736083984,39.193660736083984,0.7169617656980061,0,-48.007357095939014,0.0,0.0,True,False,1.2999376103614373,do_nothing,False,40.0,960bd49e5492eeb549dc55c3717345849dd76df02c4dc2252f0528af00a5bc85
ppo_trained,11,17,case_42_0100_cycle_000,case_42_0100,0,normal,13.344055657936416,13.827262878417969,13.827262878417969,0.3963338581720349,0,1.4402282515361025,0.0,0.0,False,False,0.13344055657936416,do_nothing,False,1.0,21a858a6896b34503ef16f394a10a99ae172e66635a112419c05b877341d1958
ppo_trained,11,17,case_42_0100_cycle_001,case_42_0100,1,normal,9.992026532872297,28.394512176513672,28.394512176513672,0.4066909600885559,0,1.4672355600005478,0.0,0.0,False,False,0.12392026532872297,do_nothing,False,2.0,9fcd0961a09227f257dc48f93cabc604735096894014a75dff26846970c128ce
ppo_trained,11,17,case_42_0100_cycle_002,case_42_0100,2,normal,10.725559590804348,14.787751197814941,14.787751197814941,0.4778678062397451,0,0.4625530413399077,0.0,0.0,False,False,0.1552555959080435,do_nothing,False,3.0,fa73ae77a312e8cdb55dec672c57d7333ac9eb42bd05155b1ffd0eadcdb31a8f
ppo_trained,11,17,case_42_0100_cycle_003,case_42_0100,3,normal,14.328732692822015,13.468070983886719,13.468070983886719,0.4312145192857467,0,1.1894558413224776,0.0,0.0,False,False,0.21528732692822017,do_nothing,False,4.0,745486ef08d508cfb2f6424a41957ab3c6503b264655471e42a408a7286fd8e0
ppo_trained,11,17,case_42_0100_cycle_004,case_42_0100,4,normal,12.294975566949095,13.363821029663086,13.363821029663086,0.507196771466686,0,0.26707121727152433,0.0,0.0,False,False,0.21894975566949093,do_nothing,False,5.0,c6234453cbcb8f874a8f898b24de4d26d83ac192a1a916f39d8d314aab7ff1ab
ppo_trained,11,17,case_42_0100_cycle_005,case_42_0100,5,normal,12.356611807695936,13.288376808166504,13.288376808166504,0.34406890374023913,0,1.117691310208086,0.0,0.0,False,False,0.24356611807695935,do_nothing,False,6.0,03e07a76552f8f18c736062e739ce9b982e365723fa5f053bb863adfea201a20
ppo_trained,11,17,case_42_0100_cycle_006,case_42_0100,6,normal,13.097818379625123,13.736522674560547,13.736522674560547,0.34762550368705336,0,1.0229216230581883,0.0,0.0,False,False,0.2749781837962512,do_nothing,False,7.0,2eab6885c3f5bf911748af04cfeb18a90e6e3117debf5d0f7510ed6ce75276bd
ppo_trained,11,17,case_42_0100_cycle_007,case_42_0100,7,normal,11.194657157417016,14.425894737243652,14.425894737243652,0.37480681080449807,0,1.003939263656815,0.0,0.0,False,False,0.27994657157417013,do_nothing,False,8.0,11f6cbee29f9dc3fc7b2a8bbaa32c5bbcaeba87848418de144c4228e5e4004bd
ppo_trained,11,17,case_42_0100_cycle_008,case_42_0100,8,normal,9.328947236314056,13.744976997375488,13.744976997375488,0.404509499359604,0,0.9834551580066377,0.0,0.0,False,False,0.28528947236314056,do_nothing,False,9.0,50ba675e3d103c2f82ff57a252cc46541f0a535dbe374d5d0fb615fad582bcd2
ppo_trained,11,17,case_42_0100_cycle_009,case_42_0100,9,normal,12.998264803979904,14.43476676940918,14.43476676940918,0.3577676212048273,0,0.8083869126998786,0.0,0.0,False,False,0.34598264803979906,do_nothing,False,10.0,8ba3d9e7ae136ce6cab60398df75cd67cdccac37bfa4f2399d74be11756598b1
ppo_trained,11,17,case_42_0100_cycle_010,case_42_0100,10,normal,10.473066842055054,15.670218467712402,15.670218467712402,0.29346431266700357,0,0.8217883478382979,0.0,0.0,False,False,0.34473066842055056,do_nothing,False,11.0,2e77d979fa84a0d07115a1a987d178d79d538aeedc88c4406e7f8c6fcc2e085c
ppo_trained,11,17,case_42_0100_cycle_011,case_42_0100,11,normal,11.47477929772973,13.2166109085083,13.2166109085083,0.4006339190058111,0,0.7036615332172365,0.0,0.0,False,False,0.3787477929772973,do_nothing,False,12.0,7a0fe62a04e93be1f6ee4fe3787460e3871c4beceea475a8dda613c0e90ff72b
ppo_trained,11,17,case_42_0100_cycle_012,case_42_0100,12,normal,14.623269575681297,18.73027992248535,18.73027992248535,0.38152192192879353,0,0.5400736244402422,0.0,0.0,False,False,0.43423269575681295,do_nothing,False,13.0,d8fc69a3a44f4df43b1ae3c10853d24a82ddbec9efda4516f166247f9a8dd794
ppo_trained,11,17,case_42_0100_cycle_013,case_42_0100,13,normal,11.610693635350632,18.45107650756836,18.45107650756836,0.5340015374084883,0,-0.3644210396717922,0.0,0.0,False,False,0.42810693635350633,do_nothing,False,14.0,ed664105de7f4e401fa1cd2d6c32d321076f7283056b25b8942410b90e6ec7dc
ppo_trained,11,17,case_42_0100_cycle_014,case_42_0100,14,normal,13.476873074694254,15.026318550109863,15.026318550109863,0.4007669914648277,0,0.4275787590394481,0.0,0.0,False,False,0.4707687307469426,do_nothing,False,15.0,ae110618f05e3fdf2cc6cbc8c514a3d8339f392bb55573d5aa479c5077119237
ppo_trained,11,17,case_42_0100_cycle_015,case_42_0100,15,normal,12.642227384027963,21.61029624938965,21.61029624938965,0.4592338803814261,0,-0.5281519035780528,0.0,0.0,False,False,0.4864222738402796,do_nothing,False,16.0,864eaf644540f696d31302bbc010405cceab6a6e9b7df9e48e57ef8817a71684
ppo_trained,11,17,case_42_0100_cycle_016,case_42_0100,16,normal,11.40654169471612,15.208016395568848,15.208016395568848,0.4038072517870991,0,0.3452326613904515,0.0,0.0,False,False,0.4980654169471612,do_nothing,False,17.0,f7c4f242d20b26132157725cf53763f803bc0b33cbd6dc4be056ef613f991c29
ppo_trained,11,17,case_42_0100_cycle_017,case_42_0100,17,normal,13.310674957100293,16.486652374267578,16.486652374267578,0.36453136693420146,0,0.2220000462468611,0.0,0.0,False,False,0.5411067495710029,do_nothing,False,18.0,e74ef5d5c43e85cefcae7aa77aaab3b0c3cf9e0e8c2c4b53308fee19549f1cb1
ppo_trained,11,17,case_42_0100_cycle_018,case_42_0100,18,normal,12.184103590997866,13.878067970275879,13.878067970275879,0.3630903083025244,0,0.18401334602468544,0.0,0.0,False,False,0.5538410359099787,do_nothing,False,19.0,9a5b256a223f074f3e8f568786f1bf75851225822e08c73a0536850df48c6981
ppo_trained,11,17,case_42_0100_cycle_019,case_42_0100,19,normal,14.304232907645039,13.856595993041992,13.856595993041992,0.4367247626580576,0,0.03736429837194022,0.0,0.0,False,False,0.5990423290764504,do_nothing,False,20.0,c28eec5ec169eb1fd2511da8d5d69b47dcff9c24663bcc2ab7fe1dbbc1dba917
ppo_trained,11,17,case_42_0100_cycle_020,case_42_0100,20,normal,13.326290614828029,15.178816795349121,15.178816795349121,0.32741036726773826,0,0.011099726464998128,0.0,0.0,False,False,0.6132629061482804,do_nothing,False,21.0,5281ef94aced9e2ff68da48c122e3e57899359437c1ef51db7a7a859bde39f1b
ppo_trained,11,17,case_42_0100_cycle_021,case_42_0100,21,normal,11.793663923864175,14.776103019714355,14.776103019714355,0.3981573632026015,0,-0.025533522196315328,0.0,0.0,False,False,0.6219366392386417,do_nothing,False,22.0,fb0d6fbc4692e83af11cf60aba8db00a6ca0a20d1c99832df50e8c1d79863217
ppo_trained,11,17,case_42_0100_cycle_022,case_42_0100,22,normal,13.458310473935253,13.716463088989258,13.716463088989258,0.4156972918134909,0,-0.15010390799008133,0.0,0.0,False,False,0.6625831047393526,do_nothing,False,23.0,6885ad1eb3ed9de834e84290624732eda7a09c4701bb07a356585b6ea0bb0c95
ppo_trained,11,17,case_42_0100_cycle_023,case_42_0100,23,normal,11.759363787405528,14.571636199951172,14.571636199951172,0.514842895548658,0,-1.0860073479544643,0.0,0.0,False,False,0.6695936378740552,do_nothing,False,24.0,1ac5da27e4e68ff42073350e403ce09d64b2992903581232752def541027bb1a
ppo_trained,11,17,case_42_0100_cycle_024,case_42_0100,24,normal,14.395336966428868,13.902377128601074,13.902377128601074,0.6450679083777419,0,-1.2566202952495273,0.0,0.0,False,False,0.7199533696642887,do_nothing,False,25.0,47ee755b27e4494b5e4ce87f16a367389f5e1d79e9bc9ebd62fa9b44f523caec
ppo_trained,11,17,case_42_0100_cycle_025,case_42_0100,25,normal,12.423114323686786,14.09957504272461,14.09957504272461,0.4618996616305422,0,-1.241978378955185,0.0,0.0,False,False,0.7242311432368679,do_nothing,False,26.0,3a39e7f94460cf3081c3d7c54ef4b50af1341cdfc1fd1b8667db162c93713b2a
ppo_trained,11,17,case_42_0100_cycle_026,case_42_0100,26,normal,10.60212452880635,14.516984939575195,14.516984939575195,0.3121954564360723,0,-0.3368930543296017,0.0,0.0,False,False,0.7300212452880636,do_nothing,False,27.0,0bad63b00ad403546751ef6ad509a8ce866e6bc301f929ec03f06a9da7096cfb
ppo_trained,11,17,case_42_0100_cycle_027,case_42_0100,27,normal,14.044791230595488,13.322123527526855,13.322123527526855,0.36934644879419615,0,-0.5207457042369942,0.0,0.0,False,False,0.7884479123059549,do_nothing,False,28.0,d7a2281a7f15cdbc7b9ed4f4782bb946c6c1a2cbe2ef21fcc5bf843d0fd08bf7
ppo_trained,11,17,case_42_0100_cycle_028,case_42_0100,28,normal,12.472636572407424,13.313594818115234,13.313594818115234,0.3446477548632451,0,-0.5418762604017097,0.0,0.0,False,False,0.7967263657240743,do_nothing,False,29.0,5cfebbe77e4d0070b3f5b9dfff61a400ffd8777321314b2da16c78a2b5a861b7
ppo_trained,11,17,case_42_0100_cycle_029,case_42_0100,29,normal,14.589917299721664,14.398650169372559,14.398650169372559,0.5559582758231152,0,-46.60909126036512,0.0,0.0,True,False,0.8418991729972166,do_nothing,False,30.0,a6b078781257ce4e16c249114dd5515232ede4721703a128d53981d9a2090d45
ppo_trained,11,17,case_42_0100_cycle_030,case_42_0100,30,normal,11.13374588950482,16.574899673461914,16.574899673461914,0.36872256915409474,0,-45.64932076205826,0.0,0.0,True,False,0.8313374588950482,do_nothing,False,31.0,d463a1faf7babc5dc20b0fda2deb552d2f1200b0f4ff2d7c421638fd02aaac3e
ppo_trained,11,17,case_42_0100_cycle_031,case_42_0100,31,normal,12.404408144683742,13.631446838378906,13.631446838378906,0.3931288029962805,0,-45.763101564789956,0.0,0.0,True,False,0.8680440814468374,do_nothing,False,32.0,c6b33d4347cfd8e19d1f9d579c6491a507533c7cdea3d27d87522f29077b2380
ppo_trained,11,17,case_42_0100_cycle_032,case_42_0100,32,normal,11.850176961178734,20.12877082824707,20.12877082824707,0.4459507632537412,0,-45.82639792332343,0.0,0.0,True,False,0.8865017696117874,do_nothing,False,33.0,f7255c5c96322b0425c714d6c1cad688ad6f4927985060b8075e92fc5bcddc6d
ppo_trained,11,17,case_42_0100_cycle_033,case_42_0100,33,normal,14.699766622926692,18.18330192565918,18.18330192565918,0.4303183749579234,0,-45.981540754931494,0.0,0.0,True,False,0.938997666229267,do_nothing,False,34.0,504bf6f6d57badccb3542e27ca6eac637ad781fd16441a75748c379964fbd47f
ppo_trained,11,17,case_42_0100_cycle_034,case_42_0100,34,normal,13.96927160702201,13.551679611206055,13.551679611206055,0.314783334623677,0,-46.014295648404214,0.0,0.0,True,False,0.9556927160702202,do_nothing,False,35.0,7eb044f0b9a3c77595e6d98002b91f29de01a012e3dd66a1690e6a391fe1a152
ppo_trained,11,17,case_42_0100_cycle_035,case_42_0100,35,normal,15.425965649781407,22.541196823120117,22.541196823120117,0.38186507486986726,0,-46.14005873072392,0.0,0.0,True,False,0.9942596564978141,do_nothing,False,36.0,4e15597f9c80f53f597763b76d369da38f4ecb079d1a89cd3762513664eb2222
ppo_trained,11,17,case_42_0100_cycle_036,case_42_0100,36,normal,13.213376109231973,14.671791076660156,14.671791076660156,0.3573936100629589,0,-46.142010324786405,0.0,0.0,True,False,0.9961337610923198,do_nothing,False,37.0,be850f9df3af82a7fb34b89a85ebe0e9cdfecbfa6aa9b48e7f70e421a239e908
ppo_trained,11,17,case_42_0100_cycle_037,case_42_0100,37,normal,15.343829912358013,19.326059341430664,19.326059341430664,0.3117240988927403,0,-46.27107351220465,0.0,0.0,True,False,1.04143829912358,do_nothing,False,38.0,4b8fdd0c108ac2f91879f4a9357bef538d8a7aba67253edfe7dc205f3500bedc
ppo_trained,11,17,case_42_0100_cycle_038,case_42_0100,38,normal,14.755558514362566,18.908967971801758,18.908967971801758,0.4110301661794496,0,-46.3403212803578,0.0,0.0,True,False,1.0595555851436256,do_nothing,False,39.0,45b2e8ad5e1afaea038a4d76b72693bb614a59778e44230a174e75d3a11d6097
ppo_trained,11,17,case_42_0100_cycle_039,case_42_0100,39,normal,14.801399175871929,21.54617691040039,21.54617691040039,0.35031788228012734,0,-46.40458965761818,0.0,0.0,True,False,1.0840139917587193,do_nothing,False,40.0,cf4b12e75b2e699c27d0055585afca9a118b0318b86008b23b2454109690f95f
ppo_trained,11,18,case_42_0102_cycle_000,case_42_0102,0,normal,9.394651746117647,13.174273490905762,13.174273490905762,0.4283595716149131,0,1.5539065118742337,0.0,0.0,False,False,0.09394651746117648,do_nothing,False,1.0,216ee9e107e464b8fa1f2a72011dd546c6dbf4c9f61f8a0b7503755b784d2bcc
ppo_trained,11,18,case_42_0102_cycle_001,case_42_0102,1,normal,11.242469807197857,13.174273490905762,13.174273490905762,0.29811180554690464,0,1.4460091349520285,0.0,0.0,False,False,0.13642469807197857,do_nothing,False,2.0,c95d1c87c4c98e842e2f19d2dda1003be988579c78bba5477c9a675e63a19e57
ppo_trained,11,18,case_42_0102_cycle_002,case_42_0102,2,normal,10.236851512055871,13.34100341796875,13.34100341796875,0.3507105222474813,0,1.3962878763012017,0.0,0.0,False,False,0.1503685151205587,do_nothing,False,3.0,dafa354d9244ef6c120d419775b0fad5f578c9423c83c2be47dac5478823a34d
ppo_trained,11,18,case_42_0102_cycle_003,case_42_0102,3,normal,10.116798181163327,13.962998390197754,13.962998390197754,0.3622196014318957,0,1.3261631143503159,0.0,0.0,False,False,0.1731679818116333,do_nothing,False,4.0,d453c58ac051db25e2ca4a957ccad2a83ffc43843493ae9b7d49840c7bba8133
ppo_trained,11,18,case_42_0102_cycle_004,case_42_0102,4,normal,12.188653141640348,17.521873474121094,17.521873474121094,0.43239584652291,0,1.1814810287723532,0.0,0.0,False,False,0.21788653141640346,do_nothing,False,5.0,80065cab40a40be89ae464343f958b8e81a65465337f75a4c3899137c66859f0
ppo_trained,11,18,case_42_0102_cycle_005,case_42_0102,5,normal,12.532909940378815,14.409051895141602,14.409051895141602,0.310855594576725,0,1.117384362602127,0.0,0.0,False,False,0.24532909940378814,do_nothing,False,6.0,222fbd1d54815869ca3723a1ee30b7817a5b81d0b03f7d9f9ad393831a7a7467
ppo_trained,11,18,case_42_0102_cycle_006,case_42_0102,6,normal,11.968009490102293,14.02088451385498,14.02088451385498,0.3479379746755779,0,1.0567690190955945,0.0,0.0,False,False,0.26368009490102295,do_nothing,False,7.0,0b5388fe57e5b0bf566814b25e4b5f6025d593e917977d9038fd8b4a096c055b
ppo_trained,11,18,case_42_0102_cycle_007,case_42_0102,7,normal,13.185360865925022,13.193153381347656,13.193153381347656,0.37966724112778827,0,0.943489087853081,0.0,0.0,False,False,0.29985360865925026,do_nothing,False,8.0,60172af661a907342d78f4c5615d3f2826817de0b60681228f72f61b24448167
ppo_trained,11,18,case_42_0102_cycle_008,case_42_0102,8,normal,11.765937396023851,13.401636123657227,13.401636123657227,0.5037232969948583,0,-0.004536616429944337,0.0,0.0,False,False,0.3096593739602385,do_nothing,False,9.0,ff86fb08539796a8fa2d3fbf88661e3290998ec20769fe9c7276d91356c5b1d2
ppo_trained,11,18,case_42_0102_cycle_009,case_42_0102,9,normal,12.694816501328201,15.517824172973633,15.517824172973633,0.31426633343212823,0,0.8240155549453347,0.0,0.0,False,False,0.342948165013282,do_nothing,False,10.0,fbd4555df9aa54c092cc6f8e935d1c409a9f7f8959a25bee7be0e1b542a45be2
ppo_trained,11,18,case_42_0102_cycle_010,case_42_0102,10,normal,14.034881415934874,15.00718879699707,15.00718879699707,0.4096584342194116,0,0.6975047923890421,0.0,0.0,False,False,0.38034881415934874,do_nothing,False,11.0,d39e32df095e48207c10a69db46629ae4197e59f32a178cad9e2d3c646a9a20a
ppo_trained,11,18,case_42_0102_cycle_011,case_42_0102,11,normal,13.10260130491858,16.978378295898438,16.978378295898438,0.4318492033911831,0,0.6501445803437651,0.0,0.0,False,False,0.39502601304918583,do_nothing,False,12.0,b1713a0115ffd72c72e025c81dc69af86706e944135ef70bf3cd4e60754d9d75
ppo_trained,11,18,case_42_0102_cycle_012,case_42_0102,12,normal,14.019088514099714,17.231155395507812,17.231155395507812,0.3953899375648584,0,0.55611885394228,0.0,0.0,False,False,0.4281908851409971,do_nothing,False,13.0,d553c9bbf0284c4e2f3f4a2c43ba3415298abbec479e1cd32049f59373f1ac34
ppo_trained,11,18,case_42_0102_cycle_013,case_42_0102,13,normal,13.048819461838074,13.539363861083984,13.539363861083984,0.4251794720626958,0,0.5087584953354535,0.0,0.0,False,False,0.44248819461838074,do_nothing,False,14.0,51e546897822aa5361a553b4fd8d5f4337eb9d0c522de1fc18cd9d15c3b82bcb
ppo_trained,11,18,case_42_0102_cycle_014,case_42_0102,14,normal,14.581872988585944,13.172202110290527,13.172202110290527,0.28693778583304996,0,0.41150314246746394,0.0,0.0,False,False,0.4818187298858595,do_nothing,False,15.0,1605e698688f49dbeb9870c6a29679868b9371eadc06873675a6bbf62a7d6b23
ppo_trained,11,18,case_42_0102_cycle_015,case_42_0102,15,normal,15.92306242706191,14.182828903198242,14.182828903198242,0.4668975133483132,0,-0.6277264998141041,0.0,0.0,False,False,0.5192306242706191,do_nothing,False,16.0,eba17a7360a07c4049a1f8782129e63579fd719d90209cf992cdcd0a3873a78d
ppo_trained,11,18,case_42_0102_cycle_016,case_42_0102,16,normal,13.479854303096559,15.675292015075684,15.675292015075684,0.32826935794256135,0,0.294363967215719,0.0,0.0,False,False,0.5187985430309656,do_nothing,False,17.0,0c7c1b29e8a0b4ab6cab17a4a1e4fd63ad1fc82a5a004461fe5365faf27eb73a
ppo_trained,11,18,case_42_0102_cycle_017,case_42_0102,17,normal,12.58168506040006,13.661096572875977,13.661096572875977,0.3283844280020643,0,0.24929178398768848,0.0,0.0,False,False,0.5338168506040006,do_nothing,False,18.0,43e7431ef8f3634e32508f24bd3eb9e5680e836471b8023397438f1822b08bbf
ppo_trained,11,18,case_42_0102_cycle_018,case_42_0102,18,normal,12.903782655462347,13.172202110290527,13.172202110290527,0.27858164870305835,0,0.17509927303067097,0.0,0.0,False,False,0.5610378265546234,do_nothing,False,19.0,970139a856ab8f646f24082ac9d7d03051a3471bfcdb43cef340eb21755f2d10
ppo_trained,11,18,case_42_0102_cycle_019,case_42_0102,19,normal,13.45511567612121,13.21800708770752,13.21800708770752,0.39627473465248214,0,0.06890531951849155,0.0,0.0,False,False,0.5905511567612121,do_nothing,False,20.0,56a34159e822803347365a35b78b09b69d1f02bc104bd7c5aaae7f5ac099125e
ppo_trained,11,18,case_42_0102_cycle_020,case_42_0102,20,normal,14.28772709174175,19.88262939453125,19.88262939453125,0.49379037493333494,0,-0.9427003689922527,0.0,0.0,False,False,0.6228772709174175,do_nothing,False,21.0,8632e4ccedb8e5b1160ad61e92b29823585d8c896098ef400fc00c78020ae598
ppo_trained,11,18,case_42_0102_cycle_021,case_42_0102,21,normal,15.85827005383418,13.332341194152832,13.332341194152832,0.3733323783258456,0,-0.1437479583639022,0.0,0.0,False,False,0.6625827005383418,do_nothing,False,22.0,7ee760c26705e241a9e05de4ed83362eb08d8fe1844acd4570b2d451a027b37b
ppo_trained,11,18,case_42_0102_cycle_022,case_42_0102,22,normal,14.895823267416933,22.055505752563477,22.055505752563477,0.5103052223846846,0,-1.1074204813802107,0.0,0.0,False,False,0.6769582326741693,do_nothing,False,23.0,0c83ebbd3375becd1d0813ba7c8463927d0f648da0b0916f13faf03cf654d252
ppo_trained,11,18,case_42_0102_cycle_023,case_42_0102,23,normal,13.84789286379458,13.151273727416992,13.151273727416992,0.322676985185046,0,-0.21983833369159422,0.0,0.0,False,False,0.6904789286379458,do_nothing,False,24.0,11f241df7921fac37c7f6bf8db1d6021b85aaf105bd9d9b70be2516ff3bccc34
ppo_trained,11,18,case_42_0102_cycle_024,case_42_0102,24,normal,17.14083694511208,15.375070571899414,15.375070571899414,0.3545454073696972,0,-0.3954069194588167,0.0,0.0,False,False,0.7474083694511208,do_nothing,False,25.0,119d5b4a3110a2bebb4424cf064cef2e5e4abd945a697040fba6090348cbd6c8
ppo_trained,11,18,case_42_0102_cycle_025,case_42_0102,25,normal,11.69988578431977,13.785330772399902,13.785330772399902,0.47663584753053784,0,-1.222491950659174,0.0,0.0,False,False,0.7169988578431977,do_nothing,False,26.0,2b699eb1c6fc3df5e6e7c9e97c5b6c57523e1eeb3e15cdd83ef154a977ddb704
ppo_trained,11,18,case_42_0102_cycle_026,case_42_0102,26,normal,14.036137007465719,13.2041597366333,13.2041597366333,0.4410304783961766,0,-0.4592386819833981,0.0,0.0,False,False,0.7643613700746572,do_nothing,False,27.0,925fabba7a84f28164570d3d12c959b2eba952927e8d878ae28047dd53011a8b
ppo_trained,11,18,case_42_0102_cycle_027,case_42_0102,27,normal,16.219624103608606,13.928521156311035,13.928521156311035,0.3402406733336076,0,-0.5816248241082994,0.0,0.0,False,False,0.8101962410360861,do_nothing,False,28.0,b4f9e654cd1e1b8ca46affa670468952af3f0881eb50d12bed29c4e32ea7dc7e
ppo_trained,11,18,case_42_0102_cycle_028,case_42_0102,28,normal,12.702684405828535,16.020078659057617,16.020078659057617,0.6520470412403169,0,-1.4948875883609036,0.0,0.0,False,False,0.7990268440582854,do_nothing,False,29.0,cc87b0326597266a8b5b6edfdd1d172621d140075d6add9a1ea6b71d5d532cc5
ppo_trained,11,18,case_42_0102_cycle_029,case_42_0102,29,normal,13.596369573231787,13.906460762023926,13.906460762023926,0.3444426622185351,0,-45.647557486529735,0.0,0.0,True,False,0.8319636957323178,do_nothing,False,30.0,8d263968faa2f692935d4e65e94738c7939213a52f76182e06d69dc5c442aa0b
ppo_trained,11,18,case_42_0102_cycle_030,case_42_0102,30,normal,17.398519715061482,24.269729614257812,24.269729614257812,0.3838100055246184,0,-45.83952709228054,0.0,0.0,True,False,0.8939851971506148,do_nothing,False,31.0,436a294dd31400008ec7a275c41259181e906ad86c19deca33b3f5e64314b471
ppo_trained,11,18,case_42_0102_cycle_031,case_42_0102,31,normal,13.582533018984824,14.74086856842041,14.74086856842041,0.30889466088055834,0,-45.78581018970163,0.0,0.0,True,False,0.8798253301898482,do_nothing,False,32.0,9d0d3143aaf3b5239f9f11268aed1b1cad806b6f1fd59be60f2fca9a64278541
ppo_trained,11,18,case_42_0102_cycle_032,case_42_0102,32,normal,13.200322731661146,13.894143104553223,13.894143104553223,0.4158316249710061,0,-45.86238442569549,0.0,0.0,True,False,0.9000032273166114,do_nothing,False,33.0,b7daa19bc25deda8b65c3b19431c57a50cff6e4ee59b282a2083425493352072
ppo_trained,11,18,case_42_0102_cycle_033,case_42_0102,33,normal,13.719904803810397,13.884115219116211,13.884115219116211,0.5649415843306056,0,-46.8723383817639,0.0,0.0,True,False,0.929199048038104,do_nothing,False,34.0,0ea817832c91117e70a1a3e7df6a97c22e4e9e879b8321029d0d3c3e308ade1d
ppo_trained,11,18,case_42_0102_cycle_034,case_42_0102,34,normal,14.283242441663532,13.439645767211914,13.439645767211914,0.29106158981237595,0,-46.020156511721765,0.0,0.0,True,False,0.9588324244166354,do_nothing,False,35.0,c4a835d91db268ebb39330c20991426ce2ac3b6073c702048e85501311601e60
ppo_trained,11,18,case_42_0102_cycle_035,case_42_0102,35,normal,14.535581639402858,18.571012496948242,18.571012496948242,0.2863783843515177,0,-46.09902420683481,0.0,0.0,True,False,0.9853558163940287,do_nothing,False,36.0,93bb24ee8c3c837b7390e28e8423f203ca5853a22cebb380277a00bf0b469424
ppo_trained,11,18,case_42_0102_cycle_036,case_42_0102,36,normal,13.291377725587813,20.32077980041504,20.32077980041504,0.4347142532712886,0,-46.15594846975833,0.0,0.0,True,False,0.9969137772558782,do_nothing,False,37.0,a79330dcef9a191a79fd65127f8f880e6b4630188557834104de74340181c5a7
ppo_trained,11,18,case_42_0102_cycle_037,case_42_0102,37,normal,15.233291646893605,17.145307540893555,17.145307540893555,0.43697791398457453,0,-46.2865454365045,0.0,0.0,True,False,1.040332916468936,do_nothing,False,38.0,9b9879f191ce684c8275efe47e6dadf5e8cb33dc1b4316425110d383203ba8b9
ppo_trained,11,18,case_42_0102_cycle_038,case_42_0102,38,normal,13.439068965399697,17.068843841552734,17.068843841552734,0.4711679536251264,0,-47.20984726200576,0.0,0.0,True,False,1.046390689653997,do_nothing,False,39.0,941adc5069f4acfa6b1dfc40dbd4151eb25b08f62dab34a96686eba84118bcfc
ppo_trained,11,18,case_42_0102_cycle_039,case_42_0102,39,normal,13.095897045325284,15.85981559753418,15.85981559753418,0.36821341506375105,0,-46.356108923619324,0.0,0.0,True,False,1.066958970453253,do_nothing,False,40.0,8e46e92448be799c8e6c9b0f6d90717d88085b01a107d678f345abf176b2551b
ppo_trained,11,19,case_42_0113_cycle_000,case_42_0113,0,normal,9.918452741027044,13.174273490905762,13.174273490905762,0.35434646825336635,0,1.5492944475311838,0.0,0.0,False,False,0.09918452741027045,do_nothing,False,1.0,4be52e6b02b062e3d38938288a3ff0aec23ad67abe7a9c76108dee9f6e640d78
ppo_trained,11,19,case_42_0113_cycle_001,case_42_0113,1,normal,9.522139223774003,13.537396430969238,13.537396430969238,0.3952153070798566,0,1.4830535272248015,0.0,0.0,False,False,0.11922139223774003,do_nothing,False,2.0,6fb1461aaa997f7dc30ec08c611a2959900bf375fe8ae4802e56c7d1a1f5a0ea
ppo_trained,11,19,case_42_0113_cycle_002,case_42_0113,2,normal,11.396268642840624,13.597247123718262,13.597247123718262,0.33342361563031003,0,1.3640983983702348,0.0,0.0,False,False,0.16196268642840625,do_nothing,False,3.0,18705a82cbd9dcb7715bc5508678ca25340cfb04ea6a769fea30166846cb81be
ppo_trained,11,19,case_42_0113_cycle_003,case_42_0113,3,normal,11.097537305239657,13.24716854095459,13.24716854095459,0.3340547668167361,0,1.3009656658203,0.0,0.0,False,False,0.18297537305239656,do_nothing,False,4.0,069ebc921322925536309ba1f5c676fb232f7b4a036e0b265c9b5f669062a77a
ppo_trained,11,19,case_42_0113_cycle_004,case_42_0113,4,normal,9.05009989437951,17.51023292541504,17.51023292541504,0.3491067110266968,0,1.2881309965146102,0.0,0.0,False,False,0.1865009989437951,do_nothing,False,5.0,6c4fb57beb843c94f73d39fcf0b35bac288cfe36a036977a3ad7399e4c4b4fe2
ppo_trained,11,19,case_42_0113_cycle_005,case_42_0113,5,normal,10.540180225899148,14.91025447845459,14.91025447845459,0.6530938107019197,0,0.22583052161773753,0.0,0.0,False,False,0.22540180225899148,do_nothing,False,6.0,5c693be78550088f06f550c8525627a0868ede0af07e8c3bd7e07631e81a7ba2
ppo_trained,11,19,case_42_0113_cycle_006,case_42_0113,6,normal,10.699645282836654,14.243110656738281,14.243110656738281,0.49253120648632515,0,0.1731309605419517,0.0,0.0,False,False,0.2509964528283665,do_nothing,False,7.0,fc56b310990e6b30a79c1d8efe09f99af4d059cb65022f647c4f04e48f726e4b
ppo_trained,11,19,case_42_0113_cycle_007,case_42_0113,7,normal,10.338589693589139,13.39339828491211,13.39339828491211,0.45035820829183815,0,0.11828857794854998,0.0,0.0,False,False,0.27138589693589144,do_nothing,False,8.0,034541eab3b4835e8c3439b3ddccfdb304de17fb0d99867fc5aa623429273d84
ppo_trained,11,19,case_42_0113_cycle_008,case_42_0113,8,normal,11.999769176080477,13.34367847442627,13.34367847442627,0.40969167110681076,0,0.902553174051564,0.0,0.0,False,False,0.3119976917608048,do_nothing,False,9.0,9348c3db1dbf0b56d8114d348f8983b9dc6984734a9927d77a090cba1cc8ad72
ppo_trained,11,19,case_42_0113_cycle_009,case_42_0113,9,normal,11.05028740612675,13.288558959960938,13.288558959960938,0.3590287065276373,0,0.8666370718370519,0.0,0.0,False,False,0.3265028740612675,do_nothing,False,10.0,e603dd6875618f58b80caf9bbce1845838b83dc4fabd80159f3a6000324880c3
ppo_trained,11,19,case_42_0113_cycle_010,case_42_0113,10,normal,10.363437271721002,13.27171516418457,13.27171516418457,0.40025496411184336,0,0.8090586372315933,0.0,0.0,False,False,0.34363437271721003,do_nothing,False,11.0,0167a0cdbfe5764feda8fce79d9d56883e5b7d5f1a8614d92e5948ef55bb5dfe
ppo_trained,11,19,case_42_0113_cycle_011,case_42_0113,11,normal,11.105253847253568,14.374113082885742,14.374113082885742,0.3378135563239363,0,0.7241703511338022,0.0,0.0,False,False,0.3750525384725357,do_nothing,False,12.0,946035140417e96a4c9693466f4cc0ae71195ef6f887f120e9ac6cf7ad862807
ppo_trained,11,19,case_42_0113_cycle_012,case_42_0113,12,normal,9.784123470387335,13.322123527526855,13.322123527526855,0.388575922352199,0,0.6841899075355502,0.0,0.0,False,False,0.3858412347038733,do_nothing,False,13.0,b30378ee3f38f34baca694a067cac2487dbb14484209a34292d5307f5a4a6ed9
ppo_trained,11,19,case_42_0113_cycle_013,case_42_0113,13,normal,11.2829328741619,14.134602546691895,14.134602546691895,0.46767440647925884,0,-0.3446391471967459,0.0,0.0,False,False,0.42482932874161905,do_nothing,False,14.0,2788934d5988c4d738c9f281670e564084ea7226f70447e90ba6245a5a1eedd7
ppo_trained,11,19,case_42_0113_cycle_014,case_42_0113,14,normal,11.136488659427107,14.66225814819336,14.66225814819336,0.31636346411502914,0,0.5104508205999325,0.0,0.0,False,False,0.4473648865942711,do_nothing,False,15.0,0c53379ff3914168683d14d06cda6c7781b17986bf3940c3e50bfc71b6b0e260
ppo_trained,11,19,case_42_0113_cycle_015,case_42_0113,15,normal,12.50075916108891,14.24618911743164,14.24618911743164,0.40280192645980445,0,0.3845569361983622,0.0,0.0,False,False,0.4850075916108891,do_nothing,False,16.0,e6c04a1083c38b82b63d02b299471b7cfe71d555d533a8c4fcad37cdc7347acb
ppo_trained,11,19,case_42_0113_cycle_016,case_42_0113,16,normal,12.852771964632684,13.45417594909668,13.45417594909668,0.4025972541018362,0,0.3020272529457443,0.0,0.0,False,False,0.5125277196463268,do_nothing,False,17.0,f1d10f2cdf8579c5045ad46d33fe79efabd6de0e99cd632c55962eef85527c20
ppo_trained,11,19,case_42_0113_cycle_017,case_42_0113,17,normal,12.585468938080233,14.872983932495117,14.872983932495117,0.35862266263491427,0,0.2446425324623559,0.0,0.0,False,False,0.5338546893808024,do_nothing,False,18.0,b20936c26cc63e13280ba4bfaaf72b82c5b99d4e35ad3d849afa358b22ef4eaa
ppo_trained,11,19,case_42_0113_cycle_018,case_42_0113,18,normal,11.135227032416795,14.494180679321289,14.494180679321289,0.5416307649826024,0,-0.7113014257198944,0.0,0.0,False,False,0.543352270324168,do_nothing,False,19.0,d5af05aa55c6b41604935b0fb8687fcff97941eca9966e3023b20eefd1293c14
ppo_trained,11,19,case_42_0113_cycle_019,case_42_0113,19,normal,14.750724964252598,15.10866641998291,15.10866641998291,0.4448065372856245,0,0.022757270479578318,0.0,0.0,False,False,0.603507249642526,do_nothing,False,20.0,38f5a1c0c121455ff9e2f1ce216040fe5046360c98f05b4907349281f71681b3
ppo_trained,11,19,case_42_0113_cycle_020,case_42_0113,20,normal,14.227478053457364,13.365572929382324,13.365572929382324,0.2879538911637602,0,-0.010017425278284864,0.0,0.0,False,False,0.6222747805345736,do_nothing,False,21.0,d253a18e81ec6ab39514adeac5459fc85c7573d41ae17d5f058fbe8e5532ceb7
ppo_trained,11,19,case_42_0113_cycle_021,case_42_0113,21,normal,11.34026584775265,15.116499900817871,15.116499900817871,0.32033581845546316,0,-0.00025834820089898347,0.0,0.0,False,False,0.6174026584775265,do_nothing,False,22.0,21948c495875d3105287d80fd7044fc56ecfad6469853de30804f587dd75c217
ppo_trained,11,19,case_42_0113_cycle_022,case_42_0113,22,normal,12.31683669234537,13.323485374450684,13.323485374450684,0.32840746700668716,0,-0.10276622082136433,0.0,0.0,False,False,0.6511683669234537,do_nothing,False,23.0,e715e99fa7f1d4fe75bd8245228de41379248b64143b16f9970c1b126deb2e95
ppo_trained,11,19,case_42_0113_cycle_023,case_42_0113,23,normal,13.183582928667295,15.060842514038086,15.060842514038086,0.4818262997558921,0,-1.1237814328234028,0.0,0.0,False,False,0.683835829286673,do_nothing,False,24.0,bfc497a1e8b1dd1414e7d4a4ddf5520b022dd9a6e29b4686ed5e08b298b61a11
ppo_trained,11,19,case_42_0113_cycle_024,case_42_0113,24,normal,12.644871967823464,15.198514938354492,15.198514938354492,0.2704341568815256,0,-0.24791128256693262,0.0,0.0,False,False,0.7024487196782346,do_nothing,False,25.0,b3028f7a382ce0971fc83219d89a72533598cbb7479c0276d3607acc9efedd75
ppo_trained,11,19,case_42_0113_cycle_025,case_42_0113,25,normal,13.812183481214882,20.421241760253906,20.421241760253906,0.36060194382212235,0,-0.36845579600976464,0.0,0.0,False,False,0.7381218348121488,do_nothing,False,26.0,993204c1c5cc928abda713a63dba96fc02328ae3c41353baa28a6749361fcfd3
ppo_trained,11,19,case_42_0113_cycle_026,case_42_0113,26,normal,11.91525747478862,13.132393836975098,13.132393836975098,0.4041517743848628,0,-0.39008049040138826,0.0,0.0,False,False,0.7431525747478862,do_nothing,False,27.0,b15ecb5c8d7c624daf77b6fa5d7c25a089cfdebbc3889fa26044be416b0e049f
ppo_trained,11,19,case_42_0113_cycle_027,case_42_0113,27,normal,14.973730805451623,14.624138832092285,14.624138832092285,0.5091146133848005,0,-1.4695791161712688,0.0,0.0,False,False,0.7977373080545163,do_nothing,False,28.0,54e9b3daf65df7c20427d2bc0caa976ab1156c6c75c786d074bd8f4a47f7a348
ppo_trained,11,19,case_42_0113_cycle_028,case_42_0113,28,normal,12.503914777268447,17.15755844116211,17.15755844116211,0.42091428665573,0,-0.5542545863164133,0.0,0.0,False,False,0.7970391477726846,do_nothing,False,29.0,b871be3fb5c068cf72c09c93882f221dd4573eee37f3baec61a6b81f3742d379
ppo_trained,11,19,case_42_0113_cycle_029,case_42_0113,29,normal,12.719602074970396,13.212555885314941,13.212555885314941,0.4024157980989865,0,-45.62995043196396,0.0,0.0,True,False,0.823196020749704,do_nothing,False,30.0,3ac6abf831d6827acc0f5a50f4eece7c87770cadc6bce09fc4548228e891e88a
ppo_trained,11,19,case_42_0113_cycle_030,case_42_0113,30,normal,15.749431269424171,14.5455961227417,14.5455961227417,0.3842958652577189,0,-45.79012731787139,0.0,0.0,True,False,0.8774943126942417,do_nothing,False,31.0,7a0aaaad02858038794df9137e92cda4cbafcdcbcaa859bad3125d18eed8b433
ppo_trained,11,19,case_42_0113_cycle_031,case_42_0113,31,normal,12.748211174249258,13.67130184173584,13.67130184173584,0.3972061825598555,0,-45.774027262611455,0.0,0.0,True,False,0.8714821117424926,do_nothing,False,32.0,6b4f9704b540fc39e6068984f7411678d9cd4eac4edb120f04872081a054df75
ppo_trained,11,19,case_42_0113_cycle_032,case_42_0113,32,normal,12.75688206675339,13.833212852478027,13.833212852478027,0.33898570342441364,0,-45.837554317516265,0.0,0.0,True,False,0.8955688206675338,do_nothing,False,33.0,d210e1389db201eaeb928865dfe1acf2111ba81ade91ddfa5c7683d27ce495df
ppo_trained,11,19,case_42_0113_cycle_033,case_42_0113,33,normal,13.996373614331661,13.261160850524902,13.261160850524902,0.2992615665933148,0,-45.94078044341895,0.0,0.0,True,False,0.9319637361433166,do_nothing,False,34.0,16fb048848ce61ec44b4a9e1ca0c364b83f399f10bc3ec98f31291a18accb190
ppo_trained,11,19,case_42_0113_cycle_034,case_42_0113,34,normal,13.813790335587,14.00536823272705,14.00536823272705,0.4005067348472638,0,-46.0224897202947,0.0,0.0,True,False,0.9541379033558701,do_nothing,False,35.0,80bd647b8d8709709a547ebd8d48d5349d0d20dfbdfc7dd8ebd8bfcb61281ca0
ppo_trained,11,19,case_42_0113_cycle_035,case_42_0113,35,normal,15.092779459579702,14.32263469696045,14.32263469696045,0.3403123000418033,0,-46.123830228793665,0.0,0.0,True,False,0.990927794595797,do_nothing,False,36.0,8531e86384245d768ffc4f4c46c20827499c686bc8fcdbf33320073fdcf68dcd
ppo_trained,11,19,case_42_0113_cycle_036,case_42_0113,36,normal,13.55437631438447,14.9659423828125,14.9659423828125,0.41985850548210124,0,-46.16161006525385,0.0,0.0,True,False,0.9995437631438446,do_nothing,False,37.0,dbcc8d9b6fc4001526b3df7b96e4ecaafcd2234a32cb71d61eb2cf5df2dc4322
ppo_trained,11,19,case_42_0113_cycle_037,case_42_0113,37,normal,15.2008101508605,26.631824493408203,26.631824493408203,0.5091282866492891,0,-47.19639354752321,0.0,0.0,True,False,1.040008101508605,do_nothing,False,38.0,caa90173af9ef61eda5ccbf13da25b52c6c2498ad187effd3633059207cf0367
ppo_trained,11,19,case_42_0113_cycle_038,case_42_0113,38,normal,13.620701707909125,14.778542518615723,14.778542518615723,0.3523473621840463,0,-46.29747315556488,0.0,0.0,True,False,1.0482070170790911,do_nothing,False,39.0,a025c0ffa5fdd394cb8372af3cd4011151a50f5c16e06b338c9f34777fe5bade
ppo_trained,11,19,case_42_0113_cycle_039,case_42_0113,39,normal,12.034402633881077,18.934677124023438,18.934677124023438,0.2763250123500894,0,-46.31048083086895,0.0,0.0,True,False,1.0563440263388109,do_nothing,False,40.0,f89af82b81834a661fcbcbc0373971705fcc478aced2bafbab7c7392e034c532
