policy,seed,record_id,case_id,cycle,scenario,maintenance_urgency_score,predicted_urgency,orchestra_urgency,uncertainty,action,reward,downtime,cost,failure,unnecessary,risk_after_action,action_name,resource_blocked,maintenance_age,audit_hash
corrective,11,case_11_0021_cycle_000,case_11_0021,0,normal,13.319022531681531,16.13681983947754,16.13681983947754,0.3376553480344687,0,1.4497810218443838,0.0,0.0,False,False,0.13319022531681532,do_nothing,False,1.0,bee7e2464ced65587684cb3490cfc6fc34e9f8b109571c534d057134cedcbcfe
corrective,11,case_11_0021_cycle_001,case_11_0021,1,normal,14.531776521565188,19.741859436035156,19.741859436035156,0.4023266441891061,0,1.3316977077246785,0.0,0.0,False,False,0.16931776521565187,do_nothing,False,2.0,f9c88b73d710a09c8492553a2d8ede8063712ffe58377aaff775f0dba94afc62
corrective,11,case_11_0021_cycle_002,case_11_0021,2,normal,14.47991830620253,23.089780807495117,23.089780807495117,0.5938445739946475,0,0.3325257647147269,0.0,0.0,False,False,0.19279918306202531,do_nothing,False,3.0,86c12836ec8eea452ec6e51ba17cd117fcb353de5c7455fe55c002fe7f89584b
corrective,11,case_11_0021_cycle_003,case_11_0021,3,normal,15.824721707833856,22.687088012695312,22.687088012695312,0.353165972297294,0,1.1562834529203903,0.0,0.0,False,False,0.23024721707833856,do_nothing,False,4.0,4f077b907cc4123d29428321e4081a8c0d6befb10499e7c0fb6366d06ff6e9aa
corrective,11,case_11_0021_cycle_004,case_11_0021,4,normal,14.284138281669065,19.56587028503418,19.56587028503418,0.5798419896980929,0,0.1964995530952141,0.0,0.0,False,False,0.23884138281669065,do_nothing,False,5.0,3704a01d8f901f40e9042cd399bc368864e9ab24681ef0288b3590955cb87c99
corrective,11,case_11_0021_cycle_005,case_11_0021,5,normal,16.884729318822828,19.07741928100586,19.07741928100586,0.4755423113211129,0,0.0621267737371482,0.0,0.0,False,False,0.28884729318822827,do_nothing,False,6.0,ce3fcee3753364ad0212f4c3d35a714b47cf17cfb33487283086140c58fc031a
corrective,11,case_11_0021_cycle_006,case_11_0021,6,normal,14.684006704414632,23.09821128845215,23.09821128845215,0.3601881782746103,0,0.9734515721263695,0.0,0.0,False,False,0.29084006704414633,do_nothing,False,7.0,c790a6cd386cf1d4e351fb21a34455ab14c93f5349c7e5b1b855bc952399dac0
corrective,11,case_11_0021_cycle_007,case_11_0021,7,normal,16.276002984310743,16.578954696655273,16.578954696655273,0.26095958944584013,0,0.8685759720538015,0.0,0.0,False,False,0.3307600298431075,do_nothing,False,8.0,1e3e5ed8a5f52be307878e8c030628e9068dcade9a82442ad765d2c095456e48
corrective,11,case_11_0021_cycle_008,case_11_0021,8,normal,19.47227807261192,16.726839065551758,16.726839065551758,0.4082886269106915,0,0.6785883637850385,0.0,0.0,False,False,0.3867227807261192,do_nothing,False,9.0,55856fc4e762d6dc6fc239460714fb1d5eaa15f14823a224bb94b6e4ee54a50e
corrective,11,case_11_0021_cycle_009,case_11_0021,9,normal,14.570852629067799,17.347036361694336,17.347036361694336,0.37466790537284567,0,0.7586742353220393,0.0,0.0,False,False,0.36170852629067796,do_nothing,False,10.0,4a5830081772d5b841567312e4c6d70966bd937188fe3ddede670a18fbd218ef
corrective,11,case_11_0021_cycle_010,case_11_0021,10,normal,18.27569011304432,16.13681983947754,16.13681983947754,0.42246656423544704,0,0.5683593119733535,0.0,0.0,False,False,0.4227569011304432,do_nothing,False,11.0,75f95200796ace5f2d68e03b67f576d18585aec376bb71e8fbabcd73d3d79543
corrective,11,case_11_0021_cycle_011,case_11_0021,11,normal,16.703614649593906,17.614768981933594,24.944099267913693,0.6701011065864866,0,-0.39362360547578995,0.0,0.0,False,False,0.431036146495939,do_nothing,False,12.0,bbaa6c37117f6bf049dfc0da379a1cf205937548a70fd220d66c8eedf1d110a0
corrective,11,case_11_0021_cycle_012,case_11_0021,12,normal,17.66252481761934,19.62386703491211,19.62386703491211,0.4714250109589365,0,-0.46458949617242057,0.0,0.0,False,False,0.4646252481761934,do_nothing,False,13.0,cdd76e37d6a214386d21e9cd4236b686bc92782ac3e327f42a70afe47dd0109b
corrective,11,case_11_0021_cycle_013,case_11_0021,13,normal,15.342861037005573,16.10280990600586,16.10280990600586,0.4907461248147199,0,-0.4698977498323751,0.0,0.0,False,False,0.46542861037005573,do_nothing,False,14.0,2a6f94f5be9c099dedc03717a43d20926994cead348fa7077dc882998139817b
corrective,11,case_11_0021_cycle_014,case_11_0021,14,normal,15.650883056056408,21.7314395904541,21.7314395904541,0.3751397627024498,0,0.36620254391294016,0.0,0.0,False,False,0.4925088305605641,do_nothing,False,15.0,629bae3933b95a064f50d399a26f32e1098fd9ffc2850bc9038b0412164c1e89
corrective,11,case_11_0021_cycle_015,case_11_0021,15,normal,15.001439342346037,18.725313186645508,18.725313186645508,0.334697537360945,0,0.3197521891254774,0.0,0.0,False,False,0.5100143934234603,do_nothing,False,16.0,05c46ddff58565f6dd5776012ac4afaeacd45c9300c1c89a4c6e7e7bf4a29af0
corrective,11,case_11_0021_cycle_016,case_11_0021,16,normal,17.305465024903366,18.090261459350586,18.090261459350586,0.40601125073385785,0,0.16793436164282038,0.0,0.0,False,False,0.5570546502490337,do_nothing,False,17.0,7d6e9d3f4c1ff41e01f58df3d6dc1825e987c3257ed773f3be8c43b90b1fce08
corrective,11,case_11_0021_cycle_017,case_11_0021,17,normal,14.175364037883698,23.3907527923584,23.3907527923584,0.5679191186028664,0,-0.734448788926941,0.0,0.0,False,False,0.549753640378837,do_nothing,False,18.0,b73037bbd9b6d42d176acd0a3b440bceffa30bc7bf173df88f074f1fd67bda40
corrective,11,case_11_0021_cycle_018,case_11_0021,18,normal,15.812481171078288,19.519332885742188,19.519332885742188,0.4131274474521365,0,0.06765644774983082,0.0,0.0,False,False,0.5901248117107829,do_nothing,False,19.0,698ba360d18824f4abf1a1d20f5fa303ccb888c40f93f5e4ea6001635b96af27
corrective,11,case_11_0021_cycle_019,case_11_0021,19,normal,15.131029222659523,22.305072784423828,22.305072784423828,0.3903368652871888,0,0.019518593527136252,0.0,0.0,False,False,0.6073102922265952,do_nothing,False,20.0,a4b8a30d66dd985b91490a22e9cabbec0587c6c23f8f7ec0182fa70f6e0ea880
corrective,11,case_11_0023_cycle_000,case_11_0023,0,low_shielding_gas,28.5098320682346,29.0341739654541,29.0341739654541,0.5072362727783151,0,0.06861959703621472,0.0,0.0,False,False,0.28509832068234603,do_nothing,False,1.0,36f4a50eaf7b53688bd9884ffbed2b42eda528030a09b1b48ab49cdd8258591c
corrective,11,case_11_0023_cycle_001,case_11_0023,1,low_shielding_gas,33.10405449008619,29.463205337524414,37.57613255139705,0.6950792624182824,0,-0.16938352406532817,0.0,0.0,False,False,0.35504054490086195,do_nothing,False,2.0,9c54c5045d38bc84e778d118cdf61ef6584b1d143c3fcfe9f03b629810df9133
corrective,11,case_11_0023_cycle_002,case_11_0023,2,low_shielding_gas,31.849599504288612,27.90949058532715,27.90949058532715,0.6202562558049194,0,-0.1925264234993962,0.0,0.0,False,False,0.3664959950428861,do_nothing,False,3.0,5119655b4c98c5bb7e4fbae593f165344e8057959dafafa46511142d294f0671
corrective,11,case_11_0023_cycle_003,case_11_0023,3,low_shielding_gas,33.59124128135328,28.776748657226562,28.776748657226562,0.5923180851364115,0,-0.31258495121106017,0.0,0.0,False,False,0.4079124128135328,do_nothing,False,4.0,3917c0fae9c6317a0cccc46b8cd17f39e48c186c12f7b8b868231eda5f0756b7
corrective,11,case_11_0023_cycle_004,case_11_0023,4,low_shielding_gas,37.45291771241088,29.506956100463867,42.080704063532856,0.7005974907605409,0,-0.5166771549864076,0.0,0.0,False,False,0.47052917712410885,do_nothing,False,5.0,97d76c6d35b44572d92058657d6a1cc2dc88b51e25053df8b609cfc7f07e498f
corrective,11,case_11_0023_cycle_005,case_11_0023,5,low_shielding_gas,36.92096686460445,29.28071403503418,34.36716281955528,0.690827257114155,0,-0.5712530945052569,0.0,0.0,False,False,0.48920966864604454,do_nothing,False,6.0,ccac0cc6e432f28bcf101c560a6b4e03bfd6ac6a73867a691bc6e07a05391aa1
corrective,11,case_11_0023_cycle_006,case_11_0023,6,low_shielding_gas,36.02762668214266,39.640899658203125,40.25089090703602,0.8001781611621568,0,-0.6328555246386035,0.0,0.0,False,False,0.5042762668214267,do_nothing,False,7.0,7d67a943c9290b89752af5d85c480d2456e1a4027eb634f632fb0990c957421d
corrective,11,case_11_0023_cycle_007,case_11_0023,7,low_shielding_gas,40.99961657246995,34.0689697265625,41.77576703746221,0.7365817714173813,0,-0.8444757628867057,0.0,0.0,False,False,0.5779961657246995,do_nothing,False,8.0,6fc1406c9c2c877d5ced7fa034c6b54958ad60b0948418be87ddcbd8239091db
corrective,11,case_11_0023_cycle_008,case_11_0023,8,low_shielding_gas,37.45705355068336,34.732479095458984,42.92423156461938,0.7362334692833918,0,-0.8101466269130099,0.0,0.0,False,False,0.5665705355068337,do_nothing,False,9.0,66ce0d20cfeb78987690777c511317af09ee22105e7fb8d8cf9258645cef505e
corrective,11,case_11_0023_cycle_009,case_11_0023,9,low_shielding_gas,38.347874334409795,36.257408142089844,43.58043508202874,0.7449491921850107,0,-0.9101786088600456,0.0,0.0,False,False,0.599478743344098,do_nothing,False,10.0,54ad640cb2af29e6942ab7034e6514fc859c32308b0f7d03573b95b7bcb89ede
corrective,11,case_11_0023_cycle_010,case_11_0023,10,low_shielding_gas,39.52777122434067,29.39434814453125,40.41706774664024,0.7036123559959534,0,-1.011374990129613,0.0,0.0,False,False,0.6352777122434067,do_nothing,False,11.0,d71891cdefe5fee834733eb395200cafdc56f4c1b396f31246e5f9b518562329
corrective,11,case_11_0023_cycle_011,case_11_0023,11,low_shielding_gas,42.65796346230818,39.372589111328125,45.86549766664283,0.7820199087197612,0,-1.1890418901772097,0.0,0.0,False,False,0.6905796346230818,do_nothing,False,12.0,0823ffa3bcb141b71d3445fe37bdf5dd7b10c00fe960f749e842b0a4f92174d5
corrective,11,case_11_0023_cycle_012,case_11_0023,12,low_shielding_gas,41.26109790406965,30.42448616027832,35.7432438417224,0.7066058129967475,0,-1.2078238090716014,0.0,0.0,False,False,0.7006109790406965,do_nothing,False,13.0,90e1906165d7f87e952a6fa3938753505753131696d938e1e31d32694521b3f6
corrective,11,case_11_0023_cycle_013,case_11_0023,13,low_shielding_gas,46.510469835919885,36.989925384521484,43.93744358946685,0.7729514215858122,0,-1.4472568083154687,0.0,0.0,False,False,0.7771046983591989,do_nothing,False,14.0,e43fa7b75b52b8dc0f9f8c5ec94534fc19434f324d501622b41527b63fc67c17
corrective,11,case_11_0023_cycle_014,case_11_0023,14,low_shielding_gas,47.49835562916944,34.0758056640625,40.39807030008734,0.7298183952780662,0,-1.5424234281667932,0.0,0.0,False,False,0.8109835562916944,do_nothing,False,15.0,8fd8c899ecdb9c460f61efa6db8d07a315c82453695044b8e3006a22ee7ab3ff
corrective,11,case_11_0023_cycle_015,case_11_0023,15,low_shielding_gas,47.80181886184269,39.08440017700195,53.54560801702094,0.7824611022967526,0,-48.631423731199796,0.0,0.0,True,False,0.838018188618427,do_nothing,False,16.0,8ee97db1d8606fa1f240eb4c50ae0773d0e9bf0bbd22f704d77476787ba2022d
corrective,11,case_11_0023_cycle_016,case_11_0023,16,low_shielding_gas,52.94207840437238,39.022010803222656,51.41823382852827,0.7879639189328822,0,-46.858456939971106,0.0,0.0,True,False,0.9134207840437238,do_nothing,False,17.0,14d61cb7ae5a1797322b7fbac65dfc7d25895d5b406dbd5f5aee241a808ccd55
corrective,11,case_11_0023_cycle_017,case_11_0023,17,low_shielding_gas,51.57356734031369,39.08440017700195,47.566496491917846,0.7851108429936069,0,-46.88897364665845,0.0,0.0,True,False,0.923735673403137,do_nothing,False,18.0,10c49e8941c72adbddb7bc3aa53cc39ec80bc4d36c76251a05a04158932f0105
corrective,11,case_11_0023_cycle_018,case_11_0023,18,low_shielding_gas,54.60438072592374,40.11848831176758,51.31353532444612,0.7924727004233333,0,-47.05300232684121,0.0,0.0,True,False,0.9780438072592373,do_nothing,False,19.0,72314bae666a1ac756fa6b60cf120032b5cb69e4441373d38701950c87e92f79
corrective,11,case_11_0023_cycle_019,case_11_0023,19,low_shielding_gas,52.59261918502772,40.11848831176758,47.427537122339615,0.7898241421967177,0,-47.06425219688034,0.0,0.0,True,False,0.9819261918502772,do_nothing,False,20.0,1c581c10bdafd7fb3c5b757bb46b8e1238849342fb5cc34d2989ff3876f5fc38
corrective,11,case_11_0026_cycle_000,case_11_0026,0,normal,10.914330460705795,16.154399871826172,16.154399871826172,0.4542607071187489,0,0.6044309801110138,0.0,0.0,False,False,0.10914330460705796,do_nothing,False,1.0,6af51614552749fe8e6f269e9081c53140d43d56d88e7366aa1849be2a834c4c
corrective,11,case_11_0026_cycle_001,case_11_0026,1,normal,11.230347103614845,15.988935470581055,15.988935470581055,0.3638065055170531,0,1.4365186110639967,0.0,0.0,False,False,0.13630347103614845,do_nothing,False,2.0,f04c249a5a5273a9a75fcb35a6d21ad988914dfb1875d6d5b28d3d784d7f0f8e
corrective,11,case_11_0026_cycle_002,case_11_0026,2,normal,10.358570812417485,15.988935470581055,15.988935470581055,0.4923488531695125,0,0.4713905476520486,0.0,0.0,False,False,0.15158570812417485,do_nothing,False,3.0,2e4678bd7a9a00461b2f937aacd007abb0f7daea2dd4c93c94185b3718d02941
corrective,11,case_11_0026_cycle_003,case_11_0026,3,normal,12.88683852187875,19.83677864074707,19.83677864074707,0.44566365544912523,0,1.2305452960262686,0.0,0.0,False,False,0.2008683852187875,do_nothing,False,4.0,7cfeea3d5d865c16180198651f627f12b7645bc2122b5b830f41a1ecbd016d85
corrective,11,case_11_0026_cycle_004,case_11_0026,4,normal,10.654151304888426,17.069738388061523,17.069738388061523,0.3958947338646548,0,1.2329912507736491,0.0,0.0,False,False,0.20254151304888426,do_nothing,False,5.0,8f7f5046d67b311e72aefcdfb72d5787c459982a0a061b093f3acd41333528cd
corrective,11,case_11_0026_cycle_005,case_11_0026,5,normal,10.39130918765528,16.716947555541992,16.716947555541992,0.5240297967781679,0,0.24965625485361653,0.0,0.0,False,False,0.22391309187655278,do_nothing,False,6.0,d363dea745ff8221880170a86e73d6bed4090713b723ef1dc5204d2524dfee2e
corrective,11,case_11_0026_cycle_006,case_11_0026,6,normal,9.295513693218215,16.578954696655273,16.578954696655273,0.4052733431643688,0,1.1283435877287982,0.0,0.0,False,False,0.23695513693218215,do_nothing,False,7.0,0672ba94bcc9ca2e083de2be181b6db53aa134c16c26d51d623123eb50b42f9a
corrective,11,case_11_0026_cycle_007,case_11_0026,7,normal,9.169937488797093,16.302284240722656,16.302284240722656,0.49011579953004747,0,0.14738450540658016,0.0,0.0,False,False,0.2596993748879709,do_nothing,False,8.0,36441d2006533f777fbacf6b40910105ad5c3c7b5e0e77a30b6fce38c90ee11d
corrective,11,case_11_0026_cycle_008,case_11_0026,8,normal,8.399198682105187,19.039087295532227,19.039087295532227,0.30578653254372906,0,1.026156059655285,0.0,0.0,False,False,0.27599198682105186,do_nothing,False,9.0,850b649ccad7d3f8bb5bd7a6dbf4b9d060192246b949b22e33397b8e2f8981fb
corrective,11,case_11_0026_cycle_009,case_11_0026,9,normal,10.473987987456153,15.988935470581055,15.988935470581055,0.5219257893526168,0,-0.04050850802657714,0.0,0.0,False,False,0.32073987987456154,do_nothing,False,10.0,4e1bbcef19e43abe165f839ad941571fb9d3b6b8201c64af0d214c9d83b3a6fb
corrective,11,case_11_0026_cycle_010,case_11_0026,10,normal,9.358669067551608,19.706560134887695,19.706560134887695,0.5945197858630001,0,-0.08993803990599818,0.0,0.0,False,False,0.33358669067551605,do_nothing,False,11.0,942e4d6ce7b74bc02954416ca28703d86e69a17539bce80cdad1f02346498449
corrective,11,case_11_0026_cycle_011,case_11_0026,11,normal,10.46672288182681,19.313262939453125,19.313262939453125,0.4520227960680826,0,-0.17380510586501652,0.0,0.0,False,False,0.3686672288182681,do_nothing,False,12.0,4380ad8a4665e4d5f926f723e64878e59456444b18d3498e69a1adc87755aeec
corrective,11,case_11_0026_cycle_012,case_11_0026,12,normal,10.796793865027897,15.988935470581055,15.988935470581055,0.3509737830307025,0,0.6594501165945579,0.0,0.0,False,False,0.39596793865027896,do_nothing,False,13.0,cd7776488bb3002ddb2656baeb6fa83b097785e54a0104874964a10a4d28dfa9
corrective,11,case_11_0026_cycle_013,case_11_0026,13,normal,9.685219076471451,15.988935470581055,15.988935470581055,0.5292022691785003,0,-0.30593691267091866,0.0,0.0,False,False,0.4088521907647145,do_nothing,False,14.0,f7e92d25002f65020d0e4567deec6685c016fa3a09fa8cdc80ca4fadf6d76565
corrective,11,case_11_0026_cycle_014,case_11_0026,14,normal,12.224813120030374,16.578954696655273,16.578954696655273,0.31283572889381783,0,0.478330247065016,0.0,0.0,False,False,0.4582481312003038,do_nothing,False,15.0,4efd1ef20f8231a14b7bf1ab10c91e7a31dec597e66e477f1434dd8d6e4a0e1a
corrective,11,case_11_0026_cycle_015,case_11_0026,15,normal,10.846119046881377,18.925918579101562,18.925918579101562,0.38135456598171275,0,0.4374132436963018,0.0,0.0,False,False,0.46846119046881374,do_nothing,False,16.0,94a6030aa964a8dfd1f1848dd541fc62753f17ab1a75e5d40c0f9453d9275445
corrective,11,case_11_0026_cycle_016,case_11_0026,16,normal,9.847251667436144,16.908321380615234,16.908321380615234,0.32096152359770436,0,0.4044382214372602,0.0,0.0,False,False,0.4824725166743614,do_nothing,False,17.0,352e50c121dfb57e5ca0626a49802cac7118375c61168046726c2dbf62c3044c
corrective,11,case_11_0026_cycle_017,case_11_0026,17,normal,10.256521928089345,18.038061141967773,18.038061141967773,0.3945625542365633,0,0.3091199590218352,0.0,0.0,False,False,0.5105652192808935,do_nothing,False,18.0,152103d2ae127afbc7db9d64dcb092dcf40203fe84f38b4c111bf92fc32e72aa
corrective,11,case_11_0026_cycle_018,case_11_0026,18,normal,11.116248315432452,16.13681983947754,16.13681983947754,0.5687917186397741,0,-0.7148062072589395,0.0,0.0,False,False,0.5431624831543245,do_nothing,False,19.0,45fe34728abdff77630c718f375cd08d431cd233625068a265bca706fbdd74e0
corrective,11,case_11_0026_cycle_019,case_11_0026,19,normal,13.410871370333698,15.988935470581055,15.988935470581055,0.43774784236671,0,0.06401168253498268,0.0,0.0,False,False,0.590108713703337,do_nothing,False,20.0,57401836ee7bcb5f65ba34afdf6b57166cdef7bc9c7dae9bca32a401095ad0d6
corrective,11,case_11_0029_cycle_000,case_11_0029,0,focal_drift,25.79136232561862,26.374042510986328,26.374042510986328,0.5347538920895843,0,0.14604604641800373,0.0,0.0,False,False,0.2579136232561862,do_nothing,False,1.0,09029a8c5cd15f4d0de1cde63bb456c6202b53c7ab4ce80bbaf0f5a3d5406963
corrective,11,case_11_0029_cycle_001,case_11_0029,1,focal_drift,28.569161907374287,27.16546630859375,27.16546630859375,0.43780100102889496,0,0.9052549926244372,0.0,0.0,False,False,0.3096916190737429,do_nothing,False,2.0,99664488aae4368e8938481a820eeff633c6fd597e5c0226e43872fde794dfb8
corrective,11,case_11_0029_cycle_002,case_11_0029,2,focal_drift,30.27078923905661,30.908517837524414,30.908517837524414,0.6052618444266773,0,-0.1429129538356998,0.0,0.0,False,False,0.3507078923905661,do_nothing,False,3.0,53149843d6c0efb3478f8ed1efc8626d8272b517f5e0f8b3d5c99821f325b499
corrective,11,case_11_0029_cycle_003,case_11_0029,3,focal_drift,29.45732029653288,31.116252899169922,31.116252899169922,0.4873216371337322,0,-0.17281785446604625,0.0,0.0,False,False,0.3665732029653288,do_nothing,False,4.0,0cc0b26b076e844783c79470057efa13dccc127ff397f662d5bb0c7ee06ba154
corrective,11,case_11_0029_cycle_004,case_11_0029,4,focal_drift,33.0362905777619,29.007768630981445,29.007768630981445,0.4758536207903079,0,-0.3504667604514033,0.0,0.0,False,False,0.42636290577761904,do_nothing,False,5.0,292b3fba7758c3f2ace7e073c5c4abac59f0443fbde1eb771b2fb29f6d7f930e
corrective,11,case_11_0029_cycle_005,case_11_0029,5,focal_drift,29.797428471138975,25.621917724609375,25.621917724609375,0.4022958149818806,0,0.5857327736185486,0.0,0.0,False,False,0.41797428471138975,do_nothing,False,6.0,09fc54e082733984d34584500c8a17d527888cda409f1364d9a9d76ce0634bd0
corrective,11,case_11_0029_cycle_006,case_11_0029,6,focal_drift,33.03480106796985,37.8160400390625,37.8160400390625,0.5842498070265391,0,-0.5106815030930767,0.0,0.0,False,False,0.47434801067969856,do_nothing,False,7.0,59811836d2284203e5ef6ac695b59fddb5d951d46356bdbf4ce3f9e6139991db
corrective,11,case_11_0029_cycle_007,case_11_0029,7,focal_drift,40.421315646895735,29.878379821777344,29.878379821777344,0.5361580224189446,0,-0.797063172769714,0.0,0.0,False,False,0.5722131564689574,do_nothing,False,8.0,5e3d05231fb6f9d0b48a5c740b1aa915be17808fa109a026a4bb9f9091e3f38c
corrective,11,case_11_0029_cycle_008,case_11_0029,8,focal_drift,35.007812126180085,30.720510482788086,30.720510482788086,0.6425111700739728,0,-0.7226110392964986,0.0,0.0,False,False,0.5420781212618009,do_nothing,False,9.0,78b5d3a28a973db252193340158ca99c5a23429b1063b8949a2e83b09f1fd3ee
corrective,11,case_11_0029_cycle_009,case_11_0029,9,focal_drift,39.80885103990509,26.603914260864258,40.64193083867781,0.6911767917907429,0,-0.9459420499657644,0.0,0.0,False,False,0.614088510399051,do_nothing,False,10.0,2661506074ae1362060bc7055253e84226031596cd12c74a8ff5004f62b4838e
corrective,11,case_11_0029_cycle_010,case_11_0029,10,focal_drift,37.39131791627152,24.759872436523438,24.759872436523438,0.5526984118760216,0,-0.9246442992695488,0.0,0.0,False,False,0.6139131791627152,do_nothing,False,11.0,66b013a679b42000a7e9673ae6ed7e8c559f208c3b8373cd26dac47ab69c456f
corrective,11,case_11_0029_cycle_011,case_11_0029,11,focal_drift,37.03350516472318,31.21946907043457,31.21946907043457,0.440124293628822,0,-0.06902379898601863,0.0,0.0,False,False,0.6343350516472318,do_nothing,False,12.0,88a23279dd79b421d7cc4e2189655d46b352b941d2ea616e8ea465eaf5fff17b
corrective,11,case_11_0029_cycle_012,case_11_0029,12,focal_drift,45.21228196653562,30.24079132080078,30.24079132080078,0.6327217064700751,0,-1.3152767149665796,0.0,0.0,False,False,0.7401228196653562,do_nothing,False,13.0,080413a8ed5a19667d1faa64f631001abd41419b178835fc12b32efc68967cf5
corrective,11,case_11_0029_cycle_013,case_11_0029,13,focal_drift,39.20721976976162,25.857364654541016,25.857364654541016,0.5843007625695158,0,-1.199861707478276,0.0,0.0,False,False,0.7040721976976162,do_nothing,False,14.0,a49bf8b0c8e322a3767fc2ebe7c31285976a067d5bbfd5decee394454126ef85
corrective,11,case_11_0029_cycle_014,case_11_0029,14,focal_drift,42.055396740858434,33.6099853515625,46.97200429756659,0.6833389714237735,0,-1.372162747939319,0.0,0.0,False,False,0.7565539674085844,do_nothing,False,15.0,0f01cb8df420c2d5c7d676bea6ec62c4ffea82f43f4a11af36fa5c9e76987c48
corrective,11,case_11_0029_cycle_015,case_11_0029,15,focal_drift,44.56270505385051,34.58864974975586,43.303533413653575,0.6980347727887652,0,-1.5215863675338297,0.0,0.0,False,False,0.805627050538505,do_nothing,False,16.0,7e6fb27e9a615fab1a613a0fdcd4d45eb401df797e31387a20904e16c51b54a0
corrective,11,case_11_0029_cycle_016,case_11_0029,16,focal_drift,45.880548979324146,30.356250762939453,42.47042182465798,0.7177273235767355,0,-46.63607556791624,0.0,0.0,True,False,0.8428054897932415,do_nothing,False,17.0,5bd4fb9cb173be4c8e304d9bb0a2e4daba5171c070d0fe3ac4b75f4ed2cad934
corrective,11,case_11_0029_cycle_017,case_11_0029,17,focal_drift,47.855349848348666,36.7528190612793,41.78429261622961,0.73889253891783,0,-46.770494376288134,0.0,0.0,True,False,0.8865534984834866,do_nothing,False,18.0,e45dc606a87ff4290be8f73f5e53e40092286fadb43334325ed7db4c327d5b34
corrective,11,case_11_0029_cycle_018,case_11_0029,18,focal_drift,46.49480578329968,33.097232818603516,39.63621829791001,0.7296584103054723,0,-46.80029293504481,0.0,0.0,True,False,0.8969480578329968,do_nothing,False,19.0,ed60d4d128fe6642f9098937bec546d52d6f4a296a34ee7dd4adb7208f9cfcba
corrective,11,case_11_0029_cycle_019,case_11_0029,19,focal_drift,49.21178539574054,33.755062103271484,43.39885958297054,0.7010650848895854,0,-46.949513324605654,0.0,0.0,True,False,0.9481178539574054,do_nothing,False,20.0,a2dda5c171c026638071b0603b23fb3f398842688c626344557305642fb66eb3
corrective,11,case_11_0032_cycle_000,case_11_0032,0,normal,11.169179129383684,17.29862403869629,17.29862403869629,0.4626595584666316,0,0.5955256923484947,0.0,0.0,False,False,0.11169179129383684,do_nothing,False,1.0,36d006aafe3bed0a95434644aa22f216cd3aa21bd2aebb13cb445097fcd67feb
corrective,11,case_11_0032_cycle_001,case_11_0032,1,normal,10.227587444146703,15.988935470581055,15.988935470581055,0.4418481839891691,0,1.4548951490772235,0.0,0.0,False,False,0.12627587444146704,do_nothing,False,2.0,610085a407883a53d42aea766db9d4095f2e52e93834b69860b590deeab93131
corrective,11,case_11_0032_cycle_002,case_11_0032,2,normal,11.401550475343608,15.988935470581055,15.988935470581055,0.3403435013986455,0,1.3629019605298949,0.0,0.0,False,False,0.1620155047534361,do_nothing,False,3.0,5235e0be25fcfaaa1e5b628d7a14e4ba88c51d2c5019838a58826a6ecc9671fe
corrective,11,case_11_0032_cycle_003,case_11_0032,3,normal,12.290653713239076,18.280298233032227,18.280298233032227,0.4629883987491967,0,0.3458321287904483,0.0,0.0,False,False,0.19490653713239076,do_nothing,False,4.0,f2d69e55d387420042dfb384d887b40ee826875d8a3213f9f223a1b39b21bccd
corrective,11,case_11_0032_cycle_004,case_11_0032,4,normal,11.56989386544232,16.250694274902344,16.250694274902344,0.29858712162226464,0,1.2201151157933907,0.0,0.0,False,False,0.21169893865442319,do_nothing,False,5.0,851600b4f95bd94d9cc59e61cbf0810906359662c32e74c69366ac3aaf31bd58
corrective,11,case_11_0032_cycle_005,case_11_0032,5,normal,11.447652799902434,18.66720962524414,18.66720962524414,0.6094078225665261,0,0.20515924261794807,0.0,0.0,False,False,0.23447652799902435,do_nothing,False,6.0,260a09734245043b1920bf55a056a897ef684a10b53ae419a5360450310406ea
corrective,11,case_11_0032_cycle_006,case_11_0032,6,normal,12.308148649845513,16.250694274902344,16.250694274902344,0.34109021721046173,0,1.0475920079230656,0.0,0.0,False,False,0.2670814864984551,do_nothing,False,7.0,2439fee8d51f326f984d59e9e13312d4619d6edd204af9f16eb4ed66dd86d9e1
corrective,11,case_11_0032_cycle_007,case_11_0032,7,normal,11.188906291412877,17.28422737121582,17.28422737121582,0.430280189128439,0,0.9957907828883479,0.0,0.0,False,False,0.2798890629141288,do_nothing,False,8.0,8f135f158aa623bae3366630bb266fa33a1c61a41d287dfd12fcd3d614792987
corrective,11,case_11_0032_cycle_008,case_11_0032,8,normal,11.0151855371948,17.21404266357422,17.21404266357422,0.43192124221159695,0,0.9287562475524165,0.0,0.0,False,False,0.302151855371948,do_nothing,False,9.0,d3e36b893ca43f0b613283375c05b7e0409416c0ffbd8aca9925003de2f8096f
corrective,11,case_11_0032_cycle_009,case_11_0032,9,normal,10.50848165415163,16.10280990600586,16.10280990600586,0.5207053289514402,0,-0.041360248967265006,0.0,0.0,False,False,0.3210848165415163,do_nothing,False,10.0,a4991d2aa989504041a5876a0488c24083fa6f8c8a40a0788592ebca6f05baac
corrective,11,case_11_0032_cycle_010,case_11_0032,10,normal,10.08625805223511,18.53108787536621,18.53108787536621,0.40952038365155735,0,0.8159842008852132,0.0,0.0,False,False,0.3408625805223511,do_nothing,False,11.0,24306bb0f4fe7792e650eea12547c9f82208f98cc42226197972abf1718ca291
corrective,11,case_11_0032_cycle_011,case_11_0032,11,normal,10.452102451303247,16.794517517089844,16.794517517089844,0.37659395509912313,0,0.7379478331960341,0.0,0.0,False,False,0.3685210245130325,do_nothing,False,12.0,2dc5b68c114d1f8e4bf3aa92c062d1985c96bd2741469796819519081beca7ee
corrective,11,case_11_0032_cycle_012,case_11_0032,12,normal,11.426825805662945,16.429412841796875,16.429412841796875,0.43103540997225315,0,0.6285399143342736,0.0,0.0,False,False,0.40226825805662947,do_nothing,False,13.0,1db7e009f01e5ca7e811f38a759bfe43499d8de67c8fb5353f242bbe44e2fc40
corrective,11,case_11_0032_cycle_013,case_11_0032,13,normal,12.709434837373765,19.47468376159668,26.657079681995697,0.6716865227758562,0,-0.4180360235375914,0.0,0.0,False,False,0.4390943483737377,do_nothing,False,14.0,04b2c4a9d943998a9ed6b9fd6eae189b6d55e477b258cad443ac9da825089f85
corrective,11,case_11_0032_cycle_014,case_11_0032,14,normal,11.955355050060817,16.602670669555664,16.602670669555664,0.40447108209840116,0,0.4726686861834154,0.0,0.0,False,False,0.4555535505006082,do_nothing,False,15.0,1db9cb178feda1e50ee2ef75f47799e7b0c60a7b37d4e5521a68f7d2fdd92dce
corrective,11,case_11_0032_cycle_015,case_11_0032,15,normal,12.051360491752929,20.270191192626953,20.270191192626953,0.5068004497320058,0,-0.5175608822123887,0.0,0.0,False,False,0.48051360491752926,do_nothing,False,16.0,7b44e45f16673b4d7655d0d65a3c175eb851dc5ff97465478767955c81e80487
corrective,11,case_11_0032_cycle_016,case_11_0032,16,normal,12.864019517656548,15.988935470581055,15.988935470581055,0.47348139034957043,0,-0.608942794082132,0.0,0.0,False,False,0.5126401951765654,do_nothing,False,17.0,c4b66c35b57f2e72af1f4b2a357a0a65ae8938415efe9c6d56a02f993a4abb56
corrective,11,case_11_0032_cycle_017,case_11_0032,17,normal,10.948861762695357,16.13681983947754,16.13681983947754,0.383195032866282,0,0.2900548921891971,0.0,0.0,False,False,0.5174886176269535,do_nothing,False,18.0,234c884007c06d09621c87dfa980999543b53b4f0443534905f3440d139c6eda
corrective,11,case_11_0032_cycle_018,case_11_0032,18,normal,12.245065625472993,16.2226619720459,16.2226619720459,0.34908252377013516,0,0.18428565267028996,0.0,0.0,False,False,0.5544506562547299,do_nothing,False,19.0,fc185a77e2160e6581945f77bbf965963f92424bf01ca1068d18854c3559f390
corrective,11,case_11_0032_cycle_019,case_11_0032,19,normal,12.55978981413603,15.988935470581055,15.988935470581055,0.6539048007438816,0,-0.8428794145356632,0.0,0.0,False,False,0.5815978981413603,do_nothing,False,20.0,4ee632e9f719101ef4b30979adf80425263e0eba363aa5d575e2204cf2a06477
corrective,11,case_11_0040_cycle_000,case_11_0040,0,lens_contamination,25.292687740746672,33.70533752441406,33.70533752441406,0.43840830637765726,0,1.0754581218209511,0.0,0.0,False,False,0.2529268774074667,do_nothing,False,1.0,e948422bfa19c7688bc828db3563791635ce8175a1235b15c4f9e611e9de8928
corrective,11,case_11_0040_cycle_001,case_11_0040,1,lens_contamination,28.42060652855099,27.12776756286621,27.12776756286621,0.31394751193852344,0,0.9282896773526916,0.0,0.0,False,False,0.3082060652855099,do_nothing,False,2.0,e52ae1c30bae3be901ff891011fc5141d394387e79ab7549b0e8890e7049aeca
corrective,11,case_11_0040_cycle_002,case_11_0040,2,lens_contamination,25.284036562231183,31.449724197387695,31.449724197387695,0.45393705999916634,0,0.029388344133189567,0.0,0.0,False,False,0.3008403656223118,do_nothing,False,3.0,d7638b81801fa0efbe6aac78948e86d2e88df5c7343575745305950cb10c567e
corrective,11,case_11_0040_cycle_003,case_11_0040,3,lens_contamination,32.71646292786905,32.329524993896484,31.093564484008105,0.7131548376005572,0,-0.30446711347615507,0.0,0.0,False,False,0.3991646292786905,do_nothing,False,4.0,6095020c5a3b28d60c3bead1d0e56daccd670fa6b587157c7435f5721bc622f1
corrective,11,case_11_0040_cycle_004,case_11_0040,4,lens_contamination,28.42624325662072,30.776994705200195,30.776994705200195,0.5469112751728388,0,-0.22282398897454758,0.0,0.0,False,False,0.38026243256620723,do_nothing,False,5.0,b86e91b1e64dba69dedee3c0481c2baab89f2c1023186a89202a5ba6f9c9c757
corrective,11,case_11_0040_cycle_005,case_11_0040,5,lens_contamination,35.08530570478014,35.944000244140625,35.944000244140625,0.5706501086190873,0,-0.49815668743626734,0.0,0.0,False,False,0.47085305704780145,do_nothing,False,6.0,bf911f485df4d9afd7ec8dce38fd75656f811ad6a31ff378b02557ceebe37eb1
corrective,11,case_11_0040_cycle_006,case_11_0040,6,lens_contamination,31.11161337361517,31.45226287841797,31.45226287841797,0.4227685025205262,0,0.47123632341346594,0.0,0.0,False,False,0.45511613373615173,do_nothing,False,7.0,0622cf4cf6cdd509c0811ae01fc5899d790910efb82118d08bc0c0fbfbe1d9c1
corrective,11,case_11_0040_cycle_007,case_11_0040,7,lens_contamination,37.61975596169157,35.703800201416016,35.703800201416016,0.5810573333877112,0,-0.7197512788589039,0.0,0.0,False,False,0.5441975596169157,do_nothing,False,8.0,1045807a7ec6d5de88495afac6b0c13083468c3cddd293635af0ee8cd35924b2
corrective,11,case_11_0040_cycle_008,case_11_0040,8,lens_contamination,34.21432620692814,33.618865966796875,40.6681172512041,0.6320889231457177,0,-0.697243124679702,0.0,0.0,False,False,0.5341432620692814,do_nothing,False,9.0,075ad761ab30326569c02786f5e26c02b2d1f97e0ff644d6fe8dbf9993a98f6f
corrective,11,case_11_0040_cycle_009,case_11_0040,9,lens_contamination,33.628091080997635,35.175071716308594,35.21986009008834,0.6578432308659306,0,-0.7555192170598188,0.0,0.0,False,False,0.5522809108099764,do_nothing,False,10.0,3e1014d0d8d664f6e2f9c53f33936a217f578a2e901ac3bf3ad4104624314cdd
corrective,11,case_11_0040_cycle_010,case_11_0040,10,lens_contamination,33.764812168169925,31.748291015625,31.748291015625,0.6159796822997369,0,-0.8253413173900584,0.0,0.0,False,False,0.5776481216816993,do_nothing,False,11.0,cd30a3a4672b87da1089dc89a29636a7cf5d05e8185e523a5aea6af31fbe202f
corrective,11,case_11_0040_cycle_011,case_11_0040,11,lens_contamination,35.40658338905667,38.54806900024414,38.54806900024414,0.6013514157510867,0,-0.944400214034363,0.0,0.0,False,False,0.6180658338905667,do_nothing,False,12.0,2367936bcd51735149304a3d80c6159caaf6a4a9e446020d951a02c9746d646c
corrective,11,case_11_0040_cycle_012,case_11_0040,12,lens_contamination,39.528685959394664,39.89210510253906,36.50542598639178,0.7170538557377852,0,-1.1574186571425078,0.0,0.0,False,False,0.6832868595939466,do_nothing,False,13.0,0683617ba4a7cddad9bc9f4ad50fcb826c484a9155dcb5052b15420382a1b152
corrective,11,case_11_0040_cycle_013,case_11_0040,13,lens_contamination,35.730977362704394,42.54671096801758,36.534345146643474,0.6925651234640369,0,-1.1118140894007373,0.0,0.0,False,False,0.6693097736270439,do_nothing,False,14.0,3c593848d9b1910ed9b8dca503028d6c1fca94b84a7a8bcc9a51ea33a542a4bf
corrective,11,case_11_0040_cycle_014,case_11_0040,14,lens_contamination,41.69529121725114,31.62961769104004,35.86771156575587,0.6851502395480011,0,-1.3616312724497344,0.0,0.0,False,False,0.7529529121725114,do_nothing,False,15.0,094ba3d419f23e11784a50851de3f3c1a622dca880ba174c98a74f3e5cc8d27f
corrective,11,case_11_0040_cycle_015,case_11_0040,15,lens_contamination,42.848822992443125,37.97195053100586,47.37050730739796,0.6498945583706395,0,-1.4629488735288898,0.0,0.0,False,False,0.7884882299244312,do_nothing,False,16.0,34e86593328a97f820591690450df2a5548fa2a3b1f06484beaf9ebdfa063c53
corrective,11,case_11_0040_cycle_016,case_11_0040,16,lens_contamination,41.980168006998205,42.61628341674805,40.370558125537066,0.7648225769699729,0,-1.5261284267554422,0.0,0.0,False,False,0.8038016800699821,do_nothing,False,17.0,a44a279ec50266aac9ba72f5747fcb81400607b129e763771bd485fcf63b6b5b
corrective,11,case_11_0040_cycle_017,case_11_0040,17,lens_contamination,39.41160769910121,43.0743408203125,46.56850765995428,0.7433106890756789,0,-1.517844834334388,0.0,0.0,False,False,0.8021160769910121,do_nothing,False,18.0,3ec369ab6433650abc9fd22361a093d4ace87b51e93a10d7836e4e4b21fbf553
corrective,11,case_11_0040_cycle_018,case_11_0040,18,lens_contamination,46.947312882318734,33.619102478027344,36.36786718643488,0.7470443011570038,0,-46.81647603164311,0.0,0.0,True,False,0.9014731288231873,do_nothing,False,19.0,742bf83bb3e8eb1d9b4028250494ca8fddfe69f4bc8c7dce4b59145e727fe31d
corrective,11,case_11_0040_cycle_019,case_11_0040,19,lens_contamination,49.513612728281295,43.888648986816406,38.857293784229455,0.7477380068783772,0,-46.965569082880194,0.0,0.0,True,False,0.9511361272828129,do_nothing,False,20.0,176d1cf6f67b8704de24acda8f5c4d678a5e44deb4461e3bc8d36a0608283798
corrective,11,case_11_0043_cycle_000,case_11_0043,0,focal_drift,22.284831535774696,23.259645462036133,23.259645462036133,0.4699741862242124,0,0.26095892599312726,0.0,0.0,False,False,0.22284831535774696,do_nothing,False,1.0,b7f23c178fdbf1e3b3fa09647ce938bdccf38597edbb6463a49810274fde9426
corrective,11,case_11_0043_cycle_001,case_11_0043,1,focal_drift,21.711436430019393,20.821195602416992,20.821195602416992,0.44085088826580493,0,1.1105292738595476,0.0,0.0,False,False,0.24111436430019392,do_nothing,False,2.0,ec075f187847f0d4ed6a064e504fc81bd584d17521b7373837f2c107b078b8b6
corrective,11,case_11_0043_cycle_002,case_11_0043,2,focal_drift,19.960524812836614,24.20523452758789,24.20523452758789,0.36692710345620255,0,1.1021451900964712,0.0,0.0,False,False,0.24760524812836615,do_nothing,False,3.0,508fcc43c8c46b94663688c6a02fe7bad8c4e5d923159b649dc0712cd26fd5ad
corrective,11,case_11_0043_cycle_003,case_11_0043,3,focal_drift,20.168918804342802,24.420368194580078,24.420368194580078,0.33653216543994724,0,1.028452611053724,0.0,0.0,False,False,0.273689188043428,do_nothing,False,4.0,b4c407cd7ecd573375bdb4476dcf1612682b4ec73091c35830ee0116530adfb1
corrective,11,case_11_0043_cycle_004,case_11_0043,4,focal_drift,23.53751227483518,26.040708541870117,26.040708541870117,0.43522278703993655,0,0.8405912136989542,0.0,0.0,False,False,0.3313751227483518,do_nothing,False,5.0,6b7f97195bd40589dd27cef7e26725d816ec12b460e966de0f99e8a5a8aceeff
corrective,11,case_11_0043_cycle_005,case_11_0043,5,focal_drift,23.23997173799391,29.43604850769043,37.94784767379603,0.717589372814048,0,-0.16483755806192463,0.0,0.0,False,False,0.35239971737993914,do_nothing,False,6.0,28b092d03da665f8699bd0af5683b4236d2f01c590d9a39de68600875a826660
corrective,11,case_11_0043_cycle_006,case_11_0043,6,focal_drift,22.494374787546594,22.950531005859375,22.950531005859375,0.35853145152215715,0,0.7393890386452786,0.0,0.0,False,False,0.3689437478754659,do_nothing,False,7.0,f7fa05b0b6690c23b708568d81898032e6b6a4acea6df533fb92949f1f003077
corrective,11,case_11_0043_cycle_007,case_11_0043,7,focal_drift,24.889021396328378,18.236141204833984,22.558612749974976,0.6731533266352937,0,-0.3516436408851455,0.0,0.0,False,False,0.4168902139632838,do_nothing,False,8.0,348e9515ab438285482c5d94d4e2b2b4ba00797271c0077da5a522f6f7648335
corrective,11,case_11_0043_cycle_008,case_11_0043,8,focal_drift,22.809397431179494,24.83856964111328,24.83856964111328,0.39406188923812424,0,0.5806087936788964,0.0,0.0,False,False,0.42009397431179496,do_nothing,False,9.0,947444b65022c92c41386ade24c971242a3832fc174ec48b2e0702af06480d88
corrective,11,case_11_0043_cycle_009,case_11_0043,9,focal_drift,25.15216125746798,26.92634391784668,26.92634391784668,0.4535079083484023,0,-0.4705910239762997,0.0,0.0,False,False,0.4675216125746798,do_nothing,False,10.0,1854a6c08ba4077f492a53b8483936a2d05c599aee943c85a770b7fa83ed950a
corrective,11,case_11_0043_cycle_010,case_11_0043,10,focal_drift,30.828627078760274,28.372478485107422,28.372478485107422,0.4405258910996705,0,0.1890623039722411,0.0,0.0,False,False,0.5482862707876027,do_nothing,False,11.0,4accd9eb14bbcd00ff2f9616dc9eea468b3b785df65e47109c5caa5b2592e8de
corrective,11,case_11_0043_cycle_011,case_11_0043,11,focal_drift,29.94527746627399,24.226131439208984,24.226131439208984,0.49840292120907126,0,-0.7651187621695803,0.0,0.0,False,False,0.5634527746627399,do_nothing,False,12.0,fef1e0d41721652f32e41038b13251a7cdaf46e32b1e854c894a7a9d08050069
corrective,11,case_11_0043_cycle_012,case_11_0043,12,focal_drift,33.65828089272856,26.005718231201172,26.005718231201172,0.3602566904454519,0,-0.02778693034867452,0.0,0.0,False,False,0.6245828089272856,do_nothing,False,13.0,0e507855995ea66bc388d64c02d666d63bc8866e454376a496879b42653ecbf2
corrective,11,case_11_0043_cycle_013,case_11_0043,13,focal_drift,32.056290713329496,30.655227661132812,30.655227661132812,0.4035299577211413,0,-0.05821821505805613,0.0,0.0,False,False,0.632562907133295,do_nothing,False,14.0,2c9d5c03bc9d10ed53b33b9e381ec4d1099d13473dfe43664f7e6bcf15e625e9
corrective,11,case_11_0043_cycle_014,case_11_0043,14,focal_drift,33.14072226040497,27.304719924926758,27.304719924926758,0.539845137946328,0,-1.0831984385040985,0.0,0.0,False,False,0.6674072226040497,do_nothing,False,15.0,ce1924d2997d1deefcc95e1896a7d2ec8621eedf22d8ad09be52e38d8744d95a
corrective,11,case_11_0043_cycle_015,case_11_0043,15,focal_drift,35.6931594776481,29.88629150390625,29.88629150390625,0.42487986289125074,0,-0.31452676376313027,0.0,0.0,False,False,0.7169315947764809,do_nothing,False,16.0,ff00a33c8ae7490ddf92ee8ee8507a6503fab7a13c0a17e9129a1794a99a70ee
corrective,11,case_11_0043_cycle_016,case_11_0043,16,focal_drift,33.12663331224304,32.10294723510742,32.10294723510742,0.3944767717241895,0,-0.30497051512591955,0.0,0.0,False,False,0.7152663331224304,do_nothing,False,17.0,1398d93d3032f7674e1e035c135bfa335d74c4801ddf83c8753faf2ea041a488
corrective,11,case_11_0043_cycle_017,case_11_0043,17,focal_drift,33.82368256810259,29.81087875366211,29.81087875366211,0.531253343567616,0,-1.3183984785782201,0.0,0.0,False,False,0.7462368256810259,do_nothing,False,18.0,7f1443eb0fcedbcea5507e946102cab635cce37ea213403851e86bad32986aa9
corrective,11,case_11_0043_cycle_018,case_11_0043,18,focal_drift,36.404160714433914,29.0335750579834,29.0335750579834,0.4392816237297334,0,-0.5540170649924775,0.0,0.0,False,False,0.7960416071443391,do_nothing,False,19.0,4e74dc9ef8ac1c46dd3e145970cab8b083b33b257d47370b2756634d979f72ce
corrective,11,case_11_0043_cycle_019,case_11_0043,19,focal_drift,33.16395571972298,26.72549819946289,26.72549819946289,0.5878362948909609,0,-1.4510941158253337,0.0,0.0,False,False,0.7876395571972298,do_nothing,False,20.0,f37ba623eb18afb006fc7fd8586b0db0d22bd56a69b7dea2b568fbd647bac6b4
corrective,11,case_11_0045_cycle_000,case_11_0045,0,focal_drift,22.197722343244106,21.518756866455078,21.518756866455078,0.463276180115951,0,0.2645769026852842,0.0,0.0,False,False,0.22197722343244106,do_nothing,False,1.0,b1ebebf3c608f771d8582b9019674c92381f981847475896cb1590af86467659
corrective,11,case_11_0045_cycle_001,case_11_0045,1,focal_drift,26.694436767382925,29.443632125854492,29.443632125854492,0.3670735008881545,0,0.9721058718452891,0.0,0.0,False,False,0.29094436767382925,do_nothing,False,2.0,4516161eb39a3e74ed06248f356631d65ac8f923a05586917fda8c2890bfa08b
corrective,11,case_11_0045_cycle_002,case_11_0045,2,focal_drift,25.378775386804374,22.946386337280273,22.946386337280273,0.4603915976582318,0,0.025577998747134068,0.0,0.0,False,False,0.30178775386804374,do_nothing,False,3.0,ae3cda11ef56ab3d2763910ed9b8f25081d12c793680cbc42470d5f4c945a0ec
corrective,11,case_11_0045_cycle_003,case_11_0045,3,focal_drift,21.881163716805275,28.90313148498535,28.90313148498535,0.5187125192224904,0,0.04975821061246814,0.0,0.0,False,False,0.29081163716805275,do_nothing,False,4.0,5fc4996ec2ff0df48ee25d4086d0e554350abc061c71f557679cb42ebb039bff
corrective,11,case_11_0045_cycle_004,case_11_0045,4,focal_drift,20.969591678684207,26.128582000732422,26.128582000732422,0.5198716894012948,0,0.004931496229279422,0.0,0.0,False,False,0.3056959167868421,do_nothing,False,5.0,c0418cc2ec8c593491fd372d44ce8baa3453e9280aae38eba696aa48380e4b31
corrective,11,case_11_0045_cycle_005,case_11_0045,5,focal_drift,25.426703242236464,24.312664031982422,24.312664031982422,0.5384613709096235,0,-0.20357030290353761,0.0,0.0,False,False,0.3742670324223647,do_nothing,False,6.0,236e98d2737564059672ec100c88b9a1c68649b8f6e24eac7f5ea7a26d3fb487
corrective,11,case_11_0045_cycle_006,case_11_0045,6,focal_drift,28.469430756275067,29.68146324157715,29.68146324157715,0.5023606092025774,0,-0.3614370140686386,0.0,0.0,False,False,0.4286943075627507,do_nothing,False,7.0,e3731e85e1b324cf938b12df2acd146c7cd9f37948aa2655b853c2af7f4d576b
corrective,11,case_11_0045_cycle_007,case_11_0045,7,focal_drift,25.353344449792353,24.573444366455078,24.573444366455078,0.6102366910682734,0,-0.35613583715401176,0.0,0.0,False,False,0.42153344449792357,do_nothing,False,8.0,27500c6ea3c9ad278e2616f1ab5905cd43b9b79948a9e36a2d9d95c7328d6cfd
corrective,11,case_11_0045_cycle_008,case_11_0045,8,focal_drift,31.01859066181696,22.539501190185547,22.539501190185547,0.49677578638299147,0,-0.5810740878119576,0.0,0.0,False,False,0.5021859066181696,do_nothing,False,9.0,86b74a98d8eae0d7612743c57b17958ffc02cf5d31e6fbc221c3b03aeeb1f42d
corrective,11,case_11_0045_cycle_009,case_11_0045,9,focal_drift,32.77915849670446,29.420772552490234,29.420772552490234,0.5008645456421164,0,-0.7065044367474516,0.0,0.0,False,False,0.5437915849670447,do_nothing,False,10.0,73ece03e2f0bb3f85260b25a8fbca244355f33efec2fe5ee772e2d850e434b5b
corrective,11,case_11_0045_cycle_010,case_11_0045,10,focal_drift,31.99576153732999,26.10350799560547,26.10350799560547,0.49645671669412705,0,-0.7543413536240188,0.0,0.0,False,False,0.5599576153732999,do_nothing,False,11.0,e7757a83eaf48afd2feeb20f167090c5b58a5080c51fa0ae216944d975f1cb6d
corrective,11,case_11_0045_cycle_011,case_11_0045,11,focal_drift,34.349440752452125,29.88135528564453,38.8577446580035,0.7117583020238993,0,-0.9292469678771486,0.0,0.0,False,False,0.6074944075245212,do_nothing,False,12.0,29f32e117ee833593496a6dd69946e68ecf51a3735f0cdb8b1f6e249672f9975
corrective,11,case_11_0045_cycle_012,case_11_0045,12,focal_drift,36.272442981687966,29.954774856567383,29.954774856567383,0.5316534332378379,0,-1.031921304436315,0.0,0.0,False,False,0.6507244298168797,do_nothing,False,13.0,01128baaa5b10d3a6a09b9ea5f6d4d13f24830337a111466194de49f2cae9841
corrective,11,case_11_0045_cycle_013,case_11_0045,13,focal_drift,38.909022058042375,36.26757049560547,36.26757049560547,0.5777633605998822,0,-1.1899351658312531,0.0,0.0,False,False,0.7010902205804237,do_nothing,False,14.0,8f9db185facda4f1f1997f2ca3673c2de0a7f62f3458af3809386b679456bf87
corrective,11,case_11_0045_cycle_014,case_11_0045,14,focal_drift,37.020732551227034,27.091543197631836,27.091543197631836,0.5336120346342539,0,-1.1986637817319492,0.0,0.0,False,False,0.7062073255122704,do_nothing,False,15.0,1c6f95d0d3e403fec20bd0b625674dce385a21507799a48ca449f774313422a4
corrective,11,case_11_0045_cycle_015,case_11_0045,15,focal_drift,35.455404942353006,31.396808624267578,42.7350497612926,0.7097191631344395,0,-1.2501200227407563,0.0,0.0,False,False,0.7145540494235301,do_nothing,False,16.0,6a7b25e788e547815beca3d150ac4b3803c937d4e71dbc58c8ab87dd83119fab
corrective,11,case_11_0045_cycle_016,case_11_0045,16,focal_drift,40.832094508423786,31.604373931884766,32.693896215952115,0.7203294234221036,0,-1.4850122487660293,0.0,0.0,False,False,0.7923209450842379,do_nothing,False,17.0,4b5b2a582b1ea1f05a0ad04c5837ed144f2ad959328822ab6a944e5f0be95000
corrective,11,case_11_0045_cycle_017,case_11_0045,17,focal_drift,46.26692319447741,29.439701080322266,37.10080179957927,0.7019014161082316,0,-46.717292908250556,0.0,0.0,True,False,0.8706692319447742,do_nothing,False,18.0,98581f6fafc2852e926c0c3ca167bb31ff9ed0b0fa6a11c4a4b2e324f9fb93f6
corrective,11,case_11_0045_cycle_018,case_11_0045,18,focal_drift,45.90885779305903,37.33124542236328,43.226540966489225,0.7473222943607163,0,-46.78536407794588,0.0,0.0,True,False,0.8910885779305903,do_nothing,False,19.0,95b4ac8f5e7037dd6a0c8710db90208f9edfa6e8a457670f2719acfd0dcb9151
corrective,11,case_11_0045_cycle_019,case_11_0045,19,focal_drift,45.99925273599076,25.80533218383789,37.95148385955588,0.682995471303437,0,-46.85042690277524,0.0,0.0,True,False,0.9159925273599075,do_nothing,False,20.0,deae18d30ab2e84a2b289b3df855b14523a4f341cd0b28fc21dfda4663dd61e9
corrective,11,case_11_0047_cycle_000,case_11_0047,0,normal,12.64332405930754,17.42447853088379,17.42447853088379,0.3762468119564334,0,1.4642632564273088,0.0,0.0,False,False,0.1264332405930754,do_nothing,False,1.0,3f285e7b6b480b32b719593fea500ddfe767deb4dd66a89625093c5debaf5180
corrective,11,case_11_0047_cycle_001,case_11_0047,1,normal,12.42593443794138,24.595518112182617,24.595518112182617,0.4805023593217517,0,0.48314661296349587,0.0,0.0,False,False,0.1482593443794138,do_nothing,False,2.0,9840dd7bac51c437876d0c6fa01dd72095f1225c5ab48715bfa337de6e80302f
corrective,11,case_11_0047_cycle_002,case_11_0047,2,normal,13.899580750745832,15.988935470581055,15.988935470581055,0.4094559054785151,0,1.2775941916558478,0.0,0.0,False,False,0.18699580750745834,do_nothing,False,3.0,90ae123bead1590ea11f47a6d4ccf5d16e865bc5608766177f1bcac21a273352
corrective,11,case_11_0047_cycle_003,case_11_0047,3,normal,12.85979609657624,16.628429412841797,16.628429412841797,0.4088013753529955,0,1.2368859107997636,0.0,0.0,False,False,0.2005979609657624,do_nothing,False,4.0,68111ea30c66dd70477a14153f3d008cd4a524f7f3f9fa5a31712891893b3bf5
corrective,11,case_11_0047_cycle_004,case_11_0047,4,normal,14.565176699945354,16.10280990600586,16.10280990600586,0.5061644027283225,0,0.1991200385923909,0.0,0.0,False,False,0.24165176699945357,do_nothing,False,5.0,2e3e2d2f0962bc9c22a31695c9e5f56b7ee07a3214235650fa5ca5cad8472105
corrective,11,case_11_0047_cycle_005,case_11_0047,5,normal,13.923130220369858,15.988935470581055,15.988935470581055,0.49120520301502885,0,0.14862531293664985,0.0,0.0,False,False,0.2592313022036986,do_nothing,False,6.0,0b00ffc43e8aec15e112a1aec9e53bf1eac610b01c71582db804ef0ec9af6c32
corrective,11,case_11_0047_cycle_006,case_11_0047,6,normal,15.685881473008267,15.988935470581055,15.988935470581055,0.4915969711523955,0,0.023684010136892614,0.0,0.0,False,False,0.3008588147300827,do_nothing,False,7.0,e5bafecb3ca4f9cf275bf667d4dad3f9a8093f79ad0a8fee864e3d5f72734400
corrective,11,case_11_0047_cycle_007,case_11_0047,7,normal,13.15632845971936,18.190675735473633,18.190675735473633,0.45139633683827013,0,0.03360069568267865,0.0,0.0,False,False,0.2995632845971936,do_nothing,False,8.0,dcc89cce603b5e5f24f658f82f9ceea48c50f812158dc19a72c6010bea1cfcf7
corrective,11,case_11_0047_cycle_008,case_11_0047,8,normal,11.77430687667791,20.742347717285156,20.742347717285156,0.39840364630895153,0,0.9110102467533199,0.0,0.0,False,False,0.30974306876677915,do_nothing,False,9.0,9796516ead86bb5d031696dab38ff666a870d83d6f44fe7f7c32ba370be2a451
corrective,11,case_11_0047_cycle_009,case_11_0047,9,normal,14.890403906136,18.894943237304688,18.894943237304688,0.36361086468592585,0,0.7507462531130312,0.0,0.0,False,False,0.36490403906136,do_nothing,False,10.0,8fecbd0d4515f4462bfe4ce1b0115297f57ad9467ecffae7f61d62bf96018c23
corrective,11,case_11_0047_cycle_010,case_11_0047,10,normal,13.985016903095538,21.526554107666016,21.526554107666016,0.4407069645705083,0,0.6943434482215576,0.0,0.0,False,False,0.37985016903095536,do_nothing,False,11.0,ab52094a4cc66613c9f23469325cf63f44358ec6ae420cbec6558df0042e4959
corrective,11,case_11_0047_cycle_011,case_11_0047,11,normal,14.138262782646718,15.988935470581055,15.988935470581055,0.4146751336580944,0,0.6216508464718844,0.0,0.0,False,False,0.40538262782646717,do_nothing,False,12.0,181a27065509033038929b74cf4529edabfcb1233c3253d8abe3b56e32a2b29d
corrective,11,case_11_0047_cycle_012,case_11_0047,12,normal,15.999194956455675,18.067535400390625,18.067535400390625,0.374809402812006,0,0.499802740884529,0.0,0.0,False,False,0.44799194956455674,do_nothing,False,13.0,9565c3eb33969fa2eecce08d0ef88229baed6f7ccd96c12742c0708fe48896ac
corrective,11,case_11_0047_cycle_013,case_11_0047,13,normal,15.268627364448225,20.312532424926758,20.312532424926758,0.5410956238580675,0,-0.4752231645121569,0.0,0.0,False,False,0.4646862736444823,do_nothing,False,14.0,61f788497a3783ea01b89d9f24c0423ab8f1a6c344da85959acfd605ea5f0011
corrective,11,case_11_0047_cycle_014,case_11_0047,14,normal,16.816899740932953,18.95355796813965,18.95355796813965,0.4660202882722368,0,-0.5824100354688241,0.0,0.0,False,False,0.5041689974093295,do_nothing,False,15.0,38ecbe91de364b6f229de3107be0ddd90b425413cf744ce1a36bbeb03337369f
corrective,11,case_11_0047_cycle_015,case_11_0047,15,normal,14.399058568748806,17.28422737121582,17.28422737121582,0.3389732079247692,0,0.3371822617488206,0.0,0.0,False,False,0.503990585687488,do_nothing,False,16.0,0e8c8f89dd4069cf9be5eb211671399de814c855711c355c81393196a1d21594
corrective,11,case_11_0047_cycle_016,case_11_0047,16,normal,14.012011984622461,16.13681983947754,16.13681983947754,0.4221398363580401,0,0.26431866500762013,0.0,0.0,False,False,0.5241201198462246,do_nothing,False,17.0,40900b1ca27aae9b9806eb69b19dbbae584c7a66de6ac35afb689ff82d796398
corrective,11,case_11_0047_cycle_017,case_11_0047,17,normal,14.955814047280583,15.988935470581055,15.988935470581055,0.30874683026421057,0,0.18101355404195096,0.0,0.0,False,False,0.5575581404728058,do_nothing,False,18.0,e41a61d8a1d228f8304e272189cd904c20b5313143f2c5222a93da05993372bf
corrective,11,case_11_0047_cycle_018,case_11_0047,18,normal,14.99268526199089,19.191661834716797,19.191661834716797,0.470276206906311,0,-0.8163219888956732,0.0,0.0,False,False,0.5819268526199088,do_nothing,False,19.0,546500fc11f0228d95abfbbdcb2a800160ce6a2700c72f1d16ec88640ad0dbea
corrective,11,case_11_0047_cycle_019,case_11_0047,19,normal,16.151568756084643,15.988935470581055,15.988935470581055,0.5580978966747265,0,-0.9362617471837485,0.0,0.0,False,False,0.6175156875608465,do_nothing,False,20.0,a9c66ed972f8f77edd9080f49cc7c20adf5993663410133d40a9c2a458405e3e
fixed_periodic,11,case_11_0021_cycle_000,case_11_0021,0,normal,13.319022531681531,16.13681983947754,16.13681983947754,0.3376553480344687,0,1.4497810218443838,0.0,0.0,False,False,0.13319022531681532,do_nothing,False,1.0,c29ab9155fde23171f504bf0efb92d7e2c9db5cf68b46d73d9d1d715584dd6c0
fixed_periodic,11,case_11_0021_cycle_001,case_11_0021,1,normal,14.531776521565188,19.741859436035156,19.741859436035156,0.4023266441891061,0,1.3316977077246785,0.0,0.0,False,False,0.16931776521565187,do_nothing,False,2.0,a70e77d6e2d8737ebbe84e62f8774f7efd014ef455327802e236c7294829847a
fixed_periodic,11,case_11_0021_cycle_002,case_11_0021,2,normal,14.47991830620253,23.089780807495117,23.089780807495117,0.5938445739946475,0,0.3325257647147269,0.0,0.0,False,False,0.19279918306202531,do_nothing,False,3.0,c10f5767fe1f4b143c3768a7f4c7224cb82407341451f573b0ba52aac8b28d35
fixed_periodic,11,case_11_0021_cycle_003,case_11_0021,3,normal,15.824721707833856,22.687088012695312,22.687088012695312,0.353165972297294,0,1.1562834529203903,0.0,0.0,False,False,0.23024721707833856,do_nothing,False,4.0,110c6b78f9975f5337397cc143a89011f3da66a8cfc2a92f446bb3e35ce43135
fixed_periodic,11,case_11_0021_cycle_004,case_11_0021,4,normal,14.284138281669065,19.56587028503418,19.56587028503418,0.5798419896980929,0,0.1964995530952141,0.0,0.0,False,False,0.23884138281669065,do_nothing,False,5.0,614e5cd88899fc7a3eb34ad05de2986a3ac5112f765a140baacb838f82a58cd5
fixed_periodic,11,case_11_0021_cycle_005,case_11_0021,5,normal,16.884729318822828,19.07741928100586,19.07741928100586,0.4755423113211129,0,0.0621267737371482,0.0,0.0,False,False,0.28884729318822827,do_nothing,False,6.0,dcf79c05d78f89d732b7b128b85b1776e91857a98e43e228e4ad0aebb413b8d8
fixed_periodic,11,case_11_0021_cycle_006,case_11_0021,6,normal,14.684006704414632,23.09821128845215,23.09821128845215,0.3601881782746103,0,0.9734515721263695,0.0,0.0,False,False,0.29084006704414633,do_nothing,False,7.0,ed19896682986ab0f41d09ea786a65ef276ddb676d880b58328675761995033c
fixed_periodic,11,case_11_0021_cycle_007,case_11_0021,7,normal,16.276002984310743,16.578954696655273,16.578954696655273,0.26095958944584013,2,-1.2102252618589566,0.3415509129257766,0.267895943760155,False,True,0.20507121850272664,minor_maintenance,False,0.0,b403034fcc70d79f9defcc297c21e098daaa88197fc369d43fbbdfbfd53ea38e
fixed_periodic,11,case_11_0021_cycle_008,case_11_0021,8,normal,19.47227807261192,16.726839065551758,16.726839065551758,0.4082886269106915,0,1.2545883637850386,0.0,0.0,False,False,0.1947227807261192,do_nothing,False,1.0,f31b9244a25401c51d1add407273247dbdfbb205f2492465cfbb31f0dada4db7
fixed_periodic,11,case_11_0021_cycle_009,case_11_0021,9,normal,14.570852629067799,17.347036361694336,17.347036361694336,0.37466790537284567,0,1.3346742353220393,0.0,0.0,False,False,0.16970852629067798,do_nothing,False,2.0,d5b159ad575a6cc10c66ba51766e072b45b1c0ef676d98e67e7ceccf85fe5475
fixed_periodic,11,case_11_0021_cycle_010,case_11_0021,10,normal,18.27569011304432,16.13681983947754,16.13681983947754,0.42246656423544704,0,1.1443593119733535,0.0,0.0,False,False,0.2307569011304432,do_nothing,False,3.0,cede2ce3ee3103780c59f797aa2cc4336eae982dba50da91900c28eabadb5c9a
fixed_periodic,11,case_11_0021_cycle_011,case_11_0021,11,normal,16.703614649593906,17.614768981933594,24.944099267913693,0.6701011065864866,0,0.18237639452420978,0.0,0.0,False,False,0.23903614649593907,do_nothing,False,4.0,7d2c5bbac135ee939a0f3517537924eb7f078f53437121ea76b795c79bca8303
fixed_periodic,11,case_11_0021_cycle_012,case_11_0021,12,normal,17.66252481761934,19.62386703491211,19.62386703491211,0.4714250109589365,0,0.11141050382757939,0.0,0.0,False,False,0.2726252481761934,do_nothing,False,5.0,2cb19fc66cb4a602d55d6326f5fd073a31f4927730214c320f73bf5c92a617c3
fixed_periodic,11,case_11_0021_cycle_013,case_11_0021,13,normal,15.342861037005573,16.10280990600586,16.10280990600586,0.4907461248147199,0,0.10610225016762484,0.0,0.0,False,False,0.2734286103700557,do_nothing,False,6.0,3a2a40f91ef274b82514878b1db0aa26e07b04aa403eef07243949443c23e8be
fixed_periodic,11,case_11_0021_cycle_014,case_11_0021,14,normal,15.650883056056408,21.7314395904541,21.7314395904541,0.3751397627024498,0,0.9422025439129402,0.0,0.0,False,False,0.3005088305605641,do_nothing,False,7.0,7eed9afc4398901c7c0f4a653bf79f02c7ebae4317d74fc1d9d6c19a285bd1b1
fixed_periodic,11,case_11_0021_cycle_015,case_11_0021,15,normal,15.001439342346037,18.725313186645508,18.725313186645508,0.334697537360945,2,-1.1404004016052989,0.298296521990159,0.2504905965542024,False,True,0.19716892392254542,minor_maintenance,False,0.0,cdd08a11a4ae3c5330dc61063df257b9b18e4acea795525c1fe09beef431dd36
fixed_periodic,11,case_11_0021_cycle_016,case_11_0021,16,normal,17.305465024903366,18.090261459350586,18.090261459350586,0.40601125073385785,0,1.3199343616428203,0.0,0.0,False,False,0.17305465024903366,do_nothing,False,1.0,c2ec3ec4cdf9adfd2669e0baf6eb3fd8306d8afa4bb27e590be4f3a1125c2f67
fixed_periodic,11,case_11_0021_cycle_017,case_11_0021,17,normal,14.175364037883698,23.3907527923584,23.3907527923584,0.5679191186028664,0,0.41755121107305915,0.0,0.0,False,False,0.16575364037883697,do_nothing,False,2.0,60ef3a637c33a2585573078e072a5fd8bb3b000726dab24500ab99ab08f69f66
fixed_periodic,11,case_11_0021_cycle_018,case_11_0021,18,normal,15.812481171078288,19.519332885742188,19.519332885742188,0.4131274474521365,0,1.2196564477498308,0.0,0.0,False,False,0.2061248117107829,do_nothing,False,3.0,0e09912c38c1d08533896d2054a33cca8fbeeec31eef030a6e4120f1b9d3a32d
fixed_periodic,11,case_11_0021_cycle_019,case_11_0021,19,normal,15.131029222659523,22.305072784423828,22.305072784423828,0.3903368652871888,0,1.1715185935271362,0.0,0.0,False,False,0.22331029222659524,do_nothing,False,4.0,d0c28519edcd3a02e57a89498aaef4a361204020eea36a89e7d9e79f42185c0e
fixed_periodic,11,case_11_0023_cycle_000,case_11_0023,0,low_shielding_gas,28.5098320682346,29.0341739654541,29.0341739654541,0.5072362727783151,0,0.06861959703621472,0.0,0.0,False,False,0.28509832068234603,do_nothing,False,1.0,2746375746895ab85bc25779240514ae5255e9445654c3b339499bb5d40bf435
fixed_periodic,11,case_11_0023_cycle_001,case_11_0023,1,low_shielding_gas,33.10405449008619,29.463205337524414,37.57613255139705,0.6950792624182824,0,-0.16938352406532817,0.0,0.0,False,False,0.35504054490086195,do_nothing,False,2.0,afc9a5380ff004fdf5c18bb6a62f73f7572ae81da21b287843ea0cb0fb207fbd
fixed_periodic,11,case_11_0023_cycle_002,case_11_0023,2,low_shielding_gas,31.849599504288612,27.90949058532715,27.90949058532715,0.6202562558049194,0,-0.1925264234993962,0.0,0.0,False,False,0.3664959950428861,do_nothing,False,3.0,916d355a057eeed5ca7d48bd80137cac339b5cd39b8dcfc4ec388a3462fc7032
fixed_periodic,11,case_11_0023_cycle_003,case_11_0023,3,low_shielding_gas,33.59124128135328,28.776748657226562,28.776748657226562,0.5923180851364115,2,-1.380400980547061,0.3240823394411054,0.2609423006279036,False,True,0.25290569594439033,minor_maintenance,False,0.0,914f1bc71b4a8bf86b6d72ed31128fa8fa6c29f1a705a117bee84181d77e0f47
fixed_periodic,11,case_11_0023_cycle_004,case_11_0023,4,low_shielding_gas,37.45291771241088,29.506956100463867,42.080704063532856,0.7005974907605409,0,-0.22867715498640762,0.0,0.0,False,False,0.3745291771241088,do_nothing,False,1.0,fcaa0a504adb1c7f1a4e429ae8cb03742af7733efde92e24033dbd46587bb8c8
fixed_periodic,11,case_11_0023_cycle_005,case_11_0023,5,low_shielding_gas,36.92096686460445,29.28071403503418,34.36716281955528,0.690827257114155,0,-0.28325309450525704,0.0,0.0,False,False,0.39320966864604456,do_nothing,False,2.0,de3cfa22fd83029e4c44441226d03f0b7335c6dcb07d930a5b1cb843daac4283
fixed_periodic,11,case_11_0023_cycle_006,case_11_0023,6,low_shielding_gas,36.02762668214266,39.640899658203125,40.25089090703602,0.8001781611621568,0,-0.3448555246386033,0.0,0.0,False,False,0.4082762668214266,do_nothing,False,3.0,d624b31323eb0154bd8d84d41bf5756ac20a42eaf70522f2dbb492f1984c98bb
fixed_periodic,11,case_11_0023_cycle_007,case_11_0023,7,low_shielding_gas,40.99961657246995,34.0689697265625,41.77576703746221,0.7365817714173813,0,-0.5564757628867059,0.0,0.0,False,False,0.4819961657246995,do_nothing,False,4.0,16a6872eb1a808f84de4ead402c0e600aee9e3401ac2473a0be9f13914bccd1d
fixed_periodic,11,case_11_0023_cycle_008,case_11_0023,8,low_shielding_gas,37.45705355068336,34.732479095458984,42.92423156461938,0.7362334692833918,0,-0.5221466269130096,0.0,0.0,False,False,0.47057053550683364,do_nothing,False,5.0,f51c3a7f663fc5b5805e6e5b611aec8edc7ad9b0dd38acb41ef1e709cb238d33
fixed_periodic,11,case_11_0023_cycle_009,case_11_0023,9,low_shielding_gas,38.347874334409795,36.257408142089844,43.58043508202874,0.7449491921850107,0,-0.6221786088600454,0.0,0.0,False,False,0.5034787433440979,do_nothing,False,6.0,ef68e5663eebc7ef5ad36d52450ea47528804038c8f8722f3b3279be7a212f06
fixed_periodic,11,case_11_0023_cycle_010,case_11_0023,10,low_shielding_gas,39.52777122434067,29.39434814453125,40.41706774664024,0.7036123559959534,0,-0.7233749901296131,0.0,0.0,False,False,0.5392777122434067,do_nothing,False,7.0,957d62e3ab5a6aa39c4cc43ca2ea545a88b81e23a55598fa7d9dfae6a89e9212
fixed_periodic,11,case_11_0023_cycle_011,case_11_0023,11,low_shielding_gas,42.65796346230818,39.372589111328125,45.86549766664283,0.7820199087197612,2,-0.7127714970726873,0.29032664796618796,0.24902967799950354,False,False,0.36863937346631076,minor_maintenance,False,0.0,6d0e793aab7ecc0602d06a8fabc2a5ada91be073bfa3281bcb34f32c29361f1d
fixed_periodic,11,case_11_0023_cycle_012,case_11_0023,12,low_shielding_gas,41.26109790406965,30.42448616027832,35.7432438417224,0.7066058129967475,0,-0.34382380907160165,0.0,0.0,False,False,0.4126109790406965,do_nothing,False,1.0,8b116e22425a52b11bfba3622f305090cb461b90e7cd4977a846998688a82773
fixed_periodic,11,case_11_0023_cycle_013,case_11_0023,13,low_shielding_gas,46.510469835919885,36.989925384521484,43.93744358946685,0.7729514215858122,0,-0.5832568083154686,0.0,0.0,False,False,0.4891046983591989,do_nothing,False,2.0,e91697d5888666d51a68a9f7b9a9752e56d81a6db92fc3e84fabfeaca4f65709
fixed_periodic,11,case_11_0023_cycle_014,case_11_0023,14,low_shielding_gas,47.49835562916944,34.0758056640625,40.39807030008734,0.7298183952780662,0,-0.6784234281667929,0.0,0.0,False,False,0.5229835562916944,do_nothing,False,3.0,f0985061b712e67e4c22b98f0b6f74812cedf29f3066ca2e01b065c2c66db318
fixed_periodic,11,case_11_0023_cycle_015,case_11_0023,15,low_shielding_gas,47.80181886184269,39.08440017700195,53.54560801702094,0.7824611022967526,0,-2.767423731199794,0.0,0.0,False,False,0.550018188618427,do_nothing,False,4.0,425ba7cbcc4b2eddb523365c09f4a9fddd609273dc0c21de54c890e1aa8215fb
fixed_periodic,11,case_11_0023_cycle_016,case_11_0023,16,low_shielding_gas,52.94207840437238,39.022010803222656,51.41823382852827,0.7879639189328822,0,-0.9944569399711037,0.0,0.0,False,False,0.6254207840437238,do_nothing,False,5.0,8db86676745523b875ab0d76a1248cb2073817bf1091293fb96c51bab9c8f99d
fixed_periodic,11,case_11_0023_cycle_017,case_11_0023,17,low_shielding_gas,51.57356734031369,39.08440017700195,47.566496491917846,0.7851108429936069,0,-1.0249736466584518,0.0,0.0,False,False,0.6357356734031369,do_nothing,False,6.0,e4eb21c81ec195a7c772a94aceccbb312db9bd96bbb1749bf1d2f74c7a86feb8
fixed_periodic,11,case_11_0023_cycle_018,case_11_0023,18,low_shielding_gas,54.60438072592374,40.11848831176758,51.31353532444612,0.7924727004233333,0,-1.1890023268412122,0.0,0.0,False,False,0.6900438072592374,do_nothing,False,7.0,2b42094822597e3e6e0ab24d4efa4a498916648567db4fa5d1cd77c282479f91
fixed_periodic,11,case_11_0023_cycle_019,case_11_0023,19,low_shielding_gas,52.59261918502772,40.11848831176758,47.427537122339615,0.7898241421967177,2,-0.8614974567092243,0.258309318890021,0.24251474956022492,False,False,0.4302342389471719,minor_maintenance,False,0.0,1fdac9974c434ebea63cc1cd11c290325ce85c2a4633f9cfc75df999e3b123b3
fixed_periodic,11,case_11_0026_cycle_000,case_11_0026,0,normal,10.914330460705795,16.154399871826172,16.154399871826172,0.4542607071187489,0,0.6044309801110138,0.0,0.0,False,False,0.10914330460705796,do_nothing,False,1.0,eb1f378c982a89236b3c2eb72030bb8d58c6e91aa2cbdde9fad14754cef42451
fixed_periodic,11,case_11_0026_cycle_001,case_11_0026,1,normal,11.230347103614845,15.988935470581055,15.988935470581055,0.3638065055170531,0,1.4365186110639967,0.0,0.0,False,False,0.13630347103614845,do_nothing,False,2.0,66787fbcd422800fa37a167f2fe5bc4db6e7f2120b22382d76b2c1c9b86117fb
fixed_periodic,11,case_11_0026_cycle_002,case_11_0026,2,normal,10.358570812417485,15.988935470581055,15.988935470581055,0.4923488531695125,0,0.4713905476520486,0.0,0.0,False,False,0.15158570812417485,do_nothing,False,3.0,97e66c2e7eefb9fa3ae27208e9c37d4ae8bcd68ef831956479de4f499b104a0e
fixed_periodic,11,case_11_0026_cycle_003,case_11_0026,3,normal,12.88683852187875,19.83677864074707,19.83677864074707,0.44566365544912523,0,1.2305452960262686,0.0,0.0,False,False,0.2008683852187875,do_nothing,False,4.0,432ef649ccf7a4d241cc8a337e727bbe35c23246e6ef7d75ff5391cc97c13d51
fixed_periodic,11,case_11_0026_cycle_004,case_11_0026,4,normal,10.654151304888426,17.069738388061523,17.069738388061523,0.3958947338646548,0,1.2329912507736491,0.0,0.0,False,False,0.20254151304888426,do_nothing,False,5.0,152a072c37879af128793b6923e1988dc09c56d503f6ce897ba44797341b0e75
fixed_periodic,11,case_11_0026_cycle_005,case_11_0026,5,normal,10.39130918765528,16.716947555541992,16.716947555541992,0.5240297967781679,0,0.24965625485361653,0.0,0.0,False,False,0.22391309187655278,do_nothing,False,6.0,b6085597585737eceb81024e7211a6b43074c6c653c2157ffe5fcd59d9de6f90
fixed_periodic,11,case_11_0026_cycle_006,case_11_0026,6,normal,9.295513693218215,16.578954696655273,16.578954696655273,0.4052733431643688,0,1.1283435877287982,0.0,0.0,False,False,0.23695513693218215,do_nothing,False,7.0,098de10e7a391aea3a84746cf75919c2d8627f494c6fd8362cfc409049d25795
fixed_periodic,11,case_11_0026_cycle_007,case_11_0026,7,normal,9.169937488797093,16.302284240722656,16.302284240722656,0.49011579953004747,2,-1.0227916836202915,0.2627366895801577,0.254370983523751,False,True,0.16101361243054196,minor_maintenance,False,0.0,fe669f9f888d682bb53c84c36ae246d947e70cc1357f2dba3ac3be51313b83e9
fixed_periodic,11,case_11_0026_cycle_008,case_11_0026,8,normal,8.399198682105187,19.039087295532227,19.039087295532227,0.30578653254372906,0,1.602156059655285,0.0,0.0,False,False,0.08399198682105187,do_nothing,False,1.0,686bf3f8509019f32b22336f8bb4cc74e7c88d2664e8b83afb5856b7182bf9b9
fixed_periodic,11,case_11_0026_cycle_009,case_11_0026,9,normal,10.473987987456153,15.988935470581055,15.988935470581055,0.5219257893526168,0,0.5354914919734229,0.0,0.0,False,False,0.12873987987456154,do_nothing,False,2.0,7da61731dad7d6dbd12ed6d2a08a0a906107b8b8438574d46fe48fcc08b535c3
fixed_periodic,11,case_11_0026_cycle_010,case_11_0026,10,normal,9.358669067551608,19.706560134887695,19.706560134887695,0.5945197858630001,0,0.48606196009400177,0.0,0.0,False,False,0.14158669067551607,do_nothing,False,3.0,3b8851fc1dbbd027b1abea331dca1023a257add7cb517eb03f2d662d531c887f
fixed_periodic,11,case_11_0026_cycle_011,case_11_0026,11,normal,10.46672288182681,19.313262939453125,19.313262939453125,0.4520227960680826,0,0.4021948941349833,0.0,0.0,False,False,0.17666722881826807,do_nothing,False,4.0,e81d4443d6d64adf6f9c276b3cbc5fb4ab1835027c2c2a74a188d93f2adc132d
fixed_periodic,11,case_11_0026_cycle_012,case_11_0026,12,normal,10.796793865027897,15.988935470581055,15.988935470581055,0.3509737830307025,0,1.2354501165945577,0.0,0.0,False,False,0.20396793865027896,do_nothing,False,5.0,b1562e640962868724c8446ffd7d9c7be64cb39be007185b7dabdb48268614ec
fixed_periodic,11,case_11_0026_cycle_013,case_11_0026,13,normal,9.685219076471451,15.988935470581055,15.988935470581055,0.5292022691785003,0,0.2700630873290814,0.0,0.0,False,False,0.21685219076471451,do_nothing,False,6.0,3f2e37e222b54f765973bc46382e32cca07b03f8f01b69b135c099d4a5d1cea2
fixed_periodic,11,case_11_0026_cycle_014,case_11_0026,14,normal,12.224813120030374,16.578954696655273,16.578954696655273,0.31283572889381783,0,1.054330247065016,0.0,0.0,False,False,0.2662481312003038,do_nothing,False,7.0,7a62646ce5e089d6c03e6444254e2bc79a8b03834fa9d81a1abccb2c96160fdb
fixed_periodic,11,case_11_0026_cycle_015,case_11_0026,15,normal,10.846119046881377,18.925918579101562,18.925918579101562,0.38135456598171275,2,-1.0672842148763495,0.2883767084789499,0.25935813403518637,False,True,0.17140593809066454,minor_maintenance,False,0.0,128286dc0942ab893f4a445ede7866724486a494525760b400cd4696520e6bce
fixed_periodic,11,case_11_0026_cycle_016,case_11_0026,16,normal,9.847251667436144,16.908321380615234,16.908321380615234,0.32096152359770436,0,1.55643822143726,0.0,0.0,False,False,0.09847251667436144,do_nothing,False,1.0,015c73874a010ceb68190a3707d367fa4abe9b3a7935da937cb84513f0bd8317
fixed_periodic,11,case_11_0026_cycle_017,case_11_0026,17,normal,10.256521928089345,18.038061141967773,18.038061141967773,0.3945625542365633,0,1.4611199590218353,0.0,0.0,False,False,0.12656521928089345,do_nothing,False,2.0,44f287f03b5f5da9557b18fb489020d7404db0821e4a0c1676b92dd72c71fba7
fixed_periodic,11,case_11_0026_cycle_018,case_11_0026,18,normal,11.116248315432452,16.13681983947754,16.13681983947754,0.5687917186397741,0,0.4371937927410604,0.0,0.0,False,False,0.15916248315432452,do_nothing,False,3.0,6510339b77286fddd9373a1939912b8d095b500a77d5b314d5855e9bb3a15b96
fixed_periodic,11,case_11_0026_cycle_019,case_11_0026,19,normal,13.410871370333698,15.988935470581055,15.988935470581055,0.43774784236671,0,1.2160116825349827,0.0,0.0,False,False,0.206108713703337,do_nothing,False,4.0,37f9f23c501a1cca379f2cdd8b35f31d57fc55234d548d77a238e166d2024ac9
fixed_periodic,11,case_11_0029_cycle_000,case_11_0029,0,focal_drift,25.79136232561862,26.374042510986328,26.374042510986328,0.5347538920895843,0,0.14604604641800373,0.0,0.0,False,False,0.2579136232561862,do_nothing,False,1.0,59da39a074fcbadcf90c410f1f5cc3099a9680d72879ff7bac03b3770ef8d892
fixed_periodic,11,case_11_0029_cycle_001,case_11_0029,1,focal_drift,28.569161907374287,27.16546630859375,27.16546630859375,0.43780100102889496,0,0.9052549926244372,0.0,0.0,False,False,0.3096916190737429,do_nothing,False,2.0,61c9af3d63fe2b096390a281e50e37468bff6a29fc8a1367a73b1ead09eec650
fixed_periodic,11,case_11_0029_cycle_002,case_11_0029,2,focal_drift,30.27078923905661,30.908517837524414,30.908517837524414,0.6052618444266773,0,-0.1429129538356998,0.0,0.0,False,False,0.3507078923905661,do_nothing,False,3.0,aff6b0eab736cefca232f2a46039a4c549554528534647652dbbdd65c8fa2995
fixed_periodic,11,case_11_0029_cycle_003,case_11_0029,3,focal_drift,29.45732029653288,31.116252899169922,31.116252899169922,0.4873216371337322,2,-1.2677574580047812,0.31007315088971055,0.25344988003687413,False,True,0.22727538583850385,minor_maintenance,False,0.0,7dea0a33dc662830ceb1827f78932b688bb0f2699ed466b5bad101e292bf555f
fixed_periodic,11,case_11_0029_cycle_004,case_11_0029,4,focal_drift,33.0362905777619,29.007768630981445,29.007768630981445,0.4758536207903079,0,-0.06246676045140327,0.0,0.0,False,False,0.330362905777619,do_nothing,False,1.0,07c40dda3c4ace876570ecaeec459d08b58ac47af0840bb2b7ad7fb1e207724c
fixed_periodic,11,case_11_0029_cycle_005,case_11_0029,5,focal_drift,29.797428471138975,25.621917724609375,25.621917724609375,0.4022958149818806,0,0.8737327736185486,0.0,0.0,False,False,0.3219742847113898,do_nothing,False,2.0,953d49ac286c64d72c62ce47c3e20b0aec7b0c33c32e863ceb954d3c324743ef
fixed_periodic,11,case_11_0029_cycle_006,case_11_0029,6,focal_drift,33.03480106796985,37.8160400390625,37.8160400390625,0.5842498070265391,0,-0.22268150309307638,0.0,0.0,False,False,0.37834801067969853,do_nothing,False,3.0,7aceaf23033a0310b312f40dbf97fdde41e4c6ca49d8f3378f550a4ebd7feeec
fixed_periodic,11,case_11_0029_cycle_007,case_11_0029,7,focal_drift,40.421315646895735,29.878379821777344,29.878379821777344,0.5361580224189446,0,-0.5090631727697137,0.0,0.0,False,False,0.47621315646895734,do_nothing,False,4.0,85619666290534a8124d632548f5f8ef25ec28067b0afe497261ae71732affff
fixed_periodic,11,case_11_0029_cycle_008,case_11_0029,8,focal_drift,35.007812126180085,30.720510482788086,30.720510482788086,0.6425111700739728,0,-0.4346110392964985,0.0,0.0,False,False,0.44607812126180085,do_nothing,False,5.0,e3ee5bdca4eb6fb23f114b0a4dcdcaeb7a8e1c70ab7b8aed494c8961eb146d7e
fixed_periodic,11,case_11_0029_cycle_009,case_11_0029,9,focal_drift,39.80885103990509,26.603914260864258,40.64193083867781,0.6911767917907429,0,-0.6579420499657641,0.0,0.0,False,False,0.5180885103990509,do_nothing,False,6.0,85587c4e785da27c06004fcd46c79805d898381a7f7eb1b2fb2ff35ab7f02855
fixed_periodic,11,case_11_0029_cycle_010,case_11_0029,10,focal_drift,37.39131791627152,24.759872436523438,24.759872436523438,0.5526984118760216,0,-0.6366442992695488,0.0,0.0,False,False,0.5179131791627152,do_nothing,False,7.0,77f2d8fb2ba0f3ba4798a7f2f3fd7b8cb2ac8edb9f8591f68cc35e15c23838a0
fixed_periodic,11,case_11_0029_cycle_011,case_11_0029,11,focal_drift,37.03350516472318,31.21946907043457,31.21946907043457,0.440124293628822,2,-1.6064866136927733,0.33059979056506883,0.2607062287744124,False,True,0.33376773202128374,minor_maintenance,False,0.0,d225d6ef4eb71f4e33d1c1f45b50c1f99389ddff7542f43b2553978d6b63475c
fixed_periodic,11,case_11_0029_cycle_012,case_11_0029,12,focal_drift,45.21228196653562,30.24079132080078,30.24079132080078,0.6327217064700751,0,-0.45127671496658,0.0,0.0,False,False,0.4521228196653562,do_nothing,False,1.0,fa7325fbb0c9caea68ea672063815c032926e8ee0939faab1987193dd257beaf
fixed_periodic,11,case_11_0029_cycle_013,case_11_0029,13,focal_drift,39.20721976976162,25.857364654541016,25.857364654541016,0.5843007625695158,0,-0.335861707478276,0.0,0.0,False,False,0.4160721976976162,do_nothing,False,2.0,e2992957dc1c291e8e50a7b0421fa8956ef0774cdab2fea6b88d8be7d3afb8f1
fixed_periodic,11,case_11_0029_cycle_014,case_11_0029,14,focal_drift,42.055396740858434,33.6099853515625,46.97200429756659,0.6833389714237735,0,-0.508162747939319,0.0,0.0,False,False,0.46855396740858435,do_nothing,False,3.0,02f6a9be89a185048acdb529491c490126b1001f7cd3b21a0d1e0aff706d7a47
fixed_periodic,11,case_11_0029_cycle_015,case_11_0029,15,focal_drift,44.56270505385051,34.58864974975586,43.303533413653575,0.6980347727887652,0,-0.6575863675338303,0.0,0.0,False,False,0.5176270505385051,do_nothing,False,4.0,b2ab7281644bd5cbf0a65cd55b086d848a111f0526c746577942282415a66548
fixed_periodic,11,case_11_0029_cycle_016,case_11_0029,16,focal_drift,45.880548979324146,30.356250762939453,42.47042182465798,0.7177273235767355,0,-0.7720755679162349,0.0,0.0,False,False,0.5548054897932415,do_nothing,False,5.0,23629a1342e2ec743ee6bf1d0583b1b7fb2f2fb7f882719fc94389a559ba3761
fixed_periodic,11,case_11_0029_cycle_017,case_11_0029,17,focal_drift,47.855349848348666,36.7528190612793,41.78429261622961,0.73889253891783,0,-0.9064943762881346,0.0,0.0,False,False,0.5985534984834867,do_nothing,False,6.0,a7b49801ca3976a49e4555cfdd26b9809ea92dd98397f591a8b7a899eaa0b7e2
fixed_periodic,11,case_11_0029_cycle_018,case_11_0029,18,focal_drift,46.49480578329968,33.097232818603516,39.63621829791001,0.7296584103054723,0,-0.9362929350448115,0.0,0.0,False,False,0.6089480578329969,do_nothing,False,7.0,fbf0dac16058aee3a0f1a1df3c11adf9c9069a140c83ea33a4dffb10286deb8e
fixed_periodic,11,case_11_0029_cycle_019,case_11_0029,19,focal_drift,49.21178539574054,33.755062103271484,43.39885958297054,0.7010650848895854,2,-0.864638028559099,0.3257087316680086,0.25743790724609783,False,False,0.4092730694535914,minor_maintenance,False,0.0,3f3f019e638287f1e6821015d0a27a60986bb25fe325b2c22594f356cb943b6f
fixed_periodic,11,case_11_0032_cycle_000,case_11_0032,0,normal,11.169179129383684,17.29862403869629,17.29862403869629,0.4626595584666316,0,0.5955256923484947,0.0,0.0,False,False,0.11169179129383684,do_nothing,False,1.0,3b8e4e2480efd60d9cd67415e4cd87eb9769f8d690cafc32f1d224a654e043cc
fixed_periodic,11,case_11_0032_cycle_001,case_11_0032,1,normal,10.227587444146703,15.988935470581055,15.988935470581055,0.4418481839891691,0,1.4548951490772235,0.0,0.0,False,False,0.12627587444146704,do_nothing,False,2.0,daa2b0faee8c80b602e0fd860c188b78ef285c670642e3dea43b171d88f6e7f4
fixed_periodic,11,case_11_0032_cycle_002,case_11_0032,2,normal,11.401550475343608,15.988935470581055,15.988935470581055,0.3403435013986455,0,1.3629019605298949,0.0,0.0,False,False,0.1620155047534361,do_nothing,False,3.0,b68022c39308244bd4185cf5f7c522520f0339f28cdfe71fa2597d6a60d7e195
fixed_periodic,11,case_11_0032_cycle_003,case_11_0032,3,normal,12.290653713239076,18.280298233032227,18.280298233032227,0.4629883987491967,0,0.3458321287904483,0.0,0.0,False,False,0.19490653713239076,do_nothing,False,4.0,9154e74fd50891e67a92d169fb822a9451e0548540fc3c041d08e9cd9df8d8e4
fixed_periodic,11,case_11_0032_cycle_004,case_11_0032,4,normal,11.56989386544232,16.250694274902344,16.250694274902344,0.29858712162226464,0,1.2201151157933907,0.0,0.0,False,False,0.21169893865442319,do_nothing,False,5.0,f2c0162fe48b00add1ac475f9079da795bf5392262f38909631d8df765f5a149
fixed_periodic,11,case_11_0032_cycle_005,case_11_0032,5,normal,11.447652799902434,18.66720962524414,18.66720962524414,0.6094078225665261,0,0.20515924261794807,0.0,0.0,False,False,0.23447652799902435,do_nothing,False,6.0,c76dcb06ca8e24b1f2134e65510d08006933af5208393ea2da8b2e7c1598b076
fixed_periodic,11,case_11_0032_cycle_006,case_11_0032,6,normal,12.308148649845513,16.250694274902344,16.250694274902344,0.34109021721046173,0,1.0475920079230656,0.0,0.0,False,False,0.2670814864984551,do_nothing,False,7.0,e0a3d52d4ccf4d0b05e01e9dd79b73c721f1b18999a27045a097cfd41f55c003
fixed_periodic,11,case_11_0032_cycle_007,case_11_0032,7,normal,11.188906291412877,17.28422737121582,17.28422737121582,0.430280189128439,2,-1.0760009165629796,0.2954692237415904,0.24424500928980458,False,True,0.17353121900675986,minor_maintenance,False,0.0,8c4b96594fc9b5b1eb146c65f57cea4ff2a19fa084cfc93b39ff9e0da8b8f636
fixed_periodic,11,case_11_0032_cycle_008,case_11_0032,8,normal,11.0151855371948,17.21404266357422,17.21404266357422,0.43192124221159695,0,1.5047562475524165,0.0,0.0,False,False,0.110151855371948,do_nothing,False,1.0,f865aa53a035f029094e6fe3981babac6b3e94ef3636927b051e3d10acc20ba4
fixed_periodic,11,case_11_0032_cycle_009,case_11_0032,9,normal,10.50848165415163,16.10280990600586,16.10280990600586,0.5207053289514402,0,0.5346397510327351,0.0,0.0,False,False,0.1290848165415163,do_nothing,False,2.0,0bda25ff4e933731e3bb7ba044aa6b544ce176fd221d59e75dedd22e4f144f6b
fixed_periodic,11,case_11_0032_cycle_010,case_11_0032,10,normal,10.08625805223511,18.53108787536621,18.53108787536621,0.40952038365155735,0,1.3919842008852132,0.0,0.0,False,False,0.1488625805223511,do_nothing,False,3.0,64a5d0b1a0312e1991c112098131e614695f348c7bffcd191352b1c55fe9b234
fixed_periodic,11,case_11_0032_cycle_011,case_11_0032,11,normal,10.452102451303247,16.794517517089844,16.794517517089844,0.37659395509912313,0,1.3139478331960341,0.0,0.0,False,False,0.17652102451303248,do_nothing,False,4.0,484883e0c3d83dcd9cfc2790e98942e36186f97c4cf6b99573e4cc0565adcbf0
fixed_periodic,11,case_11_0032_cycle_012,case_11_0032,12,normal,11.426825805662945,16.429412841796875,16.429412841796875,0.43103540997225315,0,1.2045399143342737,0.0,0.0,False,False,0.21026825805662946,do_nothing,False,5.0,6c9c2117939464235e4a77b1935f6da602a33e7b29aceda0247a66b1952abef6
fixed_periodic,11,case_11_0032_cycle_013,case_11_0032,13,normal,12.709434837373765,19.47468376159668,26.657079681995697,0.6716865227758562,0,0.15796397646240867,0.0,0.0,False,False,0.24709434837373764,do_nothing,False,6.0,887a89a507bd21bfac75844fbc31fcceb9d039a31dcc4f51140f943b9729a2cc
fixed_periodic,11,case_11_0032_cycle_014,case_11_0032,14,normal,11.955355050060817,16.602670669555664,16.602670669555664,0.40447108209840116,0,1.0486686861834154,0.0,0.0,False,False,0.26355355050060814,do_nothing,False,7.0,5d6d7a3d91a7423b1e9b7b7e603da8f94ea6d95683399f016716687776d3838a
fixed_periodic,11,case_11_0032_cycle_015,case_11_0032,15,normal,12.051360491752929,20.270191192626953,20.270191192626953,0.5068004497320058,2,-1.0758053917796953,0.26758283414641715,0.24445898128359086,False,True,0.17887843504886816,minor_maintenance,False,0.0,b8cbaa1f2cee0c1712654e81d1a33d9f7a2e957285b76689e7f300f5d1e76b02
fixed_periodic,11,case_11_0032_cycle_016,case_11_0032,16,normal,12.864019517656548,15.988935470581055,15.988935470581055,0.47348139034957043,0,0.543057205917868,0.0,0.0,False,False,0.12864019517656547,do_nothing,False,1.0,64fc52153bb06e6eaf5eda115c33a3a2ec8e347f757bf949f1c0aca5bc29c825
fixed_periodic,11,case_11_0032_cycle_017,case_11_0032,17,normal,10.948861762695357,16.13681983947754,16.13681983947754,0.383195032866282,0,1.442054892189197,0.0,0.0,False,False,0.13348861762695358,do_nothing,False,2.0,61d142b53a258ce222a7b79cc1549ac961b9f724ae155a77a472255ae5581ca5
fixed_periodic,11,case_11_0032_cycle_018,case_11_0032,18,normal,12.245065625472993,16.2226619720459,16.2226619720459,0.34908252377013516,0,1.33628565267029,0.0,0.0,False,False,0.17045065625472994,do_nothing,False,3.0,52b3201eab34a666f218bd2a1e7693dca99759e824222b865327a041f02eca97
fixed_periodic,11,case_11_0032_cycle_019,case_11_0032,19,normal,12.55978981413603,15.988935470581055,15.988935470581055,0.6539048007438816,0,0.30912058546433685,0.0,0.0,False,False,0.1975978981413603,do_nothing,False,4.0,3004e43d5a1ea02b72df3c2ac18d6675d1ece750916d322f068787c1ec65c1c5
fixed_periodic,11,case_11_0040_cycle_000,case_11_0040,0,lens_contamination,25.292687740746672,33.70533752441406,33.70533752441406,0.43840830637765726,0,1.0754581218209511,0.0,0.0,False,False,0.2529268774074667,do_nothing,False,1.0,b29c2d47bfc7727aab3ead3f1e75409a32272dec34b8a233a1cbda80034ba411
fixed_periodic,11,case_11_0040_cycle_001,case_11_0040,1,lens_contamination,28.42060652855099,27.12776756286621,27.12776756286621,0.31394751193852344,0,0.9282896773526916,0.0,0.0,False,False,0.3082060652855099,do_nothing,False,2.0,38acd332eb00f09f791a48abbbc46b88222acdb0e7970426e972f710fdeac0bc
fixed_periodic,11,case_11_0040_cycle_002,case_11_0040,2,lens_contamination,25.284036562231183,31.449724197387695,31.449724197387695,0.45393705999916634,0,0.029388344133189567,0.0,0.0,False,False,0.3008403656223118,do_nothing,False,3.0,748849f23e1de879bd1e76dcc567d56a922be0b6727d12b9b54b26e507cd41de
fixed_periodic,11,case_11_0040_cycle_003,case_11_0040,3,lens_contamination,32.71646292786905,32.329524993896484,31.093564484008105,0.7131548376005572,2,-1.3753229463772838,0.3279210693232347,0.24747805119450167,False,True,0.24748207015278811,minor_maintenance,False,0.0,9e1ee1c439506e4cb74e133ee0f401a6e26fb99e96c048b6b440f3a8c7a29f9d
fixed_periodic,11,case_11_0040_cycle_004,case_11_0040,4,lens_contamination,28.42624325662072,30.776994705200195,30.776994705200195,0.5469112751728388,0,0.06517601102545258,0.0,0.0,False,False,0.2842624325662072,do_nothing,False,1.0,a69258ed3f0d77c89b29dc2ebb8be68129a81adea26302847ffd4d0c3f6aa922
fixed_periodic,11,case_11_0040_cycle_005,case_11_0040,5,lens_contamination,35.08530570478014,35.944000244140625,35.944000244140625,0.5706501086190873,0,-0.2101566874362673,0.0,0.0,False,False,0.3748530570478014,do_nothing,False,2.0,1c8f6a494c697562e016c1f6047065072bd71d39dc17a3e62c34f7cc33a321c7
fixed_periodic,11,case_11_0040_cycle_006,case_11_0040,6,lens_contamination,31.11161337361517,31.45226287841797,31.45226287841797,0.4227685025205262,0,0.759236323413466,0.0,0.0,False,False,0.3591161337361517,do_nothing,False,3.0,b5f14a6243e28add5f7f8f11610aaab3ee0c09710be479b1341ea04358ed9833
fixed_periodic,11,case_11_0040_cycle_007,case_11_0040,7,lens_contamination,37.61975596169157,35.703800201416016,35.703800201416016,0.5810573333877112,0,-0.43175127885890363,0.0,0.0,False,False,0.44819755961691565,do_nothing,False,4.0,118ec95021d23022664beaf846f6b535b82b1a3ad745276a7d82ee793dd7895b
fixed_periodic,11,case_11_0040_cycle_008,case_11_0040,8,lens_contamination,34.21432620692814,33.618865966796875,40.6681172512041,0.6320889231457177,0,-0.4092431246797019,0.0,0.0,False,False,0.43814326206928145,do_nothing,False,5.0,4aa5cf7d9feac5014bebd82be414116c73b4e535422a7012a2eb8586e6363cd7
fixed_periodic,11,case_11_0040_cycle_009,case_11_0040,9,lens_contamination,33.628091080997635,35.175071716308594,35.21986009008834,0.6578432308659306,0,-0.46751921705981864,0.0,0.0,False,False,0.45628091080997635,do_nothing,False,6.0,03e507e2bc11baed7136123ad53a1b20fc5d135a574dd49568ce1c881e8c0717
fixed_periodic,11,case_11_0040_cycle_010,case_11_0040,10,lens_contamination,33.764812168169925,31.748291015625,31.748291015625,0.6159796822997369,0,-0.5373413173900584,0.0,0.0,False,False,0.4816481216816993,do_nothing,False,7.0,a1c97cf252e8ef2eae8b97f622e3debc9894009dd8840c972cb91e7117dc39eb
fixed_periodic,11,case_11_0040_cycle_011,case_11_0040,11,lens_contamination,35.40658338905667,38.54806900024414,38.54806900024414,0.6013514157510867,2,-1.5420854297736721,0.2816534648088507,0.24898350195713048,False,True,0.3236808170121514,minor_maintenance,False,0.0,db31aa04c902acc848dbe8d565afd557aa1e8dd7d0958054b4c5bd30d8c6f474
fixed_periodic,11,case_11_0040_cycle_012,case_11_0040,12,lens_contamination,39.528685959394664,39.89210510253906,36.50542598639178,0.7170538557377852,0,-0.2934186571425077,0.0,0.0,False,False,0.39528685959394666,do_nothing,False,1.0,d5e98ee802a5fbd0b8b0d7620d340cf57a7a14ee73da0a514edd54085d4eaee9
fixed_periodic,11,case_11_0040_cycle_013,case_11_0040,13,lens_contamination,35.730977362704394,42.54671096801758,36.534345146643474,0.6925651234640369,0,-0.2478140894007374,0.0,0.0,False,False,0.38130977362704394,do_nothing,False,2.0,22e8fbb1ae52af1f80404d8df396adc1afbcdeb8e88c3170e0c2157f9ac7ec48
fixed_periodic,11,case_11_0040_cycle_014,case_11_0040,14,lens_contamination,41.69529121725114,31.62961769104004,35.86771156575587,0.6851502395480011,0,-0.4976312724497344,0.0,0.0,False,False,0.4649529121725114,do_nothing,False,3.0,d61c3a35ec924339fa3fc67ac849ef2c8467a8a73aabbc29a2a9ebb49013990b
fixed_periodic,11,case_11_0040_cycle_015,case_11_0040,15,lens_contamination,42.848822992443125,37.97195053100586,47.37050730739796,0.6498945583706395,0,-0.5989488735288899,0.0,0.0,False,False,0.5004882299244313,do_nothing,False,4.0,56bc6138c258fd0762c6df077874cf4719c293440179b391c5af450d0b0a62fc
fixed_periodic,11,case_11_0040_cycle_016,case_11_0040,16,lens_contamination,41.980168006998205,42.61628341674805,40.370558125537066,0.7648225769699729,0,-0.6621284267554421,0.0,0.0,False,False,0.5158016800699821,do_nothing,False,5.0,1dad6940c388aa413a2f83da8a82c054c4db6edbf4a1c780dc5d1ad4056da02d
fixed_periodic,11,case_11_0040_cycle_017,case_11_0040,17,lens_contamination,39.41160769910121,43.0743408203125,46.56850765995428,0.7433106890756789,0,-0.6538448343343881,0.0,0.0,False,False,0.5141160769910121,do_nothing,False,6.0,c697395bb3c4dc9fface4219041fdd58044e4a312f793583ff22cf6609336f9a
fixed_periodic,11,case_11_0040_cycle_018,case_11_0040,18,lens_contamination,46.947312882318734,33.619102478027344,36.36786718643488,0.7470443011570038,0,-0.9524760316431127,0.0,0.0,False,False,0.6134731288231874,do_nothing,False,7.0,b8baceb44d3084dffcc65a373e0fc7f90ff2ea3b8d4d034ce134acb5af33ecae
fixed_periodic,11,case_11_0040_cycle_019,case_11_0040,19,lens_contamination,49.513612728281295,43.888648986816406,38.857293784229455,0.7477380068783772,2,-0.790851124029905,0.24791375863313275,0.2466793345237294,False,False,0.41114439891534404,minor_maintenance,False,0.0,c3591640405b2c2548786a5f60052c0184bfdd2830cee7e04ab68b6a880ff83d
fixed_periodic,11,case_11_0043_cycle_000,case_11_0043,0,focal_drift,22.284831535774696,23.259645462036133,23.259645462036133,0.4699741862242124,0,0.26095892599312726,0.0,0.0,False,False,0.22284831535774696,do_nothing,False,1.0,b83323c536a89e1cb4378587df15a3695d9f80d5f04f7c79447994c5b8b40ff8
fixed_periodic,11,case_11_0043_cycle_001,case_11_0043,1,focal_drift,21.711436430019393,20.821195602416992,20.821195602416992,0.44085088826580493,0,1.1105292738595476,0.0,0.0,False,False,0.24111436430019392,do_nothing,False,2.0,96866e6397c79f0cffbf00d8f6873ec3c7a222e94391de796c486a8c380dec9e
fixed_periodic,11,case_11_0043_cycle_002,case_11_0043,2,focal_drift,19.960524812836614,24.20523452758789,24.20523452758789,0.36692710345620255,0,1.1021451900964712,0.0,0.0,False,False,0.24760524812836615,do_nothing,False,3.0,7d4c3763a6c571e6f628440310f19756725293a845b5741dd066fee1dcc76305
fixed_periodic,11,case_11_0043_cycle_003,case_11_0043,3,focal_drift,20.168918804342802,24.420368194580078,24.420368194580078,0.33653216543994724,0,1.028452611053724,0.0,0.0,False,False,0.273689188043428,do_nothing,False,4.0,9f8b10118a23a4a1634cd99272f18464ef81ad0568f610a432a94e9161266042
fixed_periodic,11,case_11_0043_cycle_004,case_11_0043,4,focal_drift,23.53751227483518,26.040708541870117,26.040708541870117,0.43522278703993655,0,0.8405912136989542,0.0,0.0,False,False,0.3313751227483518,do_nothing,False,5.0,30265fb1aafd3190c0c5101b4d72a1d0ce0dbb8da79dd1a4a02645128400800c
fixed_periodic,11,case_11_0043_cycle_005,case_11_0043,5,focal_drift,23.23997173799391,29.43604850769043,37.94784767379603,0.717589372814048,0,-0.16483755806192463,0.0,0.0,False,False,0.35239971737993914,do_nothing,False,6.0,d6cc4db504eb5d86efb99d776882795c4c970f49fd247ba603daaf0b55792ae1
fixed_periodic,11,case_11_0043_cycle_006,case_11_0043,6,focal_drift,22.494374787546594,22.950531005859375,22.950531005859375,0.35853145152215715,0,0.7393890386452786,0.0,0.0,False,False,0.3689437478754659,do_nothing,False,7.0,1f6538eac0a0a71ccaa19bc9bfcf3fc534335df932242733482522ddf889788d
fixed_periodic,11,case_11_0043_cycle_007,case_11_0043,7,focal_drift,24.889021396328378,18.236141204833984,22.558612749974976,0.6731533266352937,2,-1.3559692697867163,0.286731139633942,0.24106166648221541,False,True,0.25847193265723595,minor_maintenance,False,0.0,fdaee4e7a1eb441e2b1a9278e72d24a2ff546bee1a2508cb222d8887fe403ecb
fixed_periodic,11,case_11_0043_cycle_008,case_11_0043,8,focal_drift,22.809397431179494,24.83856964111328,24.83856964111328,0.39406188923812424,0,1.1566087936788965,0.0,0.0,False,False,0.22809397431179496,do_nothing,False,1.0,6e22cfb8012f8cd6ee214f135d3df7ca59781388ddc69c246fd32932f315ceed
fixed_periodic,11,case_11_0043_cycle_009,case_11_0043,9,focal_drift,25.15216125746798,26.92634391784668,26.92634391784668,0.4535079083484023,0,0.10540897602370011,0.0,0.0,False,False,0.27552161257467983,do_nothing,False,2.0,6f31468a918c8fd031e2c933583e45c73673415a0ea4f572ba5f85968602d41d
fixed_periodic,11,case_11_0043_cycle_010,case_11_0043,10,focal_drift,30.828627078760274,28.372478485107422,28.372478485107422,0.4405258910996705,0,0.7650623039722413,0.0,0.0,False,False,0.3562862707876027,do_nothing,False,3.0,f62aa634cc2f7d57a0b74c0362be9263cc6f1f7d25b6486b5da4492d370382d0
fixed_periodic,11,case_11_0043_cycle_011,case_11_0043,11,focal_drift,29.94527746627399,24.226131439208984,24.226131439208984,0.49840292120907126,0,-0.18911876216958046,0.0,0.0,False,False,0.3714527746627399,do_nothing,False,4.0,b8bd361bb67e2e5d717c6d7e928ac7ac5dba302a3466f1ba07ef35fa53ce9fd0
fixed_periodic,11,case_11_0043_cycle_012,case_11_0043,12,focal_drift,33.65828089272856,26.005718231201172,26.005718231201172,0.3602566904454519,0,0.5482130696513252,0.0,0.0,False,False,0.4325828089272857,do_nothing,False,5.0,ff7042be1afda55e90025dfc605dabea888d7726a3feccf7f2aa9faae00ed939
fixed_periodic,11,case_11_0043_cycle_013,case_11_0043,13,focal_drift,32.056290713329496,30.655227661132812,30.655227661132812,0.4035299577211413,0,0.5177817849419442,0.0,0.0,False,False,0.44056290713329493,do_nothing,False,6.0,f0ab88c7f929835da9f191013a0ca04593aa9f7c3bad6e1d5a6c8ecbef8b053a
fixed_periodic,11,case_11_0043_cycle_014,case_11_0043,14,focal_drift,33.14072226040497,27.304719924926758,27.304719924926758,0.539845137946328,0,-0.5071984385040983,0.0,0.0,False,False,0.4754072226040497,do_nothing,False,7.0,767962e86ca51ec65cb2be2a1ba28b9447e6d399bcdb99c83972b15ad3cbb579
fixed_periodic,11,case_11_0043_cycle_015,case_11_0043,15,focal_drift,35.6931594776481,29.88629150390625,29.88629150390625,0.42487986289125074,2,-1.5710662136586975,0.3195671845566205,0.26424285423016824,False,True,0.3254575887614182,minor_maintenance,False,0.0,8bf9b64078f34bc56cf57d00604ab0fdc4d91c7eca37c5e9b8fca0dfc1b1a03b
fixed_periodic,11,case_11_0043_cycle_016,case_11_0043,16,focal_drift,33.12663331224304,32.10294723510742,32.10294723510742,0.3944767717241895,0,0.8470294848740805,0.0,0.0,False,False,0.33126633312243037,do_nothing,False,1.0,02f2619c051db5ac017d2478b808be1d48551b4186ab5a10051eaec8df7022c3
fixed_periodic,11,case_11_0043_cycle_017,case_11_0043,17,focal_drift,33.82368256810259,29.81087875366211,29.81087875366211,0.531253343567616,0,-0.16639847857822015,0.0,0.0,False,False,0.36223682568102594,do_nothing,False,2.0,91ac235c74b1a77082fd106c40d41ec52682bc9a5f00aad276b9c90da6ec67c4
fixed_periodic,11,case_11_0043_cycle_018,case_11_0043,18,focal_drift,36.404160714433914,29.0335750579834,29.0335750579834,0.4392816237297334,0,0.5979829350075226,0.0,0.0,False,False,0.41204160714433913,do_nothing,False,3.0,72e885f1c8e2ecdc3168ecda413c6b9dd1596ca9933d48b367d74ee3c52b7790
fixed_periodic,11,case_11_0043_cycle_019,case_11_0043,19,focal_drift,33.16395571972298,26.72549819946289,26.72549819946289,0.5878362948909609,0,-0.29909411582533346,0.0,0.0,False,False,0.40363955719722977,do_nothing,False,4.0,a2597d936551fcc30646c12987ccefcae4440313e6670b713b27794adebd15a3
fixed_periodic,11,case_11_0045_cycle_000,case_11_0045,0,focal_drift,22.197722343244106,21.518756866455078,21.518756866455078,0.463276180115951,0,0.2645769026852842,0.0,0.0,False,False,0.22197722343244106,do_nothing,False,1.0,23640f33c5c52b857fb757fce9680376bba5733718d99617f67ef7c2f2aa8533
fixed_periodic,11,case_11_0045_cycle_001,case_11_0045,1,focal_drift,26.694436767382925,29.443632125854492,29.443632125854492,0.3670735008881545,0,0.9721058718452891,0.0,0.0,False,False,0.29094436767382925,do_nothing,False,2.0,3c21c3605993b6019d624a046231523b20d26ce4ec3a4584ea33f5fa00241bf8
fixed_periodic,11,case_11_0045_cycle_002,case_11_0045,2,focal_drift,25.378775386804374,22.946386337280273,22.946386337280273,0.4603915976582318,0,0.025577998747134068,0.0,0.0,False,False,0.30178775386804374,do_nothing,False,3.0,23fb7940d23c6b2db1dfcf526e950bc1760948bf99574d88a127d90a993b9e1f
fixed_periodic,11,case_11_0045_cycle_003,case_11_0045,3,focal_drift,21.881163716805275,28.90313148498535,28.90313148498535,0.5187125192224904,2,-1.0767233602591697,0.26407832300268036,0.2424106428006722,False,True,0.1803032150441927,minor_maintenance,False,0.0,e76c9fd65f7ec0582ff9e5c04cc44a39d00a2c9c9edab79bb6932d71b8e31c40
fixed_periodic,11,case_11_0045_cycle_004,case_11_0045,4,focal_drift,20.969591678684207,26.128582000732422,26.128582000732422,0.5198716894012948,0,0.29293149622927955,0.0,0.0,False,False,0.20969591678684207,do_nothing,False,1.0,3fb601a098c5274acd1c7ca24650d89e602cf18385c1eca6b786669f868a4aa8
fixed_periodic,11,case_11_0045_cycle_005,case_11_0045,5,focal_drift,25.426703242236464,24.312664031982422,24.312664031982422,0.5384613709096235,0,0.0844296970964624,0.0,0.0,False,False,0.27826703242236467,do_nothing,False,2.0,51d6f1f8902292b9441fcc9c939f55abbe915b1139c07ffcb7132a1068caab4e
fixed_periodic,11,case_11_0045_cycle_006,case_11_0045,6,focal_drift,28.469430756275067,29.68146324157715,29.68146324157715,0.5023606092025774,0,-0.07343701406863855,0.0,0.0,False,False,0.33269430756275065,do_nothing,False,3.0,2f5077d2aab606c04c343e2c57fe5ff6424698e3067654b526ddc47ff2769de7
fixed_periodic,11,case_11_0045_cycle_007,case_11_0045,7,focal_drift,25.353344449792353,24.573444366455078,24.573444366455078,0.6102366910682734,0,-0.06813583715401163,0.0,0.0,False,False,0.32553344449792354,do_nothing,False,4.0,29a306848943bc5dda3086b006f47cfd060c1e54e0df1f5cffa589b6879fc191
fixed_periodic,11,case_11_0045_cycle_008,case_11_0045,8,focal_drift,31.01859066181696,22.539501190185547,22.539501190185547,0.49677578638299147,0,-0.2930740878119575,0.0,0.0,False,False,0.4061859066181696,do_nothing,False,5.0,32556677e57a5a3b11cf9ce0423461e53cd0ea6bd440492741071481f5b173cd
fixed_periodic,11,case_11_0045_cycle_009,case_11_0045,9,focal_drift,32.77915849670446,29.420772552490234,29.420772552490234,0.5008645456421164,0,-0.41850443674745136,0.0,0.0,False,False,0.44779158496704463,do_nothing,False,6.0,fb68fe28c35a7f6e57b31b655b897ac0eba3e9a457a3c111041e39b2a32d85c3
fixed_periodic,11,case_11_0045_cycle_010,case_11_0045,10,focal_drift,31.99576153732999,26.10350799560547,26.10350799560547,0.49645671669412705,0,-0.46634135362401874,0.0,0.0,False,False,0.46395761537329994,do_nothing,False,7.0,e0300c0402adb688cc5556f8953cfcb3791d7964498b2288a8846325a6adbd23
fixed_periodic,11,case_11_0045_cycle_011,case_11_0045,11,focal_drift,34.349440752452125,29.88135528564453,38.8577446580035,0.7117583020238993,2,-1.5259980621107552,0.26844267597018856,0.2492650535517152,False,True,0.31712653266520324,minor_maintenance,False,0.0,1389073ac6dd723bbb5223b3e0d359f3e7c57131e0a2ff0986ab5238024b205a
fixed_periodic,11,case_11_0045_cycle_012,case_11_0045,12,focal_drift,36.272442981687966,29.954774856567383,29.954774856567383,0.5316534332378379,0,-0.16792130443631476,0.0,0.0,False,False,0.3627244298168797,do_nothing,False,1.0,986d33642a7ca50c68447f129ea2ae59ed3bff3fc10839ce55382b4ad2833a29
fixed_periodic,11,case_11_0045_cycle_013,case_11_0045,13,focal_drift,38.909022058042375,36.26757049560547,36.26757049560547,0.5777633605998822,0,-0.32593516583125376,0.0,0.0,False,False,0.4130902205804238,do_nothing,False,2.0,44be929528dde2adda2f6857c35b67d4f2cbb3f9666b1237fa5e4ac3ca3dd57c
fixed_periodic,11,case_11_0045_cycle_014,case_11_0045,14,focal_drift,37.020732551227034,27.091543197631836,27.091543197631836,0.5336120346342539,0,-0.3346637817319493,0.0,0.0,False,False,0.41820732551227036,do_nothing,False,3.0,0f93843a9a9665abe1976de4885b2c82177ea7418d1e3a42ae74296f3613dfdc
fixed_periodic,11,case_11_0045_cycle_015,case_11_0045,15,focal_drift,35.455404942353006,31.396808624267578,42.7350497612926,0.7097191631344395,0,-0.38612002274075624,0.0,0.0,False,False,0.4265540494235301,do_nothing,False,4.0,aeef364479f32dbdc01cac6086cd20f63c28da04755680e08d6394e244716979
fixed_periodic,11,case_11_0045_cycle_016,case_11_0045,16,focal_drift,40.832094508423786,31.604373931884766,32.693896215952115,0.7203294234221036,0,-0.6210122487660291,0.0,0.0,False,False,0.5043209450842379,do_nothing,False,5.0,0ea31ea388e81aec2904a783056467993bdda247fba0991e9994a15cfb32e8ba
fixed_periodic,11,case_11_0045_cycle_017,case_11_0045,17,focal_drift,46.26692319447741,29.439701080322266,37.10080179957927,0.7019014161082316,0,-0.8532929082505568,0.0,0.0,False,False,0.582669231944774,do_nothing,False,6.0,9de78895155ab3acf0b99c045e61927ca2f69fce59f28d893c08c80f62eff10a
fixed_periodic,11,case_11_0045_cycle_018,case_11_0045,18,focal_drift,45.90885779305903,37.33124542236328,43.226540966489225,0.7473222943607163,0,-0.9213640779458785,0.0,0.0,False,False,0.6030885779305903,do_nothing,False,7.0,c4e09e385d671c0625697063bedfd32da8783e69ebaab5b32c16418dbf3c5fcd
fixed_periodic,11,case_11_0045_cycle_019,case_11_0045,19,focal_drift,45.99925273599076,25.80533218383789,37.95148385955588,0.682995471303437,2,-0.7845484592798264,0.3171259213867431,0.24613389538517452,False,False,0.3893553669631427,minor_maintenance,False,0.0,4d712c7ca5d591d6a6e177f06c542adfba63357406d203601b04285c92770a92
fixed_periodic,11,case_11_0047_cycle_000,case_11_0047,0,normal,12.64332405930754,17.42447853088379,17.42447853088379,0.3762468119564334,0,1.4642632564273088,0.0,0.0,False,False,0.1264332405930754,do_nothing,False,1.0,bf84a15916b707258b4f530bf7a750ada56037b090e97b64238e8692d5da884f
fixed_periodic,11,case_11_0047_cycle_001,case_11_0047,1,normal,12.42593443794138,24.595518112182617,24.595518112182617,0.4805023593217517,0,0.48314661296349587,0.0,0.0,False,False,0.1482593443794138,do_nothing,False,2.0,f96c785b002e7e604d6567272dd8c80b8640c936d3b786873dbc657b0e16fa74
fixed_periodic,11,case_11_0047_cycle_002,case_11_0047,2,normal,13.899580750745832,15.988935470581055,15.988935470581055,0.4094559054785151,0,1.2775941916558478,0.0,0.0,False,False,0.18699580750745834,do_nothing,False,3.0,3a158cb57268f127e6693e43937ed0748d6f37e9154acf85f2c1310ce6e2a1d3
fixed_periodic,11,case_11_0047_cycle_003,case_11_0047,3,normal,12.85979609657624,16.628429412841797,16.628429412841797,0.4088013753529955,0,1.2368859107997636,0.0,0.0,False,False,0.2005979609657624,do_nothing,False,4.0,82735381f8e243830e46b5cba1da5372827c7f055346992e9f5c76be1692adb3
fixed_periodic,11,case_11_0047_cycle_004,case_11_0047,4,normal,14.565176699945354,16.10280990600586,16.10280990600586,0.5061644027283225,0,0.1991200385923909,0.0,0.0,False,False,0.24165176699945357,do_nothing,False,5.0,0448852332f07de28356b10d87a7bf62f060742429acc03d5f414e27bc6455bf
fixed_periodic,11,case_11_0047_cycle_005,case_11_0047,5,normal,13.923130220369858,15.988935470581055,15.988935470581055,0.49120520301502885,0,0.14862531293664985,0.0,0.0,False,False,0.2592313022036986,do_nothing,False,6.0,c804a95d887200666ef7daea0db7b8fe84807113649a550e3f534eea5059e049
fixed_periodic,11,case_11_0047_cycle_006,case_11_0047,6,normal,15.685881473008267,15.988935470581055,15.988935470581055,0.4915969711523955,0,0.023684010136892614,0.0,0.0,False,False,0.3008588147300827,do_nothing,False,7.0,55082cb40e4940cf46f1e47c96da9561fdfa308f9feedb18905f5b93c46d5514
fixed_periodic,11,case_11_0047_cycle_007,case_11_0047,7,normal,13.15632845971936,18.190675735473633,18.190675735473633,0.45139633683827013,2,-1.1767807104221935,0.34504062786503575,0.2585536533507963,False,True,0.18572923645026004,minor_maintenance,False,0.0,cc7b6e17bda882f0a1e7d06a8b1747a1aace468fb04d5257281f49bc8ad8bb17
fixed_periodic,11,case_11_0047_cycle_008,case_11_0047,8,normal,11.77430687667791,20.742347717285156,20.742347717285156,0.39840364630895153,0,1.4870102467533202,0.0,0.0,False,False,0.1177430687667791,do_nothing,False,1.0,8123a5cf210f71415b9b0bd8d70a77490f19f8301a7b7e0e2c68f3e1a457ce3a
fixed_periodic,11,case_11_0047_cycle_009,case_11_0047,9,normal,14.890403906136,18.894943237304688,18.894943237304688,0.36361086468592585,0,1.3267462531130312,0.0,0.0,False,False,0.17290403906135998,do_nothing,False,2.0,59e473fc0826df164fc0096e1d8d4145fb7c90c8f37407d3695a6b8941ac79a3
fixed_periodic,11,case_11_0047_cycle_010,case_11_0047,10,normal,13.985016903095538,21.526554107666016,21.526554107666016,0.4407069645705083,0,1.2703434482215576,0.0,0.0,False,False,0.1878501690309554,do_nothing,False,3.0,6b3757f271d9a462b02dbdf0ba3bfb941aa79185162445622669afe17912e59c
fixed_periodic,11,case_11_0047_cycle_011,case_11_0047,11,normal,14.138262782646718,15.988935470581055,15.988935470581055,0.4146751336580944,0,1.1976508464718842,0.0,0.0,False,False,0.2133826278264672,do_nothing,False,4.0,82ba88d92e1406debe8aa6166dc1209d502fd33ee61f03149c49f972734aa349
fixed_periodic,11,case_11_0047_cycle_012,case_11_0047,12,normal,15.999194956455675,18.067535400390625,18.067535400390625,0.374809402812006,0,1.0758027408845288,0.0,0.0,False,False,0.2559919495645568,do_nothing,False,5.0,389015ba460c9a81173889792e9fdee5b343ce41a4d647ee083d2824e269da65
fixed_periodic,11,case_11_0047_cycle_013,case_11_0047,13,normal,15.268627364448225,20.312532424926758,20.312532424926758,0.5410956238580675,0,0.10077683548784304,0.0,0.0,False,False,0.2726862736444823,do_nothing,False,6.0,709ba10adb80c8825f22e04547e305bb06e2b82c79924ed70d59743a86f88ac5
fixed_periodic,11,case_11_0047_cycle_014,case_11_0047,14,normal,16.816899740932953,18.95355796813965,18.95355796813965,0.4660202882722368,0,-0.006410035468824016,0.0,0.0,False,False,0.3121689974093295,do_nothing,False,7.0,ad8e09503bc7e8718d950c8fdef59bd8694a2330c6d2c77e449ff6d5048ae50f
fixed_periodic,11,case_11_0047_cycle_015,case_11_0047,15,normal,14.399058568748806,17.28422737121582,17.28422737121582,0.3389732079247692,2,-1.1745495609380119,0.3333852020337907,0.26251986042097253,False,True,0.1934341631262426,minor_maintenance,False,0.0,22485d19518f78d7af79e2fa203118e11f28096ee5a003f262e259679bdd7ed6
fixed_periodic,11,case_11_0047_cycle_016,case_11_0047,16,normal,14.012011984622461,16.13681983947754,16.13681983947754,0.4221398363580401,0,1.4163186650076203,0.0,0.0,False,False,0.1401201198462246,do_nothing,False,1.0,8b4b35f8e47e5e474c53a4d04d9f67f7da65642c476171945dcbceeb1e836e68
fixed_periodic,11,case_11_0047_cycle_017,case_11_0047,17,normal,14.955814047280583,15.988935470581055,15.988935470581055,0.30874683026421057,0,1.333013554041951,0.0,0.0,False,False,0.17355814047280582,do_nothing,False,2.0,296fd8ae31f14ee404990b987fc06f5c8fa5894d62e08ea6f8be08a73e70c7ee
fixed_periodic,11,case_11_0047_cycle_018,case_11_0047,18,normal,14.99268526199089,19.191661834716797,19.191661834716797,0.470276206906311,0,0.3356780111043266,0.0,0.0,False,False,0.19792685261990892,do_nothing,False,3.0,8d17ea81c296b0b190537fdaad8426f7b99616b7d7976097df938020a1f215b3
fixed_periodic,11,case_11_0047_cycle_019,case_11_0047,19,normal,16.151568756084643,15.988935470581055,15.988935470581055,0.5580978966747265,0,0.2157382528162516,0.0,0.0,False,False,0.23351568756084645,do_nothing,False,4.0,64d2ff3d50d8f1dede4811e8da778ffab5219d40ff12bfe971bf1d041cdf218a
alert_only,11,case_11_0021_cycle_000,case_11_0021,0,normal,13.319022531681531,16.13681983947754,16.13681983947754,0.3376553480344687,0,1.4497810218443838,0.0,0.0,False,False,0.13319022531681532,do_nothing,False,1.0,9fe4e81baeb636fdd3713275d16c489b11c63eb6e6d0b936c7da624ce8391630
alert_only,11,case_11_0021_cycle_001,case_11_0021,1,normal,14.531776521565188,19.741859436035156,19.741859436035156,0.4023266441891061,0,1.3316977077246785,0.0,0.0,False,False,0.16931776521565187,do_nothing,False,2.0,43d738ab512899a7031eff28711be2e6353a9c16880b9349b93c4428850a0eee
alert_only,11,case_11_0021_cycle_002,case_11_0021,2,normal,14.47991830620253,23.089780807495117,23.089780807495117,0.5938445739946475,0,0.3325257647147269,0.0,0.0,False,False,0.19279918306202531,do_nothing,False,3.0,f3483b039d07928d39b5afa2c29a67fe3b3b3063f30d959ca926171c088597c1
alert_only,11,case_11_0021_cycle_003,case_11_0021,3,normal,15.824721707833856,22.687088012695312,22.687088012695312,0.353165972297294,0,1.1562834529203903,0.0,0.0,False,False,0.23024721707833856,do_nothing,False,4.0,903297f2e00873299723fc70757d18f015400db6ba17a6d9fc48b96f654a81e4
alert_only,11,case_11_0021_cycle_004,case_11_0021,4,normal,14.284138281669065,19.56587028503418,19.56587028503418,0.5798419896980929,0,0.1964995530952141,0.0,0.0,False,False,0.23884138281669065,do_nothing,False,5.0,1d9573efeb815fa9709b2e3a41ab18edd7e5201d39aa98b4f13cb9ec0b96464f
alert_only,11,case_11_0021_cycle_005,case_11_0021,5,normal,16.884729318822828,19.07741928100586,19.07741928100586,0.4755423113211129,0,0.0621267737371482,0.0,0.0,False,False,0.28884729318822827,do_nothing,False,6.0,d6d15ed66d194139a191f7cbd42504735ad03ce79d39c87141486feaa8b5e404
alert_only,11,case_11_0021_cycle_006,case_11_0021,6,normal,14.684006704414632,23.09821128845215,23.09821128845215,0.3601881782746103,0,0.9734515721263695,0.0,0.0,False,False,0.29084006704414633,do_nothing,False,7.0,6ef289b04c30d96fcf849d12e1053adcca92bcc68c615d0fa687026dea3fc004
alert_only,11,case_11_0021_cycle_007,case_11_0021,7,normal,16.276002984310743,16.578954696655273,16.578954696655273,0.26095958944584013,0,0.8685759720538015,0.0,0.0,False,False,0.3307600298431075,do_nothing,False,8.0,80abe7c16ae15d4ffce762ee828242b35175b96b8029b95ba384ab94cf50b22f
alert_only,11,case_11_0021_cycle_008,case_11_0021,8,normal,19.47227807261192,16.726839065551758,16.726839065551758,0.4082886269106915,0,0.6785883637850385,0.0,0.0,False,False,0.3867227807261192,do_nothing,False,9.0,f829be413fd7a86f452697bf7da72803347fc5cf207f984acd6b2a091197d64b
alert_only,11,case_11_0021_cycle_009,case_11_0021,9,normal,14.570852629067799,17.347036361694336,17.347036361694336,0.37466790537284567,0,0.7586742353220393,0.0,0.0,False,False,0.36170852629067796,do_nothing,False,10.0,f8bac3e147536344fdd731ade0c7569e89070ca1875a491f58d3255cd61261e5
alert_only,11,case_11_0021_cycle_010,case_11_0021,10,normal,18.27569011304432,16.13681983947754,16.13681983947754,0.42246656423544704,0,0.5683593119733535,0.0,0.0,False,False,0.4227569011304432,do_nothing,False,11.0,69f003a686264e5f9f53ec730aba28f166386101ca2971a5265e7b31fbee54e0
alert_only,11,case_11_0021_cycle_011,case_11_0021,11,normal,16.703614649593906,17.614768981933594,24.944099267913693,0.6701011065864866,0,-0.39362360547578995,0.0,0.0,False,False,0.431036146495939,do_nothing,False,12.0,b1c5ef5bc057ebd959e5e6153bf7ab474aca949542ee4160959475b853afa113
alert_only,11,case_11_0021_cycle_012,case_11_0021,12,normal,17.66252481761934,19.62386703491211,19.62386703491211,0.4714250109589365,0,-0.46458949617242057,0.0,0.0,False,False,0.4646252481761934,do_nothing,False,13.0,1a7339a231cf2efd067d5f6a4e106929794ac600b3aa8e8c315cb2fe6a506343
alert_only,11,case_11_0021_cycle_013,case_11_0021,13,normal,15.342861037005573,16.10280990600586,16.10280990600586,0.4907461248147199,0,-0.4698977498323751,0.0,0.0,False,False,0.46542861037005573,do_nothing,False,14.0,b8e386538c33c4de2a43f444f5de1f15d34294e9897398b9f5f1055f1657bba7
alert_only,11,case_11_0021_cycle_014,case_11_0021,14,normal,15.650883056056408,21.7314395904541,21.7314395904541,0.3751397627024498,0,0.36620254391294016,0.0,0.0,False,False,0.4925088305605641,do_nothing,False,15.0,7f20e026ffda5fd1974d88ede11a1c5414ed0a53689ae58db4901eef6b08ad9c
alert_only,11,case_11_0021_cycle_015,case_11_0021,15,normal,15.001439342346037,18.725313186645508,18.725313186645508,0.334697537360945,0,0.3197521891254774,0.0,0.0,False,False,0.5100143934234603,do_nothing,False,16.0,75e1f39658312923ffa8649120723c39e34d16fe13397b901530b63632839588
alert_only,11,case_11_0021_cycle_016,case_11_0021,16,normal,17.305465024903366,18.090261459350586,18.090261459350586,0.40601125073385785,0,0.16793436164282038,0.0,0.0,False,False,0.5570546502490337,do_nothing,False,17.0,b040cf4ea42e482952448beba4773a22c39eb8f7d091e19efe765446560fdaf3
alert_only,11,case_11_0021_cycle_017,case_11_0021,17,normal,14.175364037883698,23.3907527923584,23.3907527923584,0.5679191186028664,0,-0.734448788926941,0.0,0.0,False,False,0.549753640378837,do_nothing,False,18.0,8459b8faa9d813849304adbc68c884190d8bfd904aba2b937a8e012549aeeb70
alert_only,11,case_11_0021_cycle_018,case_11_0021,18,normal,15.812481171078288,19.519332885742188,19.519332885742188,0.4131274474521365,0,0.06765644774983082,0.0,0.0,False,False,0.5901248117107829,do_nothing,False,19.0,1dc147418e74d6aef187d24a32073a494b5b5afc7f1af55f9aec8f370ca80612
alert_only,11,case_11_0021_cycle_019,case_11_0021,19,normal,15.131029222659523,22.305072784423828,22.305072784423828,0.3903368652871888,0,0.019518593527136252,0.0,0.0,False,False,0.6073102922265952,do_nothing,False,20.0,3e6f5917317bf13d24ce8a1ba5cf36f3f3e0cf53d86eba9eadccd9a73eefca2f
alert_only,11,case_11_0023_cycle_000,case_11_0023,0,low_shielding_gas,28.5098320682346,29.0341739654541,29.0341739654541,0.5072362727783151,0,0.06861959703621472,0.0,0.0,False,False,0.28509832068234603,do_nothing,False,1.0,af3d2901790dec69fd9ef26231e00d8d0a5ca7027c15237ddb1ab15452dfe4ee
alert_only,11,case_11_0023_cycle_001,case_11_0023,1,low_shielding_gas,33.10405449008619,29.463205337524414,37.57613255139705,0.6950792624182824,0,-0.16938352406532817,0.0,0.0,False,False,0.35504054490086195,do_nothing,False,2.0,ebda5462e3e9ad971f3d46c83a98929951effabc7c5c8e9d179639f8d3d1a967
alert_only,11,case_11_0023_cycle_002,case_11_0023,2,low_shielding_gas,31.849599504288612,27.90949058532715,27.90949058532715,0.6202562558049194,0,-0.1925264234993962,0.0,0.0,False,False,0.3664959950428861,do_nothing,False,3.0,4dd03504dcd9e3605c5f34014836b35a87b95afa987998642164b9e2847ec214
alert_only,11,case_11_0023_cycle_003,case_11_0023,3,low_shielding_gas,33.59124128135328,28.776748657226562,28.776748657226562,0.5923180851364115,0,-0.31258495121106017,0.0,0.0,False,False,0.4079124128135328,do_nothing,False,4.0,b35c1596e98b97d622320d1f6bda5d3b84d8dd9867c18af982e8b63e04e8bab8
alert_only,11,case_11_0023_cycle_004,case_11_0023,4,low_shielding_gas,37.45291771241088,29.506956100463867,42.080704063532856,0.7005974907605409,0,-0.5166771549864076,0.0,0.0,False,False,0.47052917712410885,do_nothing,False,5.0,0d227893dd70203551737b581babd158139d8acd272924d55f0f6bc3099480ce
alert_only,11,case_11_0023_cycle_005,case_11_0023,5,low_shielding_gas,36.92096686460445,29.28071403503418,34.36716281955528,0.690827257114155,0,-0.5712530945052569,0.0,0.0,False,False,0.48920966864604454,do_nothing,False,6.0,e3fac76b8ace383419aa15f1b37d9c3e442cf05741846b0f446052bbdecf30c5
alert_only,11,case_11_0023_cycle_006,case_11_0023,6,low_shielding_gas,36.02762668214266,39.640899658203125,40.25089090703602,0.8001781611621568,0,-0.6328555246386035,0.0,0.0,False,False,0.5042762668214267,do_nothing,False,7.0,7a57eb35977cfcb066633072f9974e6a031d5e7761c9cf0beba9cfa23d1c0628
alert_only,11,case_11_0023_cycle_007,case_11_0023,7,low_shielding_gas,40.99961657246995,34.0689697265625,41.77576703746221,0.7365817714173813,0,-0.8444757628867057,0.0,0.0,False,False,0.5779961657246995,do_nothing,False,8.0,7262de38e8b2e3e22972269df460ccdeb8cc0e8307d98cada2b6f79654bf9bb2
alert_only,11,case_11_0023_cycle_008,case_11_0023,8,low_shielding_gas,37.45705355068336,34.732479095458984,42.92423156461938,0.7362334692833918,0,-0.8101466269130099,0.0,0.0,False,False,0.5665705355068337,do_nothing,False,9.0,cd5236299852607676e7b50198393fb963ef8e3ed01613a8dab1c1af45ccb1c6
alert_only,11,case_11_0023_cycle_009,case_11_0023,9,low_shielding_gas,38.347874334409795,36.257408142089844,43.58043508202874,0.7449491921850107,0,-0.9101786088600456,0.0,0.0,False,False,0.599478743344098,do_nothing,False,10.0,29ac0369995f5d003f8b2094c7246c8e401b4dbc741c3ffdb8fa0aab25aba87e
alert_only,11,case_11_0023_cycle_010,case_11_0023,10,low_shielding_gas,39.52777122434067,29.39434814453125,40.41706774664024,0.7036123559959534,0,-1.011374990129613,0.0,0.0,False,False,0.6352777122434067,do_nothing,False,11.0,17f40a316c635955572c75e5b065d5d733be559025438b113d76ee24d51dfdc3
alert_only,11,case_11_0023_cycle_011,case_11_0023,11,low_shielding_gas,42.65796346230818,39.372589111328125,45.86549766664283,0.7820199087197612,0,-1.1890418901772097,0.0,0.0,False,False,0.6905796346230818,do_nothing,False,12.0,13fd2e09cdb06d092240a860c99601bfe7a5c4761185994a57173c209eb88332
alert_only,11,case_11_0023_cycle_012,case_11_0023,12,low_shielding_gas,41.26109790406965,30.42448616027832,35.7432438417224,0.7066058129967475,0,-1.2078238090716014,0.0,0.0,False,False,0.7006109790406965,do_nothing,False,13.0,acb83375a03da92cc85d940672a706e677495b99e30c50f1f1a766e5da6b871a
alert_only,11,case_11_0023_cycle_013,case_11_0023,13,low_shielding_gas,46.510469835919885,36.989925384521484,43.93744358946685,0.7729514215858122,0,-1.4472568083154687,0.0,0.0,False,False,0.7771046983591989,do_nothing,False,14.0,c8b5d18049d068d126a54ab61c0e457800844dc04b8ae99e70253931e122a825
alert_only,11,case_11_0023_cycle_014,case_11_0023,14,low_shielding_gas,47.49835562916944,34.0758056640625,40.39807030008734,0.7298183952780662,0,-1.5424234281667932,0.0,0.0,False,False,0.8109835562916944,do_nothing,False,15.0,60e414176539b7955c735bfd9be6711a58bf98fc0fde80c1aa800ed662af3245
alert_only,11,case_11_0023_cycle_015,case_11_0023,15,low_shielding_gas,47.80181886184269,39.08440017700195,53.54560801702094,0.7824611022967526,0,-48.631423731199796,0.0,0.0,True,False,0.838018188618427,do_nothing,False,16.0,a4883fbcc3fca116d6971ab3250935c0b3f367a002a6c612654470532d4bdcd7
alert_only,11,case_11_0023_cycle_016,case_11_0023,16,low_shielding_gas,52.94207840437238,39.022010803222656,51.41823382852827,0.7879639189328822,0,-46.858456939971106,0.0,0.0,True,False,0.9134207840437238,do_nothing,False,17.0,755cb82f0a01e9ce5e35b2c774a3f5f09e3e40474751a451cb8faa51aa4d60d7
alert_only,11,case_11_0023_cycle_017,case_11_0023,17,low_shielding_gas,51.57356734031369,39.08440017700195,47.566496491917846,0.7851108429936069,0,-46.88897364665845,0.0,0.0,True,False,0.923735673403137,do_nothing,False,18.0,d89610de313667c23b98fc4fff6131c85541d05694125fcaecdcaa329e7d9a60
alert_only,11,case_11_0023_cycle_018,case_11_0023,18,low_shielding_gas,54.60438072592374,40.11848831176758,51.31353532444612,0.7924727004233333,0,-47.05300232684121,0.0,0.0,True,False,0.9780438072592373,do_nothing,False,19.0,beef985ca69655bf8e98877e6a3cbaec19470ec171c85c764b803c07a9acbff7
alert_only,11,case_11_0023_cycle_019,case_11_0023,19,low_shielding_gas,52.59261918502772,40.11848831176758,47.427537122339615,0.7898241421967177,0,-47.06425219688034,0.0,0.0,True,False,0.9819261918502772,do_nothing,False,20.0,475945be461cd50fda464e4f3ed3977745adb2c3ee2dd127bf4f40b34c571b2a
alert_only,11,case_11_0026_cycle_000,case_11_0026,0,normal,10.914330460705795,16.154399871826172,16.154399871826172,0.4542607071187489,0,0.6044309801110138,0.0,0.0,False,False,0.10914330460705796,do_nothing,False,1.0,c92fbb740d4ee7d030a16fefcb67cfb836309d15e6f05db7d935effaf67b98d4
alert_only,11,case_11_0026_cycle_001,case_11_0026,1,normal,11.230347103614845,15.988935470581055,15.988935470581055,0.3638065055170531,0,1.4365186110639967,0.0,0.0,False,False,0.13630347103614845,do_nothing,False,2.0,9738b0f9ba804abed69c7c002d4d0c3fc5260e3c1de307f2fa653145d1693741
alert_only,11,case_11_0026_cycle_002,case_11_0026,2,normal,10.358570812417485,15.988935470581055,15.988935470581055,0.4923488531695125,0,0.4713905476520486,0.0,0.0,False,False,0.15158570812417485,do_nothing,False,3.0,afac1cf4295ae918747c41274d5c3f903d099092611ce69e928a9f77699f647d
alert_only,11,case_11_0026_cycle_003,case_11_0026,3,normal,12.88683852187875,19.83677864074707,19.83677864074707,0.44566365544912523,0,1.2305452960262686,0.0,0.0,False,False,0.2008683852187875,do_nothing,False,4.0,15883bf8f1489663dbe0afc92d7231934dd1d00940d9057cff86e6c7b658bf3a
alert_only,11,case_11_0026_cycle_004,case_11_0026,4,normal,10.654151304888426,17.069738388061523,17.069738388061523,0.3958947338646548,0,1.2329912507736491,0.0,0.0,False,False,0.20254151304888426,do_nothing,False,5.0,ea3755925afed64e20d92056ab97473f59390cf2f8d2a126b8aded424ae96848
alert_only,11,case_11_0026_cycle_005,case_11_0026,5,normal,10.39130918765528,16.716947555541992,16.716947555541992,0.5240297967781679,0,0.24965625485361653,0.0,0.0,False,False,0.22391309187655278,do_nothing,False,6.0,8026958c6756bcbea0dbd16aab429f6c005f68ae7c9d1135bc00fa5adf3be258
alert_only,11,case_11_0026_cycle_006,case_11_0026,6,normal,9.295513693218215,16.578954696655273,16.578954696655273,0.4052733431643688,0,1.1283435877287982,0.0,0.0,False,False,0.23695513693218215,do_nothing,False,7.0,fca21483040ef756da2b5849a5711bc175db4d7faa92688941bbe44b2f1a2d44
alert_only,11,case_11_0026_cycle_007,case_11_0026,7,normal,9.169937488797093,16.302284240722656,16.302284240722656,0.49011579953004747,0,0.14738450540658016,0.0,0.0,False,False,0.2596993748879709,do_nothing,False,8.0,b4aead94ba109a379aeac9331520d1bb75c0913434bb92ff1532b516b16cddcb
alert_only,11,case_11_0026_cycle_008,case_11_0026,8,normal,8.399198682105187,19.039087295532227,19.039087295532227,0.30578653254372906,0,1.026156059655285,0.0,0.0,False,False,0.27599198682105186,do_nothing,False,9.0,9ba81844672432ab3feb834904416130293c249d3bbece1941a04ac5accf375d
alert_only,11,case_11_0026_cycle_009,case_11_0026,9,normal,10.473987987456153,15.988935470581055,15.988935470581055,0.5219257893526168,0,-0.04050850802657714,0.0,0.0,False,False,0.32073987987456154,do_nothing,False,10.0,b0490a2abc705eb6b486b2e0671825ba54c8cfb27c36da061ee22458adbcbf65
alert_only,11,case_11_0026_cycle_010,case_11_0026,10,normal,9.358669067551608,19.706560134887695,19.706560134887695,0.5945197858630001,0,-0.08993803990599818,0.0,0.0,False,False,0.33358669067551605,do_nothing,False,11.0,09e2545334c8b5dc5ab968104b9ac1b1ca8bcb5b1f6e1398015c50a40791fb30
alert_only,11,case_11_0026_cycle_011,case_11_0026,11,normal,10.46672288182681,19.313262939453125,19.313262939453125,0.4520227960680826,0,-0.17380510586501652,0.0,0.0,False,False,0.3686672288182681,do_nothing,False,12.0,50a8eb75976f872022425accbeabef073544798d120052f0d7a94f0e70778ecd
alert_only,11,case_11_0026_cycle_012,case_11_0026,12,normal,10.796793865027897,15.988935470581055,15.988935470581055,0.3509737830307025,0,0.6594501165945579,0.0,0.0,False,False,0.39596793865027896,do_nothing,False,13.0,311e5b05303e3fb34add9159366e7bd5911c1d06a964daadc1cb2e5e277f7264
alert_only,11,case_11_0026_cycle_013,case_11_0026,13,normal,9.685219076471451,15.988935470581055,15.988935470581055,0.5292022691785003,0,-0.30593691267091866,0.0,0.0,False,False,0.4088521907647145,do_nothing,False,14.0,0bdf8d3cd093ac31586d901ff81c6838adc64be10a136b123a8598c668116b70
alert_only,11,case_11_0026_cycle_014,case_11_0026,14,normal,12.224813120030374,16.578954696655273,16.578954696655273,0.31283572889381783,0,0.478330247065016,0.0,0.0,False,False,0.4582481312003038,do_nothing,False,15.0,a950ed795f9b6d11e8fa0df12af1198b45ce24b3ac1d1414082cf805b636ac22
alert_only,11,case_11_0026_cycle_015,case_11_0026,15,normal,10.846119046881377,18.925918579101562,18.925918579101562,0.38135456598171275,0,0.4374132436963018,0.0,0.0,False,False,0.46846119046881374,do_nothing,False,16.0,a8d9a724b4204ca9a6eebc118c7d2d8f71e1b067d2a72c30a6bb7c8a20b717cb
alert_only,11,case_11_0026_cycle_016,case_11_0026,16,normal,9.847251667436144,16.908321380615234,16.908321380615234,0.32096152359770436,0,0.4044382214372602,0.0,0.0,False,False,0.4824725166743614,do_nothing,False,17.0,76993f4973d164051719fbfba19d51797dbe8cddcf41ff20241a3ee3cdcc3997
alert_only,11,case_11_0026_cycle_017,case_11_0026,17,normal,10.256521928089345,18.038061141967773,18.038061141967773,0.3945625542365633,0,0.3091199590218352,0.0,0.0,False,False,0.5105652192808935,do_nothing,False,18.0,4b59f566007943f7426d8cd11764aa2bb1ab1c13256bb916f644a460ba9ec2c6
alert_only,11,case_11_0026_cycle_018,case_11_0026,18,normal,11.116248315432452,16.13681983947754,16.13681983947754,0.5687917186397741,0,-0.7148062072589395,0.0,0.0,False,False,0.5431624831543245,do_nothing,False,19.0,9aecc70c25009d0ec522d0f1c7523df00b8fb48b475290d9a669416ebaea0c02
alert_only,11,case_11_0026_cycle_019,case_11_0026,19,normal,13.410871370333698,15.988935470581055,15.988935470581055,0.43774784236671,0,0.06401168253498268,0.0,0.0,False,False,0.590108713703337,do_nothing,False,20.0,a491a8aa261afbe1befdc1d223bdf760c01479c0f5509cc52dfaa4f83c331a99
alert_only,11,case_11_0029_cycle_000,case_11_0029,0,focal_drift,25.79136232561862,26.374042510986328,26.374042510986328,0.5347538920895843,0,0.14604604641800373,0.0,0.0,False,False,0.2579136232561862,do_nothing,False,1.0,61ea4223b11de7e2ee41803672748b77e19426a3b03bab5da26135788f964a24
alert_only,11,case_11_0029_cycle_001,case_11_0029,1,focal_drift,28.569161907374287,27.16546630859375,27.16546630859375,0.43780100102889496,0,0.9052549926244372,0.0,0.0,False,False,0.3096916190737429,do_nothing,False,2.0,a82211c592d24134c9fc4226afeb0d6407d8885e406dff0c7a1b07ee6c3f2fc6
alert_only,11,case_11_0029_cycle_002,case_11_0029,2,focal_drift,30.27078923905661,30.908517837524414,30.908517837524414,0.6052618444266773,0,-0.1429129538356998,0.0,0.0,False,False,0.3507078923905661,do_nothing,False,3.0,bcd40b93c7b7424698f8633dc45011df5b5083f5d3451b3d1c32ea379d4fd1b5
alert_only,11,case_11_0029_cycle_003,case_11_0029,3,focal_drift,29.45732029653288,31.116252899169922,31.116252899169922,0.4873216371337322,0,-0.17281785446604625,0.0,0.0,False,False,0.3665732029653288,do_nothing,False,4.0,6c5b3e48d1113325b767b83d30afa4d46be8b02c02707d75f96f104e8ec956dd
alert_only,11,case_11_0029_cycle_004,case_11_0029,4,focal_drift,33.0362905777619,29.007768630981445,29.007768630981445,0.4758536207903079,0,-0.3504667604514033,0.0,0.0,False,False,0.42636290577761904,do_nothing,False,5.0,375f56ab22a241589c7dc8fe4c123500fa2784f55e3ebb9cc895db247ad5a366
alert_only,11,case_11_0029_cycle_005,case_11_0029,5,focal_drift,29.797428471138975,25.621917724609375,25.621917724609375,0.4022958149818806,0,0.5857327736185486,0.0,0.0,False,False,0.41797428471138975,do_nothing,False,6.0,b3504a432fbe382633f3840c501f4fec9851bdd5129a4700898284cc4f3f4fcc
alert_only,11,case_11_0029_cycle_006,case_11_0029,6,focal_drift,33.03480106796985,37.8160400390625,37.8160400390625,0.5842498070265391,0,-0.5106815030930767,0.0,0.0,False,False,0.47434801067969856,do_nothing,False,7.0,8482e235e5cf096ece42860cce9f80b629125318694358bb5adfeac1e9687a38
alert_only,11,case_11_0029_cycle_007,case_11_0029,7,focal_drift,40.421315646895735,29.878379821777344,29.878379821777344,0.5361580224189446,0,-0.797063172769714,0.0,0.0,False,False,0.5722131564689574,do_nothing,False,8.0,70c6120c8dcfdedd621c7c3d35bd4775e59da0cf981fa05155d0cccf68700dd3
alert_only,11,case_11_0029_cycle_008,case_11_0029,8,focal_drift,35.007812126180085,30.720510482788086,30.720510482788086,0.6425111700739728,0,-0.7226110392964986,0.0,0.0,False,False,0.5420781212618009,do_nothing,False,9.0,0e3a89092d387766038144626bf74a0e3e2411f4addba893e1a47fb3a2d9d19d
alert_only,11,case_11_0029_cycle_009,case_11_0029,9,focal_drift,39.80885103990509,26.603914260864258,40.64193083867781,0.6911767917907429,0,-0.9459420499657644,0.0,0.0,False,False,0.614088510399051,do_nothing,False,10.0,8db4d5fcb406c11b892f6a9c2a62656279eb61cebc15e760f4456f8778d9f2e2
alert_only,11,case_11_0029_cycle_010,case_11_0029,10,focal_drift,37.39131791627152,24.759872436523438,24.759872436523438,0.5526984118760216,0,-0.9246442992695488,0.0,0.0,False,False,0.6139131791627152,do_nothing,False,11.0,b6bb381b8668cb955d5c2c9a4737103a221cac2eeb1f76df3b048475b02940f8
alert_only,11,case_11_0029_cycle_011,case_11_0029,11,focal_drift,37.03350516472318,31.21946907043457,31.21946907043457,0.440124293628822,0,-0.06902379898601863,0.0,0.0,False,False,0.6343350516472318,do_nothing,False,12.0,0dfa40279ee6946d91b4ee40ca8b0c055d2a0340f962a3a22657598c9f8f65ea
alert_only,11,case_11_0029_cycle_012,case_11_0029,12,focal_drift,45.21228196653562,30.24079132080078,30.24079132080078,0.6327217064700751,0,-1.3152767149665796,0.0,0.0,False,False,0.7401228196653562,do_nothing,False,13.0,1d53e525a96424ab868b06015a8b92816a01a5bed612a5d80aecdfb45d4f5c92
alert_only,11,case_11_0029_cycle_013,case_11_0029,13,focal_drift,39.20721976976162,25.857364654541016,25.857364654541016,0.5843007625695158,0,-1.199861707478276,0.0,0.0,False,False,0.7040721976976162,do_nothing,False,14.0,08ce457899fb5e5fab85f2e191628167505d1e5d14b79991d379c7304b50fc28
alert_only,11,case_11_0029_cycle_014,case_11_0029,14,focal_drift,42.055396740858434,33.6099853515625,46.97200429756659,0.6833389714237735,0,-1.372162747939319,0.0,0.0,False,False,0.7565539674085844,do_nothing,False,15.0,27e493becefd5b8010d5e17b36001096b7502ee3d5c01d5ee416e355add07d29
alert_only,11,case_11_0029_cycle_015,case_11_0029,15,focal_drift,44.56270505385051,34.58864974975586,43.303533413653575,0.6980347727887652,0,-1.5215863675338297,0.0,0.0,False,False,0.805627050538505,do_nothing,False,16.0,0112c88328989995328664c60588bb69f14d10ae271c604f925aa0ffc69009c1
alert_only,11,case_11_0029_cycle_016,case_11_0029,16,focal_drift,45.880548979324146,30.356250762939453,42.47042182465798,0.7177273235767355,0,-46.63607556791624,0.0,0.0,True,False,0.8428054897932415,do_nothing,False,17.0,cf3eab05aced859b40daa092781fbe6ca805922eb4dea42005acac56be5748f6
alert_only,11,case_11_0029_cycle_017,case_11_0029,17,focal_drift,47.855349848348666,36.7528190612793,41.78429261622961,0.73889253891783,0,-46.770494376288134,0.0,0.0,True,False,0.8865534984834866,do_nothing,False,18.0,65cfeebe7c2fd787e75d5e6dde1a87f5bce8dce459ca612c0fa0d0c1126ed8ab
alert_only,11,case_11_0029_cycle_018,case_11_0029,18,focal_drift,46.49480578329968,33.097232818603516,39.63621829791001,0.7296584103054723,0,-46.80029293504481,0.0,0.0,True,False,0.8969480578329968,do_nothing,False,19.0,ba89307c83fb02f1d780b5ebae7765801d9191ee4cfb9524e34722e540ab393b
alert_only,11,case_11_0029_cycle_019,case_11_0029,19,focal_drift,49.21178539574054,33.755062103271484,43.39885958297054,0.7010650848895854,0,-46.949513324605654,0.0,0.0,True,False,0.9481178539574054,do_nothing,False,20.0,360b5ca6b412ce888f25a2375ba332bdb1efb90f92148ef101dfddea52f6fa49
alert_only,11,case_11_0032_cycle_000,case_11_0032,0,normal,11.169179129383684,17.29862403869629,17.29862403869629,0.4626595584666316,0,0.5955256923484947,0.0,0.0,False,False,0.11169179129383684,do_nothing,False,1.0,c05aa017df6a46564f5c6393cee62ce151445e1fa845f002a9243081ebd8518a
alert_only,11,case_11_0032_cycle_001,case_11_0032,1,normal,10.227587444146703,15.988935470581055,15.988935470581055,0.4418481839891691,0,1.4548951490772235,0.0,0.0,False,False,0.12627587444146704,do_nothing,False,2.0,d6d1dcb44734f034fd4aba35a549af55fdb79ae4ebf3fd5acd1640d973719b75
alert_only,11,case_11_0032_cycle_002,case_11_0032,2,normal,11.401550475343608,15.988935470581055,15.988935470581055,0.3403435013986455,0,1.3629019605298949,0.0,0.0,False,False,0.1620155047534361,do_nothing,False,3.0,ef3841931295b5404d1862a072692f419eddbc0dca77771193c1fed6ee257a6a
alert_only,11,case_11_0032_cycle_003,case_11_0032,3,normal,12.290653713239076,18.280298233032227,18.280298233032227,0.4629883987491967,0,0.3458321287904483,0.0,0.0,False,False,0.19490653713239076,do_nothing,False,4.0,340a11493e15dc7e57570fe3a6b0c2d761ec0ca236b3c469a3e8f2355aae81ac
alert_only,11,case_11_0032_cycle_004,case_11_0032,4,normal,11.56989386544232,16.250694274902344,16.250694274902344,0.29858712162226464,0,1.2201151157933907,0.0,0.0,False,False,0.21169893865442319,do_nothing,False,5.0,fa40d8cac3f2003e5c8359e896783af4b3724a03c045882b13b5cbc79d9e350e
alert_only,11,case_11_0032_cycle_005,case_11_0032,5,normal,11.447652799902434,18.66720962524414,18.66720962524414,0.6094078225665261,0,0.20515924261794807,0.0,0.0,False,False,0.23447652799902435,do_nothing,False,6.0,202c9313c07d51eef9ab57d150f528fa20dbf0a532b038760ce6330acdd605c6
alert_only,11,case_11_0032_cycle_006,case_11_0032,6,normal,12.308148649845513,16.250694274902344,16.250694274902344,0.34109021721046173,0,1.0475920079230656,0.0,0.0,False,False,0.2670814864984551,do_nothing,False,7.0,7406ba0c946513c173570bcad6c3bfdd3d34fa1485ac3c4696e69a07cf8ca140
alert_only,11,case_11_0032_cycle_007,case_11_0032,7,normal,11.188906291412877,17.28422737121582,17.28422737121582,0.430280189128439,0,0.9957907828883479,0.0,0.0,False,False,0.2798890629141288,do_nothing,False,8.0,0a93f1355ba3c7032f09582d82682ec47cf12546983a61ca43ebc568d0673ccc
alert_only,11,case_11_0032_cycle_008,case_11_0032,8,normal,11.0151855371948,17.21404266357422,17.21404266357422,0.43192124221159695,0,0.9287562475524165,0.0,0.0,False,False,0.302151855371948,do_nothing,False,9.0,5b518fd5a187a741687a66a92278185740710c88d4bd497d7404c20e21df579e
alert_only,11,case_11_0032_cycle_009,case_11_0032,9,normal,10.50848165415163,16.10280990600586,16.10280990600586,0.5207053289514402,0,-0.041360248967265006,0.0,0.0,False,False,0.3210848165415163,do_nothing,False,10.0,03c130202860e84ffcdf30a6984be30375d4fd541f882bb6c1d923bad5c97c39
alert_only,11,case_11_0032_cycle_010,case_11_0032,10,normal,10.08625805223511,18.53108787536621,18.53108787536621,0.40952038365155735,0,0.8159842008852132,0.0,0.0,False,False,0.3408625805223511,do_nothing,False,11.0,c41859fd6a879801c5513fb491407f1357b25344820b9b3f0f72b6175ad7f015
alert_only,11,case_11_0032_cycle_011,case_11_0032,11,normal,10.452102451303247,16.794517517089844,16.794517517089844,0.37659395509912313,0,0.7379478331960341,0.0,0.0,False,False,0.3685210245130325,do_nothing,False,12.0,71e9392599bf8015d730207ff7ca97d242717e6d663e79e931f101926ebc648f
alert_only,11,case_11_0032_cycle_012,case_11_0032,12,normal,11.426825805662945,16.429412841796875,16.429412841796875,0.43103540997225315,0,0.6285399143342736,0.0,0.0,False,False,0.40226825805662947,do_nothing,False,13.0,8a4327cd68197ce0e8f4c672d50136e88b593a496ad8944495e929f521c1cdce
alert_only,11,case_11_0032_cycle_013,case_11_0032,13,normal,12.709434837373765,19.47468376159668,26.657079681995697,0.6716865227758562,0,-0.4180360235375914,0.0,0.0,False,False,0.4390943483737377,do_nothing,False,14.0,2756dcea579a460aef4951e3e09569cfd96befbb7e9eeec4d43657501820c867
alert_only,11,case_11_0032_cycle_014,case_11_0032,14,normal,11.955355050060817,16.602670669555664,16.602670669555664,0.40447108209840116,0,0.4726686861834154,0.0,0.0,False,False,0.4555535505006082,do_nothing,False,15.0,051833049bf5de14c20193cd19b909ed11627e8e937d5c73bb8012be7807e89f
alert_only,11,case_11_0032_cycle_015,case_11_0032,15,normal,12.051360491752929,20.270191192626953,20.270191192626953,0.5068004497320058,0,-0.5175608822123887,0.0,0.0,False,False,0.48051360491752926,do_nothing,False,16.0,7d383e4ce9719033f12c35f448fa508ca497dc42af499816eec6b26952b4290c
alert_only,11,case_11_0032_cycle_016,case_11_0032,16,normal,12.864019517656548,15.988935470581055,15.988935470581055,0.47348139034957043,0,-0.608942794082132,0.0,0.0,False,False,0.5126401951765654,do_nothing,False,17.0,4c869a90f5158775693a2ffaf9d274a0036a140ffa4226af8bf2fcd15543980a
alert_only,11,case_11_0032_cycle_017,case_11_0032,17,normal,10.948861762695357,16.13681983947754,16.13681983947754,0.383195032866282,0,0.2900548921891971,0.0,0.0,False,False,0.5174886176269535,do_nothing,False,18.0,9a34de8013599605805bc501b573d86c047f48547a4f0a5cc319c25cbd0a54d0
alert_only,11,case_11_0032_cycle_018,case_11_0032,18,normal,12.245065625472993,16.2226619720459,16.2226619720459,0.34908252377013516,0,0.18428565267028996,0.0,0.0,False,False,0.5544506562547299,do_nothing,False,19.0,160a7969eca88ef62ddaf27fb8255b25ee9ae055ed0d5ad32cc91cf4e6e17d78
alert_only,11,case_11_0032_cycle_019,case_11_0032,19,normal,12.55978981413603,15.988935470581055,15.988935470581055,0.6539048007438816,0,-0.8428794145356632,0.0,0.0,False,False,0.5815978981413603,do_nothing,False,20.0,5fd14c37a3e8e217fff767b1b517c28a6a6123286301f867e051416aed7c91fd
alert_only,11,case_11_0040_cycle_000,case_11_0040,0,lens_contamination,25.292687740746672,33.70533752441406,33.70533752441406,0.43840830637765726,0,1.0754581218209511,0.0,0.0,False,False,0.2529268774074667,do_nothing,False,1.0,5f36840008de5a0ca0ebaa188021fa322ac83e01fee2eeb7a47e521800867599
alert_only,11,case_11_0040_cycle_001,case_11_0040,1,lens_contamination,28.42060652855099,27.12776756286621,27.12776756286621,0.31394751193852344,0,0.9282896773526916,0.0,0.0,False,False,0.3082060652855099,do_nothing,False,2.0,88e9cd98022b6b4dfbc17771139d62e245bddd07410eb5173ac3399cc255e360
alert_only,11,case_11_0040_cycle_002,case_11_0040,2,lens_contamination,25.284036562231183,31.449724197387695,31.449724197387695,0.45393705999916634,0,0.029388344133189567,0.0,0.0,False,False,0.3008403656223118,do_nothing,False,3.0,42e2d5b745c0169447e1b9a96f4b60f7596940906449508f85b99b974da78130
alert_only,11,case_11_0040_cycle_003,case_11_0040,3,lens_contamination,32.71646292786905,32.329524993896484,31.093564484008105,0.7131548376005572,0,-0.30446711347615507,0.0,0.0,False,False,0.3991646292786905,do_nothing,False,4.0,f7ff206980d181f47e4a1075602ec31bb5808e4888a95b71396b7cfaafe882bf
alert_only,11,case_11_0040_cycle_004,case_11_0040,4,lens_contamination,28.42624325662072,30.776994705200195,30.776994705200195,0.5469112751728388,0,-0.22282398897454758,0.0,0.0,False,False,0.38026243256620723,do_nothing,False,5.0,df6ab957dc275cda242adb19ee54ad1d8b7707bb82e2c063659f6d867e7b52c9
alert_only,11,case_11_0040_cycle_005,case_11_0040,5,lens_contamination,35.08530570478014,35.944000244140625,35.944000244140625,0.5706501086190873,0,-0.49815668743626734,0.0,0.0,False,False,0.47085305704780145,do_nothing,False,6.0,224c9f6ad55dbac1513b2b87e1e675b09361009f860b2af26451653032ff44de
alert_only,11,case_11_0040_cycle_006,case_11_0040,6,lens_contamination,31.11161337361517,31.45226287841797,31.45226287841797,0.4227685025205262,0,0.47123632341346594,0.0,0.0,False,False,0.45511613373615173,do_nothing,False,7.0,bc7ee4c928268485070e765c03eba06eeccdb0b178ba4bbaabd2d7d82a1c4150
alert_only,11,case_11_0040_cycle_007,case_11_0040,7,lens_contamination,37.61975596169157,35.703800201416016,35.703800201416016,0.5810573333877112,0,-0.7197512788589039,0.0,0.0,False,False,0.5441975596169157,do_nothing,False,8.0,5702ce06d490075bf47c4b5907370b51485c5332d98e2871918db0cd24f4270c
alert_only,11,case_11_0040_cycle_008,case_11_0040,8,lens_contamination,34.21432620692814,33.618865966796875,40.6681172512041,0.6320889231457177,0,-0.697243124679702,0.0,0.0,False,False,0.5341432620692814,do_nothing,False,9.0,4bceb532c0aa7da72cb1d772bc2a02256c6aa077bc07cd741a1d69aeed93e0dc
alert_only,11,case_11_0040_cycle_009,case_11_0040,9,lens_contamination,33.628091080997635,35.175071716308594,35.21986009008834,0.6578432308659306,0,-0.7555192170598188,0.0,0.0,False,False,0.5522809108099764,do_nothing,False,10.0,417e05464678ef5fe41e10cbc9faafdc30b805af0320d4c12f98fc0fbc46b6a4
alert_only,11,case_11_0040_cycle_010,case_11_0040,10,lens_contamination,33.764812168169925,31.748291015625,31.748291015625,0.6159796822997369,0,-0.8253413173900584,0.0,0.0,False,False,0.5776481216816993,do_nothing,False,11.0,58ed948cd6abd900d4cf539bcb1aa358f1d9371aa129b0d20d69a8f70ecd3979
alert_only,11,case_11_0040_cycle_011,case_11_0040,11,lens_contamination,35.40658338905667,38.54806900024414,38.54806900024414,0.6013514157510867,0,-0.944400214034363,0.0,0.0,False,False,0.6180658338905667,do_nothing,False,12.0,2df646c55378b84cbd88254ff9b6c63f43a1df4b3e30330b97dd28574cce9596
alert_only,11,case_11_0040_cycle_012,case_11_0040,12,lens_contamination,39.528685959394664,39.89210510253906,36.50542598639178,0.7170538557377852,0,-1.1574186571425078,0.0,0.0,False,False,0.6832868595939466,do_nothing,False,13.0,4e657495af6f38bbd00b4b0bacac140655ba477b514088dd4c42d09f1a46fb0f
alert_only,11,case_11_0040_cycle_013,case_11_0040,13,lens_contamination,35.730977362704394,42.54671096801758,36.534345146643474,0.6925651234640369,0,-1.1118140894007373,0.0,0.0,False,False,0.6693097736270439,do_nothing,False,14.0,df5b01f4089184275ae06b297fd58040efe23081c1532cc121c7961bb0ceb5f9
alert_only,11,case_11_0040_cycle_014,case_11_0040,14,lens_contamination,41.69529121725114,31.62961769104004,35.86771156575587,0.6851502395480011,0,-1.3616312724497344,0.0,0.0,False,False,0.7529529121725114,do_nothing,False,15.0,1a036908ae6e6e640f1ae3068060ccf90e65fb0f4a61feb05c96f2e8487cb1f1
alert_only,11,case_11_0040_cycle_015,case_11_0040,15,lens_contamination,42.848822992443125,37.97195053100586,47.37050730739796,0.6498945583706395,0,-1.4629488735288898,0.0,0.0,False,False,0.7884882299244312,do_nothing,False,16.0,c63132d1ce5e628fffdaaec2758cc21f58bf40f1ef83a24bff6f42d119356250
alert_only,11,case_11_0040_cycle_016,case_11_0040,16,lens_contamination,41.980168006998205,42.61628341674805,40.370558125537066,0.7648225769699729,0,-1.5261284267554422,0.0,0.0,False,False,0.8038016800699821,do_nothing,False,17.0,af9a71f7c852657113e8802d89b38e964911702a576c5e15830b7d0782c57c65
alert_only,11,case_11_0040_cycle_017,case_11_0040,17,lens_contamination,39.41160769910121,43.0743408203125,46.56850765995428,0.7433106890756789,0,-1.517844834334388,0.0,0.0,False,False,0.8021160769910121,do_nothing,False,18.0,f81387376b96f649353ab630f8c7211b631ab69746e8aa7254c62fc06d1dc07b
alert_only,11,case_11_0040_cycle_018,case_11_0040,18,lens_contamination,46.947312882318734,33.619102478027344,36.36786718643488,0.7470443011570038,0,-46.81647603164311,0.0,0.0,True,False,0.9014731288231873,do_nothing,False,19.0,95521efb89acc5e8f500c368727ed61f5a7116faeed217d9af10772b0c954887
alert_only,11,case_11_0040_cycle_019,case_11_0040,19,lens_contamination,49.513612728281295,43.888648986816406,38.857293784229455,0.7477380068783772,0,-46.965569082880194,0.0,0.0,True,False,0.9511361272828129,do_nothing,False,20.0,e613cb408cdc5e3d76aeb2e9e0a211e848897232b9450772c126d33a8633bd32
alert_only,11,case_11_0043_cycle_000,case_11_0043,0,focal_drift,22.284831535774696,23.259645462036133,23.259645462036133,0.4699741862242124,0,0.26095892599312726,0.0,0.0,False,False,0.22284831535774696,do_nothing,False,1.0,3e8142837daecbd45b418444f526e83b2f7847a10f300e6a9cbea119d6fd6d91
alert_only,11,case_11_0043_cycle_001,case_11_0043,1,focal_drift,21.711436430019393,20.821195602416992,20.821195602416992,0.44085088826580493,0,1.1105292738595476,0.0,0.0,False,False,0.24111436430019392,do_nothing,False,2.0,9941badd08228383edff360003d8b286fd3b5b6efa87030f69fc0be7b14ae8c7
alert_only,11,case_11_0043_cycle_002,case_11_0043,2,focal_drift,19.960524812836614,24.20523452758789,24.20523452758789,0.36692710345620255,0,1.1021451900964712,0.0,0.0,False,False,0.24760524812836615,do_nothing,False,3.0,265133fb11c82205cdd8fe1d4d2732ff66915bb6a628fe9dc6a4c4e50d31ec87
alert_only,11,case_11_0043_cycle_003,case_11_0043,3,focal_drift,20.168918804342802,24.420368194580078,24.420368194580078,0.33653216543994724,0,1.028452611053724,0.0,0.0,False,False,0.273689188043428,do_nothing,False,4.0,7c12fcb3dabbcf5d5c13ad469547fc5f15d6b37666a9027d39cce76e27033be5
alert_only,11,case_11_0043_cycle_004,case_11_0043,4,focal_drift,23.53751227483518,26.040708541870117,26.040708541870117,0.43522278703993655,0,0.8405912136989542,0.0,0.0,False,False,0.3313751227483518,do_nothing,False,5.0,d70dd08730cca03064b429d82ec51f413ab00a5adb6e6e18e426a1709a290212
alert_only,11,case_11_0043_cycle_005,case_11_0043,5,focal_drift,23.23997173799391,29.43604850769043,37.94784767379603,0.717589372814048,0,-0.16483755806192463,0.0,0.0,False,False,0.35239971737993914,do_nothing,False,6.0,30314a293b8c80cbce7d299c2ee18b45e3da55f41ebea1a862845e1c6b8f8efc
alert_only,11,case_11_0043_cycle_006,case_11_0043,6,focal_drift,22.494374787546594,22.950531005859375,22.950531005859375,0.35853145152215715,0,0.7393890386452786,0.0,0.0,False,False,0.3689437478754659,do_nothing,False,7.0,932737dac4e29a2fc49b0d7e8354c3096d1616aaa58e2c5112b013e049768153
alert_only,11,case_11_0043_cycle_007,case_11_0043,7,focal_drift,24.889021396328378,18.236141204833984,22.558612749974976,0.6731533266352937,0,-0.3516436408851455,0.0,0.0,False,False,0.4168902139632838,do_nothing,False,8.0,7645069c76d04ca372f6c54c7bcad5cc762fe2ed1d7482dd762ad57380ecae31
alert_only,11,case_11_0043_cycle_008,case_11_0043,8,focal_drift,22.809397431179494,24.83856964111328,24.83856964111328,0.39406188923812424,0,0.5806087936788964,0.0,0.0,False,False,0.42009397431179496,do_nothing,False,9.0,667f2170ab975922383b1f1e379af365d9b49561698d0239634864e1c2188910
alert_only,11,case_11_0043_cycle_009,case_11_0043,9,focal_drift,25.15216125746798,26.92634391784668,26.92634391784668,0.4535079083484023,0,-0.4705910239762997,0.0,0.0,False,False,0.4675216125746798,do_nothing,False,10.0,1dfbede66b5f2be707862fe34f158a5b05dfafb05ed879162ae3e266c16af8e5
alert_only,11,case_11_0043_cycle_010,case_11_0043,10,focal_drift,30.828627078760274,28.372478485107422,28.372478485107422,0.4405258910996705,0,0.1890623039722411,0.0,0.0,False,False,0.5482862707876027,do_nothing,False,11.0,bec76de9777c658aab6ce916fc16023a89b0aa4a9278a287a931dc6fcf525ada
alert_only,11,case_11_0043_cycle_011,case_11_0043,11,focal_drift,29.94527746627399,24.226131439208984,24.226131439208984,0.49840292120907126,0,-0.7651187621695803,0.0,0.0,False,False,0.5634527746627399,do_nothing,False,12.0,d786fb36aa2c7ec631522da38fd6042c8f9b84a235179b3aa27bea26fe1aac7f
alert_only,11,case_11_0043_cycle_012,case_11_0043,12,focal_drift,33.65828089272856,26.005718231201172,26.005718231201172,0.3602566904454519,0,-0.02778693034867452,0.0,0.0,False,False,0.6245828089272856,do_nothing,False,13.0,d58f150c2f42c942f878d5dd853294f07f63e150537f2285fe402d59d59c363b
alert_only,11,case_11_0043_cycle_013,case_11_0043,13,focal_drift,32.056290713329496,30.655227661132812,30.655227661132812,0.4035299577211413,0,-0.05821821505805613,0.0,0.0,False,False,0.632562907133295,do_nothing,False,14.0,dedf45bf908a1689c9f1945ff7d682446e816d3ea0b05f51bc0b4f1528cdfe38
alert_only,11,case_11_0043_cycle_014,case_11_0043,14,focal_drift,33.14072226040497,27.304719924926758,27.304719924926758,0.539845137946328,0,-1.0831984385040985,0.0,0.0,False,False,0.6674072226040497,do_nothing,False,15.0,b59f069d7ea8179f24f35fc32e9a795ada0ebaeea4f7bd00398f67ab56f44f70
alert_only,11,case_11_0043_cycle_015,case_11_0043,15,focal_drift,35.6931594776481,29.88629150390625,29.88629150390625,0.42487986289125074,0,-0.31452676376313027,0.0,0.0,False,False,0.7169315947764809,do_nothing,False,16.0,b66056fd1a3964f8f65e75fe0d3f4e012ff5f463cc2430f105c9438ca42d3cc7
alert_only,11,case_11_0043_cycle_016,case_11_0043,16,focal_drift,33.12663331224304,32.10294723510742,32.10294723510742,0.3944767717241895,0,-0.30497051512591955,0.0,0.0,False,False,0.7152663331224304,do_nothing,False,17.0,601cda0515abd0d26eafb378a54cc0db6f232441a31e93d891ed0e9420624618
alert_only,11,case_11_0043_cycle_017,case_11_0043,17,focal_drift,33.82368256810259,29.81087875366211,29.81087875366211,0.531253343567616,0,-1.3183984785782201,0.0,0.0,False,False,0.7462368256810259,do_nothing,False,18.0,c111177313c59dc8c9fc32b07c01411b9fa7cd6f9294f5ba8bb49f501aad5085
alert_only,11,case_11_0043_cycle_018,case_11_0043,18,focal_drift,36.404160714433914,29.0335750579834,29.0335750579834,0.4392816237297334,0,-0.5540170649924775,0.0,0.0,False,False,0.7960416071443391,do_nothing,False,19.0,e5e7b70588741516196a9861ebc92c5fc91361a56ee808188603c722c490cc0f
alert_only,11,case_11_0043_cycle_019,case_11_0043,19,focal_drift,33.16395571972298,26.72549819946289,26.72549819946289,0.5878362948909609,0,-1.4510941158253337,0.0,0.0,False,False,0.7876395571972298,do_nothing,False,20.0,894ff1eb5ff6ce95ac5220a03daf0088a92cbebff9a69f57a4933f89af8cb758
alert_only,11,case_11_0045_cycle_000,case_11_0045,0,focal_drift,22.197722343244106,21.518756866455078,21.518756866455078,0.463276180115951,0,0.2645769026852842,0.0,0.0,False,False,0.22197722343244106,do_nothing,False,1.0,4a48dae4f28356e40e7c6ec7ad853a74de6f427b4931b6e60bd8481bf051749d
alert_only,11,case_11_0045_cycle_001,case_11_0045,1,focal_drift,26.694436767382925,29.443632125854492,29.443632125854492,0.3670735008881545,0,0.9721058718452891,0.0,0.0,False,False,0.29094436767382925,do_nothing,False,2.0,e3562deb0f47cf1a44559aa471409a7ca889e0825aab37d0bd227e86648ffc7a
alert_only,11,case_11_0045_cycle_002,case_11_0045,2,focal_drift,25.378775386804374,22.946386337280273,22.946386337280273,0.4603915976582318,0,0.025577998747134068,0.0,0.0,False,False,0.30178775386804374,do_nothing,False,3.0,2ed55f621586da4c48fc2b29e539358e6200e796f2874a207eaf834138c1b31c
alert_only,11,case_11_0045_cycle_003,case_11_0045,3,focal_drift,21.881163716805275,28.90313148498535,28.90313148498535,0.5187125192224904,0,0.04975821061246814,0.0,0.0,False,False,0.29081163716805275,do_nothing,False,4.0,b1ef725cd32079efbde066ed61f9371b6cb4f494c3992f67880e4381307b2f3f
alert_only,11,case_11_0045_cycle_004,case_11_0045,4,focal_drift,20.969591678684207,26.128582000732422,26.128582000732422,0.5198716894012948,0,0.004931496229279422,0.0,0.0,False,False,0.3056959167868421,do_nothing,False,5.0,28238c5d52a090234ed21e65fb90bf8dd5cfcdccd05ecc5a2729cb0136de1197
alert_only,11,case_11_0045_cycle_005,case_11_0045,5,focal_drift,25.426703242236464,24.312664031982422,24.312664031982422,0.5384613709096235,0,-0.20357030290353761,0.0,0.0,False,False,0.3742670324223647,do_nothing,False,6.0,7680e4d2a49eb385997736d1f1e9de972fb74317cac9b43d117edf0dc2679851
alert_only,11,case_11_0045_cycle_006,case_11_0045,6,focal_drift,28.469430756275067,29.68146324157715,29.68146324157715,0.5023606092025774,0,-0.3614370140686386,0.0,0.0,False,False,0.4286943075627507,do_nothing,False,7.0,5996b652af04ce68daf3229fcd0137371e7ceaa92079cfb8ddd06d03ff69ca8f
alert_only,11,case_11_0045_cycle_007,case_11_0045,7,focal_drift,25.353344449792353,24.573444366455078,24.573444366455078,0.6102366910682734,0,-0.35613583715401176,0.0,0.0,False,False,0.42153344449792357,do_nothing,False,8.0,84cccdeb83e3d60e72a1f07c053480bdf79de7bfe6ed1c8da7f05242b7a308b7
alert_only,11,case_11_0045_cycle_008,case_11_0045,8,focal_drift,31.01859066181696,22.539501190185547,22.539501190185547,0.49677578638299147,0,-0.5810740878119576,0.0,0.0,False,False,0.5021859066181696,do_nothing,False,9.0,1fcac3863d3436c5116c92c5ccbef01609dc463b135d92690daf71dc2641a181
alert_only,11,case_11_0045_cycle_009,case_11_0045,9,focal_drift,32.77915849670446,29.420772552490234,29.420772552490234,0.5008645456421164,0,-0.7065044367474516,0.0,0.0,False,False,0.5437915849670447,do_nothing,False,10.0,5d71020e591d588dacc5518504d6453acda0d0228d043e4936ee764c2dc9333f
alert_only,11,case_11_0045_cycle_010,case_11_0045,10,focal_drift,31.99576153732999,26.10350799560547,26.10350799560547,0.49645671669412705,0,-0.7543413536240188,0.0,0.0,False,False,0.5599576153732999,do_nothing,False,11.0,27208fb0bb4ee9820d879e1537b7fc4fbbeea85e9b644d12f09bf64c52cf4031
alert_only,11,case_11_0045_cycle_011,case_11_0045,11,focal_drift,34.349440752452125,29.88135528564453,38.8577446580035,0.7117583020238993,0,-0.9292469678771486,0.0,0.0,False,False,0.6074944075245212,do_nothing,False,12.0,c7409dacbd0fef75b226591fe5e8803142c90c5ebd836b7b7ce6d85953ab5a66
alert_only,11,case_11_0045_cycle_012,case_11_0045,12,focal_drift,36.272442981687966,29.954774856567383,29.954774856567383,0.5316534332378379,0,-1.031921304436315,0.0,0.0,False,False,0.6507244298168797,do_nothing,False,13.0,dce872533748a3d957c5686760b6e0ac7d22d0ffaaa72e96b34cbd098862edd1
alert_only,11,case_11_0045_cycle_013,case_11_0045,13,focal_drift,38.909022058042375,36.26757049560547,36.26757049560547,0.5777633605998822,0,-1.1899351658312531,0.0,0.0,False,False,0.7010902205804237,do_nothing,False,14.0,56528c979630957212374eb6f37031b057bccc9a6e6d6d1aec8cccd034bd14d9
alert_only,11,case_11_0045_cycle_014,case_11_0045,14,focal_drift,37.020732551227034,27.091543197631836,27.091543197631836,0.5336120346342539,0,-1.1986637817319492,0.0,0.0,False,False,0.7062073255122704,do_nothing,False,15.0,a0b40d24ea520b54215ed480a4b2c98abb49f87b01be00e6b307c5bd28f88bae
alert_only,11,case_11_0045_cycle_015,case_11_0045,15,focal_drift,35.455404942353006,31.396808624267578,42.7350497612926,0.7097191631344395,0,-1.2501200227407563,0.0,0.0,False,False,0.7145540494235301,do_nothing,False,16.0,335bb500b8bf3a3408ce42c35b272a17118fa1ed056ab4092eeeba3420815746
alert_only,11,case_11_0045_cycle_016,case_11_0045,16,focal_drift,40.832094508423786,31.604373931884766,32.693896215952115,0.7203294234221036,0,-1.4850122487660293,0.0,0.0,False,False,0.7923209450842379,do_nothing,False,17.0,3f2e12addb394ef589a49a2980c3c0c4180bde1ea9a8b82a47040481a809a75f
alert_only,11,case_11_0045_cycle_017,case_11_0045,17,focal_drift,46.26692319447741,29.439701080322266,37.10080179957927,0.7019014161082316,0,-46.717292908250556,0.0,0.0,True,False,0.8706692319447742,do_nothing,False,18.0,cb6df815a5a2056289193e9a3ae2a7fdf09f0e9bca3172456a7e0f4e63e37496
alert_only,11,case_11_0045_cycle_018,case_11_0045,18,focal_drift,45.90885779305903,37.33124542236328,43.226540966489225,0.7473222943607163,0,-46.78536407794588,0.0,0.0,True,False,0.8910885779305903,do_nothing,False,19.0,daea427b4f6aa24d8632c6ec98304c3fa09ae49b1a2bdae24baf0c65203fda27
alert_only,11,case_11_0045_cycle_019,case_11_0045,19,focal_drift,45.99925273599076,25.80533218383789,37.95148385955588,0.682995471303437,0,-46.85042690277524,0.0,0.0,True,False,0.9159925273599075,do_nothing,False,20.0,7f911c1ffe1bc196517a9bf698575c787a6f7ed210af21ae5d9b9d06d900931f
alert_only,11,case_11_0047_cycle_000,case_11_0047,0,normal,12.64332405930754,17.42447853088379,17.42447853088379,0.3762468119564334,0,1.4642632564273088,0.0,0.0,False,False,0.1264332405930754,do_nothing,False,1.0,d85fca6fad46ffddb11764f3bf5f2a4bbd470cdb17d09b14ca492198ba4e2775
alert_only,11,case_11_0047_cycle_001,case_11_0047,1,normal,12.42593443794138,24.595518112182617,24.595518112182617,0.4805023593217517,0,0.48314661296349587,0.0,0.0,False,False,0.1482593443794138,do_nothing,False,2.0,418b8634b14040e8d97c21e240e7e86bd23bae21eb0b414c0e3fc906e50bb7a8
alert_only,11,case_11_0047_cycle_002,case_11_0047,2,normal,13.899580750745832,15.988935470581055,15.988935470581055,0.4094559054785151,0,1.2775941916558478,0.0,0.0,False,False,0.18699580750745834,do_nothing,False,3.0,c2baa84501dcf779a1d7dc0e9d1923074cbf33a9540a597a0b8db34ab45bd60e
alert_only,11,case_11_0047_cycle_003,case_11_0047,3,normal,12.85979609657624,16.628429412841797,16.628429412841797,0.4088013753529955,0,1.2368859107997636,0.0,0.0,False,False,0.2005979609657624,do_nothing,False,4.0,9763cc3bffaa7327321addf9668def40871ff8264841b106659925a20c13d207
alert_only,11,case_11_0047_cycle_004,case_11_0047,4,normal,14.565176699945354,16.10280990600586,16.10280990600586,0.5061644027283225,0,0.1991200385923909,0.0,0.0,False,False,0.24165176699945357,do_nothing,False,5.0,18d3211512d4528b6476930cb5c298fef3a99be602df328ff53272ebfb7a96f5
alert_only,11,case_11_0047_cycle_005,case_11_0047,5,normal,13.923130220369858,15.988935470581055,15.988935470581055,0.49120520301502885,0,0.14862531293664985,0.0,0.0,False,False,0.2592313022036986,do_nothing,False,6.0,99112535447dc2d2317e656d8c72e0ec1b1553830a2f1d28d79bf8c613ec294e
alert_only,11,case_11_0047_cycle_006,case_11_0047,6,normal,15.685881473008267,15.988935470581055,15.988935470581055,0.4915969711523955,0,0.023684010136892614,0.0,0.0,False,False,0.3008588147300827,do_nothing,False,7.0,63af5306706df2bc08402b754de03538bd45a4df31441bf7cb0c4dabe4d14f8a
alert_only,11,case_11_0047_cycle_007,case_11_0047,7,normal,13.15632845971936,18.190675735473633,18.190675735473633,0.45139633683827013,0,0.03360069568267865,0.0,0.0,False,False,0.2995632845971936,do_nothing,False,8.0,9fcbc0a9b5c46e479d6932222a243d19f311145d421692f1ed1675e21f9d2db0
alert_only,11,case_11_0047_cycle_008,case_11_0047,8,normal,11.77430687667791,20.742347717285156,20.742347717285156,0.39840364630895153,0,0.9110102467533199,0.0,0.0,False,False,0.30974306876677915,do_nothing,False,9.0,2e8df1162b41d53fa65656d3510af06359150600f5323775fb00c1afb05afdf4
alert_only,11,case_11_0047_cycle_009,case_11_0047,9,normal,14.890403906136,18.894943237304688,18.894943237304688,0.36361086468592585,0,0.7507462531130312,0.0,0.0,False,False,0.36490403906136,do_nothing,False,10.0,2d923350ff0d2afcf0435201d5f1d2204a95e62efb89dd1178d9545ffaf2cf17
alert_only,11,case_11_0047_cycle_010,case_11_0047,10,normal,13.985016903095538,21.526554107666016,21.526554107666016,0.4407069645705083,0,0.6943434482215576,0.0,0.0,False,False,0.37985016903095536,do_nothing,False,11.0,dc6260377b2f903e51e664e85b97dba45313cd4bdba1745099edb03db4577329
alert_only,11,case_11_0047_cycle_011,case_11_0047,11,normal,14.138262782646718,15.988935470581055,15.988935470581055,0.4146751336580944,0,0.6216508464718844,0.0,0.0,False,False,0.40538262782646717,do_nothing,False,12.0,3d697e4cd2de0c232098c711540cec492e084e7861305560584e5fb29cfd6e09
alert_only,11,case_11_0047_cycle_012,case_11_0047,12,normal,15.999194956455675,18.067535400390625,18.067535400390625,0.374809402812006,0,0.499802740884529,0.0,0.0,False,False,0.44799194956455674,do_nothing,False,13.0,0ea3a4d564c359d25b5526e662bd55b18b7dcc764f38cefb2a984cead7b2cfe7
alert_only,11,case_11_0047_cycle_013,case_11_0047,13,normal,15.268627364448225,20.312532424926758,20.312532424926758,0.5410956238580675,0,-0.4752231645121569,0.0,0.0,False,False,0.4646862736444823,do_nothing,False,14.0,5046352046c68099ed8d1afc7853c1fa563fbcf79a8d2bdecf372ca3d5e6063d
alert_only,11,case_11_0047_cycle_014,case_11_0047,14,normal,16.816899740932953,18.95355796813965,18.95355796813965,0.4660202882722368,0,-0.5824100354688241,0.0,0.0,False,False,0.5041689974093295,do_nothing,False,15.0,fb664db62c877fa0d66c6c89d2e271b9e41ea7139b29afc99fa2320cbb80b185
alert_only,11,case_11_0047_cycle_015,case_11_0047,15,normal,14.399058568748806,17.28422737121582,17.28422737121582,0.3389732079247692,0,0.3371822617488206,0.0,0.0,False,False,0.503990585687488,do_nothing,False,16.0,ecaa35a918ca5f425fb93f317a6d0dd30f802e384a18760a89d7dd72847147e5
alert_only,11,case_11_0047_cycle_016,case_11_0047,16,normal,14.012011984622461,16.13681983947754,16.13681983947754,0.4221398363580401,0,0.26431866500762013,0.0,0.0,False,False,0.5241201198462246,do_nothing,False,17.0,6f92a0cec0c53895e48f3608c6d3f954b34b7ca1e964e32005dda6a8e8484570
alert_only,11,case_11_0047_cycle_017,case_11_0047,17,normal,14.955814047280583,15.988935470581055,15.988935470581055,0.30874683026421057,0,0.18101355404195096,0.0,0.0,False,False,0.5575581404728058,do_nothing,False,18.0,9fe321f265169df0200cd067f47a6fc6b92b016580b89853a2cf09fbaae25913
alert_only,11,case_11_0047_cycle_018,case_11_0047,18,normal,14.99268526199089,19.191661834716797,19.191661834716797,0.470276206906311,0,-0.8163219888956732,0.0,0.0,False,False,0.5819268526199088,do_nothing,False,19.0,56b87d4218b55ab6e680cec75cefb343c74338423c0b0792ae79b9912124c98a
alert_only,11,case_11_0047_cycle_019,case_11_0047,19,normal,16.151568756084643,15.988935470581055,15.988935470581055,0.5580978966747265,0,-0.9362617471837485,0.0,0.0,False,False,0.6175156875608465,do_nothing,False,20.0,c34db246168354b70b6db1c726a3bfed39caf92fee566a66ca739d4d069ee2a4
rule_based,11,case_11_0021_cycle_000,case_11_0021,0,normal,13.319022531681531,16.13681983947754,16.13681983947754,0.3376553480344687,0,1.4497810218443838,0.0,0.0,False,False,0.13319022531681532,do_nothing,False,1.0,205c49e1f5d50d687daf252fc55b0fd1316d3ab4ddb451030e02b0ee7d4a2d36
rule_based,11,case_11_0021_cycle_001,case_11_0021,1,normal,14.531776521565188,19.741859436035156,19.741859436035156,0.4023266441891061,1,0.30830703210322846,0.11774456482238296,0.07055180045470334,False,False,0.15238598869408668,inspect,False,2.0,e251d31595541c2986bf66300e050aa49e36f0c02778c24ae4619a10c44bf5f0
rule_based,11,case_11_0021_cycle_002,case_11_0021,2,normal,14.47991830620253,23.089780807495117,23.089780807495117,0.5938445739946475,1,0.2531035649471449,0.11966085940412671,0.07262636910257853,False,False,0.1600192647558228,inspect,False,3.0,d979c84577257fdc7148f82136b6bfb507143383ea96ed91ad35cbe35f0768ad
rule_based,11,case_11_0021_cycle_003,case_11_0021,3,normal,15.824721707833856,22.687088012695312,22.687088012695312,0.353165972297294,0,1.2462834529203903,0.0,0.0,False,False,0.20024721707833856,do_nothing,False,4.0,e387b42376f2b106b978d729495763b729a1454e3be5ebe8aae807936e057c18
rule_based,11,case_11_0021_cycle_004,case_11_0021,4,normal,14.284138281669065,19.56587028503418,19.56587028503418,0.5798419896980929,1,0.17787333932951327,0.11431331401406211,0.07120664324580747,False,False,0.18795724453502158,inspect,False,5.0,a275565605c3451e412bdb8a3bb41c6fc545adc0793e3b5bed83c9649a0e926d
rule_based,11,case_11_0021_cycle_005,case_11_0021,5,normal,16.884729318822828,19.07741928100586,19.07741928100586,0.4755423113211129,1,0.094410169433356,0.12088679892727641,0.06872999166623044,False,False,0.21946256386940544,inspect,False,6.0,24e900f99b743969c4af89c9d65c238475f06aa0054350124019da9aac45e539
rule_based,11,case_11_0021_cycle_006,case_11_0021,6,normal,14.684006704414632,23.09821128845215,23.09821128845215,0.3601881782746103,0,1.1534515721263694,0.0,0.0,False,False,0.2308400670441463,do_nothing,False,7.0,be33bfb0a6291788bec0f814dcc5af5148957fdcf703bfdc7e79a0bf314ad8af
rule_based,11,case_11_0021_cycle_007,case_11_0021,7,normal,16.276002984310743,16.578954696655273,16.578954696655273,0.26095958944584013,0,1.0485759720538017,0.0,0.0,False,False,0.27076002984310743,do_nothing,False,8.0,426ccbf56088dd6f615fa2d6e923f05325598d4196d203e522605ad68db5cf5a
rule_based,11,case_11_0021_cycle_008,case_11_0021,8,normal,19.47227807261192,16.726839065551758,16.726839065551758,0.4082886269106915,1,-0.11919491475603389,0.12003225210307779,0.06970982581978812,False,False,0.2940505026535073,inspect,False,9.0,5461929d6ad9f2bca4595e6e209d9a1523224b5e49fbca1d0c89c5f130a62271
rule_based,11,case_11_0021_cycle_009,case_11_0021,9,normal,14.570852629067799,17.347036361694336,17.347036361694336,0.37466790537284567,0,0.9836742353220391,0.0,0.0,False,False,0.286708526290678,do_nothing,False,10.0,c64a939e614c474c33108f8540803a48ebf2c2fa5db1981308e3bda920ca700e
rule_based,11,case_11_0021_cycle_010,case_11_0021,10,normal,18.27569011304432,16.13681983947754,16.13681983947754,0.42246656423544704,1,-0.17678309409755788,0.11750535402603554,0.07120515298001066,False,False,0.3129812110173989,inspect,False,11.0,70ba8c3cd00a6d825aab046ff07b222db7ace0e28e200dbc450ab0c3ff6aa403
rule_based,11,case_11_0021_cycle_011,case_11_0021,11,normal,16.703614649593906,17.614768981933594,24.944099267913693,0.6701011065864866,2,-1.269731541286954,0.32622601017904473,0.260828915796862,False,True,0.21144241082748222,minor_maintenance,False,0.0,a2e49e02d8245ff55fc074e16bd8ac1911d8f98fb9ff7bc07b8b677efe1c0fc4
rule_based,11,case_11_0021_cycle_012,case_11_0021,12,normal,17.66252481761934,19.62386703491211,19.62386703491211,0.4714250109589365,1,0.28349704968054273,0.11255121005594278,0.07043727317993985,False,False,0.15896272335857403,inspect,False,1.0,25f2a2cbe537184cc51354a86850d43efc86e37a31570ebeda0a6b222e78357e
rule_based,11,case_11_0021_cycle_013,case_11_0021,13,normal,15.342861037005573,16.10280990600586,16.10280990600586,0.4907461248147199,1,0.3225110294995015,0.11081395123708124,0.06813231567757334,False,False,0.14618574933305017,inspect,False,2.0,f9c846e54e376c909552baff5894784f5e69568acef15e5cc6ae862611e43663
rule_based,11,case_11_0021_cycle_014,case_11_0021,14,normal,15.650883056056408,21.7314395904541,21.7314395904541,0.3751397627024498,0,1.3202025439129401,0.0,0.0,False,False,0.1745088305605641,do_nothing,False,3.0,5b8e746e665f8538eff3634828da796d7fbe0eeb61c73181515258e8ed03d5aa
rule_based,11,case_11_0021_cycle_015,case_11_0021,15,normal,15.001439342346037,18.725313186645508,18.725313186645508,0.334697537360945,0,1.273752189125477,0.0,0.0,False,False,0.19201439342346038,do_nothing,False,4.0,270d828232fc7c4ec5e83982eb13246ffe19538c317e7c6f18423cad39d3a6e5
rule_based,11,case_11_0021_cycle_016,case_11_0021,16,normal,17.305465024903366,18.090261459350586,18.090261459350586,0.40601125073385785,1,0.13386881895711245,0.1033968637255854,0.07048134254354074,False,False,0.2151491852241303,inspect,False,5.0,199e9127ea04121805dc6b6e40f825448310358d4e476c3f81cc1f49c5aff324
rule_based,11,case_11_0021_cycle_017,case_11_0021,17,normal,14.175364037883698,23.3907527923584,23.3907527923584,0.5679191186028664,1,0.1685833237278408,0.10498940832261994,0.07000571392031195,False,False,0.19507827634095326,inspect,False,6.0,254dcb80a6991efc6549b4a875cad96f28914b77fdde717ac3b12b1d9790d8b0
rule_based,11,case_11_0021_cycle_018,case_11_0021,18,normal,15.812481171078288,19.519332885742188,19.519332885742188,0.4131274474521365,1,0.12892169241409837,0.10018648648155443,0.06898214045926616,False,False,0.2179123305397046,inspect,False,7.0,10fa4379f7c0060a67811c91e6a88617725139c8a6c6057ce0b14968f3f39f77
rule_based,11,case_11_0021_cycle_019,case_11_0021,19,normal,15.131029222659523,22.305072784423828,22.305072784423828,0.3903368652871888,1,0.1286507059869521,0.09765033488233021,0.06938830040729028,False,False,0.2198792630039357,inspect,False,8.0,e212bc3bceb37ce8da76114d115ea6d79118fd2fae95258aa8dd448365e72d5b
rule_based,11,case_11_0023_cycle_000,case_11_0023,0,low_shielding_gas,28.5098320682346,29.0341739654541,29.0341739654541,0.5072362727783151,1,-0.01669883613642599,0.11394349391109218,0.07113054433281532,False,False,0.25658848861411143,inspect,False,1.0,43e4872cd2b5e78a84608da928e7b4b37cb0979a8618eb916fc1ec10e982b6db
rule_based,11,case_11_0023_cycle_001,case_11_0023,1,low_shielding_gas,33.10405449008619,29.463205337524414,37.57613255139705,0.6950792624182824,2,-1.2646554233058747,0.32415525516631727,0.2547035815765148,False,True,0.2108251378385344,minor_maintenance,False,0.0,26bfc016f05996b10d516b4945f5bc7a6777bf2740581295f5e80d540d453830
rule_based,11,case_11_0023_cycle_002,case_11_0023,2,low_shielding_gas,31.849599504288612,27.90949058532715,27.90949058532715,0.6202562558049194,1,-0.12990537029466082,0.12039870185636281,0.07066130431470953,False,False,0.2866463955385975,inspect,False,1.0,768b62906f7fe8bd1f889f5965d715c8b098b0320551c1ed04101d7e6a3b7fe2
rule_based,11,case_11_0023_cycle_003,case_11_0023,3,low_shielding_gas,33.59124128135328,28.776748657226562,28.776748657226562,0.5923180851364115,1,-0.19219179937681194,0.11514770641826907,0.07116608198942824,False,False,0.3104211715321795,inspect,False,2.0,b4c7a0323fee809a2a985de9f7331a8c9e08339224663ae2895cd8d0b6daf83f
rule_based,11,case_11_0023_cycle_004,case_11_0023,4,low_shielding_gas,37.45291771241088,29.506956100463867,42.080704063532856,0.7005974907605409,2,-1.3574729574910605,0.32183977703877065,0.2505491092342077,False,True,0.2433680898169475,minor_maintenance,False,0.0,94ad89c47feb7c4c4e50d424230f44aa3d482c508f42b0b0650b9819eb8ea810
rule_based,11,case_11_0023_cycle_005,case_11_0023,5,low_shielding_gas,36.92096686460445,29.28071403503418,34.36716281955528,0.690827257114155,2,-1.3004220630881504,0.310939838189774,0.24891019081201277,False,True,0.2289099945605476,minor_maintenance,False,0.0,2604f0661c79bda76a6ad9c8df5cbb203e44118de761f3a845f74b8863bcf2a0
rule_based,11,case_11_0023_cycle_006,case_11_0023,6,low_shielding_gas,36.02762668214266,39.640899658203125,40.25089090703602,0.8001781611621568,2,-1.3180979259877532,0.31658489189587946,0.264215567037121,False,True,0.2233712854292845,minor_maintenance,False,0.0,2eada86e01009c45c479417607fe8e8ce6cac92e2668da8b73f394d22750ae25
rule_based,11,case_11_0023_cycle_007,case_11_0023,7,low_shielding_gas,40.99961657246995,34.0689697265625,41.77576703746221,0.7365817714173813,2,-0.37042993307180255,0.2952786993370493,0.25258887471775626,False,False,0.2541976227493137,minor_maintenance,False,0.0,59f452ecbb3d683445673cd4c4c66fc534d0b1a79dc0388dfcbf30afbbbdb0ec
rule_based,11,case_11_0023_cycle_008,case_11_0023,8,low_shielding_gas,37.45705355068336,34.732479095458984,42.92423156461938,0.7362334692833918,2,-1.3019588206526067,0.29514058035808843,0.24960252982412348,False,True,0.23223373201423683,minor_maintenance,False,0.0,be1f29d166bbb3fa8b3e0ac03c90b74bfe767c9109d914e3a17db14c267e9d8c
rule_based,11,case_11_0023_cycle_009,case_11_0023,9,low_shielding_gas,38.347874334409795,36.257408142089844,43.58043508202874,0.7449491921850107,2,-0.3292726345937363,0.2994137807274663,0.2560575155231203,False,False,0.2377568208733407,minor_maintenance,False,0.0,f6610840dcda9cc66d5ee3359409cc234cc74b83ce8f7d5914fff898d5d25b3d
rule_based,11,case_11_0023_cycle_010,case_11_0023,10,low_shielding_gas,39.52777122434067,29.39434814453125,40.41706774664024,0.7036123559959534,2,-0.3304190083697208,0.2854164813383543,0.2553051610740463,False,False,0.24507218159091215,minor_maintenance,False,0.0,8f865fa5d5d3525195cf7bf578257fcbcae590e64e3298caf39da9858b7d06b2
rule_based,11,case_11_0023_cycle_011,case_11_0023,11,low_shielding_gas,42.65796346230818,39.372589111328125,45.86549766664283,0.7820199087197612,2,-0.4002914970726872,0.29032664796618796,0.24902967799950354,False,False,0.26447937346631073,minor_maintenance,False,0.0,16c02ca9239b8d0edb9b6e418ccb18880005b65125726912da74f361608fe9c3
rule_based,11,case_11_0023_cycle_012,case_11_0023,12,low_shielding_gas,41.26109790406965,30.42448616027832,35.7432438417224,0.7066058129967475,2,-0.3480404994552087,0.278199686995367,0.24549189936829277,False,False,0.2558188070052318,minor_maintenance,False,0.0,d2447e3015b5ac4c1f6c8e8ff2a17ef3c88e8e110d76eedee624558601b873e1
rule_based,11,case_11_0023_cycle_013,case_11_0023,13,low_shielding_gas,46.510469835919885,36.989925384521484,43.93744358946685,0.7729514215858122,2,-0.46082129799191035,0.27798992280249835,0.25224240375428797,False,False,0.2883649129827033,minor_maintenance,False,0.0,14483231fd7d74ba179d4ef72d0434d934ea557d25f201ee429e843b6280bee2
rule_based,11,case_11_0023_cycle_014,case_11_0023,14,low_shielding_gas,47.49835562916944,34.0758056640625,40.39807030008734,0.7298183952780662,2,-0.47438133318229037,0.2777918618776141,0.2545591216380184,False,False,0.2944898049008505,minor_maintenance,False,0.0,80eadd6e62e948cd5cb54940596210406691af01a0fe45da4973543e4ddd1f37
rule_based,11,case_11_0023_cycle_015,case_11_0023,15,low_shielding_gas,47.80181886184269,39.08440017700195,53.54560801702094,0.7824611022967526,2,-0.4821339768917612,0.27356571516578987,0.2526065819389804,False,False,0.2963712769434247,minor_maintenance,False,0.0,a4aae5f39345f326b09ace4a1e54106574cf7ff497c29d209ee3d73fb7e1712e
rule_based,11,case_11_0023_cycle_016,case_11_0023,16,low_shielding_gas,52.94207840437238,39.022010803222656,51.41823382852827,0.7879639189328822,2,-0.5797041570523085,0.2761234724785591,0.2508292980156134,False,False,0.3282408861071088,minor_maintenance,False,0.0,b3be0e2ba93afc59058dcdf49ea97508bc09ea743bc2a5e29cb6b21c5d778ee2
rule_based,11,case_11_0023_cycle_017,case_11_0023,17,low_shielding_gas,51.57356734031369,39.08440017700195,47.566496491917846,0.7851108429936069,2,-0.5438431882855607,0.2660046133580254,0.2510044949358245,False,False,0.31975611750994487,minor_maintenance,False,0.0,71fe549a9d4e6607cb17833dc3fdfe3689d80849fe16146bec949049a5c46d13
rule_based,11,case_11_0023_cycle_018,case_11_0023,18,low_shielding_gas,54.60438072592374,40.11848831176758,51.31353532444612,0.7924727004233333,2,-0.6077801698380746,0.2707044281430773,0.2532041939116445,False,False,0.3385471605007272,minor_maintenance,False,0.0,31c7a3cfc743465394b951ed98d8b47087fef0e88f7bb760adae0a1d95cdb134
rule_based,11,case_11_0023_cycle_019,case_11_0023,19,low_shielding_gas,52.59261918502772,40.11848831176758,47.427537122339615,0.7898241421967177,2,-0.5490174567092242,0.258309318890021,0.24251474956022492,False,False,0.32607423894717186,minor_maintenance,False,0.0,491060db762de7a074ee1f401885ce64ec4539a68e0501bc08de87d574c59137
rule_based,11,case_11_0026_cycle_000,case_11_0026,0,normal,10.914330460705795,16.154399871826172,16.154399871826172,0.4542607071187489,1,0.4943065035208168,0.0886859488964394,0.06772689884484369,False,False,0.09822897414635216,inspect,False,1.0,f3902f791697729835508ed8edbc979a70687002fceb3d835dc8a78ec5718874
rule_based,11,case_11_0026_cycle_001,case_11_0026,1,normal,11.230347103614845,15.988935470581055,15.988935470581055,0.3638065055170531,0,1.4815186110639966,0.0,0.0,False,False,0.12130347103614846,do_nothing,False,2.0,d7614060d92295c144361ec95bac79538729b2d46d8d74af91ec6dcd915721e9
rule_based,11,case_11_0026_cycle_002,case_11_0026,2,normal,10.358570812417485,15.988935470581055,15.988935470581055,0.4923488531695125,1,0.4119573790310419,0.0900169612224326,0.069239899794783,False,False,0.12292713731175736,inspect,False,3.0,c91e58ade337001792d48ad7687ae58663f463021d49098a4e0d175775f1df40
rule_based,11,case_11_0026_cycle_003,case_11_0026,3,normal,12.88683852187875,19.83677864074707,19.83677864074707,0.44566365544912523,1,0.32893705636458154,0.08955841826114404,0.06663792120772435,False,False,0.15378154669690874,inspect,False,4.0,31cb3e8e9f79f2a89c7faa831003d20dee250c3389ad063aed0244bf009fdd8f
rule_based,11,case_11_0026_cycle_004,case_11_0026,4,normal,10.654151304888426,17.069738388061523,17.069738388061523,0.3958947338646548,1,0.37446374879696,0.08611552798177924,0.0683430348869688,False,False,0.14178736174399584,inspect,False,5.0,23bdb15b07031fbba4938e07ba027e6c5013c281f5fff6664440c85ac15bf336
rule_based,11,case_11_0026_cycle_005,case_11_0026,5,normal,10.39130918765528,16.716947555541992,16.716947555541992,0.5240297967781679,1,0.3382031807457854,0.08736319637263565,0.06657975662270146,False,False,0.1475217826888975,inspect,False,6.0,a5d2eedea42ee32320999ec0611bebe6f944b9b2a970cd6ba52376366fff6abf
rule_based,11,case_11_0026_cycle_006,case_11_0026,6,normal,9.295513693218215,16.578954696655273,16.578954696655273,0.4052733431643688,1,0.36616328396436776,0.08312431383714991,0.0658031637586689,False,False,0.14575962323896396,inspect,False,7.0,5c3e7cea09e59fa4d6f5c47cc8793f33cc1c806ed3db6a221ed371dda6279902
rule_based,11,case_11_0026_cycle_007,case_11_0026,7,normal,9.169937488797093,16.302284240722656,16.302284240722656,0.49011579953004747,1,0.32491222104832523,0.08788297314673676,0.06937390459738664,False,False,0.15272943739917386,inspect,False,8.0,7663a796fc14023e2127b59505749e9700e518fecbc061c71e56ee8e9635e29f
rule_based,11,case_11_0026_cycle_008,case_11_0026,8,normal,8.399198682105187,19.039087295532227,19.039087295532227,0.30578653254372906,0,1.341156059655285,0.0,0.0,False,False,0.17099198682105188,do_nothing,False,9.0,b2d5eebbf07192ebf87063016fac236a50481ae42177030400b7069486344756
rule_based,11,case_11_0026_cycle_009,case_11_0026,9,normal,10.473987987456153,15.988935470581055,15.988935470581055,0.5219257893526168,1,0.19355183243645668,0.08867223042325316,0.07123674134510183,False,False,0.1941658918871054,inspect,False,10.0,bc41932c79c600463c6fc9e43181df0721823f6ebf7a489da52ce3ff40d4d162
rule_based,11,case_11_0026_cycle_010,case_11_0026,10,normal,9.358669067551608,19.706560134887695,19.706560134887695,0.5945197858630001,1,0.19347495620092925,0.08620059864501912,0.0680780155633853,False,False,0.19222802160796446,inspect,False,11.0,4d336995a6473075240d25b95d00f3166344ef557ce4894ae3204f1b08f926d7
rule_based,11,case_11_0026_cycle_011,case_11_0026,11,normal,10.46672288182681,19.313262939453125,19.313262939453125,0.4520227960680826,1,0.16761938731254405,0.0804867038215609,0.06648621455794847,False,False,0.2103005059364413,inspect,False,12.0,e02ae16fb0d844299dfd45fc7023dc00dfa1dd02f0844a4380404a65addefad8
rule_based,11,case_11_0026_cycle_012,case_11_0026,12,normal,10.796793865027897,15.988935470581055,15.988935470581055,0.3509737830307025,0,1.1094501165945578,0.0,0.0,False,False,0.24596793865027897,do_nothing,False,13.0,22e9d7f10db88f556292974f5350ab48dc46b4db220238459fff3cec5b7a2895
rule_based,11,case_11_0026_cycle_013,case_11_0026,13,normal,9.685219076471451,15.988935470581055,15.988935470581055,0.5292022691785003,1,0.08033928916928876,0.08781855061614838,0.06695113096632328,False,False,0.23296697168824304,inspect,False,14.0,a72ccdb253b1615bf7553b908f9663c9bf9f1c06c758011445b7821c46d72598
rule_based,11,case_11_0026_cycle_014,case_11_0026,14,normal,12.224813120030374,16.578954696655273,16.578954696655273,0.31283572889381783,0,0.973330247065016,0.0,0.0,False,False,0.29324813120030374,do_nothing,False,15.0,9a2568c0d4125b3e7498b394d61486f1d807c61610a9281129dfb180436eab98
rule_based,11,case_11_0026_cycle_015,case_11_0026,15,normal,10.846119046881377,18.925918579101562,18.925918579101562,0.38135456598171275,1,-0.03241416550885019,0.09927853710175552,0.07073403655505082,False,False,0.27311507142193236,inspect,False,16.0,074d22f5259f53b8172cae02323cb69394d43104c4e0a29eda576f2c5d6b086b
rule_based,11,case_11_0026_cycle_016,case_11_0026,16,normal,9.847251667436144,16.908321380615234,16.908321380615234,0.32096152359770436,0,0.94443822143726,0.0,0.0,False,False,0.3024725166743615,do_nothing,False,17.0,d68ba9699a50887c3fe0a880fea71184d12e29d19530078c805ca0b48140baa3
rule_based,11,case_11_0026_cycle_017,case_11_0026,17,normal,10.256521928089345,18.038061141967773,18.038061141967773,0.3945625542365633,1,-0.09388601578996406,0.08851974346305931,0.06706974641625985,False,False,0.2975086973528041,inspect,False,18.0,98ffda06feefd8f5360b3a1507012b5e7bd7a6aa2bd5eee967d4659293cc9d5d
rule_based,11,case_11_0026_cycle_018,case_11_0026,18,normal,11.116248315432452,16.13681983947754,16.13681983947754,0.5687917186397741,1,-0.18288465028214695,0.10422863353028813,0.06662319304902053,False,False,0.31334623483889207,inspect,False,19.0,4c068b07f62242a2b978db98b5ad618e743ba54c09dd526009931209e005a846
rule_based,11,case_11_0026_cycle_019,case_11_0026,19,normal,13.410871370333698,15.988935470581055,15.988935470581055,0.43774784236671,1,-0.25473275214071744,0.10478401533895222,0.07249129180968604,False,False,0.3420978423330033,inspect,False,20.0,7838d17e76236304c3d6fccc16fe3ee735ca8c57c85e67f2e16d0438869e5dfa
rule_based,11,case_11_0029_cycle_000,case_11_0029,0,focal_drift,25.79136232561862,26.374042510986328,26.374042510986328,0.5347538920895843,1,0.06591165384880605,0.10200740393294866,0.06937634451638101,False,False,0.2321222609305676,inspect,False,1.0,a9d93f8d00f13840e12daab11d173466b593dfeef868d128fd55c4a8b332841a
rule_based,11,case_11_0029_cycle_001,case_11_0029,1,focal_drift,28.569161907374287,27.16546630859375,27.16546630859375,0.43780100102889496,1,-0.020377560692764043,0.10405381143054054,0.06873278451097929,False,False,0.2652224571663686,inspect,False,2.0,eeaed489525c6616b37c9ee1f2dd6b636187a036364aed6eb4dee48c7d9841aa
rule_based,11,case_11_0029_cycle_002,case_11_0029,2,focal_drift,30.27078923905661,30.908517837524414,30.908517837524414,0.6052618444266773,1,-0.11970893967027357,0.1068382019044016,0.0702126895591773,False,False,0.28863710315150953,inspect,False,3.0,e5e8058afcb7c2f17170aa46004ad7c0f23525c7d3def5f6b5bfcbce39d9aedb
rule_based,11,case_11_0029_cycle_003,case_11_0029,3,focal_drift,29.45732029653288,31.116252899169922,31.116252899169922,0.4873216371337322,1,-0.1055654496162834,0.10892140039542691,0.06912269455551112,False,False,0.2894158826687959,inspect,False,4.0,f952a132a2f18d37f68442ae17e5757e653cd06bdc4ffa1c24bbf8dca991dcf5
rule_based,11,case_11_0029_cycle_004,case_11_0029,4,focal_drift,33.0362905777619,29.007768630981445,29.007768630981445,0.4758536207903079,1,-0.22720505105362754,0.11005731094684701,0.0707373142358287,False,False,0.32972661519985713,inspect,False,5.0,1c46879eb1970997a924ad776d7d87300a5e6bd07d11ab696bead56608c2dc98
rule_based,11,case_11_0029_cycle_005,case_11_0029,5,focal_drift,29.797428471138975,25.621917724609375,25.621917724609375,0.4022958149818806,1,-0.16045587420267635,0.1180175320405713,0.07007925149258819,False,False,0.3086768562402508,inspect,False,6.0,a7d03331bca52765a4413f9724f5d9eb1ac7966409abcd1faaa123573dca822e
rule_based,11,case_11_0029_cycle_006,case_11_0029,6,focal_drift,33.03480106796985,37.8160400390625,37.8160400390625,0.5842498070265391,1,-0.29421347264424,0.11306507142930808,0.06971412665720622,False,False,0.3459132096117287,inspect,False,7.0,322269e7e65be30cf07a2810a23fddeb38b5a045e9e8f2425e08b7e28c55ae3e
rule_based,11,case_11_0029_cycle_007,case_11_0029,7,focal_drift,40.421315646895735,29.878379821777344,29.878379821777344,0.5361580224189446,1,-0.5132051030792956,0.11553685208789222,0.06971128145297095,False,False,0.4204918408220616,inspect,False,8.0,f62b3518d00d2124b9f8d75815d3df7b16e4b43823bca5a6acbed3bf18d072a9
rule_based,11,case_11_0029_cycle_008,case_11_0029,8,focal_drift,35.007812126180085,30.720510482788086,30.720510482788086,0.6425111700739728,1,-0.4061510905169708,0.11459184292446858,0.06946455584318013,False,False,0.37987030913562075,inspect,False,9.0,c2723b5f1b1f4f0eeed7f34258f01856361d63702b2b2321a52543dcc4130bd4
rule_based,11,case_11_0029_cycle_009,case_11_0029,9,focal_drift,39.80885103990509,26.603914260864258,40.64193083867781,0.6911767917907429,2,-0.5212372507796394,0.31535170849636546,0.2638804927155349,False,False,0.29703487644741156,minor_maintenance,False,0.0,861f15c3a115cbaedafb1bb0e9491669fd91b21b758d64ebee0462d2768fd78f
rule_based,11,case_11_0029_cycle_010,case_11_0029,10,focal_drift,37.39131791627152,24.759872436523438,24.759872436523438,0.5526984118760216,1,-0.2672917463623621,0.11815160754154408,0.07083724162510484,False,False,0.3365218612464437,inspect,False,1.0,d65855f889d51e2e4371ce05c39d5668ad3b3fbbdbcf76d9f040c2b5c74987bc
rule_based,11,case_11_0029_cycle_011,case_11_0029,11,focal_drift,37.03350516472318,31.21946907043457,31.21946907043457,0.440124293628822,1,-0.26514899385942836,0.1180443513622528,0.07110169875665794,False,False,0.34140154648250864,inspect,False,2.0,878eac9990ea1c8e9f57eab2348a7e873fb76a4b06abda3bfc74205719aed5a2
rule_based,11,case_11_0029_cycle_012,case_11_0029,12,focal_drift,45.21228196653562,30.24079132080078,30.24079132080078,0.6327217064700751,1,-0.5412452641533261,0.12197073024827329,0.06879333104759963,False,False,0.4231105376988206,inspect,False,3.0,17195fee44531c77e261cb0e739296ba98eece9318aab2ae41f7a532d688e64f
rule_based,11,case_11_0029_cycle_013,case_11_0029,13,focal_drift,39.20721976976162,25.857364654541016,25.857364654541016,0.5843007625695158,1,-0.39609949366941494,0.12068944256640476,0.07033750366752368,False,False,0.3771649779278546,inspect,False,4.0,007ac2e3c7f587b98a230b913dfd61b9d6ebbec52f1e682077dddc39ebb16d46
rule_based,11,case_11_0029_cycle_014,case_11_0029,14,focal_drift,42.055396740858434,33.6099853515625,46.97200429756659,0.6833389714237735,2,-0.49817268075205035,0.3348375222145093,0.26455491680501014,False,False,0.2830634597933223,minor_maintenance,False,0.0,740be789dfa7aa8cd07657153dc19c65931a629f4787a534f8759955375cd9e4
rule_based,11,case_11_0029_cycle_015,case_11_0029,15,focal_drift,44.56270505385051,34.58864974975586,43.303533413653575,0.6980347727887652,2,-0.4695908751412669,0.33622329783430915,0.24974505923377935,False,False,0.27628877133387314,minor_maintenance,False,0.0,3d1ce15d745105babb566e46b390d6b02e14a2768f3d9434cd11120c8f931268
rule_based,11,case_11_0029_cycle_016,case_11_0029,16,focal_drift,45.880548979324146,30.356250762939453,42.47042182465798,0.7177273235767355,2,-0.4969562880905781,0.33198462714248467,0.25491793924519246,False,False,0.2844594036718097,minor_maintenance,False,0.0,e429edecce799f7b6196ac5eb8dfba02f959f669b71684b81adb2bd8458b4b10
rule_based,11,case_11_0029_cycle_017,case_11_0029,17,focal_drift,47.855349848348666,36.7528190612793,41.78429261622961,0.73889253891783,2,-0.5405637838205304,0.3335945685269065,0.2575322840958301,False,False,0.29670316905976174,minor_maintenance,False,0.0,9d07dd41e915b1bb9af88c230ce732d62ce1d18aae3d590f8694a3117942b8e6
rule_based,11,case_11_0029_cycle_018,case_11_0029,18,focal_drift,46.49480578329968,33.097232818603516,39.63621829791001,0.7296584103054723,2,-0.4937190464588015,0.3137142166533894,0.25719085086277155,False,False,0.288267795856458,minor_maintenance,False,0.0,a09bee2ca6f24b1a0c391683f5b70556d209c542370294c12f494f3226f4929a
rule_based,11,case_11_0029_cycle_019,case_11_0029,19,focal_drift,49.21178539574054,33.755062103271484,43.39885958297054,0.7010650848895854,2,-0.5521580285590988,0.3257087316680086,0.25743790724609783,False,False,0.30511306945359135,minor_maintenance,False,0.0,c8c8fc95c39e6986635f6522e5b7cc15e9e5774f77f0b8bf4b5dd18729161179
rule_based,11,case_11_0032_cycle_000,case_11_0032,0,normal,11.169179129383684,17.29862403869629,17.29862403869629,0.4626595584666316,1,0.45435394633696136,0.11915127785184346,0.06941000693480125,False,False,0.10052261216445316,inspect,False,1.0,bf95e2f48466a89a8c568b839e97b2e4e7b598210802982091a5d71756554243
rule_based,11,case_11_0032_cycle_001,case_11_0032,1,normal,10.227587444146703,15.988935470581055,15.988935470581055,0.4418481839891691,1,0.45431255334993187,0.12169743422230525,0.07158490479678309,False,False,0.10014828699732034,inspect,False,2.0,ad0462a40cf471aa669b7b69d99da55db769e6b0c79e6bb5bf5083950722cc75
rule_based,11,case_11_0032_cycle_002,case_11_0032,2,normal,11.401550475343608,15.988935470581055,15.988935470581055,0.3403435013986455,0,1.452901960529895,0.0,0.0,False,False,0.1320155047534361,do_nothing,False,3.0,665f18140956eb5f464384bb32c433ed653516f1df8f02c6151fb1ab99e98cd8
rule_based,11,case_11_0032_cycle_003,case_11_0032,3,normal,12.290653713239076,18.280298233032227,18.280298233032227,0.4629883987491967,1,0.31780070751317074,0.11177872908094437,0.06965581667006288,False,False,0.14841588341915168,inspect,False,4.0,d136c1b847ea80bfb4cef874b23ecda0f547354e2db7ae60db0ed4878d52ad6f
rule_based,11,case_11_0032_cycle_004,case_11_0032,4,normal,11.56989386544232,16.250694274902344,16.250694274902344,0.29858712162226464,0,1.3551151157933907,0.0,0.0,False,False,0.1666989386544232,do_nothing,False,5.0,ad709fac0ff0522831b99c5aef3510c093bf73d24666b1dd58ef8a3c58f88367
rule_based,11,case_11_0032_cycle_005,case_11_0032,5,normal,11.447652799902434,18.66720962524414,18.66720962524414,0.6094078225665261,1,0.2284816120852081,0.1120709238555736,0.070562081346092,False,False,0.1705288751991219,inspect,False,6.0,ffc0150480adb64923d1c255aebd758194d5bfb01632a5e8db3f28818efaea2e
rule_based,11,case_11_0032_cycle_006,case_11_0032,6,normal,12.308148649845513,16.250694274902344,16.250694274902344,0.34109021721046173,0,1.2275920079230653,0.0,0.0,False,False,0.20708148649845512,do_nothing,False,7.0,ce0097bdf4eb650a8d7cdb199a939498b42c6669198a3bc1b981c92207cd9092
rule_based,11,case_11_0032_cycle_007,case_11_0032,7,normal,11.188906291412877,17.28422737121582,17.28422737121582,0.430280189128439,1,0.18603691544652817,0.1024307661073735,0.0666122752608558,False,False,0.19790015662271593,inspect,False,8.0,5a7305afef58ebdacd1985a2ccf3c240a91f17440c8569f8dafc561d1af476bf
rule_based,11,case_11_0032_cycle_008,case_11_0032,8,normal,11.0151855371948,17.21404266357422,17.21404266357422,0.43192124221159695,1,0.15466282884517557,0.1107375510343466,0.07062678035559834,False,False,0.2044366698347532,inspect,False,9.0,c0e798b88728492534e48bda7469cdc16c11542c5f318d45d28c72d10c7dc773
rule_based,11,case_11_0032_cycle_009,case_11_0032,9,normal,10.50848165415163,16.10280990600586,16.10280990600586,0.5207053289514402,1,0.1360931103773541,0.10638980411693567,0.06935285187612525,False,False,0.20797633488736467,inspect,False,10.0,ccf338478b47ba48c68bfd6f3c36629f53e5ea59eba4a18d2da70f047dd361dd
rule_based,11,case_11_0032_cycle_010,case_11_0032,10,normal,10.08625805223511,18.53108787536621,18.53108787536621,0.40952038365155735,1,0.1450034062220566,0.10317052182478642,0.06696130874384422,False,False,0.212276322470116,inspect,False,11.0,50a9910a6d61ba470c7eb470762fd004b9d64158728c607ff948c623dd558a6c
rule_based,11,case_11_0032_cycle_011,case_11_0032,11,normal,10.452102451303247,16.794517517089844,16.794517517089844,0.37659395509912313,0,1.0979478331960342,0.0,0.0,False,False,0.24852102451303246,do_nothing,False,12.0,76fa50ec99410c07e82b1049b57047790f152d1cdc626b8dfb0af3d2f2322d49
rule_based,11,case_11_0032_cycle_012,case_11_0032,12,normal,11.426825805662945,16.429412841796875,16.429412841796875,0.43103540997225315,1,0.016954426127743616,0.09995077705482784,0.07039398571086368,False,False,0.25404143225096654,inspect,False,13.0,2ec8c8e6d3cde8608ddc95285b058ab8754d29878eed51214ef20a01f458d9b2
rule_based,11,case_11_0032_cycle_013,case_11_0032,13,normal,12.709434837373765,19.47468376159668,26.657079681995697,0.6716865227758562,2,-1.152044320081067,0.2849086913453171,0.2509589529302744,False,True,0.18853849599171735,minor_maintenance,False,0.0,e701a09318504c1348edd96ed882893ec8cd456f8ccce80ca311f73feeb587f7
rule_based,11,case_11_0032_cycle_014,case_11_0032,14,normal,11.955355050060817,16.602670669555664,16.602670669555664,0.40447108209840116,1,0.46854480220617545,0.09390076975105496,0.06761147422045917,False,False,0.10759819545054736,inspect,False,1.0,c2b19395d54d496f838bd9bbe3d084811d030339218f34c307cbb5fe299754b5
rule_based,11,case_11_0032_cycle_015,case_11_0032,15,normal,12.051360491752929,20.270191192626953,20.270191192626953,0.5068004497320058,1,0.4309198790793559,0.09003681517618538,0.06667063125916114,False,False,0.11656224442577635,inspect,False,2.0,266dc162472559b64daf62242694c933a15b727ccf78adac556e09dd6e2e6cd0
rule_based,11,case_11_0032_cycle_016,case_11_0032,16,normal,12.864019517656548,15.988935470581055,15.988935470581055,0.47348139034957043,1,0.3848309302827944,0.09381532938030526,0.06800375600967253,False,False,0.13197617565890893,inspect,False,3.0,853229133d5b43b9c6453055e7aecdb6ad8d0e6a606c69bf6de647d579986e95
rule_based,11,case_11_0032_cycle_017,case_11_0032,17,normal,10.948861762695357,16.13681983947754,16.13681983947754,0.383195032866282,1,0.428738152473811,0.08999554583740442,0.06908472395758455,False,False,0.12283975586425823,inspect,False,4.0,3fff13725516d6c2940308dacc8a890a3c25b47e542e58ba492d0520a231ef8b
rule_based,11,case_11_0032_cycle_018,case_11_0032,18,normal,12.245065625472993,16.2226619720459,16.2226619720459,0.34908252377013516,0,1.37228565267029,0.0,0.0,False,False,0.1584506562547299,do_nothing,False,5.0,761a292f78df1824a8bb9de0501204739c87f6d817d1d8a81f15db6959824a9e
rule_based,11,case_11_0032_cycle_019,case_11_0032,19,normal,12.55978981413603,15.988935470581055,15.988935470581055,0.6539048007438816,2,-0.9041703212751614,0.2605760512415278,0.2503705742239015,False,True,0.11507069684764339,minor_maintenance,False,0.0,2e5f3ab24c6d5269b19b530710cacfaed837fc01b1f18ada440f281e5cb0575f
rule_based,11,case_11_0040_cycle_000,case_11_0040,0,lens_contamination,25.292687740746672,33.70533752441406,33.70533752441406,0.43840830637765726,1,0.08088494122390069,0.11449917192572627,0.06994008986695527,False,False,0.22763418966672005,inspect,False,1.0,7575e4c54be3c5c0546df4b6b16d677488789015991d42afb52927f7e0fd3e5c
rule_based,11,case_11_0040_cycle_001,case_11_0040,1,lens_contamination,28.42060652855099,27.12776756286621,27.12776756286621,0.31394751193852344,0,0.9732896773526918,0.0,0.0,False,False,0.2932060652855099,do_nothing,False,2.0,a6c4ec58ecd4334d16147b7d2a0c252534836582b211799419bdd0fb5497cfbf
rule_based,11,case_11_0040_cycle_002,case_11_0040,2,lens_contamination,25.284036562231183,31.449724197387695,31.449724197387695,0.45393705999916634,1,-0.013759641825654853,0.11694308886988042,0.07119625846957185,False,False,0.25725632906008067,inspect,False,3.0,0f5ea5f4c8d2f32faf2a89ab99845790ed02a7fb1e9440de81a2a20a291ffc57
rule_based,11,case_11_0040_cycle_003,case_11_0040,3,lens_contamination,32.71646292786905,32.329524993896484,31.093564484008105,0.7131548376005572,2,-1.319522946377284,0.3279210693232347,0.24747805119450167,False,True,0.22888207015278814,minor_maintenance,False,0.0,2152f57f247693a7a9f9b3bd02100ea837e02057966e6a886fcb031d7688b3d4
rule_based,11,case_11_0040_cycle_004,case_11_0040,4,lens_contamination,28.42624325662072,30.776994705200195,30.776994705200195,0.5469112751728388,1,-0.016890204851840687,0.11189807181946211,0.06930859228461651,False,False,0.2558361893095865,inspect,False,1.0,fdce061f56e710b585ac700ee087822a254d4eb04b57de0a93b46ec1535aeee0
rule_based,11,case_11_0040_cycle_005,case_11_0040,5,lens_contamination,35.08530570478014,35.944000244140625,35.944000244140625,0.5706501086190873,1,-0.22496708178469305,0.1113378979226449,0.07053551692515157,False,False,0.32386775134302126,inspect,False,2.0,b14256de25deee1ab04f0a9410e48d14ae481239f2c2f24d57f3bbc7d8ccf51f
rule_based,11,case_11_0040_cycle_006,case_11_0040,6,lens_contamination,31.11161337361517,31.45226287841797,31.45226287841797,0.4227685025205262,1,-0.11340235582726646,0.10638981791987646,0.06872962680212656,False,False,0.2962045203625366,inspect,False,3.0,8aa0bc17da8e51e9c554d6facf092cfce2682c9a963210331e30d33cfaec5123
rule_based,11,case_11_0040_cycle_007,case_11_0040,7,lens_contamination,37.61975596169157,35.703800201416016,35.703800201416016,0.5810573333877112,1,-0.3430849384888618,0.11244148368787656,0.06856430478394525,False,False,0.3628778036552241,inspect,False,4.0,7430ce6a7618edf63999523182f3f85b848b2f4d34bdb231523785edc30b399c
rule_based,11,case_11_0040_cycle_008,case_11_0040,8,lens_contamination,34.21432620692814,33.618865966796875,40.6681172512041,0.6320889231457177,1,-0.2783641611261336,0.10809506258501259,0.06808619060275437,False,False,0.3403289358623533,inspect,False,5.0,42d16ab53926f0a882cf2470e8f504e8ac77789c0a0b83d29ee95e8bd36e4b42
rule_based,11,case_11_0040_cycle_009,case_11_0040,9,lens_contamination,33.628091080997635,35.175071716308594,35.21986009008834,0.6578432308659306,2,-1.2882279188211112,0.28201978718436255,0.24793644112537877,False,True,0.23639416470218536,minor_maintenance,False,0.0,30ccdbe650c5c38bcecf956974513118cc02366f897e0fdff00a7885519a3377
rule_based,11,case_11_0040_cycle_010,case_11_0040,10,lens_contamination,33.764812168169925,31.748291015625,31.748291015625,0.6159796822997369,1,-0.16170753459658366,0.10230997237204464,0.06918835167373798,False,False,0.3038833095135294,inspect,False,1.0,198c7928e833c2a430f6ae530927a3e1a1ae080b5fe6f0e0fa4b5ebd1137e75e
rule_based,11,case_11_0040_cycle_011,case_11_0040,11,lens_contamination,35.40658338905667,38.54806900024414,38.54806900024414,0.6013514157510867,1,-0.22109456582540987,0.09629042880393361,0.06790459144285377,False,False,0.32675925050151006,inspect,False,2.0,c9870016dded2a930fdf89c25cf9f60c18aaed662fe54ec234599fc6e7a1adcb
rule_based,11,case_11_0040_cycle_012,case_11_0040,12,lens_contamination,39.528685959394664,39.89210510253906,36.50542598639178,0.7170538557377852,2,-0.3442583379712723,0.2684970833574393,0.24936202176053066,False,False,0.2562378529482469,minor_maintenance,False,0.0,242a57618305e4a8dc10421b1861c3900153bc147dc83de99c687e8732cfcf53
rule_based,11,case_11_0040_cycle_013,case_11_0040,13,lens_contamination,35.730977362704394,42.54671096801758,36.534345146643474,0.6925651234640369,2,-1.2267819081653768,0.2616180647079044,0.24585361998945632,False,True,0.22153205964876724,minor_maintenance,False,0.0,2f5c7aa688474579bee2159e9084f808059a42f61b5a1b66b3f140c1bf21292f
rule_based,11,case_11_0040_cycle_014,case_11_0040,14,lens_contamination,41.69529121725114,31.62961769104004,35.86771156575587,0.6851502395480011,2,-0.35367559874499555,0.27439416196100186,0.251220605263653,False,False,0.25851080554695705,minor_maintenance,False,0.0,01ffd954b288e081616be248575f788956c75c08edf9846e61653181ca567620
rule_based,11,case_11_0040_cycle_015,case_11_0040,15,lens_contamination,42.848822992443125,37.97195053100586,47.37050730739796,0.6498945583706395,1,-0.39994263118739354,0.08973219103172485,0.06976004450513561,False,False,0.3856394069319881,inspect,False,1.0,ffad57ef748a28c04e1380fa21fd7ca72040d24a976d9e2c1ce2becd877f9f95
rule_based,11,case_11_0040_cycle_016,case_11_0040,16,lens_contamination,41.980168006998205,42.61628341674805,40.370558125537066,0.7648225769699729,2,-0.3872392771460309,0.27681350992926484,0.24766406967637936,False,False,0.26585704164338886,minor_maintenance,False,0.0,cf1873dec0f6483a4a1288a58894d1cdc932dbd1c4b8ced7a35a1037124abab1
rule_based,11,case_11_0040_cycle_017,case_11_0040,17,lens_contamination,39.41160769910121,43.0743408203125,46.56850765995428,0.7433106890756789,2,-0.29937890712910487,0.2593126389285969,0.24439220204484205,False,False,0.2443519677344275,minor_maintenance,False,0.0,51b273df8e6a271af309be18fba350c97d8a0c0d655580b76aae2ec17a2dc103
rule_based,11,case_11_0040_cycle_018,case_11_0040,18,lens_contamination,46.947312882318734,33.619102478027344,36.36786718643488,0.7470443011570038,2,-0.44112974682351186,0.2539651276696085,0.2523599429615305,False,False,0.29107333987037615,minor_maintenance,False,0.0,822957ff8f33354e754971f611c8d995a45a980b02b30d0493fdefe74adf0110
rule_based,11,case_11_0040_cycle_019,case_11_0040,19,lens_contamination,49.513612728281295,43.888648986816406,38.857293784229455,0.7477380068783772,2,-0.4783711240299051,0.24791375863313275,0.2466793345237294,False,False,0.30698439891534407,minor_maintenance,False,0.0,01f646619126909180465b0a09105e3e365a991c7b55748dd92797eaba7f739f
rule_based,11,case_11_0043_cycle_000,case_11_0043,0,focal_drift,22.284831535774696,23.259645462036133,23.259645462036133,0.4699741862242124,1,0.1784446831672667,0.09360693632176512,0.06970225138927442,False,False,0.20056348382197228,inspect,False,1.0,bd92407d8a1802be18f6f0d6f3d1b49f6bb7333ff58fc3e3fd1d47596815e612
rule_based,11,case_11_0043_cycle_001,case_11_0043,1,focal_drift,21.711436430019393,20.821195602416992,20.821195602416992,0.44085088826580493,1,0.1808537401819862,0.08923112943188259,0.06659839191967101,False,False,0.20350292787017454,inspect,False,2.0,053d02d03b00c68e0fc8aca9f6f6b9489883c51b82baca8342cc477aa0ed4bd4
rule_based,11,case_11_0043_cycle_002,case_11_0043,2,focal_drift,19.960524812836614,24.20523452758789,24.20523452758789,0.36692710345620255,0,1.192145190096471,0.0,0.0,False,False,0.21760524812836615,do_nothing,False,3.0,98585733982a4696bb133a687a3ef15787882eb49197ab89e3d3e373992e72b9
rule_based,11,case_11_0043_cycle_003,case_11_0043,3,focal_drift,20.168918804342802,24.420368194580078,24.420368194580078,0.33653216543994724,0,1.1184526110537238,0.0,0.0,False,False,0.24368918804342804,do_nothing,False,4.0,3a35fe6ad1fb64a4154490ff6581197e921705be8fcea535bc43bbd4a6c87e10
rule_based,11,case_11_0043_cycle_004,case_11_0043,4,focal_drift,23.53751227483518,26.040708541870117,26.040708541870117,0.43522278703993655,1,-0.031176189277016,0.09830955408628972,0.06733798214273258,False,False,0.2712376104735166,inspect,False,5.0,55a9afee80c61b9942c6731c733cf17e71629e2d9e2708ed0a7e4d6b2160ae96
rule_based,11,case_11_0043_cycle_005,case_11_0043,5,focal_drift,23.23997173799391,29.43604850769043,37.94784767379603,0.717589372814048,2,-1.1606112249331269,0.27365782269757954,0.25943940248344166,False,True,0.19058782477556224,minor_maintenance,False,0.0,2273730dba0171ee1d494eed8e1c379857a1ddf292eb17ef7fdde0b0bb40707a
rule_based,11,case_11_0043_cycle_006,case_11_0043,6,focal_drift,22.494374787546594,22.950531005859375,22.950531005859375,0.35853145152215715,0,1.1713890386452785,0.0,0.0,False,False,0.22494374787546595,do_nothing,False,1.0,0e4bae76f0f9973a5702380dc79035369562adeaada756c77df6f3f05fb2b56c
rule_based,11,case_11_0043_cycle_007,case_11_0043,7,focal_drift,24.889021396328378,18.236141204833984,22.558612749974976,0.6731533266352937,2,-1.0881292697867162,0.286731139633942,0.24106166648221541,False,True,0.16919193265723595,minor_maintenance,False,0.0,4f16597df272e2a132b1e036af41b2ac2cbd8213bb950fd81a3fa83f2917b129
rule_based,11,case_11_0043_cycle_008,case_11_0043,8,focal_drift,22.809397431179494,24.83856964111328,24.83856964111328,0.39406188923812424,1,0.16426656540110482,0.10501524002306198,0.06969397568533532,False,False,0.20528457688061547,inspect,False,1.0,b1a528defe288f7576cc76e7933a8b3af6f231200d72297ac3dd9e78209982e9
rule_based,11,case_11_0043_cycle_009,case_11_0043,9,focal_drift,25.15216125746798,26.92634391784668,26.92634391784668,0.4535079083484023,1,0.07062437499366828,0.10264512856423172,0.06911994529775524,False,False,0.23446945131721184,inspect,False,2.0,af2aa3f7dea10eb4673acb4abe88b1754834b1095e973c233085e9bf71c8269a
rule_based,11,case_11_0043_cycle_010,case_11_0043,10,focal_drift,30.828627078760274,28.372478485107422,28.372478485107422,0.4405258910996705,1,-0.10819235631734958,0.10557943702557628,0.069451380625369,False,False,0.2936576437088425,inspect,False,3.0,cfde5b57386d1049fab33ff8c7441c626eccc1b733b754a9d563b7e30038bca7
rule_based,11,case_11_0043_cycle_011,case_11_0043,11,focal_drift,29.94527746627399,24.226131439208984,24.226131439208984,0.49840292120907126,1,-0.12273726181734354,0.11085016813049386,0.069630204895114,False,False,0.2938074971964659,inspect,False,4.0,864e0217b81e7611aa3a30564437c189deaf76c425b7881e10ca0c0e51d7e02c
rule_based,11,case_11_0043_cycle_012,case_11_0043,12,focal_drift,33.65828089272856,26.005718231201172,26.005718231201172,0.3602566904454519,0,0.7282130696513252,0.0,0.0,False,False,0.3725828089272857,do_nothing,False,5.0,d166d8b5cbbca225c70dee09f5dc9f036cef29b37dd792d8bc588aac3fbea171
rule_based,11,case_11_0043_cycle_013,case_11_0043,13,focal_drift,32.056290713329496,30.655227661132812,30.655227661132812,0.4035299577211413,1,-0.25531385799029677,0.11347742039839108,0.0672338683422978,False,False,0.34250661641996544,inspect,False,6.0,42546fd30ef8039ef72d76564a1a484f0b2553811b9699cc5e49ea7cdec8bbbe
rule_based,11,case_11_0043_cycle_014,case_11_0043,14,focal_drift,33.14072226040497,27.304719924926758,27.304719924926758,0.539845137946328,1,-0.3298726065340846,0.11148702847133643,0.07038663292483084,False,False,0.36036650034364476,inspect,False,7.0,fa2c70475dc4b62033e8fba5a4ab66d54daa8fa8d846d028c60e1fae28f3fae7
rule_based,11,case_11_0043_cycle_015,case_11_0043,15,focal_drift,35.6931594776481,29.88629150390625,29.88629150390625,0.42487986289125074,1,-0.40884124262173127,0.11314097091405356,0.07206623297186407,False,False,0.39143843529883293,inspect,False,8.0,90bd06ec6a8cf1f0f153f81b0963a2c940520ee96ac54e444f639d5e186dcc95
rule_based,11,case_11_0043_cycle_016,case_11_0043,16,focal_drift,33.12663331224304,32.10294723510742,32.10294723510742,0.3944767717241895,1,-0.36770233040422096,0.12341453016551901,0.0697464813118891,False,False,0.3764396998101874,inspect,False,9.0,b7d0915b91e8a772a4a599e8964f8baa08c3ea3cfeac3a67a9abe23d7a5a787c
rule_based,11,case_11_0043_cycle_017,case_11_0043,17,focal_drift,33.82368256810259,29.81087875366211,29.81087875366211,0.531253343567616,1,-0.4243875053967377,0.11800509459384825,0.06781872491122154,False,False,0.3908131431129233,inspect,False,10.0,4b5a034dd3742e316cd71c5df5cbe0b0289cc236be2c557afe8736f9c551dca0
rule_based,11,case_11_0043_cycle_018,case_11_0043,18,focal_drift,36.404160714433914,29.0335750579834,29.0335750579834,0.4392816237297334,1,-0.5069173576087883,0.11798187298194901,0.07078862722207974,False,False,0.4221374464299052,inspect,False,11.0,445e19fccef9f7901e31fdad19655e428bde19e37475928926a4f1d993357ed8
rule_based,11,case_11_0043_cycle_019,case_11_0043,19,focal_drift,33.16395571972298,26.72549819946289,26.72549819946289,0.5878362948909609,1,-0.46587312297495814,0.11889778504381088,0.06946636158122853,False,False,0.40107560147750676,inspect,False,12.0,6bc419b6ec05d802919cb14831ca7efdb2f19eeee3d8c370ea29481da96db16f
rule_based,11,case_11_0045_cycle_000,case_11_0045,0,focal_drift,22.197722343244106,21.518756866455078,21.518756866455078,0.463276180115951,1,0.19483487673237898,0.08082359094575568,0.06938950254610227,False,False,0.19977950108919695,inspect,False,1.0,1a818fb77b9ad093bfbf2e3a847983f5be3ee2e6ad690fea926c45dc690f5965
rule_based,11,case_11_0045_cycle_001,case_11_0045,1,focal_drift,26.694436767382925,29.443632125854492,29.443632125854492,0.3670735008881545,0,1.0171058718452892,0.0,0.0,False,False,0.27594436767382924,do_nothing,False,2.0,b3e681db6179c6eece7b5721f5b2818c12bd3454410a28123d86081627d01233
rule_based,11,case_11_0045_cycle_002,case_11_0045,2,focal_drift,25.378775386804374,22.946386337280273,22.946386337280273,0.4603915976582318,1,0.02064633175365624,0.08290156276207919,0.06633303798976432,False,False,0.2581089784812394,inspect,False,3.0,a82701c4f98f14227899fe1e5d8fd91be90635d855e10fabb71dbf54bb68fef8
rule_based,11,case_11_0045_cycle_003,case_11_0045,3,focal_drift,21.881163716805275,28.90313148498535,28.90313148498535,0.5187125192224904,1,0.07663285230215207,0.08847925466785794,0.06611199349109242,False,False,0.2347304734512475,inspect,False,4.0,d08c71d8a717d53ec707eb29bcc4025b785904c9ab918fd566817a1eae3997a3
rule_based,11,case_11_0045_cycle_004,case_11_0045,4,focal_drift,20.969591678684207,26.128582000732422,26.128582000732422,0.5198716894012948,1,0.08570892656010352,0.08007146218936684,0.0654498531448271,False,False,0.23462632510815792,inspect,False,5.0,3257fd44866f7a76d7368b2d711baecdd71b16a9d72f26cd3db9d843dc10517e
rule_based,11,case_11_0045_cycle_005,case_11_0045,5,focal_drift,25.426703242236464,24.312664031982422,24.312664031982422,0.5384613709096235,1,-0.06871713061826601,0.08493356313192173,0.06811671788689527,False,False,0.2828403291801282,inspect,False,6.0,6c7ed908f04285249027653962dc5c358414749fd06105499bc248c9edb2829e
rule_based,11,case_11_0045_cycle_006,case_11_0045,6,focal_drift,28.469430756275067,29.68146324157715,29.68146324157715,0.5023606092025774,1,-0.16880230411494457,0.08534487905838103,0.06641087907093769,False,False,0.3183248768064756,inspect,False,7.0,482ba3cf58bdf6ae2d92dc5b803b9cf57fb15813bfd8207f32971013233d1e5e
rule_based,11,case_11_0045_cycle_007,case_11_0045,7,focal_drift,25.353344449792353,24.573444366455078,24.573444366455078,0.6102366910682734,1,-0.1310916264126481,0.09117207932257107,0.06655467910680302,False,False,0.2983801000481312,inspect,False,8.0,ce4ba2733a21db72c09ac8f417fec306e74f987eb9727188fec298c61a8ed899
rule_based,11,case_11_0045_cycle_008,case_11_0045,8,focal_drift,31.01859066181696,22.539501190185547,22.539501190185547,0.49677578638299147,1,-0.28640723204072244,0.08574710813714145,0.06717726009634276,False,False,0.35746731595635267,inspect,False,9.0,4627edaebfac39d1370b0ad33fd8c978f08fbb284dc5e8be73e3e86dd1c61fa8
rule_based,11,case_11_0045_cycle_009,case_11_0045,9,focal_drift,32.77915849670446,29.420772552490234,29.420772552490234,0.5008645456421164,1,-0.3689616382411173,0.0953440720335186,0.0678132561878259,False,False,0.3814124264703402,inspect,False,10.0,d62568b82ada9a0addf999a52718cf0fb0755adcdc29dd16694368a17e14aedd
rule_based,11,case_11_0045_cycle_010,case_11_0045,10,focal_drift,31.99576153732999,26.10350799560547,26.10350799560547,0.49645671669412705,1,-0.3669387844437175,0.09249635134287287,0.06573545511101975,False,False,0.3824618538359699,inspect,False,11.0,3ba0537a45d64d6a2b91ca6b2b0250f1bd5bba4512b42f15b040f4ebf57ab55f
rule_based,11,case_11_0045_cycle_011,case_11_0045,11,focal_drift,34.349440752452125,29.88135528564453,38.8577446580035,0.7117583020238993,2,-1.4255580621107553,0.26844267597018856,0.2492650535517152,False,True,0.2836465326652032,minor_maintenance,False,0.0,6bec6df88d3b5cb31750801541689d818350337c87085356bf48e9e4889e4303
rule_based,11,case_11_0045_cycle_012,case_11_0045,12,focal_drift,36.272442981687966,29.954774856567383,29.954774856567383,0.5316534332378379,1,-0.21190832467574444,0.09892732418159825,0.0673462812536192,False,False,0.3264519868351917,inspect,False,1.0,e9eea44867b4d0850bc71a1966d28a96d9946d901f82f5ad904bdc9c9e60ba0a
rule_based,11,case_11_0045_cycle_013,case_11_0045,13,focal_drift,38.909022058042375,36.26757049560547,36.26757049560547,0.5777633605998822,1,-0.31902583739343926,0.10287356584500554,0.06830521486413417,False,False,0.3582811985223814,inspect,False,2.0,9e0e4005f28e5f447aff09d02ff0e26543996bde6704f2291e82ec3a988e911c
rule_based,11,case_11_0045_cycle_014,case_11_0045,14,focal_drift,37.020732551227034,27.091543197631836,27.091543197631836,0.5336120346342539,1,-0.2774466490907971,0.09429148791171629,0.06869197137601579,False,False,0.34938659296104335,inspect,False,3.0,0bb8dba9473f86ae41354cfe8676560b774e62c95ca5e302e80383e2d7b56a6b
rule_based,11,case_11_0045_cycle_015,case_11_0045,15,focal_drift,35.455404942353006,31.396808624267578,42.7350497612926,0.7097191631344395,2,-1.3089140972958124,0.29057977798082313,0.2527323911463219,False,True,0.23656351064258865,minor_maintenance,False,0.0,9acc196ff5c2a73d5306e4eed9a440c833b4c924b712cf0ee941c40c7e910ae9
rule_based,11,case_11_0045_cycle_016,case_11_0045,16,focal_drift,40.832094508423786,31.604373931884766,32.693896215952115,0.7203294234221036,2,-0.3833425047265212,0.30633403923607416,0.26185261765056134,False,False,0.25315898595222747,minor_maintenance,False,0.0,ebb0623219881738a2189f2734abd81673d11db74655743f30ea4c442c5d8054
rule_based,11,case_11_0045_cycle_017,case_11_0045,17,focal_drift,46.26692319447741,29.439701080322266,37.10080179957927,0.7019014161082316,2,-0.48335818338547787,0.3078492034162258,0.262073745169672,False,False,0.2868549238057599,minor_maintenance,False,0.0,4dc0a061879a301dd55f66a2fe76418bf65ffce591ca7de78365de4f2fd1b153
rule_based,11,case_11_0045_cycle_018,case_11_0045,18,focal_drift,45.90885779305903,37.33124542236328,43.226540966489225,0.7473222943607163,2,-0.4757404748623978,0.30676649682431545,0.25371359866634624,False,False,0.28463491831696597,minor_maintenance,False,0.0,1f4eef25cb188755d450c5f2258fbcb23244a35e16cb63682b7fc2f2afd684fe
rule_based,11,case_11_0045_cycle_019,case_11_0045,19,focal_drift,45.99925273599076,25.80533218383789,37.95148385955588,0.682995471303437,2,-0.4720684592798264,0.3171259213867431,0.24613389538517452,False,False,0.2851953669631427,minor_maintenance,False,0.0,6166f9cdcc46360c176834d523fe356f9ceb674db0aa24d68890b65a42585993
rule_based,11,case_11_0047_cycle_000,case_11_0047,0,normal,12.64332405930754,17.42447853088379,17.42447853088379,0.3762468119564334,0,1.4642632564273088,0.0,0.0,False,False,0.1264332405930754,do_nothing,False,1.0,bf1f2ebb1e9132b25b799a9d41bb18a592d87d16e26ab3d1335b549371041451
rule_based,11,case_11_0047_cycle_001,case_11_0047,1,normal,12.42593443794138,24.595518112182617,24.595518112182617,0.4805023593217517,1,0.3513370192183561,0.11899590713823341,0.07161436240091314,False,False,0.13343340994147243,inspect,False,2.0,3cf3c954e32d1fc9ee19484bd287561d18bd88d96b14ba9c8fbc87ac7deb7ae0
rule_based,11,case_11_0047_cycle_002,case_11_0047,2,normal,13.899580750745832,15.988935470581055,15.988935470581055,0.4094559054785151,1,0.3048026572623988,0.11289446583555962,0.0706197635126584,False,False,0.1547962267567125,inspect,False,3.0,18a8779db6ed24f6e796826067e8505036c1927495a9a564988d0223c894f5d3
rule_based,11,case_11_0047_cycle_003,case_11_0047,3,normal,12.85979609657624,16.628429412841797,16.628429412841797,0.4088013753529955,1,0.30413533614793997,0.11639500036183545,0.07191870322464582,False,False,0.15353816486918617,inspect,False,4.0,d56936ecbaadf5cdf31f1687b090f79513b251f5b02b79f36b5db2e7558bf2d3
rule_based,11,case_11_0047_cycle_004,case_11_0047,4,normal,14.565176699945354,16.10280990600586,16.10280990600586,0.5061644027283225,1,0.22084990020970152,0.1170702580683901,0.0689942630176693,False,False,0.1769865902995082,inspect,False,5.0,07f1a1768ec72e903d776746e6ecfa3d05d5b0085fec81a7e5a6cb1c35470f28
rule_based,11,case_11_0047_cycle_005,case_11_0047,5,normal,13.923130220369858,15.988935470581055,15.988935470581055,0.49120520301502885,1,0.20832992734982583,0.12303490298118076,0.07128734158344105,False,False,0.17930817198332874,inspect,False,6.0,64d21bb3aa6aac9fe5120b03d13981b543fd25c5f257ddd0b5dda2f48cfcf011
rule_based,11,case_11_0047_cycle_006,case_11_0047,6,normal,15.685881473008267,15.988935470581055,15.988935470581055,0.4915969711523955,1,0.14093544348824533,0.11884718403876623,0.07082378378613235,False,False,0.2032729332570744,inspect,False,7.0,c1453c5b31250598d90e630bc5aafef6c1d2bdc92728c30df4c8d88ccb37ed4e
rule_based,11,case_11_0047_cycle_007,case_11_0047,7,normal,13.15632845971936,18.190675735473633,18.190675735473633,0.45139633683827013,1,0.18559547360285922,0.12446250127334924,0.07051463273203534,False,False,0.18860695613747425,inspect,False,8.0,2c761b5cd180611f07eab843aa6a78f434bdc9a769cd7d298023ec291b0faa57
rule_based,11,case_11_0047_cycle_008,case_11_0047,8,normal,11.77430687667791,20.742347717285156,20.742347717285156,0.39840364630895153,1,0.2153898487330271,0.11487449119457288,0.07146103431969203,False,False,0.18426876189010122,inspect,False,9.0,f203d96dd6c73a9c6f444c6d76b70db71ee5be4c0006167ebc9e421ecccf6c5f
rule_based,11,case_11_0047_cycle_009,case_11_0047,9,normal,14.890403906136,18.894943237304688,18.894943237304688,0.36361086468592585,0,1.1107462531130312,0.0,0.0,False,False,0.24490403906136,do_nothing,False,10.0,67e01a5605e614c0cea98453aa42651b88d28115d040ef1cfb5c52538f5500d9
rule_based,11,case_11_0047_cycle_010,case_11_0047,10,normal,13.985016903095538,21.526554107666016,21.526554107666016,0.4407069645705083,1,0.059210632166076665,0.11712989464542185,0.06994746514918225,False,False,0.23386515212785983,inspect,False,11.0,c08b2908547e722b149d9ae034edb2afef6728514716090f6e33fe30df979d7e
rule_based,11,case_11_0047_cycle_011,case_11_0047,11,normal,14.138262782646718,15.988935470581055,15.988935470581055,0.4146751336580944,1,0.03172216043928259,0.12066216990416292,0.0692266305954735,False,False,0.2433443650438205,inspect,False,12.0,9df139bad2b45e2de3e2905749ee000575661f3c64969f8d86f2ccf90953842b
rule_based,11,case_11_0047_cycle_012,case_11_0047,12,normal,15.999194956455675,18.067535400390625,18.067535400390625,0.374809402812006,0,0.9498027408845289,0.0,0.0,False,False,0.29799194956455677,do_nothing,False,13.0,c4d454cc86f16f83e226f0d3f10183c971aa68c744ded4509173240bb027b9f3
rule_based,11,case_11_0047_cycle_013,case_11_0047,13,normal,15.268627364448225,20.312532424926758,20.312532424926758,0.5410956238580675,1,-0.10499331700633686,0.11878286641150246,0.06924146022002763,False,False,0.28321764628003404,inspect,False,14.0,5972e6579e30582209b29d7e2c2b9d39bbc5603eab5024ab08cb79eee1d699e7
rule_based,11,case_11_0047_cycle_014,case_11_0047,14,normal,16.816899740932953,18.95355796813965,18.95355796813965,0.4660202882722368,1,-0.15975226211373,0.1174416267876032,0.07081412385012673,False,False,0.3052520976683966,inspect,False,15.0,af8b8faf87501fcdea7f3f1db69caaf2fa95d48714af957174f0898a08e2d38c
rule_based,11,case_11_0047_cycle_015,case_11_0047,15,normal,14.399058568748806,17.28422737121582,17.28422737121582,0.3389732079247692,0,0.8771822617488204,0.0,0.0,False,False,0.32399058568748806,do_nothing,False,16.0,18e7f39b68ceb618e862b8fcbecf1b2299ef0fc377c3c2c756bb4a734d959498
rule_based,11,case_11_0047_cycle_016,case_11_0047,16,normal,14.012011984622461,16.13681983947754,16.13681983947754,0.4221398363580401,1,-0.15274947922172108,0.10591039219781476,0.06799223498174246,False,False,0.30970810786160213,inspect,False,17.0,aa64491044e313f06fd8d5680d1b1184142c376829603094321f74bdd8251625
rule_based,11,case_11_0047_cycle_017,case_11_0047,17,normal,14.955814047280583,15.988935470581055,15.988935470581055,0.30874683026421057,0,0.7660135540419509,0.0,0.0,False,False,0.3625581404728058,do_nothing,False,18.0,9acde44ed23f86b1bdd0653c10490d3c68c10090ed5a7353aae8eff1f7592184
rule_based,11,case_11_0047_cycle_018,case_11_0047,18,normal,14.99268526199089,19.191661834716797,19.191661834716797,0.470276206906311,1,-0.276383781760451,0.10671860200083824,0.06802655831238988,False,False,0.348234167357918,inspect,False,19.0,51ab83662aad38d53cc01de6583e275306732bea69fed967c95e17f25ae56099
rule_based,11,case_11_0047_cycle_019,case_11_0047,19,normal,16.151568756084643,15.988935470581055,15.988935470581055,0.5580978966747265,1,-0.3380235813336355,0.0989298631452804,0.06885834659107615,False,False,0.3667641188047618,inspect,False,20.0,d6c5cba80a5b4de2ec307ad092cde7dc987abaad3b95d36f2dcc5037ae59ffd7
predicted_urgency_only,11,case_11_0021_cycle_000,case_11_0021,0,normal,13.319022531681531,16.13681983947754,16.13681983947754,0.3376553480344687,0,1.4497810218443838,0.0,0.0,False,False,0.13319022531681532,do_nothing,False,1.0,5d80d79c53eb1bc8a647eb6242cffbb4c9bfd166f5a4a535e4774c095908d3ca
predicted_urgency_only,11,case_11_0021_cycle_001,case_11_0021,1,normal,14.531776521565188,19.741859436035156,19.741859436035156,0.4023266441891061,0,1.3316977077246785,0.0,0.0,False,False,0.16931776521565187,do_nothing,False,2.0,3104cf7a511b6d52b43d66b54b1bcedce4820d3e7ec13a04d7c2e2e70a2e6a6e
predicted_urgency_only,11,case_11_0021_cycle_002,case_11_0021,2,normal,14.47991830620253,23.089780807495117,23.089780807495117,0.5938445739946475,0,0.3325257647147269,0.0,0.0,False,False,0.19279918306202531,do_nothing,False,3.0,ca02470f52567e54d8a699d5b3a38c996a8ea674ec3b8d142fa20dea8e232e5b
predicted_urgency_only,11,case_11_0021_cycle_003,case_11_0021,3,normal,15.824721707833856,22.687088012695312,22.687088012695312,0.353165972297294,0,1.1562834529203903,0.0,0.0,False,False,0.23024721707833856,do_nothing,False,4.0,368ca31144235817bc6845c0e9cfdc83903a9ecd91be9296cd13773d35d3734e
predicted_urgency_only,11,case_11_0021_cycle_004,case_11_0021,4,normal,14.284138281669065,19.56587028503418,19.56587028503418,0.5798419896980929,0,0.1964995530952141,0.0,0.0,False,False,0.23884138281669065,do_nothing,False,5.0,d1d9fadea43352056668dbe582f2d6c6d9e841a19a1e8b4bce72a5b89a21cc17
predicted_urgency_only,11,case_11_0021_cycle_005,case_11_0021,5,normal,16.884729318822828,19.07741928100586,19.07741928100586,0.4755423113211129,0,0.0621267737371482,0.0,0.0,False,False,0.28884729318822827,do_nothing,False,6.0,198d33a907eea03619c306e014a7dc551295c420877a625ba4c8294cdc1428f5
predicted_urgency_only,11,case_11_0021_cycle_006,case_11_0021,6,normal,14.684006704414632,23.09821128845215,23.09821128845215,0.3601881782746103,0,0.9734515721263695,0.0,0.0,False,False,0.29084006704414633,do_nothing,False,7.0,7b332ef7c2d6989ba754d41f76b05c55f043e803c5e2edaaad95a61d97cc201e
predicted_urgency_only,11,case_11_0021_cycle_007,case_11_0021,7,normal,16.276002984310743,16.578954696655273,16.578954696655273,0.26095958944584013,0,0.8685759720538015,0.0,0.0,False,False,0.3307600298431075,do_nothing,False,8.0,f33af73274fd993bc53a814773dd2174eb8a0e8a0feb8bbb9bbb7a2fd0f1205a
predicted_urgency_only,11,case_11_0021_cycle_008,case_11_0021,8,normal,19.47227807261192,16.726839065551758,16.726839065551758,0.4082886269106915,0,0.6785883637850385,0.0,0.0,False,False,0.3867227807261192,do_nothing,False,9.0,6e1d29e9aec83a03ffcd55d70b97a60de71d3a6a40e5e847b98ae60d37181c4c
predicted_urgency_only,11,case_11_0021_cycle_009,case_11_0021,9,normal,14.570852629067799,17.347036361694336,17.347036361694336,0.37466790537284567,0,0.7586742353220393,0.0,0.0,False,False,0.36170852629067796,do_nothing,False,10.0,dbb22b6deb503e6b997ef5cb0c7c2787134eebc267b46b1ec005dab946f1d9a5
predicted_urgency_only,11,case_11_0021_cycle_010,case_11_0021,10,normal,18.27569011304432,16.13681983947754,16.13681983947754,0.42246656423544704,0,0.5683593119733535,0.0,0.0,False,False,0.4227569011304432,do_nothing,False,11.0,b783563baf30451f6cfd3e221576a2de8d5ae4e391c74637d61de3b146b596ad
predicted_urgency_only,11,case_11_0021_cycle_011,case_11_0021,11,normal,16.703614649593906,17.614768981933594,24.944099267913693,0.6701011065864866,0,-0.39362360547578995,0.0,0.0,False,False,0.431036146495939,do_nothing,False,12.0,9419a89f0f47837d8960f80e0ecfa8592d1e62999e03be743895c7a38d4e9e8e
predicted_urgency_only,11,case_11_0021_cycle_012,case_11_0021,12,normal,17.66252481761934,19.62386703491211,19.62386703491211,0.4714250109589365,0,-0.46458949617242057,0.0,0.0,False,False,0.4646252481761934,do_nothing,False,13.0,8eb62397333b505bd9078befbe18ad317299a3fa5cfd52bf240484bd0a347991
predicted_urgency_only,11,case_11_0021_cycle_013,case_11_0021,13,normal,15.342861037005573,16.10280990600586,16.10280990600586,0.4907461248147199,0,-0.4698977498323751,0.0,0.0,False,False,0.46542861037005573,do_nothing,False,14.0,966cc203dea74f5f35e0a07e9d706e3a4cf2c56c105c766c2bbaa16252148ffb
predicted_urgency_only,11,case_11_0021_cycle_014,case_11_0021,14,normal,15.650883056056408,21.7314395904541,21.7314395904541,0.3751397627024498,0,0.36620254391294016,0.0,0.0,False,False,0.4925088305605641,do_nothing,False,15.0,cea9a52a11518a569aa62578b807c73b0cfb6bba86afab7110884277427c2de0
predicted_urgency_only,11,case_11_0021_cycle_015,case_11_0021,15,normal,15.001439342346037,18.725313186645508,18.725313186645508,0.334697537360945,0,0.3197521891254774,0.0,0.0,False,False,0.5100143934234603,do_nothing,False,16.0,d63c4102e14d8cf1711a08bcfeda6ec14c4a999270c85001314e105e4274c217
predicted_urgency_only,11,case_11_0021_cycle_016,case_11_0021,16,normal,17.305465024903366,18.090261459350586,18.090261459350586,0.40601125073385785,0,0.16793436164282038,0.0,0.0,False,False,0.5570546502490337,do_nothing,False,17.0,5ab17a734c924c232e18659611e42e22f723787be078aca4f469ba1953dc0de6
predicted_urgency_only,11,case_11_0021_cycle_017,case_11_0021,17,normal,14.175364037883698,23.3907527923584,23.3907527923584,0.5679191186028664,0,-0.734448788926941,0.0,0.0,False,False,0.549753640378837,do_nothing,False,18.0,a9b781ab431b0937877e9902df3fb80d2b30f2110403d818b04e6485feb127f4
predicted_urgency_only,11,case_11_0021_cycle_018,case_11_0021,18,normal,15.812481171078288,19.519332885742188,19.519332885742188,0.4131274474521365,0,0.06765644774983082,0.0,0.0,False,False,0.5901248117107829,do_nothing,False,19.0,1915ba13e7b39b68a10726349a0e66a9556e1c85a6f191eb657618665f464dd2
predicted_urgency_only,11,case_11_0021_cycle_019,case_11_0021,19,normal,15.131029222659523,22.305072784423828,22.305072784423828,0.3903368652871888,0,0.019518593527136252,0.0,0.0,False,False,0.6073102922265952,do_nothing,False,20.0,d5560016d76bf777494f7fde22b46826f171ac4ae8c1819c4ede31615119457f
predicted_urgency_only,11,case_11_0023_cycle_000,case_11_0023,0,low_shielding_gas,28.5098320682346,29.0341739654541,29.0341739654541,0.5072362727783151,0,0.06861959703621472,0.0,0.0,False,False,0.28509832068234603,do_nothing,False,1.0,e6859ab88e7f3e8f32044689fea395afe5ea4be10811712a6839fac50e1f6c0c
predicted_urgency_only,11,case_11_0023_cycle_001,case_11_0023,1,low_shielding_gas,33.10405449008619,29.463205337524414,37.57613255139705,0.6950792624182824,0,-0.16938352406532817,0.0,0.0,False,False,0.35504054490086195,do_nothing,False,2.0,a43e838a13fb07c2596f551fb202b6b5c830b49a0502c7228bb919399efa9f78
predicted_urgency_only,11,case_11_0023_cycle_002,case_11_0023,2,low_shielding_gas,31.849599504288612,27.90949058532715,27.90949058532715,0.6202562558049194,0,-0.1925264234993962,0.0,0.0,False,False,0.3664959950428861,do_nothing,False,3.0,1cb04d29cb8b3f22db7243d7dbdffb072561567813724b4c03e62ddf79892270
predicted_urgency_only,11,case_11_0023_cycle_003,case_11_0023,3,low_shielding_gas,33.59124128135328,28.776748657226562,28.776748657226562,0.5923180851364115,0,-0.31258495121106017,0.0,0.0,False,False,0.4079124128135328,do_nothing,False,4.0,6e1fe20fdf8729dfa17f0b3a6ab59bc3554890f9af22629b6075e91a0ed3dd30
predicted_urgency_only,11,case_11_0023_cycle_004,case_11_0023,4,low_shielding_gas,37.45291771241088,29.506956100463867,42.080704063532856,0.7005974907605409,0,-0.5166771549864076,0.0,0.0,False,False,0.47052917712410885,do_nothing,False,5.0,49be63bb0c5ec5edf45d31ba3ba0a556252efd27090b3d250e9590aa149f4275
predicted_urgency_only,11,case_11_0023_cycle_005,case_11_0023,5,low_shielding_gas,36.92096686460445,29.28071403503418,34.36716281955528,0.690827257114155,0,-0.5712530945052569,0.0,0.0,False,False,0.48920966864604454,do_nothing,False,6.0,42a54ddb33aaa32f7f8fe8201faa8105cc307cea768a148ba8f8408c6e6d9300
predicted_urgency_only,11,case_11_0023_cycle_006,case_11_0023,6,low_shielding_gas,36.02762668214266,39.640899658203125,40.25089090703602,0.8001781611621568,1,-0.6510351849095543,0.11181550750927977,0.07205879101012391,False,False,0.453848640139284,inspect,False,7.0,167ebd9edb552470aaf831435214673d7f99e2949fa507458a5f00f7e54a1b34
predicted_urgency_only,11,case_11_0023_cycle_007,case_11_0023,7,low_shielding_gas,40.99961657246995,34.0689697265625,41.77576703746221,0.7365817714173813,0,-0.799475762886706,0.0,0.0,False,False,0.5629961657246996,do_nothing,False,8.0,6c1b43d1cdf922fa57dade0ddc23062fcca690df046b6220caf340358bc9126c
predicted_urgency_only,11,case_11_0023_cycle_008,case_11_0023,8,low_shielding_gas,37.45705355068336,34.732479095458984,42.92423156461938,0.7362334692833918,0,-0.7651466269130097,0.0,0.0,False,False,0.5515705355068337,do_nothing,False,9.0,b2bda8f3cea5acaa51baf612379521cb8ec795c963a3e4c839fbfb4604ac335c
predicted_urgency_only,11,case_11_0023_cycle_009,case_11_0023,9,low_shielding_gas,38.347874334409795,36.257408142089844,43.58043508202874,0.7449491921850107,1,-0.8498859826983103,0.10418390254554058,0.0698338678699419,False,False,0.5260308690096882,inspect,False,10.0,783a1c6337adf488d3016690f7caa77db80742649403f40732d2134ac052aa82
predicted_urgency_only,11,case_11_0023_cycle_010,case_11_0023,10,low_shielding_gas,39.52777122434067,29.39434814453125,40.41706774664024,0.7036123559959534,0,-0.9213749901296131,0.0,0.0,False,False,0.6052777122434067,do_nothing,False,11.0,6e2752bbf7dea6435a4992fd79d60b51f8e1cf206281821b6d69b56c0fd1b629
predicted_urgency_only,11,case_11_0023_cycle_011,case_11_0023,11,low_shielding_gas,42.65796346230818,39.372589111328125,45.86549766664283,0.7820199087197612,1,-1.0553469245913107,0.10014517687386132,0.0679171849089555,False,False,0.5945216711607736,inspect,False,12.0,617453b1a08890c83f3e568f7dba112c0ae6f6e453d1dad8b05bf9693db3001b
predicted_urgency_only,11,case_11_0023_cycle_012,case_11_0023,12,low_shielding_gas,41.26109790406965,30.42448616027832,35.7432438417224,0.7066058129967475,0,-1.0728238090716018,0.0,0.0,False,False,0.6556109790406965,do_nothing,False,13.0,438c2292918bc266b332910ec25fe6e7e5aa37cfed33a2384aafa82c68e68a9c
predicted_urgency_only,11,case_11_0023_cycle_013,case_11_0023,13,low_shielding_gas,46.510469835919885,36.989925384521484,43.93744358946685,0.7729514215858122,1,-1.2423222929935933,0.09466218791222147,0.06879338284207855,False,False,0.6588942285232791,inspect,False,14.0,48eb1bdd61037d1fa5bd3d1193a8bfeb0a81b5f3ae5dd7efb69c3eaf4f80c076
predicted_urgency_only,11,case_11_0023_cycle_014,case_11_0023,14,low_shielding_gas,47.49835562916944,34.0758056640625,40.39807030008734,0.7298183952780662,0,-1.362423428166793,0.0,0.0,False,False,0.7509835562916943,do_nothing,False,15.0,88fad3b5347c6da1e5e628268aca7ca0db0b3bc26876ae19aedbe3e715b5ba7a
predicted_urgency_only,11,case_11_0023_cycle_015,case_11_0023,15,low_shielding_gas,47.80181886184269,39.08440017700195,53.54560801702094,0.7824611022967526,1,-3.365828311353425,0.09269587340701771,0.06889270416517647,False,False,0.7002163697565843,inspect,False,16.0,9bac506e1569454997b00f9c10165f01693efe352027666e641db87450cb173d
predicted_urgency_only,11,case_11_0023_cycle_016,case_11_0023,16,low_shielding_gas,52.94207840437238,39.022010803222656,51.41823382852827,0.7879639189328822,1,-1.5304897514872173,0.09383265443491515,0.06840799036789456,False,False,0.7545787056393514,inspect,False,17.0,afd5361baf0f58dbdd85160c285ccbebb9a15296b0db59f1d38b57d10cc90ddd
predicted_urgency_only,11,case_11_0023_cycle_017,case_11_0023,17,low_shielding_gas,51.57356734031369,39.08440017700195,47.566496491917846,0.7851108429936069,1,-1.512952945429096,0.08933538371467795,0.06845577134613395,False,False,0.7503621060628233,inspect,False,18.0,4150eef79c58fbfab2f752daf3c64b68742fb55e87387efda9c1114bc6b819fc
predicted_urgency_only,11,case_11_0023_cycle_018,case_11_0023,18,low_shielding_gas,54.60438072592374,40.11848831176758,51.31353532444612,0.7924727004233333,1,-1.6227579263481573,0.09142419028581214,0.06905568924863033,False,False,0.7857394265333136,inspect,False,19.0,50bd71e826e778f58adaf119420296a6925d0358074cfe13285620a18ceb7fc4
predicted_urgency_only,11,case_11_0023_cycle_019,case_11_0023,19,low_shielding_gas,52.59261918502772,40.11848831176758,47.427537122339615,0.7898241421967177,1,-1.5845019011602237,0.08591525284000934,0.06614038624369771,False,False,0.7757335726652494,inspect,False,20.0,52e47fed8d577b1cd6a7f0a0a1a17ce5349249187b427642351f20b44b479b21
predicted_urgency_only,11,case_11_0026_cycle_000,case_11_0026,0,normal,10.914330460705795,16.154399871826172,16.154399871826172,0.4542607071187489,0,0.6044309801110138,0.0,0.0,False,False,0.10914330460705796,do_nothing,False,1.0,47cdadf38e49276f9b02aff1751e7b8e8050720fe6d6287763fbb8b0cfcd0d28
predicted_urgency_only,11,case_11_0026_cycle_001,case_11_0026,1,normal,11.230347103614845,15.988935470581055,15.988935470581055,0.3638065055170531,0,1.4365186110639967,0.0,0.0,False,False,0.13630347103614845,do_nothing,False,2.0,1e82900ee29993a99a6f8782d88ded018059a940d222c9e432428e9a70c6e1fe
predicted_urgency_only,11,case_11_0026_cycle_002,case_11_0026,2,normal,10.358570812417485,15.988935470581055,15.988935470581055,0.4923488531695125,0,0.4713905476520486,0.0,0.0,False,False,0.15158570812417485,do_nothing,False,3.0,5dbf3dd908676fbbbf21362af1f2a9c20ea7519f56a2232ce81a2c6842d51c3b
predicted_urgency_only,11,case_11_0026_cycle_003,case_11_0026,3,normal,12.88683852187875,19.83677864074707,19.83677864074707,0.44566365544912523,0,1.2305452960262686,0.0,0.0,False,False,0.2008683852187875,do_nothing,False,4.0,e559b6053bf79b893a1f9d642efd4b879eea8d88b68516fcc1071b01780b4a1b
predicted_urgency_only,11,case_11_0026_cycle_004,case_11_0026,4,normal,10.654151304888426,17.069738388061523,17.069738388061523,0.3958947338646548,0,1.2329912507736491,0.0,0.0,False,False,0.20254151304888426,do_nothing,False,5.0,c1118a969143982f80e69b749c0f8134350bdc6b2b5cc48754f88ac4c36154e0
predicted_urgency_only,11,case_11_0026_cycle_005,case_11_0026,5,normal,10.39130918765528,16.716947555541992,16.716947555541992,0.5240297967781679,0,0.24965625485361653,0.0,0.0,False,False,0.22391309187655278,do_nothing,False,6.0,b9f9940864638d8c351cb11a1b001d6a0b05ca996f0c125dda6eb1272f0af742
predicted_urgency_only,11,case_11_0026_cycle_006,case_11_0026,6,normal,9.295513693218215,16.578954696655273,16.578954696655273,0.4052733431643688,0,1.1283435877287982,0.0,0.0,False,False,0.23695513693218215,do_nothing,False,7.0,362bfbc47d2925bfc83bd54b90f0ff9686c1ec3f9593e91991175408e405697a
predicted_urgency_only,11,case_11_0026_cycle_007,case_11_0026,7,normal,9.169937488797093,16.302284240722656,16.302284240722656,0.49011579953004747,0,0.14738450540658016,0.0,0.0,False,False,0.2596993748879709,do_nothing,False,8.0,fdbbb82195e9d41ed373bfe947ab0d018197bde4851480c5ba4adef7d2af3a09
predicted_urgency_only,11,case_11_0026_cycle_008,case_11_0026,8,normal,8.399198682105187,19.039087295532227,19.039087295532227,0.30578653254372906,0,1.026156059655285,0.0,0.0,False,False,0.27599198682105186,do_nothing,False,9.0,429181be9ff8f22d032e1f5014d92755c901b8d432a04cc26682a9d46b4a0613
predicted_urgency_only,11,case_11_0026_cycle_009,case_11_0026,9,normal,10.473987987456153,15.988935470581055,15.988935470581055,0.5219257893526168,0,-0.04050850802657714,0.0,0.0,False,False,0.32073987987456154,do_nothing,False,10.0,5397e577138e822ec3bdcfbdaf08033f5f47dd64980d716dc02bda501d964aeb
predicted_urgency_only,11,case_11_0026_cycle_010,case_11_0026,10,normal,9.358669067551608,19.706560134887695,19.706560134887695,0.5945197858630001,0,-0.08993803990599818,0.0,0.0,False,False,0.33358669067551605,do_nothing,False,11.0,ec7feb0a520700ccba0a16369a0cfb84287cf17258b58fec7017d6aace82b069
predicted_urgency_only,11,case_11_0026_cycle_011,case_11_0026,11,normal,10.46672288182681,19.313262939453125,19.313262939453125,0.4520227960680826,0,-0.17380510586501652,0.0,0.0,False,False,0.3686672288182681,do_nothing,False,12.0,fe8054331daacc6bff3bf369e8ea084103437887a45cad64124d77bbe952aaba
predicted_urgency_only,11,case_11_0026_cycle_012,case_11_0026,12,normal,10.796793865027897,15.988935470581055,15.988935470581055,0.3509737830307025,0,0.6594501165945579,0.0,0.0,False,False,0.39596793865027896,do_nothing,False,13.0,48be3f09ecf6317cb10d39e245104911505ef9b157908212c2082a3af2481205
predicted_urgency_only,11,case_11_0026_cycle_013,case_11_0026,13,normal,9.685219076471451,15.988935470581055,15.988935470581055,0.5292022691785003,0,-0.30593691267091866,0.0,0.0,False,False,0.4088521907647145,do_nothing,False,14.0,c2c813018f2c70d3378f49c0ccb491af2abd95cbb8d97e6432340f949e7ac40b
predicted_urgency_only,11,case_11_0026_cycle_014,case_11_0026,14,normal,12.224813120030374,16.578954696655273,16.578954696655273,0.31283572889381783,0,0.478330247065016,0.0,0.0,False,False,0.4582481312003038,do_nothing,False,15.0,baeca85a826d72d2fcbe1f947424c6cd118f97e244d7f8e166d37abe104cebaf
predicted_urgency_only,11,case_11_0026_cycle_015,case_11_0026,15,normal,10.846119046881377,18.925918579101562,18.925918579101562,0.38135456598171275,0,0.4374132436963018,0.0,0.0,False,False,0.46846119046881374,do_nothing,False,16.0,e8d54fae9f0f43c5e4bd61ffbfeaed549be4c87a9f4dc0b5560d88ed29b4185f
predicted_urgency_only,11,case_11_0026_cycle_016,case_11_0026,16,normal,9.847251667436144,16.908321380615234,16.908321380615234,0.32096152359770436,0,0.4044382214372602,0.0,0.0,False,False,0.4824725166743614,do_nothing,False,17.0,a8e4f1fb4f85629f5c9053f0c3b41152f01a92d47b695d0ac8f450eefe46274d
predicted_urgency_only,11,case_11_0026_cycle_017,case_11_0026,17,normal,10.256521928089345,18.038061141967773,18.038061141967773,0.3945625542365633,0,0.3091199590218352,0.0,0.0,False,False,0.5105652192808935,do_nothing,False,18.0,7c4c4a208c3335f5a6ea3b16ec1d82cd3cea65519426788238c0439a239f0fee
predicted_urgency_only,11,case_11_0026_cycle_018,case_11_0026,18,normal,11.116248315432452,16.13681983947754,16.13681983947754,0.5687917186397741,0,-0.7148062072589395,0.0,0.0,False,False,0.5431624831543245,do_nothing,False,19.0,bf32e743b5855262587c2e4f48a74cbe13970441a44472e1d74fff28b26e8d17
predicted_urgency_only,11,case_11_0026_cycle_019,case_11_0026,19,normal,13.410871370333698,15.988935470581055,15.988935470581055,0.43774784236671,0,0.06401168253498268,0.0,0.0,False,False,0.590108713703337,do_nothing,False,20.0,2285552fed201ea0b3b0acf2d0cbdb1e2b5e14b3eb45807fc86cdf235edf1805
predicted_urgency_only,11,case_11_0029_cycle_000,case_11_0029,0,focal_drift,25.79136232561862,26.374042510986328,26.374042510986328,0.5347538920895843,0,0.14604604641800373,0.0,0.0,False,False,0.2579136232561862,do_nothing,False,1.0,96dcf087646a314831efafc3fbae17a0b1cfbf0baf2570bf1cd4ca3aae0c7c26
predicted_urgency_only,11,case_11_0029_cycle_001,case_11_0029,1,focal_drift,28.569161907374287,27.16546630859375,27.16546630859375,0.43780100102889496,0,0.9052549926244372,0.0,0.0,False,False,0.3096916190737429,do_nothing,False,2.0,a79a72e1e1ddc076ca4bdeda109b8c50d449fef8b009405a14ae10c5e7a687f3
predicted_urgency_only,11,case_11_0029_cycle_002,case_11_0029,2,focal_drift,30.27078923905661,30.908517837524414,30.908517837524414,0.6052618444266773,0,-0.1429129538356998,0.0,0.0,False,False,0.3507078923905661,do_nothing,False,3.0,800594ad868809bc8dc5056dfb9885fc5cee749ae7acce6d8f320461308a6a88
predicted_urgency_only,11,case_11_0029_cycle_003,case_11_0029,3,focal_drift,29.45732029653288,31.116252899169922,31.116252899169922,0.4873216371337322,0,-0.17281785446604625,0.0,0.0,False,False,0.3665732029653288,do_nothing,False,4.0,992d648e6490c74e6a73ac4cb968027cecb1343957405371dce149ddcae641bb
predicted_urgency_only,11,case_11_0029_cycle_004,case_11_0029,4,focal_drift,33.0362905777619,29.007768630981445,29.007768630981445,0.4758536207903079,0,-0.3504667604514033,0.0,0.0,False,False,0.42636290577761904,do_nothing,False,5.0,9bc45156b6d613abff802ec534b88fec344e7da1c77b25a35156ee9a02227f27
predicted_urgency_only,11,case_11_0029_cycle_005,case_11_0029,5,focal_drift,29.797428471138975,25.621917724609375,25.621917724609375,0.4022958149818806,0,0.5857327736185486,0.0,0.0,False,False,0.41797428471138975,do_nothing,False,6.0,e5be824994548c2ed87221df535ba7c444aa71b30f30a5faca90cb4675001fbd
predicted_urgency_only,11,case_11_0029_cycle_006,case_11_0029,6,focal_drift,33.03480106796985,37.8160400390625,37.8160400390625,0.5842498070265391,1,-0.5372134726442401,0.11306507142930808,0.06971412665720622,False,False,0.42691320961172874,inspect,False,7.0,326c723ec809ea4cc60ea46e1eb669137cce07beb151c7abc92de5fca1775104
predicted_urgency_only,11,case_11_0029_cycle_007,case_11_0029,7,focal_drift,40.421315646895735,29.878379821777344,29.878379821777344,0.5361580224189446,0,-0.7520631727697136,0.0,0.0,False,False,0.5572131564689573,do_nothing,False,8.0,a29a12eafb7190a330393ded9a68e9b8f54fc3666fab488ed05f5df0ee43eee0
predicted_urgency_only,11,case_11_0029_cycle_008,case_11_0029,8,focal_drift,35.007812126180085,30.720510482788086,30.720510482788086,0.6425111700739728,0,-0.6776110392964985,0.0,0.0,False,False,0.5270781212618009,do_nothing,False,9.0,ce5599230374387872f3c6cd7dba9fe090d9bc628196da1a0509c3afa00ab7f8
predicted_urgency_only,11,case_11_0029_cycle_009,case_11_0029,9,focal_drift,39.80885103990509,26.603914260864258,40.64193083867781,0.6911767917907429,0,-0.9009420499657642,0.0,0.0,False,False,0.599088510399051,do_nothing,False,10.0,f4bc2f3ffbfaeef62bc9c2e2e6a273de10fd66e28c58a16be99cf6e5e2de8956
predicted_urgency_only,11,case_11_0029_cycle_010,case_11_0029,10,focal_drift,37.39131791627152,24.759872436523438,24.759872436523438,0.5526984118760216,0,-0.8796442992695487,0.0,0.0,False,False,0.5989131791627151,do_nothing,False,11.0,cfb2669bd93457350d8b3fbae33d486e47dadd10adf3ff57f332597a9053bbe3
predicted_urgency_only,11,case_11_0029_cycle_011,case_11_0029,11,focal_drift,37.03350516472318,31.21946907043457,31.21946907043457,0.440124293628822,0,-0.024023798986018696,0.0,0.0,False,False,0.6193350516472318,do_nothing,False,12.0,f147ca2bcfc933de5337a4ec21f6dbf430387f0651b23c6176e93200eaf22ab7
predicted_urgency_only,11,case_11_0029_cycle_012,case_11_0029,12,focal_drift,45.21228196653562,30.24079132080078,30.24079132080078,0.6327217064700751,0,-1.2702767149665797,0.0,0.0,False,False,0.7251228196653562,do_nothing,False,13.0,44c1e043b0067a52608babb3a79a1d746248330ddc436cbd2b25459d08a282b1
predicted_urgency_only,11,case_11_0029_cycle_013,case_11_0029,13,focal_drift,39.20721976976162,25.857364654541016,25.857364654541016,0.5843007625695158,0,-1.154861707478276,0.0,0.0,False,False,0.6890721976976162,do_nothing,False,14.0,28bf2355f30205cfdd2577ec185c07615e476fc1df23ab266e96286d07847115
predicted_urgency_only,11,case_11_0029_cycle_014,case_11_0029,14,focal_drift,42.055396740858434,33.6099853515625,46.97200429756659,0.6833389714237735,0,-1.327162747939319,0.0,0.0,False,False,0.7415539674085844,do_nothing,False,15.0,7eb953e425d96115ac9f60fc6c0bc519eb60f9f94245b12b3e995a5660b285ff
predicted_urgency_only,11,case_11_0029_cycle_015,case_11_0029,15,focal_drift,44.56270505385051,34.58864974975586,43.303533413653575,0.6980347727887652,0,-1.4765863675338302,0.0,0.0,False,False,0.7906270505385051,do_nothing,False,16.0,fac0f47abf795edfc28d2383cb97852d09f40dbd4ecbb386024209774d2d6513
predicted_urgency_only,11,case_11_0029_cycle_016,case_11_0029,16,focal_drift,45.880548979324146,30.356250762939453,42.47042182465798,0.7177273235767355,0,-46.591075567916235,0.0,0.0,True,False,0.8278054897932414,do_nothing,False,17.0,3b9f2a646f6b46cb4c227aadfd103c2cc0f1f29d76eb742198f4857a40b94cc3
predicted_urgency_only,11,case_11_0029_cycle_017,case_11_0029,17,focal_drift,47.855349848348666,36.7528190612793,41.78429261622961,0.73889253891783,1,-1.6395925525173696,0.11937536378973622,0.07023607748068093,False,False,0.7843981486351381,inspect,False,18.0,1fb83da4dbead9748cf92b4193fea1b7b98e3f19100ba56529821007aa79b953
predicted_urgency_only,11,case_11_0029_cycle_018,case_11_0029,18,focal_drift,46.49480578329968,33.097232818603516,39.63621829791001,0.7296584103054723,0,-46.71029293504481,0.0,0.0,True,False,0.8669480578329969,do_nothing,False,19.0,17bcc233f69d2ea9ee1ad62cbe7a901d163a4bf9c62f86325ef8b30b8101fe28
predicted_urgency_only,11,case_11_0029_cycle_019,case_11_0029,19,focal_drift,49.21178539574054,33.755062103271484,43.39885958297054,0.7010650848895854,0,-46.85951332460566,0.0,0.0,True,False,0.9181178539574055,do_nothing,False,20.0,9179f8d9b83ba5d66dd185712339c851b3156e6c0d2813974c397f1bcf776be8
predicted_urgency_only,11,case_11_0032_cycle_000,case_11_0032,0,normal,11.169179129383684,17.29862403869629,17.29862403869629,0.4626595584666316,0,0.5955256923484947,0.0,0.0,False,False,0.11169179129383684,do_nothing,False,1.0,962ff805cb1ecfa0916a863365a936dbef3cc1d94e0d3a3300a9d8abbe1079bf
predicted_urgency_only,11,case_11_0032_cycle_001,case_11_0032,1,normal,10.227587444146703,15.988935470581055,15.988935470581055,0.4418481839891691,0,1.4548951490772235,0.0,0.0,False,False,0.12627587444146704,do_nothing,False,2.0,9e2eaadcfd7d196404cc8d236ff10cccaa867dd1556350cf1bd5330bcc12a412
predicted_urgency_only,11,case_11_0032_cycle_002,case_11_0032,2,normal,11.401550475343608,15.988935470581055,15.988935470581055,0.3403435013986455,0,1.3629019605298949,0.0,0.0,False,False,0.1620155047534361,do_nothing,False,3.0,fdb1867eeb0ea391857bb671c17033cb798f34b0713d3ac1181f98fc3d956147
predicted_urgency_only,11,case_11_0032_cycle_003,case_11_0032,3,normal,12.290653713239076,18.280298233032227,18.280298233032227,0.4629883987491967,0,0.3458321287904483,0.0,0.0,False,False,0.19490653713239076,do_nothing,False,4.0,3255bc1966cfdbbec31560bc483e2d00ebd3075345ea9e4c8d9b0354c4a91c2b
predicted_urgency_only,11,case_11_0032_cycle_004,case_11_0032,4,normal,11.56989386544232,16.250694274902344,16.250694274902344,0.29858712162226464,0,1.2201151157933907,0.0,0.0,False,False,0.21169893865442319,do_nothing,False,5.0,f4a0864283cb3702238fa84fa311de557c3c045ec14c807ec8675695ad981dca
predicted_urgency_only,11,case_11_0032_cycle_005,case_11_0032,5,normal,11.447652799902434,18.66720962524414,18.66720962524414,0.6094078225665261,0,0.20515924261794807,0.0,0.0,False,False,0.23447652799902435,do_nothing,False,6.0,ef84c94093e4d3b19e557d8fcff332b72ad430fe3119a819c01427226ab49bac
predicted_urgency_only,11,case_11_0032_cycle_006,case_11_0032,6,normal,12.308148649845513,16.250694274902344,16.250694274902344,0.34109021721046173,0,1.0475920079230656,0.0,0.0,False,False,0.2670814864984551,do_nothing,False,7.0,a237de7e458e57568948d67e07313e2faa5d2206dcd07aecd10e25aaefdb765f
predicted_urgency_only,11,case_11_0032_cycle_007,case_11_0032,7,normal,11.188906291412877,17.28422737121582,17.28422737121582,0.430280189128439,0,0.9957907828883479,0.0,0.0,False,False,0.2798890629141288,do_nothing,False,8.0,2274830e84d421711938c0d2699e2b0715f70817a05d297f60f3584e1431ef5f
predicted_urgency_only,11,case_11_0032_cycle_008,case_11_0032,8,normal,11.0151855371948,17.21404266357422,17.21404266357422,0.43192124221159695,0,0.9287562475524165,0.0,0.0,False,False,0.302151855371948,do_nothing,False,9.0,029884222e3f599a0b869d3a1846f541bc1415c53ea79c1194658887691ef40b
predicted_urgency_only,11,case_11_0032_cycle_009,case_11_0032,9,normal,10.50848165415163,16.10280990600586,16.10280990600586,0.5207053289514402,0,-0.041360248967265006,0.0,0.0,False,False,0.3210848165415163,do_nothing,False,10.0,a6f92934c5f46e5d97afb811b1c9ff12d4360276840baf61a9ad038f46539fe9
predicted_urgency_only,11,case_11_0032_cycle_010,case_11_0032,10,normal,10.08625805223511,18.53108787536621,18.53108787536621,0.40952038365155735,0,0.8159842008852132,0.0,0.0,False,False,0.3408625805223511,do_nothing,False,11.0,51e6db5685a975f1c40619a806f74409a67ef05704c6af33a67af484ab936dd5
predicted_urgency_only,11,case_11_0032_cycle_011,case_11_0032,11,normal,10.452102451303247,16.794517517089844,16.794517517089844,0.37659395509912313,0,0.7379478331960341,0.0,0.0,False,False,0.3685210245130325,do_nothing,False,12.0,be6e2d22579f337c41757fd9c09335b546e1e92b0e381d5aca1e3c46c5d37635
predicted_urgency_only,11,case_11_0032_cycle_012,case_11_0032,12,normal,11.426825805662945,16.429412841796875,16.429412841796875,0.43103540997225315,0,0.6285399143342736,0.0,0.0,False,False,0.40226825805662947,do_nothing,False,13.0,531a0a1dcceec7c1448ab4f041beee8419e5888c7f08a5eed3cee9ed583c14ff
predicted_urgency_only,11,case_11_0032_cycle_013,case_11_0032,13,normal,12.709434837373765,19.47468376159668,26.657079681995697,0.6716865227758562,0,-0.4180360235375914,0.0,0.0,False,False,0.4390943483737377,do_nothing,False,14.0,6d5be496d314e4a8a33549d587c3bc27294d07b31714e9bc1a95aabf4a01a0d5
predicted_urgency_only,11,case_11_0032_cycle_014,case_11_0032,14,normal,11.955355050060817,16.602670669555664,16.602670669555664,0.40447108209840116,0,0.4726686861834154,0.0,0.0,False,False,0.4555535505006082,do_nothing,False,15.0,ee40369f92205275305c46d40ea1cc26ef08111cf2de51a1cae4eb6050f3a3e9
predicted_urgency_only,11,case_11_0032_cycle_015,case_11_0032,15,normal,12.051360491752929,20.270191192626953,20.270191192626953,0.5068004497320058,0,-0.5175608822123887,0.0,0.0,False,False,0.48051360491752926,do_nothing,False,16.0,e214d6b45fee11a748f917bcbcf666b582ce84f89f11951eda3a69343a9bfb52
predicted_urgency_only,11,case_11_0032_cycle_016,case_11_0032,16,normal,12.864019517656548,15.988935470581055,15.988935470581055,0.47348139034957043,0,-0.608942794082132,0.0,0.0,False,False,0.5126401951765654,do_nothing,False,17.0,18d431adf685181a6540f4f5fd08508bd1098ff29363d4b2711e7eb648c5a1b6
predicted_urgency_only,11,case_11_0032_cycle_017,case_11_0032,17,normal,10.948861762695357,16.13681983947754,16.13681983947754,0.383195032866282,0,0.2900548921891971,0.0,0.0,False,False,0.5174886176269535,do_nothing,False,18.0,0878ec17270f2341746ac8bae162cdd6d2ff40302ad121258eb2efb9ff08c5d0
predicted_urgency_only,11,case_11_0032_cycle_018,case_11_0032,18,normal,12.245065625472993,16.2226619720459,16.2226619720459,0.34908252377013516,0,0.18428565267028996,0.0,0.0,False,False,0.5544506562547299,do_nothing,False,19.0,816c4b8345ad3aa7f1f20b9a5fc2d9b5be8364f622a7153fd8dd3987a990b55c
predicted_urgency_only,11,case_11_0032_cycle_019,case_11_0032,19,normal,12.55978981413603,15.988935470581055,15.988935470581055,0.6539048007438816,0,-0.8428794145356632,0.0,0.0,False,False,0.5815978981413603,do_nothing,False,20.0,0530695d379b3e5cf13bf753ce7235a463d740537ca1dfe6d28cd666001ae018
predicted_urgency_only,11,case_11_0040_cycle_000,case_11_0040,0,lens_contamination,25.292687740746672,33.70533752441406,33.70533752441406,0.43840830637765726,0,1.0754581218209511,0.0,0.0,False,False,0.2529268774074667,do_nothing,False,1.0,4ca9de4e7c1f95a5d8adfd7f65d41dd51ca00d57d6e5d4cde6354c7b2d9ad3fb
predicted_urgency_only,11,case_11_0040_cycle_001,case_11_0040,1,lens_contamination,28.42060652855099,27.12776756286621,27.12776756286621,0.31394751193852344,0,0.9282896773526916,0.0,0.0,False,False,0.3082060652855099,do_nothing,False,2.0,ebdc5f93e1dc943b1d07834e183166173ebad8162ff3ba8841ac24a9d2b2dd9a
predicted_urgency_only,11,case_11_0040_cycle_002,case_11_0040,2,lens_contamination,25.284036562231183,31.449724197387695,31.449724197387695,0.45393705999916634,0,0.029388344133189567,0.0,0.0,False,False,0.3008403656223118,do_nothing,False,3.0,cf988807cc076eaa89b9b63cfc7a114e74814e2cbfaa95157bbba5b9463ea385
predicted_urgency_only,11,case_11_0040_cycle_003,case_11_0040,3,lens_contamination,32.71646292786905,32.329524993896484,31.093564484008105,0.7131548376005572,0,-0.30446711347615507,0.0,0.0,False,False,0.3991646292786905,do_nothing,False,4.0,3026ece11c4f68bddb3dd4dc0027d8fdc916cf73f668a57d0d3cb6316f65b807
predicted_urgency_only,11,case_11_0040_cycle_004,case_11_0040,4,lens_contamination,28.42624325662072,30.776994705200195,30.776994705200195,0.5469112751728388,0,-0.22282398897454758,0.0,0.0,False,False,0.38026243256620723,do_nothing,False,5.0,009f8d2608a9b6db221e958eca3f7015a1e52b2527e45c36f75df3f11cfaecd0
predicted_urgency_only,11,case_11_0040_cycle_005,case_11_0040,5,lens_contamination,35.08530570478014,35.944000244140625,35.944000244140625,0.5706501086190873,1,-0.5246670817846931,0.1113378979226449,0.07053551692515157,False,False,0.4237677513430213,inspect,False,6.0,19d4b5c931d9f96c48e85eb0eb0267e4d396e7796c8bf521354f85f9a4f7d05c
predicted_urgency_only,11,case_11_0040_cycle_006,case_11_0040,6,lens_contamination,31.11161337361517,31.45226287841797,31.45226287841797,0.4227685025205262,0,0.5162363234134659,0.0,0.0,False,False,0.4401161337361517,do_nothing,False,7.0,8cc6dfb4a8ce73dc1e3426003b093566cd4f3353c5511194bf6d0b575a8fa5d9
predicted_urgency_only,11,case_11_0040_cycle_007,case_11_0040,7,lens_contamination,37.61975596169157,35.703800201416016,35.703800201416016,0.5810573333877112,1,-0.6832849384888616,0.11244148368787656,0.06856430478394525,False,False,0.47627780365522404,inspect,False,8.0,d050f40b9914fb7cddf21c2cf372de7f73fc7ee170881b9a845f5cf72bc98b47
predicted_urgency_only,11,case_11_0040_cycle_008,case_11_0040,8,lens_contamination,34.21432620692814,33.618865966796875,40.6681172512041,0.6320889231457177,0,-0.6072431246797019,0.0,0.0,False,False,0.5041432620692814,do_nothing,False,9.0,2472a07862bd6ea44b4414b63373272f20508c8260ca374124aebebdfb3b8f45
predicted_urgency_only,11,case_11_0040_cycle_009,case_11_0040,9,lens_contamination,33.628091080997635,35.175071716308594,35.21986009008834,0.6578432308659306,1,-0.6593834060836958,0.09645323874860556,0.06761902939783057,False,False,0.4700528197289788,inspect,False,10.0,7baebbfb777754fd966f84d63196ea89d3fb95a2d2c15d1e7a06bf32262b9d2d
predicted_urgency_only,11,case_11_0040_cycle_010,case_11_0040,10,lens_contamination,33.764812168169925,31.748291015625,31.748291015625,0.6159796822997369,0,-0.6903413173900582,0.0,0.0,False,False,0.5326481216816993,do_nothing,False,11.0,fb9d6784b09af9027a192fd6e328188e90286322ae544e4de6a4d6a8fe412b50
predicted_urgency_only,11,case_11_0040_cycle_011,case_11_0040,11,lens_contamination,35.40658338905667,38.54806900024414,38.54806900024414,0.6013514157510867,1,-0.7880945658254097,0.09629042880393361,0.06790459144285377,False,False,0.5157592505015101,inspect,False,12.0,f0412b891eb81127311251e0ff5fddd87e9e97266c3d2043c7c9d95ef3afb95b
predicted_urgency_only,11,case_11_0040_cycle_012,case_11_0040,12,lens_contamination,39.528685959394664,39.89210510253906,36.50542598639178,0.7170538557377852,1,-0.9352820067163925,0.09044314815886192,0.06800782411650835,False,False,0.560958173634552,inspect,False,13.0,00c4c88924693d99edbace54a2f7a4589e35ea248d40ce390f1c7e701c3a538a
predicted_urgency_only,11,case_11_0040_cycle_013,case_11_0040,13,lens_contamination,35.730977362704394,42.54671096801758,36.534345146643474,0.6925651234640369,1,-0.8495477536653518,0.0873858065368464,0.06705098726985172,False,False,0.5348787962643395,inspect,False,14.0,c1300b6d0dc032fbefe728690253e68b13eb75b5e0389906ba1ce5d41a1b7a63
predicted_urgency_only,11,case_11_0040_cycle_014,case_11_0040,14,lens_contamination,41.69529121725114,31.62961769104004,35.86771156575587,0.6851502395480011,0,-1.0916312724497343,0.0,0.0,False,False,0.6629529121725114,do_nothing,False,15.0,eaa5b4966083916f4d51f72cf529f5a6010661b6638de1dc626c7dc150990630
predicted_urgency_only,11,case_11_0040_cycle_015,case_11_0040,15,lens_contamination,42.848822992443125,37.97195053100586,47.37050730739796,0.6498945583706395,1,-1.1289426311873936,0.08973219103172485,0.06976004450513561,False,False,0.6286394069319882,inspect,False,16.0,f47b6dee52f33827a4dd5d84007289ef35a2dc918182a5dcdc88fa338003ddd6
predicted_urgency_only,11,case_11_0040_cycle_016,case_11_0040,16,lens_contamination,41.980168006998205,42.61628341674805,40.370558125537066,0.7648225769699729,1,-1.1496630575010884,0.09413933774633992,0.06754474627537618,False,False,0.6289215120629839,inspect,False,17.0,b216a7cecc204bf422c0c25bb84b6339c70638122e1ec93920f61a0fa560c635
predicted_urgency_only,11,case_11_0040_cycle_017,case_11_0040,17,lens_contamination,39.41160769910121,43.0743408203125,46.56850765995428,0.7433106890756789,1,-1.0928931190858406,0.08636117285715417,0.06665241873950238,False,False,0.6139044692919109,inspect,False,18.0,dc13b4575dab552f17d5f34b8cb198fb46e074b5bc16d4b5945be775c20afc04
predicted_urgency_only,11,case_11_0040_cycle_018,case_11_0040,18,lens_contamination,46.947312882318734,33.619102478027344,36.36786718643488,0.7470443011570038,0,-1.4114760316431125,0.0,0.0,False,False,0.7664731288231873,do_nothing,False,19.0,9d30125fb192762117a54b4a68a1a8da84cfa326a27c38525afe638994349dd2
predicted_urgency_only,11,case_11_0040_cycle_019,case_11_0040,19,lens_contamination,49.513612728281295,43.888648986816406,38.857293784229455,0.7477380068783772,1,-1.450844194246568,0.08129500383694789,0.06727618214283529,False,False,0.7345225145545317,inspect,False,20.0,adb923b9683499562109673066048dfe7d2b569cb9ad9b7c96bef22ab1cf73f9
predicted_urgency_only,11,case_11_0043_cycle_000,case_11_0043,0,focal_drift,22.284831535774696,23.259645462036133,23.259645462036133,0.4699741862242124,0,0.26095892599312726,0.0,0.0,False,False,0.22284831535774696,do_nothing,False,1.0,62ee96b021bdeff4c5b0c5da87c2a566ca42a3cfcc33813a65dfb027d13d4ac8
predicted_urgency_only,11,case_11_0043_cycle_001,case_11_0043,1,focal_drift,21.711436430019393,20.821195602416992,20.821195602416992,0.44085088826580493,0,1.1105292738595476,0.0,0.0,False,False,0.24111436430019392,do_nothing,False,2.0,009707578e33b49520f6763cee0a2039c4207f31e6e3692b01530b7d6621572e
predicted_urgency_only,11,case_11_0043_cycle_002,case_11_0043,2,focal_drift,19.960524812836614,24.20523452758789,24.20523452758789,0.36692710345620255,0,1.1021451900964712,0.0,0.0,False,False,0.24760524812836615,do_nothing,False,3.0,55653a7491de3fcfc783c3c8d9f925bc2f082c39ce92aac2b268f3784b32d45f
predicted_urgency_only,11,case_11_0043_cycle_003,case_11_0043,3,focal_drift,20.168918804342802,24.420368194580078,24.420368194580078,0.33653216543994724,0,1.028452611053724,0.0,0.0,False,False,0.273689188043428,do_nothing,False,4.0,83812eb33913802af1a9b52454e2e201548178cf7d91a11e5d30a03e5cb048b3
predicted_urgency_only,11,case_11_0043_cycle_004,case_11_0043,4,focal_drift,23.53751227483518,26.040708541870117,26.040708541870117,0.43522278703993655,0,0.8405912136989542,0.0,0.0,False,False,0.3313751227483518,do_nothing,False,5.0,4d731ff8cc30f167345386288c33245748d2adffa1fea9c0bc4590d45d090af6
predicted_urgency_only,11,case_11_0043_cycle_005,case_11_0043,5,focal_drift,23.23997173799391,29.43604850769043,37.94784767379603,0.717589372814048,0,-0.16483755806192463,0.0,0.0,False,False,0.35239971737993914,do_nothing,False,6.0,16c3736b95ef1ffb21c284da8bf53602d253ddbfb013f0fd41121372f46fac48
predicted_urgency_only,11,case_11_0043_cycle_006,case_11_0043,6,focal_drift,22.494374787546594,22.950531005859375,22.950531005859375,0.35853145152215715,0,0.7393890386452786,0.0,0.0,False,False,0.3689437478754659,do_nothing,False,7.0,9bffd08c2e354e871666a7430834466b3f0a8bbf174429175644842ae671166c
predicted_urgency_only,11,case_11_0043_cycle_007,case_11_0043,7,focal_drift,24.889021396328378,18.236141204833984,22.558612749974976,0.6731533266352937,0,-0.3516436408851455,0.0,0.0,False,False,0.4168902139632838,do_nothing,False,8.0,3d0eff30eb692ba625a373d22a39fd2abbc89e5f9007f1487a0996e081dad014
predicted_urgency_only,11,case_11_0043_cycle_008,case_11_0043,8,focal_drift,22.809397431179494,24.83856964111328,24.83856964111328,0.39406188923812424,0,0.5806087936788964,0.0,0.0,False,False,0.42009397431179496,do_nothing,False,9.0,d15d2a8ea3a0acccf05b2b8a18417b739a0d76a3f3518c8a5ac122e417582892
predicted_urgency_only,11,case_11_0043_cycle_009,case_11_0043,9,focal_drift,25.15216125746798,26.92634391784668,26.92634391784668,0.4535079083484023,0,-0.4705910239762997,0.0,0.0,False,False,0.4675216125746798,do_nothing,False,10.0,462172a608174fcfc81b8a8bd92a34afbcecb729aeb87c987be97b29ece36902
predicted_urgency_only,11,case_11_0043_cycle_010,case_11_0043,10,focal_drift,30.828627078760274,28.372478485107422,28.372478485107422,0.4405258910996705,0,0.1890623039722411,0.0,0.0,False,False,0.5482862707876027,do_nothing,False,11.0,3e2f0627325c038c5fef0b4b605a789c5210a142acd38f1d39996e187045d358
predicted_urgency_only,11,case_11_0043_cycle_011,case_11_0043,11,focal_drift,29.94527746627399,24.226131439208984,24.226131439208984,0.49840292120907126,0,-0.7651187621695803,0.0,0.0,False,False,0.5634527746627399,do_nothing,False,12.0,044cc81cfcdff25c2274db0b659dc0cb68c765187079b67675f9e2860809ac5e
predicted_urgency_only,11,case_11_0043_cycle_012,case_11_0043,12,focal_drift,33.65828089272856,26.005718231201172,26.005718231201172,0.3602566904454519,0,-0.02778693034867452,0.0,0.0,False,False,0.6245828089272856,do_nothing,False,13.0,4e06bb268a7e477bd58a982b317e6f0ba879c906cd22e38532a1f39e5c1344ab
predicted_urgency_only,11,case_11_0043_cycle_013,case_11_0043,13,focal_drift,32.056290713329496,30.655227661132812,30.655227661132812,0.4035299577211413,0,-0.05821821505805613,0.0,0.0,False,False,0.632562907133295,do_nothing,False,14.0,6503be88b29d105a413a8fef8766423785abf92717748d47044f9ea2977ac9e9
predicted_urgency_only,11,case_11_0043_cycle_014,case_11_0043,14,focal_drift,33.14072226040497,27.304719924926758,27.304719924926758,0.539845137946328,0,-1.0831984385040985,0.0,0.0,False,False,0.6674072226040497,do_nothing,False,15.0,3002fcbf909951337512768606af8f6bd73f0ce84d3c8c00a351fa72b37c9f90
predicted_urgency_only,11,case_11_0043_cycle_015,case_11_0043,15,focal_drift,35.6931594776481,29.88629150390625,29.88629150390625,0.42487986289125074,0,-0.31452676376313027,0.0,0.0,False,False,0.7169315947764809,do_nothing,False,16.0,204ff9433f537aaa0416cf40f68b77515b9917e239a66fd8cb3b0cbd3615682e
predicted_urgency_only,11,case_11_0043_cycle_016,case_11_0043,16,focal_drift,33.12663331224304,32.10294723510742,32.10294723510742,0.3944767717241895,0,-0.30497051512591955,0.0,0.0,False,False,0.7152663331224304,do_nothing,False,17.0,4c1cc3b2f42bf99af45422c1581fd33bf37dfc1b12f0659b7dc09a2f6304826b
predicted_urgency_only,11,case_11_0043_cycle_017,case_11_0043,17,focal_drift,33.82368256810259,29.81087875366211,29.81087875366211,0.531253343567616,0,-1.3183984785782201,0.0,0.0,False,False,0.7462368256810259,do_nothing,False,18.0,c946820076a1c2d3d5d43b6145e4412bc6bd9a4ba382b01ad2157265f44a0317
predicted_urgency_only,11,case_11_0043_cycle_018,case_11_0043,18,focal_drift,36.404160714433914,29.0335750579834,29.0335750579834,0.4392816237297334,0,-0.5540170649924775,0.0,0.0,False,False,0.7960416071443391,do_nothing,False,19.0,80732c1fbb142c5444fd3586e9cbf1d480c567a83b42cdfc9c0bb9822cb0a6d6
predicted_urgency_only,11,case_11_0043_cycle_019,case_11_0043,19,focal_drift,33.16395571972298,26.72549819946289,26.72549819946289,0.5878362948909609,0,-1.4510941158253337,0.0,0.0,False,False,0.7876395571972298,do_nothing,False,20.0,49610ab49490234a31e36bc8fbfd628bf582d59e7cff95b760414fefba56333e
predicted_urgency_only,11,case_11_0045_cycle_000,case_11_0045,0,focal_drift,22.197722343244106,21.518756866455078,21.518756866455078,0.463276180115951,0,0.2645769026852842,0.0,0.0,False,False,0.22197722343244106,do_nothing,False,1.0,82293d903cb364c851479f6e1e8bd8648ec8b86062356ee68e3180553d6e588f
predicted_urgency_only,11,case_11_0045_cycle_001,case_11_0045,1,focal_drift,26.694436767382925,29.443632125854492,29.443632125854492,0.3670735008881545,0,0.9721058718452891,0.0,0.0,False,False,0.29094436767382925,do_nothing,False,2.0,855cb122697d2bae522964f07da033c7145e8ee7036c574889e9cdc68b953620
predicted_urgency_only,11,case_11_0045_cycle_002,case_11_0045,2,focal_drift,25.378775386804374,22.946386337280273,22.946386337280273,0.4603915976582318,0,0.025577998747134068,0.0,0.0,False,False,0.30178775386804374,do_nothing,False,3.0,7e6aed99c0d69668796602b3de03336f1ee5e1bd660e2d82bdefe31eaa473cac
predicted_urgency_only,11,case_11_0045_cycle_003,case_11_0045,3,focal_drift,21.881163716805275,28.90313148498535,28.90313148498535,0.5187125192224904,0,0.04975821061246814,0.0,0.0,False,False,0.29081163716805275,do_nothing,False,4.0,0f22c504962e1fe701dd918c14298e0ff84a23ff8a0c3b33a4def5286ac7d4aa
predicted_urgency_only,11,case_11_0045_cycle_004,case_11_0045,4,focal_drift,20.969591678684207,26.128582000732422,26.128582000732422,0.5198716894012948,0,0.004931496229279422,0.0,0.0,False,False,0.3056959167868421,do_nothing,False,5.0,e82acf90b66d0570f040c1571ed946788c3a5e25c7f4ed8e6711fb41eddab656
predicted_urgency_only,11,case_11_0045_cycle_005,case_11_0045,5,focal_drift,25.426703242236464,24.312664031982422,24.312664031982422,0.5384613709096235,0,-0.20357030290353761,0.0,0.0,False,False,0.3742670324223647,do_nothing,False,6.0,db1046bc3e49b7a57146d20cbf5e8bc19b96892eec52fa3590eddbbccd2a95a5
predicted_urgency_only,11,case_11_0045_cycle_006,case_11_0045,6,focal_drift,28.469430756275067,29.68146324157715,29.68146324157715,0.5023606092025774,0,-0.3614370140686386,0.0,0.0,False,False,0.4286943075627507,do_nothing,False,7.0,1cf5448d16ac30145d98011dd05e59d1fbc8478cc152b3f7f031b978c65e81aa
predicted_urgency_only,11,case_11_0045_cycle_007,case_11_0045,7,focal_drift,25.353344449792353,24.573444366455078,24.573444366455078,0.6102366910682734,0,-0.35613583715401176,0.0,0.0,False,False,0.42153344449792357,do_nothing,False,8.0,86513d73639c95846f73a8e9e21c757dbe6b7d742711a7f08869e9a6011e1518
predicted_urgency_only,11,case_11_0045_cycle_008,case_11_0045,8,focal_drift,31.01859066181696,22.539501190185547,22.539501190185547,0.49677578638299147,0,-0.5810740878119576,0.0,0.0,False,False,0.5021859066181696,do_nothing,False,9.0,a7e6fb3c00e9d55991dad07900aff7047aa46bee79c0993206d5e2c9f2a94e5f
predicted_urgency_only,11,case_11_0045_cycle_009,case_11_0045,9,focal_drift,32.77915849670446,29.420772552490234,29.420772552490234,0.5008645456421164,0,-0.7065044367474516,0.0,0.0,False,False,0.5437915849670447,do_nothing,False,10.0,886e5f58718bac8b79d922e544bae22055888c65da0d01be21023d75a50ce99e
predicted_urgency_only,11,case_11_0045_cycle_010,case_11_0045,10,focal_drift,31.99576153732999,26.10350799560547,26.10350799560547,0.49645671669412705,0,-0.7543413536240188,0.0,0.0,False,False,0.5599576153732999,do_nothing,False,11.0,e86922f5c30748b6e6b91a4e337bc8b3d2bf119ae1adc5b885c5721b19ea48f5
predicted_urgency_only,11,case_11_0045_cycle_011,case_11_0045,11,focal_drift,34.349440752452125,29.88135528564453,38.8577446580035,0.7117583020238993,0,-0.9292469678771486,0.0,0.0,False,False,0.6074944075245212,do_nothing,False,12.0,4c13dce66f3f5f73b9469ce0af290767ea237869a25f8674c3dfe17d10c43d72
predicted_urgency_only,11,case_11_0045_cycle_012,case_11_0045,12,focal_drift,36.272442981687966,29.954774856567383,29.954774856567383,0.5316534332378379,0,-1.031921304436315,0.0,0.0,False,False,0.6507244298168797,do_nothing,False,13.0,12b4771939cb690bee018147bed0b45594dc8b340945d0d5c8d9a4d0f00c66ed
predicted_urgency_only,11,case_11_0045_cycle_013,case_11_0045,13,focal_drift,38.909022058042375,36.26757049560547,36.26757049560547,0.5777633605998822,1,-1.137125837393439,0.10287356584500554,0.06830521486413417,False,False,0.6309811985223813,inspect,False,14.0,67befe580bc6d703d0a2332bf36f1a4c457c60ebd8a20837a93cab622dcdcec8
predicted_urgency_only,11,case_11_0045_cycle_014,case_11_0045,14,focal_drift,37.020732551227034,27.091543197631836,27.091543197631836,0.5336120346342539,0,-1.1536637817319493,0.0,0.0,False,False,0.6912073255122704,do_nothing,False,15.0,cf0e1cab67789177cafd7ebd2708aa652275ef1c559a0d26f504821e091dc134
predicted_urgency_only,11,case_11_0045_cycle_015,case_11_0045,15,focal_drift,35.455404942353006,31.396808624267578,42.7350497612926,0.7097191631344395,0,-1.2051200227407564,0.0,0.0,False,False,0.6995540494235302,do_nothing,False,16.0,7b8e3105d74a132a5cf6bd6c69b9e3b32bf1626a4cf3d2dfc10a93089c70fb8a
predicted_urgency_only,11,case_11_0045_cycle_016,case_11_0045,16,focal_drift,40.832094508423786,31.604373931884766,32.693896215952115,0.7203294234221036,0,-1.440012248766029,0.0,0.0,False,False,0.7773209450842379,do_nothing,False,17.0,ff2703882a428416087e0e0e16c51f0308fd9f813d543227f1b67950025ebd1e
predicted_urgency_only,11,case_11_0045_cycle_017,case_11_0045,17,focal_drift,46.26692319447741,29.439701080322266,37.10080179957927,0.7019014161082316,0,-46.672292908250554,0.0,0.0,True,False,0.8556692319447741,do_nothing,False,18.0,58f276dbcc4265b4ff9432c2b221f9c00ae21ebd382725f1d1e2d8e25989de7d
predicted_urgency_only,11,case_11_0045_cycle_018,case_11_0045,18,focal_drift,45.90885779305903,37.33124542236328,43.226540966489225,0.7473222943607163,1,-1.6403449751875392,0.10745177636636241,0.06919461781809443,False,False,0.7884797201375312,inspect,False,19.0,26e637aa936696a59e947c2f8fbbcb9ab5c31e26005762c705b8dcb499ead477
predicted_urgency_only,11,case_11_0045_cycle_019,case_11_0045,19,focal_drift,45.99925273599076,25.80533218383789,37.95148385955588,0.682995471303437,0,-46.76042690277524,0.0,0.0,True,False,0.8859925273599076,do_nothing,False,20.0,41dc91eacb385cb215556343d04a9df0925c1b0d8cc41afe4089601273bf7fbf
predicted_urgency_only,11,case_11_0047_cycle_000,case_11_0047,0,normal,12.64332405930754,17.42447853088379,17.42447853088379,0.3762468119564334,0,1.4642632564273088,0.0,0.0,False,False,0.1264332405930754,do_nothing,False,1.0,608752d3f4c1f4ac467447ea1d7ac3a3a3684b525083d3cdeec38fbe4b3e0cc8
predicted_urgency_only,11,case_11_0047_cycle_001,case_11_0047,1,normal,12.42593443794138,24.595518112182617,24.595518112182617,0.4805023593217517,0,0.48314661296349587,0.0,0.0,False,False,0.1482593443794138,do_nothing,False,2.0,66009572852129dd3a9e9499fda5cb9e2f098465f0e6e89a108e967d89f12231
predicted_urgency_only,11,case_11_0047_cycle_002,case_11_0047,2,normal,13.899580750745832,15.988935470581055,15.988935470581055,0.4094559054785151,0,1.2775941916558478,0.0,0.0,False,False,0.18699580750745834,do_nothing,False,3.0,a18312b427c04e0c35234417c22bd7e76f613bcb5a9e5ff3d6d2572d579ec64b
predicted_urgency_only,11,case_11_0047_cycle_003,case_11_0047,3,normal,12.85979609657624,16.628429412841797,16.628429412841797,0.4088013753529955,0,1.2368859107997636,0.0,0.0,False,False,0.2005979609657624,do_nothing,False,4.0,acfd9ce50945c5585322af48e3b43f3702e857aec2f012ae80d65e8fbf81830e
predicted_urgency_only,11,case_11_0047_cycle_004,case_11_0047,4,normal,14.565176699945354,16.10280990600586,16.10280990600586,0.5061644027283225,0,0.1991200385923909,0.0,0.0,False,False,0.24165176699945357,do_nothing,False,5.0,c498dcccb27258407b9ad3fa050adf48b15a80f8a2e1fd0e54d6e95cfa7b77b7
predicted_urgency_only,11,case_11_0047_cycle_005,case_11_0047,5,normal,13.923130220369858,15.988935470581055,15.988935470581055,0.49120520301502885,0,0.14862531293664985,0.0,0.0,False,False,0.2592313022036986,do_nothing,False,6.0,6690a3535e7984aff22a4520f613ba19eadb184f08176117fb38035af8f6f0c3
predicted_urgency_only,11,case_11_0047_cycle_006,case_11_0047,6,normal,15.685881473008267,15.988935470581055,15.988935470581055,0.4915969711523955,0,0.023684010136892614,0.0,0.0,False,False,0.3008588147300827,do_nothing,False,7.0,00e0e490a9737d592c44a23d9aa9bdd14488a4ab3a84a419e646ba4a011ab0fd
predicted_urgency_only,11,case_11_0047_cycle_007,case_11_0047,7,normal,13.15632845971936,18.190675735473633,18.190675735473633,0.45139633683827013,0,0.03360069568267865,0.0,0.0,False,False,0.2995632845971936,do_nothing,False,8.0,ba22206cc9b57c3e33883847de6fea8df57490841b36629c9eebbb5b067e1150
predicted_urgency_only,11,case_11_0047_cycle_008,case_11_0047,8,normal,11.77430687667791,20.742347717285156,20.742347717285156,0.39840364630895153,0,0.9110102467533199,0.0,0.0,False,False,0.30974306876677915,do_nothing,False,9.0,56b574e4e7dc5634dd31871b57ccff2132aa99cca650f445527136174800ef54
predicted_urgency_only,11,case_11_0047_cycle_009,case_11_0047,9,normal,14.890403906136,18.894943237304688,18.894943237304688,0.36361086468592585,0,0.7507462531130312,0.0,0.0,False,False,0.36490403906136,do_nothing,False,10.0,7c37f59ecfd1b3e17fcddeae53789d17d41b5e2e9af78af86c66f29b3f39df8e
predicted_urgency_only,11,case_11_0047_cycle_010,case_11_0047,10,normal,13.985016903095538,21.526554107666016,21.526554107666016,0.4407069645705083,0,0.6943434482215576,0.0,0.0,False,False,0.37985016903095536,do_nothing,False,11.0,e965d3d757075353bc655dec27183eb2c9faebb5db03094498a8858cbbd585a6
predicted_urgency_only,11,case_11_0047_cycle_011,case_11_0047,11,normal,14.138262782646718,15.988935470581055,15.988935470581055,0.4146751336580944,0,0.6216508464718844,0.0,0.0,False,False,0.40538262782646717,do_nothing,False,12.0,654e8087fe885752b08448f099a46b8c29259655299741115f76babd3ed915d1
predicted_urgency_only,11,case_11_0047_cycle_012,case_11_0047,12,normal,15.999194956455675,18.067535400390625,18.067535400390625,0.374809402812006,0,0.499802740884529,0.0,0.0,False,False,0.44799194956455674,do_nothing,False,13.0,822768865cd43ad0558c1d0b2a1595cc4c2497e4e0c2bf497f0d2670e4cbce73
predicted_urgency_only,11,case_11_0047_cycle_013,case_11_0047,13,normal,15.268627364448225,20.312532424926758,20.312532424926758,0.5410956238580675,0,-0.4752231645121569,0.0,0.0,False,False,0.4646862736444823,do_nothing,False,14.0,c47fa3e75819e9111a78caaf6a59d4b8ac2cfd9e213ce376f362b803dc0cf872
predicted_urgency_only,11,case_11_0047_cycle_014,case_11_0047,14,normal,16.816899740932953,18.95355796813965,18.95355796813965,0.4660202882722368,0,-0.5824100354688241,0.0,0.0,False,False,0.5041689974093295,do_nothing,False,15.0,14aba82724744d4d8b08467ff0291e77cd714237813b2b05141880fc93da5da6
predicted_urgency_only,11,case_11_0047_cycle_015,case_11_0047,15,normal,14.399058568748806,17.28422737121582,17.28422737121582,0.3389732079247692,0,0.3371822617488206,0.0,0.0,False,False,0.503990585687488,do_nothing,False,16.0,fcddd62c3a128ad334c466344231475081717036c832bb5dc0cff72302c4f4fb
predicted_urgency_only,11,case_11_0047_cycle_016,case_11_0047,16,normal,14.012011984622461,16.13681983947754,16.13681983947754,0.4221398363580401,0,0.26431866500762013,0.0,0.0,False,False,0.5241201198462246,do_nothing,False,17.0,076970194032c8e21e0c0a3b50561f8ddd1adcbd4c822fd3fe68fbe51e4b85b2
predicted_urgency_only,11,case_11_0047_cycle_017,case_11_0047,17,normal,14.955814047280583,15.988935470581055,15.988935470581055,0.30874683026421057,0,0.18101355404195096,0.0,0.0,False,False,0.5575581404728058,do_nothing,False,18.0,7f6d11b817384a3e7268ce8bd3db490940da117c56a4bcfda568a23f9960d8bc
predicted_urgency_only,11,case_11_0047_cycle_018,case_11_0047,18,normal,14.99268526199089,19.191661834716797,19.191661834716797,0.470276206906311,0,-0.8163219888956732,0.0,0.0,False,False,0.5819268526199088,do_nothing,False,19.0,8cd842037c899fde1700990a167575feb50a120a82de83f2dc26560e5126710b
predicted_urgency_only,11,case_11_0047_cycle_019,case_11_0047,19,normal,16.151568756084643,15.988935470581055,15.988935470581055,0.5580978966747265,0,-0.9362617471837485,0.0,0.0,False,False,0.6175156875608465,do_nothing,False,20.0,c129b5cb0ea91f0420cc0e8f1fcded9864b2f95688a3435543ec1d73eb0227ba
full_orchestra,11,case_11_0021_cycle_000,case_11_0021,0,normal,13.319022531681531,16.13681983947754,16.13681983947754,0.3376553480344687,1,0.4127682654291909,0.11884687160061447,0.07265369051202877,False,False,0.11987120278513379,inspect,False,1.0,6f62352408f72d5d3bc6de410d03363a23fb0a84e19ae77de0d804570eabcf10
full_orchestra,11,case_11_0021_cycle_001,case_11_0021,1,normal,14.531776521565188,19.741859436035156,19.741859436035156,0.4023266441891061,1,0.34880703210322844,0.11774456482238296,0.07055180045470334,False,False,0.1388859886940867,inspect,False,2.0,c25fef5d08b4c041226c9f0facf2ed3c4af59f2a940b4230cce1263508894158
full_orchestra,11,case_11_0021_cycle_002,case_11_0021,2,normal,14.47991830620253,23.089780807495117,23.089780807495117,0.5938445739946475,2,-0.939157449621413,0.3342369336592851,0.2662966867094546,False,True,0.1009354934984557,minor_maintenance,False,0.0,14b893b3a13688ff0a0e102b76fd865605bb8b7d16ba09ccee54e4429713c62a
full_orchestra,11,case_11_0021_cycle_003,case_11_0021,3,normal,15.824721707833856,22.687088012695312,22.687088012695312,0.353165972297294,1,0.34804095279914476,0.11576002446899827,0.06994580096968599,False,False,0.1424224953705047,inspect,False,1.0,9a28ece34a1c81a7533126b0e3042a463fec7222475de39fcfda64268abd5e1b
full_orchestra,11,case_11_0021_cycle_004,case_11_0021,4,normal,14.284138281669065,19.56587028503418,19.56587028503418,0.5798419896980929,2,-0.9004790472131001,0.3222049565316397,0.2610910252346274,False,True,0.0941416573463482,minor_maintenance,False,0.0,380cbb0a5f8f8dd0bb641f751e071db7d66c2bbf78940c29725490265dafef88
full_orchestra,11,case_11_0021_cycle_005,case_11_0021,5,normal,16.884729318822828,19.07741928100586,19.07741928100586,0.4755423113211129,2,-0.9239905851689194,0.3369952975863719,0.252009969442845,False,True,0.10468532177670153,minor_maintenance,False,0.0,11738b29e26add1aad2b525ee5383fc272fad779d24556314ed4c2f9ce4ecaee
full_orchestra,11,case_11_0021_cycle_006,case_11_0021,6,normal,14.684006704414632,23.09821128845215,23.09821128845215,0.3601881782746103,1,0.3803992135181023,0.11441257255107384,0.0683647577130466,False,False,0.13215606033973168,inspect,False,1.0,228c8230e8d866d315f0f3dc9d31556e810baf847cf9c9fba041af5c7ff0e7ed
full_orchestra,11,case_11_0021_cycle_007,case_11_0021,7,normal,16.276002984310743,16.578954696655273,16.578954696655273,0.26095958944584013,0,1.3455759720538016,0.0,0.0,False,False,0.17176002984310745,do_nothing,False,2.0,29219798cb92e473de3aecab0286c1e6ef83b307227051c3d0d3c9d93341a33c
full_orchestra,11,case_11_0021_cycle_008,case_11_0021,8,normal,19.47227807261192,16.726839065551758,16.726839065551758,0.4082886269106915,1,0.1481050852439661,0.12003225210307779,0.06970982581978812,False,False,0.20495050265350728,inspect,False,3.0,eefd4e75715af03e3250e1e94a25fd48b55679d1554754ab28c760ac5a8e3d5a
full_orchestra,11,case_11_0021_cycle_009,case_11_0021,9,normal,14.570852629067799,17.347036361694336,17.347036361694336,0.37466790537284567,1,0.26210504391452233,0.11865698359092303,0.07028095712974647,False,False,0.1689376736616102,inspect,False,4.0,910e0e656c2a6f50d5fe6a768c753ae54217bab320146d24cc7c9ddc256a3022
full_orchestra,11,case_11_0021_cycle_010,case_11_0021,10,normal,18.27569011304432,16.13681983947754,16.13681983947754,0.42246656423544704,2,-1.0364133160378861,0.32938704655858,0.2610855609267058,False,True,0.1449292787008748,minor_maintenance,False,0.0,11f08ecd9d000b9e940cfc259a40a9a6a42347d84d45016784e39f0a2be6c918
full_orchestra,11,case_11_0021_cycle_011,case_11_0021,11,normal,16.703614649593906,17.614768981933594,24.944099267913693,0.6701011065864866,3,-1.370440330798213,0.6253139030264511,0.5927929904474136,False,True,0.05679228980861928,major_maintenance,False,0.0,7d0d25fb0efc1ce3197bdc23f68a1d219640cb8b6e4789c9c3e99b76435b9b0a
full_orchestra,11,case_11_0021_cycle_012,case_11_0021,12,normal,17.66252481761934,19.62386703491211,19.62386703491211,0.4714250109589365,2,-0.9240929372052551,0.31824022262587126,0.2582700016597795,False,True,0.1095076538692399,minor_maintenance,False,0.0,d585bf223a17fb4eb8cb52599ef47495d20edbcf82755ca0fa10bd67356ef700
full_orchestra,11,case_11_0021_cycle_013,case_11_0021,13,normal,15.342861037005573,16.10280990600586,16.10280990600586,0.4907461248147199,2,-0.8731753169481595,0.3143313902834328,0.24981849081776894,False,True,0.09512573842943454,minor_maintenance,False,0.0,39b1a4c40ce203d68e25a8d8717fec34ee32565a677d97b8aa68872259bada33
full_orchestra,11,case_11_0021_cycle_014,case_11_0021,14,normal,15.650883056056408,21.7314395904541,21.7314395904541,0.3751397627024498,1,0.3573104924524868,0.11003575344714506,0.06726118397684704,False,False,0.14085794750450767,inspect,False,1.0,77c99514542d4b3dba62ff39fe1ee24c3465207d6bc71a987d3feb3d865855fd
full_orchestra,11,case_11_0021_cycle_015,case_11_0021,15,normal,15.001439342346037,18.725313186645508,18.725313186645508,0.334697537360945,1,0.3621166702521337,0.10368734310673733,0.0683156172420552,False,False,0.14311295408111435,inspect,False,2.0,45ff4a7525575aa8eb972b0c38dde4be3eee4a63e73ba1f94c0fedeb4b9210fc
full_orchestra,11,case_11_0021_cycle_016,case_11_0021,16,normal,17.305465024903366,18.090261459350586,18.090261459350586,0.40601125073385785,1,0.2634688189571123,0.1033968637255854,0.07048134254354074,False,False,0.1719491852241303,inspect,False,3.0,463c2be396aa630b57c1184e97cdd39191ffe201f4e433aeb6776bd0c8e64043
full_orchestra,11,case_11_0021_cycle_017,case_11_0021,17,normal,14.175364037883698,23.3907527923584,23.3907527923584,0.5679191186028664,2,-0.9056459017872099,0.30122616872589486,0.25668761770781046,False,True,0.10462725703487893,minor_maintenance,False,0.0,efa28dc38490e24a1f008b798cd1fd30487a502c9e049c124e0df6c3fbeaa8a9
full_orchestra,11,case_11_0021_cycle_018,case_11_0021,18,normal,15.812481171078288,19.519332885742188,19.519332885742188,0.4131274474521365,1,0.35572169241409834,0.10018648648155443,0.06898214045926616,False,False,0.1423123305397046,inspect,False,1.0,cb7c8e1bb44df0264c34797f051f86e83651739311979847ffa907923829d3e9
full_orchestra,11,case_11_0021_cycle_019,case_11_0021,19,normal,15.131029222659523,22.305072784423828,22.305072784423828,0.3903368652871888,1,0.35545070598695205,0.09765033488233021,0.06938830040729028,False,False,0.1442792630039357,inspect,False,2.0,239ba41061d8c9fe8912f4d8c73913b3d3b9d018621d84bc4db0493d5791f874
full_orchestra,11,case_11_0023_cycle_000,case_11_0023,0,low_shielding_gas,28.5098320682346,29.0341739654541,29.0341739654541,0.5072362727783151,2,-1.13639077539546,0.32137286129995746,0.26081199588698956,False,True,0.17676095882305454,minor_maintenance,False,0.0,6b3459144f8c3ff90e6025da723c18a6e9f7bdf6ea9595cccf1b5c79af5d278d
full_orchestra,11,case_11_0023_cycle_001,case_11_0023,1,low_shielding_gas,33.10405449008619,29.463205337524414,37.57613255139705,0.6950792624182824,3,-1.5274585206074929,0.6224378543976629,0.5788717763102609,False,True,0.11255378526629305,major_maintenance,False,0.0,baad49c234b719c228d796fb523b4ad3afe844076ea065aa719d35e3e21d4217
full_orchestra,11,case_11_0023_cycle_002,case_11_0023,2,low_shielding_gas,31.849599504288612,27.90949058532715,27.90949058532715,0.6202562558049194,3,-1.527725658713679,0.6387459433011338,0.5888442026225794,False,True,0.10828863831458127,major_maintenance,False,0.0,c6c14caf03bd2bd6241c35db007b37293a9e7c7a38b74b295eb6421929568d0a
full_orchestra,11,case_11_0023_cycle_003,case_11_0023,3,low_shielding_gas,33.59124128135328,28.776748657226562,28.776748657226562,0.5923180851364115,2,-1.246480980547061,0.3240823394411054,0.2609423006279036,False,True,0.20826569594439032,minor_maintenance,False,0.0,c67b913d6bea6eafc050fb4d57aa82eceac64ff72083c6d9f841af1626bcf5c3
full_orchestra,11,case_11_0023_cycle_004,case_11_0023,4,low_shielding_gas,37.45291771241088,29.506956100463867,42.080704063532856,0.7005974907605409,3,-1.5618751318058068,0.6192219125538481,0.5694297937141084,False,True,0.12733992022219698,major_maintenance,False,0.0,7715bb0357e2e1adcf751676d7ad86e57e42934ebac447123fb47eca78ecef80
full_orchestra,11,case_11_0023_cycle_005,case_11_0023,5,low_shielding_gas,36.92096686460445,29.28071403503418,34.36716281955528,0.690827257114155,3,-1.5368650424775656,0.6040831085969083,0.5657049791182108,False,True,0.12553128733965513,major_maintenance,False,0.0,5eba54fbb7ff839ee4d4dabe53183a6731db9a40d57a37012a9a27353cfeeda7
full_orchestra,11,case_11_0023_cycle_006,case_11_0023,6,low_shielding_gas,36.02762668214266,39.640899658203125,40.25089090703602,0.8001781611621568,3,-1.5798239173661706,0.6119234609664993,0.6004899250843659,False,True,0.12249393071928504,major_maintenance,False,0.0,1c2ef7b2383952eec7a9898371d88b845c37d58726417b697ab235a8ea50d240
full_orchestra,11,case_11_0023_cycle_007,case_11_0023,7,low_shielding_gas,40.99961657246995,34.0689697265625,41.77576703746221,0.7365817714173813,3,-1.9355739647563504,0.582331526857013,0.5740656243585369,False,True,0.26116755756663357,major_maintenance,True,1.0,68fcb751a3529b82bbf64855d3e8796df90c5de802c3f402b339e34335d6f118
full_orchestra,11,case_11_0023_cycle_008,case_11_0023,8,low_shielding_gas,37.45705355068336,34.732479095458984,42.92423156461938,0.7362334692833918,3,-1.879400790186264,0.5821396949417895,0.5672784768730079,False,True,0.24433443111785302,major_maintenance,True,2.0,baee32de4cfc1c86f96091f3db6047386fb4bef4f32e0fec2e598a9591f1a42a
full_orchestra,11,case_11_0023_cycle_009,case_11_0023,9,low_shielding_gas,38.347874334409795,36.257408142089844,43.58043508202874,0.7449491921850107,3,-1.574884511626492,0.5880746954548144,0.5819488989161825,False,True,0.1365027727369933,major_maintenance,False,0.0,b4fff01cfe82fb2df7c0378898ab4ff96ebf2265223652420dbf029994e2484f
full_orchestra,11,case_11_0023_cycle_010,case_11_0023,10,low_shielding_gas,39.52777122434067,29.39434814453125,40.41706774664024,0.7036123559959534,3,-1.5415503236993047,0.5686340018588254,0.5802390024410143,False,True,0.13439442216275826,major_maintenance,False,0.0,cf43715028cc81ddb8c65a7c8a04a80a14633a593bee9bc5d12a86a874e0b6ab
full_orchestra,11,case_11_0023_cycle_011,case_11_0023,11,low_shielding_gas,42.65796346230818,39.372589111328125,45.86549766664283,0.7820199087197612,4,-1.919982023027818,0.870326647966188,0.9734796503616956,False,True,0.05118955615476981,urgent_intervention,False,0.0,a626cad8ac8c5743f47dc5b6e1faa6ac5f4241f42d4f5958d8e8e819c60d08e3
full_orchestra,11,case_11_0023_cycle_012,case_11_0023,12,low_shielding_gas,41.26109790406965,30.42448616027832,35.7432438417224,0.7066058129967475,3,-1.5318136548958272,0.5586106763824541,0.5579361349279381,False,True,0.1402877328738368,major_maintenance,False,0.0,d3342ceca0fd112569866f0595324205381053e5b28ceec61e0822115d8ccda7
full_orchestra,11,case_11_0023_cycle_013,case_11_0023,13,low_shielding_gas,46.510469835919885,36.989925384521484,43.93744358946685,0.7729514215858122,3,-1.6072913950704704,0.558319337225692,0.5732781903506545,False,True,0.1581355974421276,major_maintenance,False,0.0,6396a34a91a322ed8928736584ac13ebb1b4ebbec7d958d543d7e7022fa3a421
full_orchestra,11,case_11_0023_cycle_014,case_11_0023,14,low_shielding_gas,47.49835562916944,34.0758056640625,40.39807030008734,0.7298183952780662,3,-1.6148350059316143,0.5580442526077974,0.5785434582682236,False,True,0.16149440913917606,major_maintenance,False,0.0,f8bf1c379e8157ec73b26cf42f14081d486f9accc7fa314da673d7acb7ace99a
full_orchestra,11,case_11_0023_cycle_015,case_11_0023,15,low_shielding_gas,47.80181886184269,39.08440017700195,53.54560801702094,0.7824611022967526,4,-1.932991102840293,0.8535657151657898,0.9874620930341961,False,True,0.05736218263421123,urgent_intervention,False,0.0,429bb5fd07f456801f0ae53ba1ed158da894055ddb902feee6af6ee351c46f93
full_orchestra,11,case_11_0023_cycle_016,case_11_0023,16,low_shielding_gas,52.94207840437238,39.022010803222656,51.41823382852827,0.7879639189328822,4,-1.9493211654594231,0.8561234724785591,0.9805145286064887,False,True,0.06353049408524686,urgent_intervention,False,0.0,16838cb2cf0dd7e5b59f4eda8af855dbc96b75798e099a271c18ad8ba4b2b16a
full_orchestra,11,case_11_0023_cycle_017,case_11_0023,17,low_shielding_gas,51.57356734031369,39.08440017700195,47.566496491917846,0.7851108429936069,4,-2.547089573670792,0.8460046133580255,0.9811993892945867,False,True,0.26611960747601865,urgent_intervention,True,1.0,1dcb7540345487fdbfe2eee0bdda56bf7afd481ce92d3df237c8ff7b0d76e60e
full_orchestra,11,case_11_0023_cycle_018,case_11_0023,18,low_shielding_gas,54.60438072592374,40.11848831176758,51.31353532444612,0.7924727004233333,4,-1.9612296738708639,0.8507044281430773,0.9897982125637013,False,True,0.06660525687110849,urgent_intervention,False,0.0,6fb32503c0416bce83cfbb89a17a4bb8037e3046f5510111fad5bab91f51d615
full_orchestra,11,case_11_0023_cycle_019,case_11_0023,19,low_shielding_gas,52.59261918502772,40.11848831176758,47.427537122339615,0.7898241421967177,4,-2.529326447464825,0.838309318890021,0.9480122028263338,False,True,0.27137791499474306,urgent_intervention,True,1.0,23fe85498c63a8c316853cdbae104c6a3b38c4f9c38dc5ec4d630646236a2fce
full_orchestra,11,case_11_0026_cycle_000,case_11_0026,0,normal,10.914330460705795,16.154399871826172,16.154399871826172,0.4542607071187489,2,-0.7343546075988037,0.26454338501698865,0.24833196243109354,False,True,0.06766884885637593,minor_maintenance,False,0.0,df27684d57ee1c94f87c94f48b08f2fdcdbf038f1fbfcf8cf912361019f2dd6a
full_orchestra,11,case_11_0026_cycle_001,case_11_0026,1,normal,11.230347103614845,15.988935470581055,15.988935470581055,0.3638065055170531,1,0.49941087645150983,0.08871828343202096,0.06760061561413798,False,False,0.1010731239325336,inspect,False,1.0,d957800e2187c51a01815c050b0b4a6a2e1534af71e0353d19773e3ede7bbe60
full_orchestra,11,case_11_0026_cycle_002,case_11_0026,2,normal,10.358570812417485,15.988935470581055,15.988935470581055,0.4923488531695125,2,-0.7539036139015624,0.2675381627504734,0.25387963258087104,False,True,0.06980313903698841,minor_maintenance,False,0.0,45700f5b8845ca91905c6c91e81963766847ff7d436ea0ae056ddd349cdd3c50
full_orchestra,11,case_11_0026_cycle_003,case_11_0026,3,normal,12.88683852187875,19.83677864074707,19.83677864074707,0.44566365544912523,2,-0.7685224214545456,0.2665064410875741,0.24433904442832263,False,True,0.07989839883564824,minor_maintenance,False,0.0,3a950db6ba61a3396a3212cac27c7c54e9d7a165e27e5baabecbda543e9dde37
full_orchestra,11,case_11_0026_cycle_004,case_11_0026,4,normal,10.654151304888426,17.069738388061523,17.069738388061523,0.3958947338646548,1,0.51216374879696,0.08611552798177924,0.0683430348869688,False,False,0.09588736174399584,inspect,False,1.0,2c999a00dcc81bcf56bb14643427115bf49b0dab95cd164f26bcaf7636c9ce0b
full_orchestra,11,case_11_0026_cycle_005,case_11_0026,5,normal,10.39130918765528,16.716947555541992,16.716947555541992,0.5240297967781679,2,-0.7454906316721346,0.26156719183843025,0.2441257742832387,False,True,0.07000611696346273,minor_maintenance,False,0.0,d5ba9f4f46f61ef7b307ec14453b496117cac326f3ae08c03a3a003b13e4735a
full_orchestra,11,case_11_0026_cycle_006,case_11_0026,6,normal,9.295513693218215,16.578954696655273,16.578954696655273,0.4052733431643688,1,0.5524632839643678,0.08312431383714991,0.0658031637586689,False,False,0.08365962323896393,inspect,False,1.0,354a8595ac14ec39870ebd8372fdcc6bab68c92193fba31f3b67497adc8a38b5
full_orchestra,11,case_11_0026_cycle_007,case_11_0026,7,normal,9.169937488797093,16.302284240722656,16.302284240722656,0.49011579953004747,2,-0.7270516836202916,0.2627366895801577,0.254370983523751,False,True,0.062433612430541977,minor_maintenance,False,0.0,390463d16104a13dd57f9dd736c4d23a661cf1631f7987804e53b7a3f6104386
full_orchestra,11,case_11_0026_cycle_008,case_11_0026,8,normal,8.399198682105187,19.039087295532227,19.039087295532227,0.30578653254372906,1,0.5907777926433424,0.08183034149087341,0.06843190195923095,False,False,0.07559278813894668,inspect,False,1.0,66d5aef11bf9841ce8b93f2358b678d5792bbbdc864e60b3996566fc628b58e9
full_orchestra,11,case_11_0026_cycle_009,case_11_0026,9,normal,10.473987987456153,15.988935470581055,15.988935470581055,0.5219257893526168,2,-0.7633186713675286,0.2645125184523196,0.26120138493204004,False,True,0.07051872552222815,minor_maintenance,False,0.0,8a43a639e157b7c3918310239a7eea1a32c630c2b2159bcabbc55ced49b4f146
full_orchestra,11,case_11_0026_cycle_010,case_11_0026,10,normal,9.358669067551608,19.706560134887695,19.706560134887695,0.5945197858630001,2,-0.7218960718064664,0.25895134695129307,0.24961939039907946,False,True,0.05802374821881996,minor_maintenance,False,0.0,a6ae5788b32092be31d75c9bcfb9bfa7f91d6cf9da1751be145d07d101da0ac9
full_orchestra,11,case_11_0026_cycle_011,case_11_0026,11,normal,10.46672288182681,19.313262939453125,19.313262939453125,0.4520227960680826,2,-0.7036057779806852,0.24609508359851204,0.24378278671247772,False,True,0.06489368186732622,minor_maintenance,False,0.0,dd50fd7c10b04749f280daa2a8360f37401839da842d753bb91da8aa37f770e2
full_orchestra,11,case_11_0026_cycle_012,case_11_0026,12,normal,10.796793865027897,15.988935470581055,15.988935470581055,0.3509737830307025,1,0.514866479618727,0.087658662253123,0.06664419539723915,False,False,0.09717114478525107,inspect,False,1.0,d97cb9877131e2bd9c6bc31eebf910b7da010cc96c7bc81dd22b6a4cad009a3d
full_orchestra,11,case_11_0026_cycle_013,case_11_0026,13,normal,9.685219076471451,15.988935470581055,15.988935470581055,0.5292022691785003,2,-0.7352471382533596,0.26259173888633386,0.24548748020985203,False,True,0.065628358274123,minor_maintenance,False,0.0,e782c4818b7189920d2b82fa0dc1036c9ce134b28b617efd4e0575ce858804ad
full_orchestra,11,case_11_0026_cycle_014,case_11_0026,14,normal,12.224813120030374,16.578954696655273,16.578954696655273,0.31283572889381783,1,0.4742995602237519,0.09351606028681725,0.06898633239317266,False,False,0.11002331808027337,inspect,False,1.0,af50f9353e9044987dd174ad4607da9d2f7eb928fe1d3309e7dc706c97e8bb85
full_orchestra,11,case_11_0026_cycle_015,case_11_0026,15,normal,10.846119046881377,18.925918579101562,18.925918579101562,0.38135456598171275,1,0.4697858344911497,0.09927853710175552,0.07073403655505082,False,False,0.1057150714219324,inspect,False,2.0,e0f10208bf198f12d7a517172230140583273e45266987899a90ccedff5dee0f
full_orchestra,11,case_11_0026_cycle_016,case_11_0026,16,normal,9.847251667436144,16.908321380615234,16.908321380615234,0.32096152359770436,1,0.48701461696285103,0.0955925937489048,0.06846595715976564,False,False,0.1048252650069253,inspect,False,3.0,56846113a65a4187d77b9ae711608294a6a6bab94e1bee8b5173d0bf1308546e
full_orchestra,11,case_11_0026_cycle_017,case_11_0026,17,normal,10.256521928089345,18.038061141967773,18.038061141967773,0.3945625542365633,1,0.44881398421003615,0.08851974346305931,0.06706974641625985,False,False,0.11660869735280409,inspect,False,4.0,1f72092b8f5d6d6c1c0b63a2e7032ee776f020a5a8cec748a4b6453f5d3dc80c
full_orchestra,11,case_11_0026_cycle_018,case_11_0026,18,normal,11.116248315432452,16.13681983947754,16.13681983947754,0.5687917186397741,2,-0.8539834348499517,0.2995144254431483,0.24428504117974198,False,True,0.0912407395556812,minor_maintenance,False,0.0,a6a28e44c74ade4fef99439ad03f921f5b4a6ace5cdd08c8b24b6668822dab77
full_orchestra,11,case_11_0026_cycle_019,case_11_0026,19,normal,13.410871370333698,15.988935470581055,15.988935470581055,0.43774784236671,2,-0.8285095409976015,0.3007640345126425,0.26580140330218216,False,True,0.08314740249606893,minor_maintenance,False,0.0,6c3009e9f176ba97b3c2277241ed0017e662b0efb9dd7207bac29624b91ec267
full_orchestra,11,case_11_0029_cycle_000,case_11_0029,0,focal_drift,25.79136232561862,26.374042510986328,26.374042510986328,0.5347538920895843,2,-1.0579530258337961,0.29451665884913447,0.2543799298933971,False,True,0.15990644641883545,minor_maintenance,False,0.0,2cd972db50803b3fafe06967f1ab747a8703627ab30f22dc5f9b79d75816eea6
full_orchestra,11,case_11_0029_cycle_001,case_11_0029,1,focal_drift,28.569161907374287,27.16546630859375,27.16546630859375,0.43780100102889496,2,-1.0977938052490848,0.2991210757187162,0.25202020987359075,False,True,0.17712880382572058,minor_maintenance,False,0.0,ef47b84ff6bad1ba346dea2881d7246bcd147a65675d81ebf9476569a11adf2e
full_orchestra,11,case_11_0029_cycle_002,case_11_0029,2,focal_drift,30.27078923905661,30.908517837524414,30.908517837524414,0.6052618444266773,3,-1.4640053049148158,0.596369380951255,0.5851057463264775,False,True,0.10292068341279247,major_maintenance,False,0.0,580571d435cbfa0cbcc3b2e174ae9f9c28d3a18588d1fd2e2dfcfbd3009746cc
full_orchestra,11,case_11_0029_cycle_003,case_11_0029,3,focal_drift,29.45732029653288,31.116252899169922,31.116252899169922,0.4873216371337322,2,-1.1338374580047812,0.31007315088971055,0.25344988003687413,False,True,0.18263538583850386,minor_maintenance,False,0.0,7e09deea4e5ad228aed798d46eb85f6dc9804fe7f94cc39de90e7ce3491a5f22
full_orchestra,11,case_11_0029_cycle_004,case_11_0029,4,focal_drift,33.0362905777619,29.007768630981445,29.007768630981445,0.4758536207903079,2,-1.2059781192537542,0.3126289496304058,0.25937015219803855,False,True,0.20482500158212377,minor_maintenance,False,0.0,b6fdf26a70c096747c5e0c765d3af63a5c258766c0f394b3f0eb908e9fa94cc6
full_orchestra,11,case_11_0029_cycle_005,case_11_0029,5,focal_drift,29.797428471138975,25.621917724609375,25.621917724609375,0.4022958149818806,1,-0.038955874202676294,0.1180175320405713,0.07007925149258819,False,False,0.2681768562402508,inspect,False,1.0,a628557d99d7529df2979fa4c99149ecdb364182f42bc9933a85aca389084369
full_orchestra,11,case_11_0029_cycle_006,case_11_0029,6,focal_drift,33.03480106796985,37.8160400390625,37.8160400390625,0.5842498070265391,2,-1.2427159531619683,0.31939641071594316,0.25561846440975616,False,True,0.2103957666214131,minor_maintenance,False,0.0,9a778c549b41d13edfae148bafde0d6923b05a28450d5914e42c2d84cc72b93b
full_orchestra,11,case_11_0029_cycle_007,case_11_0029,7,focal_drift,40.421315646895735,29.878379821777344,29.878379821777344,0.5361580224189446,2,-0.36170451718824137,0.3249579171977575,0.2556080319942268,False,False,0.25061215701075357,minor_maintenance,False,0.0,ea2ed30280cb4d2f41334fcea687a453c16d1b7883592a81c1fdbce49459757f
full_orchestra,11,case_11_0029_cycle_008,case_11_0029,8,focal_drift,35.007812126180085,30.720510482788086,30.720510482788086,0.6425111700739728,3,-1.5371529072916312,0.6205995091389643,0.5788712986931678,False,True,0.11902656122901227,major_maintenance,False,0.0,5e67eea566a043cc127469618b4bcce9c0b6f8bc1dcbcae4693cd86e1ac5c4e6
full_orchestra,11,case_11_0029_cycle_009,case_11_0029,9,focal_drift,39.80885103990509,26.603914260864258,40.64193083867781,0.6911767917907429,3,-1.5997202196488407,0.610210706244952,0.5997283925353065,False,True,0.13535009353567728,major_maintenance,False,0.0,2616172e920f8905107e39b1f6d08cea00da110dd1c3fc6c00467efa69fb5a41
full_orchestra,11,case_11_0029_cycle_010,case_11_0029,10,focal_drift,37.39131791627152,24.759872436523438,24.759872436523438,0.5526984118760216,2,-1.3170136340928351,0.3308411169684742,0.2597365526253844,False,True,0.2318261710808834,minor_maintenance,False,0.0,9639a898a2a2320b7c0b931e073e9ad5fad9559b797010ab6d7f4c35947cade8
full_orchestra,11,case_11_0029_cycle_011,case_11_0029,11,focal_drift,37.03350516472318,31.21946907043457,31.21946907043457,0.440124293628822,2,-1.2940066136927733,0.33059979056506883,0.2607062287744124,False,True,0.2296077320212837,minor_maintenance,False,0.0,2963fac11868b3c17799a9d319c5925bb4fb4b824d6f05b5b7ca3b28193d88bb
full_orchestra,11,case_11_0029_cycle_012,case_11_0029,12,focal_drift,45.21228196653562,30.24079132080078,30.24079132080078,0.6327217064700751,3,-1.6583542710390262,0.6436585320258541,0.573277758729997,False,True,0.1537217586862211,major_maintenance,False,0.0,07597aa7d77cb78ab51613a55e59526ff6cd24a3f0ef6745e70f96cbd4e09421
full_orchestra,11,case_11_0029_cycle_013,case_11_0029,13,focal_drift,39.20721976976162,25.857364654541016,25.857364654541016,0.5843007625695158,2,-0.35977399196880705,0.33655124577441076,0.25790418011425353,False,False,0.24308476257252204,minor_maintenance,False,0.0,27ed7dfd5f2332a3fb9eb21baeb79bee99c2d9b96aced21f9990319727dfa9ce
full_orchestra,11,case_11_0029_cycle_014,case_11_0029,14,focal_drift,42.055396740858434,33.6099853515625,46.97200429756659,0.6833389714237735,3,-2.0244627534858846,0.6372743364090407,0.6012611745568412,False,True,0.26789287723926825,major_maintenance,True,1.0,681a7d656f9b6ae7fb8825c816eea216aceee7e3a321c28a32646a6b87180d2d
full_orchestra,11,case_11_0029_cycle_015,case_11_0029,15,focal_drift,44.56270505385051,34.58864974975586,43.303533413653575,0.6980347727887652,3,-1.661705758117063,0.6391990247698739,0.5676024073494985,False,True,0.15457319718309173,major_maintenance,False,0.0,e34bb6eb632ef6cb55f1c367e208bd93f45b7945166e4d0cfe552c8d0e4babf5
full_orchestra,11,case_11_0029_cycle_016,case_11_0029,16,focal_drift,45.880548979324146,30.356250762939453,42.47042182465798,0.7177273235767355,3,-2.081235533937721,0.6333119821423399,0.5793589528299828,False,True,0.29225909699829483,major_maintenance,True,1.0,80b4c97af8784f5a86342e760124f0a9efbf903aefa443f39ff16bb7843e2218
full_orchestra,11,case_11_0029_cycle_017,case_11_0029,17,focal_drift,47.855349848348666,36.7528190612793,41.78429261622961,0.73889253891783,3,-1.7119269776716297,0.6355480118429258,0.5853006456723412,False,True,0.16576818948438546,major_maintenance,False,0.0,76f24930ce43c1ebbf3100f863c6fd0ff7e7f5ff51fbde4646358a3a18caf4ad
full_orchestra,11,case_11_0029_cycle_018,case_11_0029,18,focal_drift,46.49480578329968,33.097232818603516,39.63621829791001,0.7296584103054723,3,-1.6592519213954768,0.6079364120185964,0.5845246610517535,False,True,0.1580823396632189,major_maintenance,False,0.0,9c604658a428f2dc2b60e59db7b11fd6e4e1215f30e40c9f9b24cf1760c4a69a
full_orchestra,11,case_11_0029_cycle_019,case_11_0029,19,focal_drift,49.21178539574054,33.755062103271484,43.39885958297054,0.7010650848895854,3,-1.6997843566856357,0.6245954606500119,0.5850861528320405,False,True,0.16732007034551782,major_maintenance,False,0.0,e43db8c78d8519eb7bd444804b17f640ee41d8df0c7899cda4bcd73aa7ef6c5b
full_orchestra,11,case_11_0032_cycle_000,case_11_0032,0,normal,11.169179129383684,17.29862403869629,17.29862403869629,0.4626595584666316,2,-0.8138387277519293,0.33309037516664775,0.25450335876093794,False,True,0.06924891060217885,minor_maintenance,False,0.0,c4b051c1a3e11c0525e9b26b0e916f4d9962440ee444218e065d67793543e8e2
full_orchestra,11,case_11_0032_cycle_001,case_11_0032,1,normal,10.227587444146703,15.988935470581055,15.988935470581055,0.4418481839891691,2,-0.805311968463588,0.33881922700018685,0.26247798425487134,False,True,0.06341104215370956,minor_maintenance,False,0.0,dd76e467d78ba2634f94edf77fa714201bd4edc408f3ae97a8d49b03cee2f1f8
full_orchestra,11,case_11_0032_cycle_002,case_11_0032,2,normal,11.401550475343608,15.988935470581055,15.988935470581055,0.3403435013986455,1,0.47318950370019386,0.11263450840987423,0.06910324980732216,False,False,0.10261395427809247,inspect,False,1.0,835239254beac208fed57b2c4681e0759eff81cb5a92e0bdaa268c98f636d387
full_orchestra,11,case_11_0032_cycle_003,case_11_0032,3,normal,12.290653713239076,18.280298233032227,18.280298233032227,0.4629883987491967,2,-0.8356202882096022,0.3165021404321248,0.2554046611235639,False,True,0.08178205302208227,minor_maintenance,False,0.0,e145752541b18734f8bffd9ff1a3fd53813dd1cf2314ab8b1ac675f27dc1afb8
full_orchestra,11,case_11_0032_cycle_004,case_11_0032,4,normal,11.56989386544232,16.250694274902344,16.250694274902344,0.29858712162226464,0,1.5081151157933907,0.0,0.0,False,False,0.1156989386544232,do_nothing,False,1.0,215934c8e48b83de761cd769baa868bd6394f1c09645c73004a559a3db3aa57c
full_orchestra,11,case_11_0032_cycle_005,case_11_0032,5,normal,11.447652799902434,18.66720962524414,18.66720962524414,0.6094078225665261,3,-1.3157927446332647,0.6127216370486676,0.5880173445507667,False,True,0.047082019519668276,major_maintenance,False,0.0,6c29a4d5f52fec7c60165bf94e2ee3c1baa38b4527aebb6f62a30471d2598b21
full_orchestra,11,case_11_0032_cycle_006,case_11_0032,6,normal,12.308148649845513,16.250694274902344,16.250694274902344,0.34109021721046173,1,0.4484420504697596,0.11231551277022231,0.06969861329077497,False,False,0.11077333784860961,inspect,False,1.0,3bc5a524e53a1118d45be976480c587e3c9f20db7ab3edc49571532de74aabb8
full_orchestra,11,case_11_0032_cycle_007,case_11_0032,7,normal,11.188906291412877,17.28422737121582,17.28422737121582,0.430280189128439,2,-0.7802609165629794,0.2954692237415904,0.24424500928980458,False,True,0.07495121900675984,minor_maintenance,False,0.0,a64b7c5b29f9eca81022f36299489e35822a11cf38370c304bba3cdee8d3e087
full_orchestra,11,case_11_0032_cycle_008,case_11_0032,8,normal,11.0151855371948,17.21404266357422,17.21404266357422,0.43192124221159695,2,-0.7910020161939311,0.3141594898272798,0.2589648613038606,False,True,0.06829415033060776,minor_maintenance,False,0.0,335f8810c7fdb7c3a43b69536d429abc5e0b603e519e222db00813f2ef0dd2a3
full_orchestra,11,case_11_0032_cycle_009,case_11_0032,9,normal,10.50848165415163,16.10280990600586,16.10280990600586,0.5207053289514402,2,-0.781375649543009,0.30437705926310527,0.25429379021245924,False,True,0.06515258625574011,minor_maintenance,False,0.0,11e0eca35361e6447949fe86e705bf670cf8794e05c0687a80a09d0b5a504e2f
full_orchestra,11,case_11_0032_cycle_010,case_11_0032,10,normal,10.08625805223511,18.53108787536621,18.53108787536621,0.40952038365155735,1,0.5095034062220566,0.10317052182478642,0.06696130874384422,False,False,0.090776322470116,inspect,False,1.0,7bab8d42653df4da073f4dcbe8317a64cec26ee22f9fab8115c000adcb86ba61
full_orchestra,11,case_11_0032_cycle_011,case_11_0032,11,normal,10.452102451303247,16.794517517089844,16.794517517089844,0.37659395509912313,1,0.4843970995347722,0.09905306287086138,0.06694247268038786,False,False,0.10216892206172923,inspect,False,2.0,4c429f90e1a848d6ee1f2b5b53c407111ce14feb31d1247365dcf1986ab7ff7e
full_orchestra,11,case_11_0032_cycle_012,case_11_0032,12,normal,11.426825805662945,16.429412841796875,16.429412841796875,0.43103540997225315,2,-0.8070525446063983,0.28988924837336266,0.25811128093983354,False,True,0.08200631999511025,minor_maintenance,False,0.0,8eb5f5c5ab4313ee1d30898df28ac8ec59edd0608ec6128a1c38d80fd42ced2c
full_orchestra,11,case_11_0032_cycle_013,case_11_0032,13,normal,12.709434837373765,19.47468376159668,26.657079681995697,0.6716865227758562,3,-1.3678480214659698,0.5679287379796071,0.5703612566597146,False,True,0.08095909991407088,major_maintenance,True,1.0,be553cb0ca2f5c452ff0a16b081fa462abd53c10a47ba5abee018e4e428b90f9
full_orchestra,11,case_11_0032_cycle_014,case_11_0032,14,normal,11.955355050060817,16.602670669555664,16.602670669555664,0.40447108209840116,1,0.44424480220617535,0.09390076975105496,0.06761147422045917,False,False,0.11569819545054737,inspect,False,2.0,12f85661936152dcc23df1bfaead0597f99aaf882632ea0e1ca0a3cf9b1bffeb
full_orchestra,11,case_11_0032_cycle_015,case_11_0032,15,normal,12.051360491752929,20.270191192626953,20.270191192626953,0.5068004497320058,2,-0.7968053917796951,0.26758283414641715,0.24445898128359086,False,True,0.08587843504886816,minor_maintenance,False,0.0,009068a76e4417b6e413311c4e0a072de1070eee534a6215284e182ab833a3b8
full_orchestra,11,case_11_0032_cycle_016,case_11_0032,16,normal,12.864019517656548,15.988935470581055,15.988935470581055,0.47348139034957043,2,-0.7858551469815737,0.27608449110568684,0.24934710536879925,False,True,0.07975692100947059,minor_maintenance,False,0.0,f29be84e507fc94a972b9697953f8524f5ff4edd0a0cfa50ebabd7ce768bd009
full_orchestra,11,case_11_0032_cycle_017,case_11_0032,17,normal,10.948861762695357,16.13681983947754,16.13681983947754,0.383195032866282,1,0.5016381524738109,0.08999554583740442,0.06908472395758455,False,False,0.09853975586425821,inspect,False,1.0,fc5361041ec7c4b1cc8d50f41d534169ba0170560c85360af3bbe0dc97c8baa4
full_orchestra,11,case_11_0032_cycle_018,case_11_0032,18,normal,12.245065625472993,16.2226619720459,16.2226619720459,0.34908252377013516,1,0.4508755117862514,0.08587425192884227,0.06996385728951902,False,False,0.11830559062925694,inspect,False,2.0,4c6614238bff6a85af2f05fb38e6cb5c184a156d76d8b18e38f3f9dfdf3d9125
full_orchestra,11,case_11_0032_cycle_019,case_11_0032,19,normal,12.55978981413603,15.988935470581055,15.988935470581055,0.6539048007438816,3,-1.2339082065795308,0.5341334045021219,0.5690240323270489,False,True,0.048823285368062505,major_maintenance,False,0.0,a11c7915b18a169779d928a433eb9a233e2e9409b3e1cd36aedf29dbeb1643e5
full_orchestra,11,case_11_0040_cycle_000,case_11_0040,0,lens_contamination,25.292687740746672,33.70533752441406,33.70533752441406,0.43840830637765726,2,-1.0639859717104896,0.3226231368328841,0.256446996178836,False,True,0.15681466399262936,minor_maintenance,False,0.0,cf01867488a845f27ad5975445cc26ba7856a3a986a1c071ebfbee4ef2a585ae
full_orchestra,11,case_11_0040_cycle_001,case_11_0040,1,lens_contamination,28.42060652855099,27.12776756286621,27.12776756286621,0.31394751193852344,1,0.00835341385020099,0.12134828675110257,0.0698122454213015,False,False,0.2557854587569589,inspect,False,1.0,37349bc577aeca952c4d979fb1ea927deef6d1f6a71a11197a874281540004f1
full_orchestra,11,case_11_0040_cycle_002,case_11_0040,2,lens_contamination,25.284036562231183,31.449724197387695,31.449724197387695,0.45393705999916634,2,-1.0920779471920168,0.328121949957231,0.26105294772176346,False,True,0.16234102668583333,minor_maintenance,False,0.0,5e10a71a141dc4d4a12f8d378c43bf574957a1e81888e28dedf9de9d05fabebd
full_orchestra,11,case_11_0040_cycle_003,case_11_0040,3,lens_contamination,32.71646292786905,32.329524993896484,31.093564484008105,0.7131548376005572,3,-1.518309392423086,0.627668151837826,0.5624501163511402,False,True,0.11123597395475476,major_maintenance,False,0.0,20311f8441d93ec4bfcb5a0b6c964658e9b115b2c60efa228f14efefcea4ac1c
full_orchestra,11,case_11_0040_cycle_004,case_11_0040,4,lens_contamination,28.42624325662072,30.776994705200195,30.776994705200195,0.5469112751728388,2,-1.130840681477736,0.31677066159378975,0.2541315050435939,False,True,0.17624270819104845,minor_maintenance,False,0.0,822caaecf4594e100e48c8f8a1c9de4f74d7122dc77912e160b4bfd1dfaabf36
full_orchestra,11,case_11_0040_cycle_005,case_11_0040,5,lens_contamination,35.08530570478014,35.944000244140625,35.944000244140625,0.5706501086190873,2,-1.2605986557081694,0.315510270325951,0.2586302287255558,False,True,0.21752889536963688,minor_maintenance,False,0.0,1a2b4f1c529dd2ac618f24fecfd397897dcefef95e56e26295044494b7a3411a
full_orchestra,11,case_11_0040_cycle_006,case_11_0040,6,lens_contamination,31.11161337361517,31.45226287841797,31.45226287841797,0.4227685025205262,2,-1.1480752797332812,0.30437709031972204,0.2520086316077974,False,True,0.19289200291641406,minor_maintenance,False,0.0,ebc49653d41cc5f865fb2d70f052f1ac39d2de395579a42876a0b01f3b8d68df
full_orchestra,11,case_11_0040_cycle_007,case_11_0040,7,lens_contamination,37.61975596169157,35.703800201416016,35.703800201416016,0.5810573333877112,2,-1.3060013598929148,0.31799333829772225,0.2514024508744659,False,True,0.2332424869624877,minor_maintenance,False,0.0,45fa0e48446456394c72a5f75aa14bda89409f7af3c994b08b9c5844298b4038
full_orchestra,11,case_11_0040_cycle_008,case_11_0040,8,lens_contamination,34.21432620692814,33.618865966796875,40.6681172512041,0.6320889231457177,3,-1.498004473712385,0.6002970705781644,0.5673849216896197,False,True,0.11632870910355567,major_maintenance,False,0.0,1106c6e431ff67c0430edf6a5276c52cb19ed363cb566e32f86f455c1d652d54
full_orchestra,11,case_11_0040_cycle_009,case_11_0040,9,lens_contamination,33.628091080997635,35.175071716308594,35.21986009008834,0.6578432308659306,3,-1.4563929140643284,0.5639163710893924,0.5634919116485881,False,True,0.11433550967539195,major_maintenance,False,0.0,7eadbe8c8fbf5df07785932c12b324cf05c9b7fb79f879c94198d84b1601bee0
full_orchestra,11,case_11_0040_cycle_010,case_11_0040,10,lens_contamination,33.764812168169925,31.748291015625,31.748291015625,0.6159796822997369,3,-1.4802723779478533,0.5822186636626395,0.5765695972811499,False,True,0.11480036137177774,major_maintenance,False,0.0,87a9d23f9ea3a3965240fcb9162b87c0ce7c8a94c748ecf4948e5f4290907542
full_orchestra,11,case_11_0040_cycle_011,case_11_0040,11,lens_contamination,35.40658338905667,38.54806900024414,38.54806900024414,0.6013514157510867,3,-1.4674547292290254,0.5634075900122926,0.5658715953571147,False,True,0.12038238352279268,major_maintenance,False,0.0,663ecaa30430c9abe88518764d40dadebb099d26940e99598c9ecf81a6108aa8
full_orchestra,11,case_11_0040_cycle_012,case_11_0040,12,lens_contamination,39.528685959394664,39.89210510253906,36.50542598639178,0.7170538557377852,3,-1.5092710072529927,0.5451348379964436,0.5667318676375697,False,True,0.13439753226194184,major_maintenance,False,0.0,8fcf90d80b64a5c8c5120e224b9897462154f0d36699d3d0dd082aa465754df7
full_orchestra,11,case_11_0040_cycle_013,case_11_0040,13,lens_contamination,35.730977362704394,42.54671096801758,36.534345146643474,0.6925651234640369,3,-1.4509279648458469,0.535580645427645,0.5587582272487643,False,True,0.12148532303319493,major_maintenance,False,0.0,fd1361db28b5d187f2be644a9a43240e03a5b973d480006552bc1629968217b5
full_orchestra,11,case_11_0040_cycle_014,case_11_0040,14,lens_contamination,41.69529121725114,31.62961769104004,35.86771156575587,0.6851502395480011,3,-1.5381544681370034,0.5533252249458359,0.5709559210537568,False,True,0.14176399013865387,major_maintenance,False,0.0,afb120f857a9c4848398d9075af8529939901ca0e1dcc7d2a62f51087f77c81a
full_orchestra,11,case_11_0040_cycle_015,case_11_0040,15,lens_contamination,42.848822992443125,37.97195053100586,47.37050730739796,0.6498945583706395,3,-1.9243052514828949,0.5429130969741401,0.5813337042094634,False,True,0.2729470024618627,major_maintenance,True,1.0,eac8057a08d5d10cb892a45b228b4f1bac452fc0d78a4d5bb7c5470913453b84
full_orchestra,11,case_11_0040_cycle_016,case_11_0040,16,lens_contamination,41.980168006998205,42.61628341674805,40.370558125537066,0.7648225769699729,3,-1.9411471361190518,0.5566854304573123,0.5628728856281349,False,True,0.27314667020457856,major_maintenance,True,2.0,4f7eb08bfaedb0ffbd4408523416b72c3b0c667da1db4274a85de890db774335
full_orchestra,11,case_11_0040_cycle_017,case_11_0040,17,lens_contamination,39.41160769910121,43.0743408203125,46.56850765995428,0.7433106890756789,4,-2.3530459976849962,0.8393126389285969,0.9553513352662008,False,True,0.21265189572736226,urgent_intervention,True,3.0,614fe9fa8aeb620501c86c82758f782925ea57259fcbcc36ff614b9f5359e50c
full_orchestra,11,case_11_0040_cycle_018,case_11_0040,18,lens_contamination,46.947312882318734,33.619102478027344,36.36786718643488,0.7470443011570038,3,-1.6022470627110468,0.5249515662077896,0.5735453249125694,False,True,0.16880086379988368,major_maintenance,False,0.0,9742d573cbaa1abf25b879beeab5b5d9c5d9b10989c0231061848be8283ea1b8
full_orchestra,11,case_11_0040_cycle_019,case_11_0040,19,lens_contamination,49.513612728281295,43.888648986816406,38.857293784229455,0.7477380068783772,3,-1.5822543188029232,0.5165468869904621,0.5606348511902941,False,True,0.1683462832761564,major_maintenance,False,0.0,1f79185221c177c1cb32a809042b79b317975a5d650e29a8676225a46392e1d8
full_orchestra,11,case_11_0043_cycle_000,case_11_0043,0,focal_drift,22.284831535774696,23.259645462036133,23.259645462036133,0.4699741862242124,2,-0.9650695386315511,0.2756156067239715,0.2555749217606729,False,True,0.1381659555218031,minor_maintenance,False,0.0,c0d3d67c2b592b9cafae7066f0d7dc944dd617b19403bd206db0041513c0c827
full_orchestra,11,case_11_0043_cycle_001,case_11_0043,1,focal_drift,21.711436430019393,20.821195602416992,20.821195602416992,0.44085088826580493,2,-0.9310856750243356,0.26577004122173586,0.24419410370546038,False,True,0.13461090586612023,minor_maintenance,False,0.0,3f91cd333f582fa458a145900649b493ee1575ca4429f8753b3e9cff21cc7381
full_orchestra,11,case_11_0043_cycle_002,case_11_0043,2,focal_drift,19.960524812836614,24.20523452758789,24.20523452758789,0.36692710345620255,1,0.2563624650309637,0.0939701806917181,0.06961764851537398,False,False,0.17964472331552953,inspect,False,1.0,52309ada082bef7df57a1bf94b0deaf8f038a6d0c9e29fb8415c7f598c8d734a
full_orchestra,11,case_11_0043_cycle_003,case_11_0043,3,focal_drift,20.168918804342802,24.420368194580078,24.420368194580078,0.33653216543994724,1,0.23007881981077502,0.09678023053273055,0.06725039640405836,False,False,0.18962026923908523,inspect,False,2.0,20d325bb6a1d6d6d7420fbf27f7609843e9e53744cb27441a1cfd4c42d31b79e
full_orchestra,11,case_11_0043_cycle_004,case_11_0043,4,focal_drift,23.53751227483518,26.040708541870117,26.040708541870117,0.43522278703993655,2,-1.020282390680759,0.2861964966941519,0.2469059345233528,False,True,0.1570925761039781,minor_maintenance,False,0.0,96812d1f607307cac3116dad356e2a57b952d400b5b867b64cf9da4c64a75772
full_orchestra,11,case_11_0043_cycle_005,case_11_0043,5,focal_drift,23.23997173799391,29.43604850769043,37.94784767379603,0.717589372814048,3,-1.3686966536894094,0.552302531524416,0.5896350056441856,False,True,0.07901590390917929,major_maintenance,False,0.0,67936a25c56ccda997e743b6a5998834c4ab0798dbd965fcecd6a08107fea270
full_orchestra,11,case_11_0043_cycle_006,case_11_0043,6,focal_drift,22.494374787546594,22.950531005859375,22.950531005859375,0.35853145152215715,1,0.17595134135026252,0.10750295516468517,0.06927233311621331,False,False,0.20244937308791935,inspect,False,1.0,9ad2a68a677f2d512dddb33d50312b3d4ef30e70a5492d91c68d36039288fc2b
full_orchestra,11,case_11_0043_cycle_007,case_11_0043,7,focal_drift,24.889021396328378,18.236141204833984,22.558612749974976,0.6731533266352937,3,-1.3727748724546698,0.5704599161582528,0.5478674238232168,False,True,0.08768267274751647,major_maintenance,False,0.0,8038a92fda223d7a66587e4e809baa6e9bc388670cb4f66f728a94caa7dec437
full_orchestra,11,case_11_0043_cycle_008,case_11_0043,8,focal_drift,22.809397431179494,24.83856964111328,24.83856964111328,0.39406188923812424,1,0.16426656540110482,0.10501524002306198,0.06969397568533532,False,False,0.20528457688061547,inspect,False,1.0,c035b425f952944c00da84e214f3f9d299090f44488a257dee59bbd5d2d51cb2
full_orchestra,11,case_11_0043_cycle_009,case_11_0043,9,focal_drift,25.15216125746798,26.92634391784668,26.92634391784668,0.4535079083484023,2,-1.0512997644507682,0.2959515392695214,0.2534397994251026,False,True,0.16152339979630148,minor_maintenance,False,0.0,0160e87171d1b05adddeebebd16ef99ea754bbbd2dd6402cbc204c5ee6a2cc56
full_orchestra,11,case_11_0043_cycle_010,case_11_0043,10,focal_drift,30.828627078760274,28.372478485107422,28.372478485107422,0.4405258910996705,2,-1.1457691304718542,0.30255373330754665,0.25465506229301965,False,True,0.1911374878883137,minor_maintenance,False,0.0,f6ac53152ce36f7795340971fe3715ddf988fe0662cffb588a5a6a39824ed01a
full_orchestra,11,case_11_0043_cycle_011,case_11_0043,11,focal_drift,29.94527746627399,24.226131439208984,24.226131439208984,0.49840292120907126,2,-1.1504040783733358,0.3144128782936112,0.2553107512820847,False,True,0.18566072029089872,minor_maintenance,False,0.0,e7db9c2dcf49acf5216bf57c020e298a50da2ae376580b013916ca85f23ecc92
full_orchestra,11,case_11_0043_cycle_012,case_11_0043,12,focal_drift,33.65828089272856,26.005718231201172,26.005718231201172,0.3602566904454519,1,-0.13411680296061684,0.11475183292770594,0.07069110295302733,False,False,0.3029245280345571,inspect,False,1.0,d761db997184a59ab11ccd55104f93c2ccf77840019e00c313a84916b95c8d82
full_orchestra,11,case_11_0043_cycle_013,case_11_0043,13,focal_drift,32.056290713329496,30.655227661132812,30.655227661132812,0.4035299577211413,1,-0.11761385799029683,0.11347742039839108,0.0672338683422978,False,False,0.29660661641996544,inspect,False,2.0,1bdd48bd83cc36bbe7cde4e21c3c4023042c4817c932ee891d55289c23518e01
full_orchestra,11,case_11_0043_cycle_014,case_11_0043,14,focal_drift,33.14072226040497,27.304719924926758,27.304719924926758,0.539845137946328,2,-1.2531874753754926,0.31584581406050694,0.25808432072437976,False,True,0.21663247801451083,minor_maintenance,False,0.0,f8f1e643206dbe28cee6126ca1da4e6df3ec811b318c56e0f5c7e6746610686b
full_orchestra,11,case_11_0043_cycle_015,case_11_0043,15,focal_drift,35.6931594776481,29.88629150390625,29.88629150390625,0.42487986289125074,2,-1.2585862136586974,0.3195671845566205,0.26424285423016824,False,True,0.22129758876141822,minor_maintenance,False,0.0,5ef350cc20b6e271600f204702b2c3e1ab602a59c5b3775e5e069e23235fcc96
full_orchestra,11,case_11_0043_cycle_016,case_11_0043,16,focal_drift,33.12663331224304,32.10294723510742,32.10294723510742,0.3944767717241895,1,-0.1328023304042208,0.12341453016551901,0.0697464813118891,False,False,0.29813969981018734,inspect,False,1.0,72e239966accda8937eea2d10e160ec7e79c8807a9789074483b7bc1dff629e0
full_orchestra,11,case_11_0043_cycle_017,case_11_0043,17,focal_drift,33.82368256810259,29.81087875366211,29.81087875366211,0.531253343567616,2,-1.254994886544259,0.3305114628361586,0.24866865800781235,False,True,0.21528683192223608,minor_maintenance,False,0.0,855ff3ec0c1812497ad124f6aaf280bb4c33266fe6abe64254d341aeede9cd97
full_orchestra,11,case_11_0043_cycle_018,case_11_0043,18,focal_drift,36.404160714433914,29.0335750579834,29.0335750579834,0.4392816237297334,2,-1.28111548690875,0.3304592142093853,0.2595582998142924,False,True,0.22570579642949026,minor_maintenance,False,0.0,75a6bf61c74888beab95765bc42ef84f54dfd92a23b8394d5d9064a2be34b8a2
full_orchestra,11,case_11_0043_cycle_019,case_11_0043,19,focal_drift,33.16395571972298,26.72549819946289,26.72549819946289,0.5878362948909609,2,-1.2413130309406697,0.33252001634857453,0.2547099924645046,False,True,0.20561652546228246,minor_maintenance,False,0.0,b4e496e8c2763734e27397a3a5862695020840b5081a241e743a658f6abe17af
full_orchestra,11,case_11_0045_cycle_000,case_11_0045,0,focal_drift,22.197722343244106,21.518756866455078,21.518756866455078,0.463276180115951,2,-0.9327646830315832,0.24685307962795028,0.254428176002375,False,True,0.13762587852811345,minor_maintenance,False,0.0,a126375f6143ee89259353c39b62532b0f167d91ec8784abe33b24355d7354cf
full_orchestra,11,case_11_0045_cycle_001,case_11_0045,1,focal_drift,26.694436767382925,29.443632125854492,29.443632125854492,0.3670735008881545,1,0.0816475321704925,0.08853179699883362,0.06751231622263974,False,False,0.2402499309064463,inspect,False,1.0,29409a8e323a0c39bee16dcd1443339da81c7de5da3f3562585b0f6a15135949
full_orchestra,11,case_11_0045_cycle_002,case_11_0045,2,focal_drift,25.378775386804374,22.946386337280273,22.946386337280273,0.4603915976582318,2,-1.0039493894946163,0.2515285162146782,0.24322113929580252,False,True,0.16292840739818712,minor_maintenance,False,0.0,42e54200ed3535d663e3638987ceaaf09446eb39221f49bbde4380caa5f4fa8a
full_orchestra,11,case_11_0045_cycle_003,case_11_0045,3,focal_drift,21.881163716805275,28.90313148498535,28.90313148498535,0.5187125192224904,2,-0.9428033602591698,0.26407832300268036,0.2424106428006722,False,True,0.1356632150441927,minor_maintenance,False,0.0,18319c290a668cd94b749890d56984e6ee0c4d6bc03054e7fe79dc5daa15f919
full_orchestra,11,case_11_0045_cycle_004,case_11_0045,4,focal_drift,20.969591678684207,26.128582000732422,26.128582000732422,0.5198716894012948,2,-0.9051621844512887,0.24516078992607537,0.23998279486436602,False,True,0.13001146840784208,minor_maintenance,False,0.0,1de593a7c0d03f518943b3aeb554123845a6fb1bb5a242da4593c70c2eab8d5e
full_orchestra,11,case_11_0045_cycle_005,case_11_0045,5,focal_drift,25.426703242236464,24.312664031982422,24.312664031982422,0.5384613709096235,2,-1.0096154421237586,0.2561005170468239,0.249761298918616,False,True,0.1576455601018661,minor_maintenance,False,0.0,4180f24e4eeaae2981967183a6f0b72c23cdbd7a58ed7e49055e6e31584f0b15
full_orchestra,11,case_11_0045_cycle_006,case_11_0045,6,focal_drift,28.469430756275067,29.68146324157715,29.68146324157715,0.5023606092025774,2,-1.0567167266032107,0.25702597788135734,0.24350655659343823,False,True,0.1765104706889054,minor_maintenance,False,0.0,98f376ee18dce9b043d04327bcaf7f27bb05b3e4f7b31910eb9bd951d7548832
full_orchestra,11,case_11_0045_cycle_007,case_11_0045,7,focal_drift,25.353344449792353,24.573444366455078,24.573444366455078,0.6102366910682734,3,-1.5671485246908277,0.5474127478830346,0.5546223258900251,False,True,0.16150080414517728,major_maintenance,True,1.0,9e6ed08676bb6beba5f8d0c60a23ddd795c3a1d99ff900870df8967a6d4c1140
full_orchestra,11,case_11_0045_cycle_008,case_11_0045,8,focal_drift,31.01859066181696,22.539501190185547,22.539501190185547,0.49677578638299147,2,-1.1231864438584178,0.2579309933085683,0.24631662035325677,False,True,0.19789526210326513,minor_maintenance,False,0.0,946b4baa9e970a74c704721bf1080cd8265e4bbe1f91d9f2ade76ff1c3fd19ed
full_orchestra,11,case_11_0045_cycle_009,case_11_0045,9,focal_drift,32.77915849670446,29.420772552490234,29.420772552490234,0.5008645456421164,2,-1.1632650767780601,0.27952416207541686,0.2486486060220283,False,True,0.20323078267956768,minor_maintenance,False,0.0,c21d8ef0062fcedff9c988bbb7f6c9d41ae89e4d8778c7a43ba4b00c79f421a1
full_orchestra,11,case_11_0045_cycle_010,case_11_0045,10,focal_drift,31.99576153732999,26.10350799560547,26.10350799560547,0.49645671669412705,2,-1.1355304642789124,0.273116790521464,0.2410300020737391,False,True,0.19837372153144595,minor_maintenance,False,0.0,8478948a8168854670f1111aaddccb5a4458e79c4fc0f931036e1e0c4ee9ead6
full_orchestra,11,case_11_0045_cycle_011,case_11_0045,11,focal_drift,34.349440752452125,29.88135528564453,38.8577446580035,0.7117583020238993,3,-1.45539650143526,0.5450592721808174,0.5665114853448072,False,True,0.11678809855833722,major_maintenance,False,0.0,f2414ef14d97f445051ff245998ec8747be1d0b55ec9d055ecaaf32f86a97ca8
full_orchestra,11,case_11_0045_cycle_012,case_11_0045,12,focal_drift,36.272442981687966,29.954774856567383,29.954774856567383,0.5316534332378379,2,-1.239551025530951,0.28758647940859605,0.24693636459660379,False,True,0.2248891464864654,minor_maintenance,False,0.0,d2e8e9f2155b4bf17a2a9a41b3cccc0ef1ab580cbb7bc4d1826d19cb45729d3d
full_orchestra,11,case_11_0045_cycle_013,case_11_0045,13,focal_drift,38.909022058042375,36.26757049560547,36.26757049560547,0.5777633605998822,2,-0.3071998011222932,0.29646552315126246,0.2504524545018253,False,False,0.2412359367598627,minor_maintenance,False,0.0,afe3d2c69117065da01a6794260018645825c13697c152bf83a72e3c4a0f0c36
full_orchestra,11,case_11_0045_cycle_014,case_11_0045,14,focal_drift,37.020732551227034,27.091543197631836,27.091543197631836,0.5336120346342539,2,-1.247279727818969,0.27715584780136165,0.2518705617120579,False,True,0.22952854181760762,minor_maintenance,False,0.0,3b2a27c58e6eb229df5c47866028b5585380ddbde89d3dc4f5649e4288d3bc7b
full_orchestra,11,case_11_0045_cycle_015,case_11_0045,15,focal_drift,35.455404942353006,31.396808624267578,42.7350497612926,0.7097191631344395,3,-1.5034216905256121,0.5758052471955877,0.5743917980598224,False,True,0.12054837680400021,major_maintenance,False,0.0,c841f49527cf33e8bf8b217388b011d173656c735b2c74cc59a77ba260d812b6
full_orchestra,11,case_11_0045_cycle_016,case_11_0045,16,focal_drift,40.832094508423786,31.604373931884766,32.693896215952115,0.7203294234221036,3,-1.5983186115604626,0.5976861656056585,0.5951195855694575,False,True,0.13882912132864086,major_maintenance,False,0.0,75455de6eee71f8288b75d3752b3a023812026489e54d74481a9a335064507e0
full_orchestra,11,case_11_0045_cycle_017,case_11_0045,17,focal_drift,46.26692319447741,29.439701080322266,37.10080179957927,0.7019014161082316,3,-1.6534961077905306,0.5997905603003136,0.5956221481128909,False,True,0.15730753886122317,major_maintenance,False,0.0,bf16152f7acfc581d039ab04c85eef5a461ee2911ad1d5a789cf4400b0d4a0d9
full_orchestra,11,case_11_0045_cycle_018,case_11_0045,18,focal_drift,45.90885779305903,37.33124542236328,43.226540966489225,0.7473222943607163,3,-2.0490008698449778,0.5982868011448825,0.5766218151507869,False,True,0.29243942414178603,major_maintenance,True,1.0,d46c99f5ba4d4a003ae55c4dc8e752a66aa3122a0cf867478b995f5eaee1861b
full_orchestra,11,case_11_0045_cycle_019,case_11_0045,19,focal_drift,45.99925273599076,25.80533218383789,37.95148385955588,0.682995471303437,3,-1.6410127628451323,0.612674890814921,0.5593952167844876,False,True,0.15945745930236857,major_maintenance,False,0.0,e942c219b6d1b0c177343a46b40bde9326bbf7213ff6aa6c24fc7a05b564db7a
full_orchestra,11,case_11_0047_cycle_000,case_11_0047,0,normal,12.64332405930754,17.42447853088379,17.42447853088379,0.3762468119564334,1,0.4327917758900096,0.11497783444190467,0.06802952284164651,False,False,0.11378991653376785,inspect,False,1.0,a057cf6fd9319cbeaca44fc116b0581d3e61b9908ae26e95c7a1f08eb7ae68b9
full_orchestra,11,case_11_0047_cycle_001,case_11_0047,1,normal,12.42593443794138,24.595518112182617,24.595518112182617,0.4805023593217517,2,-0.8627473218810096,0.33274079106102517,0.2625859954700149,False,True,0.08262079351523656,minor_maintenance,False,0.0,c51bc5276e0eb4eadce85127595a420c7b306a742394a0d316d91024d464cc24
full_orchestra,11,case_11_0047_cycle_002,case_11_0047,2,normal,13.899580750745832,15.988935470581055,15.988935470581055,0.4094559054785151,1,0.39390265726239887,0.11289446583555962,0.0706197635126584,False,False,0.1250962267567125,inspect,False,1.0,057206a88de244151b5125ecbecbbdc770c4433c82ae178ad179758daafe0d73
full_orchestra,11,case_11_0047_cycle_003,case_11_0047,3,normal,12.85979609657624,16.628429412841797,16.628429412841797,0.4088013753529955,1,0.39323533614794004,0.11639500036183545,0.07191870322464582,False,False,0.12383816486918617,inspect,False,2.0,ad645176085231f06db875fd4bf4ca2e24a4a909833a57bcd88782737244143e
full_orchestra,11,case_11_0047_cycle_004,case_11_0047,4,normal,14.565176699945354,16.10280990600586,16.10280990600586,0.5061644027283225,2,-0.9111081992006064,0.3284080806538777,0.25297896439812073,False,True,0.1014640955396612,minor_maintenance,False,0.0,bf84bcb80e37d6341b4cf21f8c75d030c39b6081a11c5a0d492288f9d98c4a8a
full_orchestra,11,case_11_0047_cycle_005,case_11_0047,5,normal,13.923130220369858,15.988935470581055,15.988935470581055,0.49120520301502885,2,-0.8835890695702175,0.3418285317076567,0.26138691913928386,False,True,0.08632340736629313,minor_maintenance,False,0.0,253e0a6f937dc32fc849dbeb922fb0ea6c773b1b34befb29a4c3f07f07355898
full_orchestra,11,case_11_0047_cycle_006,case_11_0047,6,normal,15.685881473008267,15.988935470581055,15.988935470581055,0.4915969711523955,2,-0.905652870930692,0.332406164087224,0.25968720721581867,False,True,0.09725246513265126,minor_maintenance,False,0.0,933d71f4fdaf1750c59a1f68c2766a82a6f5138cc1491b5f9c1dcb7dbf0e5006
full_orchestra,11,case_11_0047_cycle_007,case_11_0047,7,normal,13.15632845971936,18.190675735473633,18.190675735473633,0.45139633683827013,2,-0.8643007104221934,0.34504062786503575,0.2585536533507963,False,True,0.08156923645026003,minor_maintenance,False,0.0,c2825b925fd6f4fea7914d7bcee908e56959abd09d241c2c4756b202c657cda2
full_orchestra,11,case_11_0047_cycle_008,case_11_0047,8,normal,11.77430687667791,20.742347717285156,20.742347717285156,0.39840364630895153,1,0.45028984873302713,0.11487449119457288,0.07146103431969203,False,False,0.1059687618901012,inspect,False,1.0,f1a6fa5ac85b2de109f6a77cc752b80b50e6c1035ba4a5202c0b63b97aea1f84
full_orchestra,11,case_11_0047_cycle_009,case_11_0047,9,normal,14.890403906136,18.894943237304688,18.894943237304688,0.36361086468592585,1,0.34156187867840965,0.12022803388049816,0.07165944034066418,False,False,0.142113635155224,inspect,False,2.0,cf8295658a0c815401bdfa7a13b1fc9a993c1997740c50bb31786b55f9f676f0
full_orchestra,11,case_11_0047_cycle_010,case_11_0047,10,normal,13.985016903095538,21.526554107666016,21.526554107666016,0.4407069645705083,2,-0.8934288531396205,0.3285422629521992,0.25647403888033493,False,True,0.09786710479919235,minor_maintenance,False,0.0,eb59338b2edd51003f967ec0ec86b0565cc73e4031ad23b48b6ba15ac9bd408a
full_orchestra,11,case_11_0047_cycle_011,case_11_0047,11,normal,14.138262782646718,15.988935470581055,15.988935470581055,0.4146751336580944,1,0.38002216043928266,0.12066216990416292,0.0692266305954735,False,False,0.12724436504382047,inspect,False,1.0,d52328a93de7c6c41cf848f8e216905612f9cf4c5e3dc0cb2e808cd28760ca5f
full_orchestra,11,case_11_0047_cycle_012,case_11_0047,12,normal,15.999194956455675,18.067535400390625,18.067535400390625,0.374809402812006,1,0.31899968596339584,0.11374537829220993,0.0684440768728626,False,False,0.1520927546081011,inspect,False,2.0,a501f4f011ccca985fb083f68ec0517630ffeacec011a1796da0576c3d1a0643
full_orchestra,11,case_11_0047_cycle_013,case_11_0047,13,normal,15.268627364448225,20.312532424926758,20.312532424926758,0.5410956238580675,2,-0.9340105452954088,0.33226144942588054,0.2538853541401013,False,True,0.10582548965957901,minor_maintenance,False,0.0,005d7205c91c4de37159cf7edc78e4bfe47165b6ccc79e7fe7c5ad57517e3601
full_orchestra,11,case_11_0047_cycle_014,case_11_0047,14,normal,16.816899740932953,18.95355796813965,18.95355796813965,0.4660202882722368,2,-0.9196624686546673,0.32924366027210716,0.25965178745046463,False,True,0.10426477839378431,minor_maintenance,False,0.0,9a203b1f3b5ef41a720b985cc4caef956831aa004f3ed57796cb965721b65cd9
full_orchestra,11,case_11_0047_cycle_015,case_11_0047,15,normal,14.399058568748806,17.28422737121582,17.28422737121582,0.3389732079247692,1,0.3838200649845639,0.11928231201501807,0.07159632556935613,False,False,0.12959152711873928,inspect,False,1.0,76a26e9400a409704d2b16b461a8b15706a64b4e412327760059111cf8e285b6
full_orchestra,11,case_11_0047_cycle_016,case_11_0047,16,normal,14.012011984622461,16.13681983947754,16.13681983947754,0.4221398363580401,2,-0.8434266700925449,0.3032983824450832,0.24930486159972237,False,True,0.09245447430465926,minor_maintenance,False,0.0,0e95cf2e9a2dee0913074bedff0f8f1ccb542e08a741f11df22a7bce84606815
full_orchestra,11,case_11_0047_cycle_017,case_11_0047,17,normal,14.955814047280583,15.988935470581055,15.988935470581055,0.30874683026421057,1,0.39203600757176216,0.10362268289046359,0.06777788215195868,False,False,0.13460232642552525,inspect,False,1.0,7da1a18c39b4d48c704b898e9acac36fcb40d4df6f4caee0f70fb22a98d8a477
full_orchestra,11,case_11_0047_cycle_018,case_11_0047,18,normal,14.99268526199089,19.191661834716797,19.191661834716797,0.470276206906311,2,-0.8708068024605403,0.305116854501886,0.24943071381209622,False,True,0.09853464862434352,minor_maintenance,False,0.0,20ec2e9a3ca67ab72410ccae26ae6c66a2109155bc81973e95c44232a3cfa531
full_orchestra,11,case_11_0047_cycle_019,case_11_0047,19,normal,16.151568756084643,15.988935470581055,15.988935470581055,0.5580978966747265,2,-0.8737105387750878,0.2875921920768809,0.25248060416727924,False,True,0.1001397262877248,minor_maintenance,False,0.0,3ca3a59dcd0fbd4a0fd4902555694965af8f89074697a3fae1bd73fa73438dee
