policy,seed,record_id,case_id,cycle,scenario,maintenance_urgency_score,predicted_urgency,orchestra_urgency,uncertainty,action,reward,downtime,cost,failure,unnecessary,risk_after_action,action_name,resource_blocked,maintenance_age,audit_hash
corrective,22,case_22_0007_cycle_000,case_22_0007,0,motion_instability,22.944945466543494,20.956348419189453,28.51391772376724,0.6694021312880045,0,0.21124131631049448,0.0,0.0,False,False,0.22944945466543495,do_nothing,False,1.0,7d50dd7e2e1627f2ea5fc92b3cf8b8b5fbe827d87eb83b91acfdc8f2f7be9d48
corrective,22,case_22_0007_cycle_001,case_22_0007,1,motion_instability,24.007883388446814,20.629226684570312,20.629226684570312,0.47503812633756115,0,0.13650777939596154,0.0,0.0,False,False,0.2640788338844681,do_nothing,False,2.0,bdd50ab13e35d825a3889add3ac4073bc200c79f90419185759e0f552003acc1
corrective,22,case_22_0007_cycle_002,case_22_0007,2,motion_instability,25.80722300607418,24.062992095947266,24.062992095947266,0.4008040650184972,0,0.9216627000650001,0.0,0.0,False,False,0.3060722300607418,do_nothing,False,3.0,1dc34f1998393da993f759bec127cd789e2071f338a024649c64acfcc7622afd
corrective,22,case_22_0007_cycle_003,case_22_0007,3,motion_instability,29.93461421848986,25.150651931762695,25.150651931762695,0.5710171389216527,0,-0.19969099739294377,0.0,0.0,False,False,0.3713461421848986,do_nothing,False,4.0,0f0ea0afb395485955762fecf3e66694d5a37a1cd676a5d0905fbe81ec98c974
corrective,22,case_22_0007_cycle_004,case_22_0007,4,motion_instability,30.694130950710257,29.6306095123291,29.6306095123291,0.4110334258193524,0,0.6295210576057894,0.0,0.0,False,False,0.4029413095071026,do_nothing,False,5.0,0e71a3296a7058f4f1783c3c860989fac195832c691bbdce462df6d0cadccb1e
corrective,22,case_22_0007_cycle_005,case_22_0007,5,motion_instability,28.304157873306412,23.534343719482422,23.534343719482422,0.48018892401396696,0,-0.2811530748012874,0.0,0.0,False,False,0.4030415787330641,do_nothing,False,6.0,d467ca201d4ebd123efe38da169e94d982eb028621a5452300433f1184d95524
corrective,22,case_22_0007_cycle_006,case_22_0007,6,motion_instability,30.353525764774723,23.19273567199707,23.19273567199707,0.4071546119619697,0,0.4963210352624629,0.0,0.0,False,False,0.44753525764774726,do_nothing,False,7.0,440765cd5e0800dea99e5f8d5895798827b84c250dd1d06d88666b8b1f2e364e
corrective,22,case_22_0007_cycle_007,case_22_0007,7,motion_instability,33.33548645792202,28.750877380371094,28.750877380371094,0.49803393044978983,0,-0.5787696833051293,0.0,0.0,False,False,0.5013548645792203,do_nothing,False,8.0,03d231ba79e4cd61d94e7993a35d847c7f4f96ae2da3b40963168eb1d7c56cab
corrective,22,case_22_0007_cycle_008,case_22_0007,8,motion_instability,31.01336783220294,27.05549430847168,41.626639393337115,0.6708586143323567,0,-0.6070298271159417,0.0,0.0,False,False,0.5021336783220294,do_nothing,False,9.0,aa9917a13dffc03a2de5137acb3b03fd7a5033cd6633be5a48f8b7f3e1f886ef
corrective,22,case_22_0007_cycle_009,case_22_0007,9,motion_instability,40.39727581627377,25.87962532043457,25.87962532043457,0.4643577072104163,0,-0.9295719305697755,0.0,0.0,False,False,0.6199727581627377,do_nothing,False,10.0,3246dd8b9201749ea7851a83e62c8b5af2546f4e40ed58123c2fb2186e02bc42
corrective,22,case_22_0007_cycle_010,case_22_0007,10,motion_instability,39.109431640336894,22.43123435974121,22.43123435974121,0.4479870205169965,0,-0.06048100228765607,0.0,0.0,False,False,0.6310943164033689,do_nothing,False,11.0,e70bd7b4d3f8ec264fded52bd72d8650c86a0887b407450d7fa73cb927c50014
corrective,22,case_22_0007_cycle_011,case_22_0007,11,motion_instability,37.962153505532235,31.831388473510742,31.831388473510742,0.5909114997230653,0,-1.0195013301244271,0.0,0.0,False,False,0.6436215350553224,do_nothing,False,12.0,deb5dc760e4ded25f7f828ad95666cbd14ed80eace611671819c7506237f9d1b
corrective,22,case_22_0007_cycle_012,case_22_0007,12,motion_instability,37.307168811142866,35.372520446777344,32.82274233821664,0.675377187222671,0,-1.0845216424176867,0.0,0.0,False,False,0.6610716881114287,do_nothing,False,13.0,c6b26211f4114f0a00eababc377dda1868e4f163e2f240d0fbf3ef15df2a56d9
corrective,22,case_22_0007_cycle_013,case_22_0007,13,motion_instability,40.314017759886696,37.51995086669922,35.290840036443726,0.6657569503028191,0,-1.2452840753420236,0.0,0.0,False,False,0.7151401775988669,do_nothing,False,14.0,b1d86c01d9f9405c4b0877829458aa524f24d5a1c55e4fa5d6cea2daa5dfefb6
corrective,22,case_22_0007_cycle_014,case_22_0007,14,motion_instability,42.961189736636705,30.143993377685547,28.985575057933957,0.7252733998561245,0,-1.40562670207752,0.0,0.0,False,False,0.765611897366367,do_nothing,False,15.0,e7636814c88fdc13288f41f8a3e0834b8fa02b55e8cf8e725a77f4dabd57428b
corrective,22,case_22_0007_cycle_015,case_22_0007,15,motion_instability,43.979849509462646,33.95328140258789,41.407540722144866,0.7289270369082274,0,-1.5087345408201132,0.0,0.0,False,False,0.7997984950946264,do_nothing,False,16.0,ed19fe46365c710a36ecd174f5858e7d56625e7f34ae9e87272a8a23e5462d0b
corrective,22,case_22_0007_cycle_016,case_22_0007,16,motion_instability,48.71479514108116,33.85686111450195,32.90992990594232,0.7541502054340045,0,-46.72656638504753,0.0,0.0,True,False,0.8711479514108116,do_nothing,False,17.0,9e1eebc48ce3c87d9e8320a04e4bc389f06b324c67c4dde1fd82aa0d13ce31b2
corrective,22,case_22_0007_cycle_017,case_22_0007,17,motion_instability,43.645557653225865,36.88288497924805,37.185473356536974,0.7287014536864799,0,-46.642671947649745,0.0,0.0,True,False,0.8444555765322588,do_nothing,False,18.0,13e79c3a07a351879b1b0f4eac0fbf1c021dab09547261decbe8a29876ee81a6
corrective,22,case_22_0007_cycle_018,case_22_0007,18,motion_instability,47.65659237691985,40.21677780151367,44.18040671414272,0.7938102871800599,0,-46.84476931438461,0.0,0.0,True,False,0.9085659237691985,do_nothing,False,19.0,b6c04238771686d9a308a87ac15361d56c4015a52c8095073b5e5224e93cf1b4
corrective,22,case_22_0007_cycle_019,case_22_0007,19,motion_instability,46.13597910999277,44.181243896484375,40.057386808237375,0.7523890126327806,0,-46.8649377251947,0.0,0.0,True,False,0.9173597910999277,do_nothing,False,20.0,393652c204bd1d40a96c4a523662db87905f840f9b6c4fd829374cf158a36f3c
corrective,22,case_22_0008_cycle_000,case_22_0008,0,lens_contamination,24.127441549505175,22.621049880981445,22.621049880981445,0.550621875853997,0,0.19358347213674515,0.0,0.0,False,False,0.24127441549505174,do_nothing,False,1.0,4fed29128351cf993acc5037958193c0f682dc39cb5ed77fd2efa7d3965a52dc
corrective,22,case_22_0008_cycle_001,case_22_0008,1,lens_contamination,22.463228754007357,25.56425666809082,25.56425666809082,0.5421732150026701,0,0.1727771551293788,0.0,0.0,False,False,0.24863228754007358,do_nothing,False,2.0,bd2fd4b04c597b9b5e8e4cbda9d25cf153a7a326591bde92182a9b2b5d7dcae9
corrective,22,case_22_0008_cycle_002,case_22_0008,2,lens_contamination,23.34957020723656,25.65277862548828,25.65277862548828,0.4958610292282478,0,0.08113373939866594,0.0,0.0,False,False,0.28149570207236563,do_nothing,False,3.0,e8a2396e4cf9181f2cdf55ec19bc5413fc1ee6677ea66181ea2c5c8b0c2ae120
corrective,22,case_22_0008_cycle_003,case_22_0008,3,lens_contamination,22.38302305104832,22.920413970947266,22.920413970947266,0.4947075627358032,0,0.03830317405817997,0.0,0.0,False,False,0.2958302305104832,do_nothing,False,4.0,ad21a557a135a92ce821d2802dee686e6a4cce540cd0de5bd6414840b0702d6d
corrective,22,case_22_0008_cycle_004,case_22_0008,4,lens_contamination,22.83260573756606,24.907438278198242,24.907438278198242,0.519434611274409,0,-0.05089336381814326,0.0,0.0,False,False,0.3243260573756606,do_nothing,False,5.0,2905452fa7a8325914caa0cb867d05b61c107ca796fa4a38ce425b8b2a27e698
corrective,22,case_22_0008_cycle_005,case_22_0008,5,lens_contamination,22.378946185804782,25.6021671295166,24.07464386702054,0.6804961029087593,0,-0.13344280101045725,0.0,0.0,False,False,0.3437894618580478,do_nothing,False,6.0,19ec102e0ce179c5966a6ef84bbc7e8e2c424644cbba41ceed85fb5b454c82c3
corrective,22,case_22_0008_cycle_006,case_22_0008,6,lens_contamination,26.35226350742191,28.749526977539062,37.53512455470151,0.7155485872385204,0,-0.3299001933084353,0.0,0.0,False,False,0.4075226350742191,do_nothing,False,7.0,c790764119f3fa3b3310598bdf6b38f29a3e222bf7c1131169d5519beaa962c7
corrective,22,case_22_0008_cycle_007,case_22_0008,7,lens_contamination,30.115406720908084,29.81554412841797,24.564962871805037,0.7041042941931895,0,-0.5130778457562211,0.0,0.0,False,False,0.46915406720908087,do_nothing,False,8.0,4bdba0bfdce3c5bc1a2fa2965f760921d3a25042f9f5c1bf209e67c3931ddcd1
corrective,22,case_22_0008_cycle_008,case_22_0008,8,lens_contamination,30.222445942216954,36.102752685546875,42.35815894556453,0.7582810969928242,0,-0.5964155428154321,0.0,0.0,False,False,0.4942244594221695,do_nothing,False,9.0,809d02d39d109f15352f1ace2e6b2c77979024440ae654b48fd14861ee4d5589
corrective,22,case_22_0008_cycle_009,case_22_0008,9,lens_contamination,31.74422226271087,31.699657440185547,39.479555197812154,0.7331383096370279,0,-0.7102974143268803,0.0,0.0,False,False,0.5334422226271087,do_nothing,False,10.0,273a359da2492d419955f881c9bc11a38f5ba9099e6f3bb414f8ac5006fc7e1b
corrective,22,case_22_0008_cycle_010,case_22_0008,10,lens_contamination,30.685585315925128,32.5711555480957,34.61461836716023,0.7166038560533338,0,-0.748058137885754,0.0,0.0,False,False,0.5468558531592513,do_nothing,False,11.0,f101aeb4e6e503fff9ef8deff39a2849761a250c3be676cbb2782bdefeb473ea
corrective,22,case_22_0008_cycle_011,case_22_0008,11,lens_contamination,34.195588899071204,28.92879295349121,36.34135453464023,0.7235347240688609,0,-0.9263978755824654,0.0,0.0,False,False,0.6059558889907121,do_nothing,False,12.0,6673ad8c9bb02ec5d07216757120f0e560da85d84bb8d8f5ddf34b4e4c4d51ed
corrective,22,case_22_0008_cycle_012,case_22_0008,12,lens_contamination,31.06395434332508,33.058319091796875,40.74013269789971,0.7303388932193253,0,-0.9054694642826511,0.0,0.0,False,False,0.5986395434332508,do_nothing,False,13.0,035df0c86c524e9bd1e72e33ca17d82965c5eb2a254cb7cdc06ec3892189d20e
corrective,22,case_22_0008_cycle_013,case_22_0008,13,lens_contamination,31.83622352347763,37.15510940551758,44.08324996874742,0.7561068842293851,0,-1.0045027383387366,0.0,0.0,False,False,0.6303622352347763,do_nothing,False,14.0,480477f99c6e4e413cd0390cdbc70b6270fcad2a4d7c67d465b8f3236f9ebe62
corrective,22,case_22_0008_cycle_014,case_22_0008,14,lens_contamination,35.28290019190387,30.863943099975586,32.425499200696194,0.7326167323796268,0,-1.1763795156140602,0.0,0.0,False,False,0.6888290019190387,do_nothing,False,15.0,0321f585a9e68c5a0324dbed4831e134699b25ad5621b0e6505dd5a45ae1ff60
corrective,22,case_22_0008_cycle_015,case_22_0008,15,lens_contamination,33.94412241074432,36.91526412963867,45.818157712317614,0.7566106738133844,0,-1.2118152733943377,0.0,0.0,False,False,0.6994412241074432,do_nothing,False,16.0,53b18d4b1fae829bae064c36d2399ad2115ab5ad93b07daee5f0f0d271c9df63
corrective,22,case_22_0008_cycle_016,case_22_0008,16,lens_contamination,36.657927332734616,36.37250518798828,44.238670661380716,0.7558340297418199,0,-1.3651129244433116,0.0,0.0,False,False,0.7505792733273462,do_nothing,False,17.0,641b5f51bd3dd77f19bce7b09329a0638048772590868a75882eeefc33ff43ad
corrective,22,case_22_0008_cycle_017,case_22_0008,17,lens_contamination,39.38720833165942,36.695289611816406,35.48946943816334,0.7610145225693361,0,-1.5197684283351833,0.0,0.0,False,False,0.8018720833165942,do_nothing,False,18.0,dc4e300730b805b506255f5f5c46b740b7b2c92fd777c1b0c0bc740f7ce1c7cb
corrective,22,case_22_0008_cycle_018,case_22_0008,18,lens_contamination,37.24303951726984,34.837921142578125,37.46828420804926,0.7550403438726191,0,-1.526547237098988,0.0,0.0,False,False,0.8044303951726984,do_nothing,False,19.0,e1c316c31f5236e4493ee0d72b0e280d2570e82f26dd8399b6f665d1c1520bb6
corrective,22,case_22_0008_cycle_019,case_22_0008,19,lens_contamination,35.68306982105952,34.07655334472656,37.778979422627785,0.7420416196463102,0,-1.5497983375787325,0.0,0.0,False,False,0.8128306982105953,do_nothing,False,20.0,589e9b96d7210d2a9f7f86a17e82ef39d6d04687f3907fd984aee166d7acb670
corrective,22,case_22_0012_cycle_000,case_22_0012,0,lens_contamination,22.45893278299913,25.03001594543457,25.03001594543457,0.564045613757449,0,0.24162517444640874,0.0,0.0,False,False,0.2245893278299913,do_nothing,False,1.0,ed5d844bd0bb31bdf5622a2fa1eb44af46d0cb8cb024286a8e5929f4a7eed747
corrective,22,case_22_0012_cycle_001,case_22_0012,1,lens_contamination,19.05150692081102,26.095598220825195,26.095598220825195,0.3238802362628026,0,1.207872756936249,0.0,0.0,False,False,0.21451506920811017,do_nothing,False,2.0,69bf7bac47c49a70b860c8de6f9ef9ec370ccd5eeeb9eddae8c017e309973906
corrective,22,case_22_0012_cycle_002,case_22_0012,2,lens_contamination,19.667777287946965,25.458311080932617,25.458311080932617,0.5405867604390782,0,0.18487866729572935,0.0,0.0,False,False,0.24467777287946965,do_nothing,False,3.0,24fd9ff86ce86d9fc4884f8e191b893c10def9ead82057474558165a09ff331e
corrective,22,case_22_0012_cycle_003,case_22_0012,3,lens_contamination,25.483003982062574,28.38124656677246,28.38124656677246,0.4877225768663363,0,-0.05364850599182769,0.0,0.0,False,False,0.32683003982062575,do_nothing,False,4.0,dd26816ee0e9b5684d75e66fa71cdc4f7c777ad40a904e8d2bd339437773f92e
corrective,22,case_22_0012_cycle_004,case_22_0012,4,lens_contamination,19.72693140783814,23.946958541870117,23.946958541870117,0.4655808614187854,0,0.05035492855203795,0.0,0.0,False,False,0.2932693140783814,do_nothing,False,5.0,5034e9404e7b222977b146b6dae5318bca00cb6b4303ec5c14ed8fb2d91d2011
corrective,22,case_22_0012_cycle_005,case_22_0012,5,lens_contamination,24.5047832237331,26.414871215820312,26.414871215820312,0.3538284374980111,0,0.7517822376633055,0.0,0.0,False,False,0.36504783223733095,do_nothing,False,6.0,322d99f5b00dbdd559fec81cda5dc88082c67c04bf369200b6864faa7e12eef0
corrective,22,case_22_0012_cycle_006,case_22_0012,6,lens_contamination,28.60991926190769,28.557632446289062,28.557632446289062,0.5726869269122893,0,-0.37620061689407414,0.0,0.0,False,False,0.4300991926190769,do_nothing,False,7.0,99d6f47c160caa2c22b3ed1863954a4816a5e6b731c38ba9470ba8203782b92f
corrective,22,case_22_0012_cycle_007,case_22_0012,7,lens_contamination,26.07955788629484,30.798782348632812,30.798782348632812,0.6263500308870046,0,-0.380339241221896,0.0,0.0,False,False,0.42879557886294845,do_nothing,False,8.0,22a515d0c436e78782daa78f2152da2e2f68c8a06ced5ebf60940dd93d0e0772
corrective,22,case_22_0012_cycle_008,case_22_0012,8,lens_contamination,25.955783163531542,26.328083038330078,26.328083038330078,0.5201291827225086,0,-0.43269287231432274,0.0,0.0,False,False,0.4515578316353155,do_nothing,False,9.0,fb254dfc2525b9983d159edc7b84ebe5c92b0eb1387cb4885ec9d80b2d09f0f1
corrective,22,case_22_0012_cycle_009,case_22_0012,9,lens_contamination,32.612269231011076,29.881683349609375,29.881683349609375,0.5205361835671973,0,-0.704448504465412,0.0,0.0,False,False,0.5421226923101108,do_nothing,False,10.0,fd6b6de11306096a21ad76d33825469fb1b20bcb9fececba7752c305ce18cc4b
corrective,22,case_22_0012_cycle_010,case_22_0012,10,lens_contamination,29.60751392164836,28.41818618774414,28.41818618774414,0.6219507133061326,0,-0.7015180246453705,0.0,0.0,False,False,0.5360751392164835,do_nothing,False,11.0,d3ea467e4c7f7ce54f649875dab8b345a87b1c3080f374a78df3e1f92c56a2fb
corrective,22,case_22_0012_cycle_011,case_22_0012,11,lens_contamination,27.275002781561884,27.63980484008789,27.63980484008789,0.5333849753050309,0,-0.6902578297426114,0.0,0.0,False,False,0.5367500278156189,do_nothing,False,12.0,5960ec9094429bb0386913720db0e2d93c33ffc35df8e8f7e2b42f4377780ca2
corrective,22,case_22_0012_cycle_012,case_22_0012,12,lens_contamination,32.79381375301754,22.51083755493164,22.51083755493164,0.5195376651593612,0,-0.9257450623644302,0.0,0.0,False,False,0.6159381375301753,do_nothing,False,13.0,5fee2247b414951c489d9bf0eae77f1712e1c9d71dc565606ae97783d4f515e6
corrective,22,case_22_0012_cycle_013,case_22_0012,13,lens_contamination,35.26300521686668,22.286163330078125,22.286163330078125,0.596885288144947,0,-1.0834229497277423,0.0,0.0,False,False,0.6646300521686668,do_nothing,False,14.0,9486387cca3a730a2c6cdb7e9561e58a162d5eb625c3718082319c10fd8924a6
corrective,22,case_22_0012_cycle_014,case_22_0012,14,lens_contamination,33.577617856931795,26.788000106811523,26.788000106811523,0.5548138425671952,0,-1.098550612093033,0.0,0.0,False,False,0.6717761785693179,do_nothing,False,15.0,9792bc54c9d0a15e6fbff6801feecf45983779de8b945d140e6c452e9b0c0023
corrective,22,case_22_0012_cycle_015,case_22_0012,15,lens_contamination,34.51921288578767,26.867359161376953,26.867359161376953,0.58932754494585,0,-1.2039755183155074,0.0,0.0,False,False,0.7051921288578766,do_nothing,False,16.0,b28aa0d2461748ace141437eabbe2c74e9dac5ce469151312b8126dba6c17d70
corrective,22,case_22_0012_cycle_016,case_22_0012,16,lens_contamination,36.19727086203649,27.757064819335938,27.757064819335938,0.5563153714756254,0,-1.3213654315824384,0.0,0.0,False,False,0.7459727086203649,do_nothing,False,17.0,ff0c493185f2c875accae67af0fd0bba3ab9608ada9304ff40e7886b458b548a
corrective,22,case_22_0012_cycle_017,case_22_0012,17,lens_contamination,33.87765589056039,26.99036979675293,26.99036979675293,0.5473094024605278,0,-1.3224260870858906,0.0,0.0,False,False,0.7467765589056039,do_nothing,False,18.0,417a7d54c0b8f1d9a0076bbbd4ea80b864d422d19abf108a090f5aed99f06026
corrective,22,case_22_0012_cycle_018,case_22_0012,18,lens_contamination,36.09391873527035,29.779611587524414,34.90546640997952,0.7126456929324547,0,-1.4857144159979783,0.0,0.0,False,False,0.7929391873527034,do_nothing,False,19.0,a626ab61cfdf2b22a3a05138e4dfa742b67dd140bddb29309a9485de7ca9a031
corrective,22,case_22_0012_cycle_019,case_22_0012,19,lens_contamination,37.7451257236858,36.365867614746094,31.363433760918564,0.6208954405002974,0,-46.593488087785616,0.0,0.0,True,False,0.833451257236858,do_nothing,False,20.0,55eb04fec21b2d04094e78284639084fcba0ffc516885cb4421359b07b23f595
corrective,22,case_22_0014_cycle_000,case_22_0014,0,normal,11.346802371110083,15.31319808959961,15.31319808959961,0.5271388709892377,0,0.5805250982183119,0.0,0.0,False,False,0.11346802371110083,do_nothing,False,1.0,1dbc87eb2df201d1a97bd7407bb41a1e3e96e818de34aba9d4f76bb6447b2ad8
corrective,22,case_22_0014_cycle_001,case_22_0014,1,normal,9.75914056658004,16.32408332824707,16.32408332824707,0.3567400188227773,0,1.4817147801791821,0.0,0.0,False,False,0.12159140566580041,do_nothing,False,2.0,d9de42a5c4c3ce5a57698a0a40d6215846b2d190c86cd2c54bff23a71f567866
corrective,22,case_22_0014_cycle_002,case_22_0014,2,normal,11.069955654346167,15.251291275024414,15.251291275024414,0.3884313809513976,0,1.3656366232269053,0.0,0.0,False,False,0.15869955654346168,do_nothing,False,3.0,e77b54fe795a0bd813238db8b8e213e7d1d1bd2f15749c2899330e9bb670283e
corrective,22,case_22_0014_cycle_003,case_22_0014,3,normal,12.043434179814712,15.518512725830078,15.518512725830078,0.24855893394625164,0,1.2854131345136208,0.0,0.0,False,False,0.1924343417981471,do_nothing,False,4.0,a1f1f317df0f6ea8db09ef068c05e5a28026cc1f8b054e672ea05548a43a2011
corrective,22,case_22_0014_cycle_004,case_22_0014,4,normal,13.122765692066308,15.73292064666748,15.73292064666748,0.5069525890670695,0,0.2422741408779502,0.0,0.0,False,False,0.2272276569206631,do_nothing,False,5.0,8242b7fae9b22624f5f583f7f19d75ccef78ac43c430baf27ba436b0f0f5df20
corrective,22,case_22_0014_cycle_005,case_22_0014,5,normal,12.55464102966133,15.064529418945312,15.064529418945312,0.3867466762910515,0,1.1053487676665024,0.0,0.0,False,False,0.24554641029661328,do_nothing,False,6.0,bc7cfef8737c12c087dec5f08765bedf6e200f6199d7d7efdfdefd26c2416525
corrective,22,case_22_0014_cycle_006,case_22_0014,6,normal,10.618847355596058,15.627809524536133,15.627809524536133,0.48293708423865134,0,0.17699401669632053,0.0,0.0,False,False,0.2501884735559606,do_nothing,False,7.0,069f8b646e79db393c7919b391ae4ce7c0d1672b256fc993449da7f2fa5db1b1
corrective,22,case_22_0014_cycle_007,case_22_0014,7,normal,11.899773079413999,15.170616149902344,15.170616149902344,0.45266335182731815,0,0.07110730484348217,0.0,0.0,False,False,0.28699773079414004,do_nothing,False,8.0,ecfcfe413272837b0a4e339bacd88b06461ddb71a98d0af59533c86b1de585f7
corrective,22,case_22_0014_cycle_008,case_22_0014,8,normal,14.415925293911902,15.149541854858398,15.149541854858398,0.394799680303313,0,0.8323022891371461,0.0,0.0,False,False,0.336159252939119,do_nothing,False,9.0,38d201c3e997de0d3a08f58b7338b413ec3325de270b39285bc3c20a6b9d20be
corrective,22,case_22_0014_cycle_009,case_22_0014,9,normal,10.523133001453273,15.251291275024414,15.251291275024414,0.2829635606972255,0,0.893861475851818,0.0,0.0,False,False,0.32123133001453275,do_nothing,False,10.0,3e0cd48b4b70374fa0f857ba80e0375ce2b5dccb574f1e8b71f25a8860e19177
corrective,22,case_22_0014_cycle_010,case_22_0014,10,normal,11.221434433606639,19.496309280395508,19.496309280395508,0.49094882626177966,0,-0.13028535694746624,0.0,0.0,False,False,0.3522143443360664,do_nothing,False,11.0,fa816a5e9a680d7c21c771ee38d962b9a933e8e881055f13db5b988720b1ed16
corrective,22,case_22_0014_cycle_011,case_22_0014,11,normal,12.541428288633039,15.170616149902344,15.170616149902344,0.47190011974571167,0,-0.23902786662084807,0.0,0.0,False,False,0.3894142828863304,do_nothing,False,12.0,4e4071d3bc775a9edc86dcc6d7922e4763673631ac49bc0dadb323139c10ee04
corrective,22,case_22_0014_cycle_012,case_22_0014,12,normal,14.274193184476418,15.170616149902344,15.170616149902344,0.3506716078836266,0,0.5551734632831636,0.0,0.0,False,False,0.43074193184476417,do_nothing,False,13.0,38fc7d04916dc8452a0524364d68db30b2fb36aaa5dc9306b3a858ce1f053eb1
corrective,22,case_22_0014_cycle_013,case_22_0014,13,normal,13.511423101905043,20.944509506225586,20.944509506225586,0.44940882767571666,0,0.4912459827914913,0.0,0.0,False,False,0.44711423101905046,do_nothing,False,14.0,2069153ceb41c7b2959d3da05323f7e6137b5e77592f8b35a4e03234f3b0a345
corrective,22,case_22_0014_cycle_014,case_22_0014,14,normal,14.718088853571656,15.170616149902344,15.170616149902344,0.2784822531702118,0,0.4086849964173183,0.0,0.0,False,False,0.4831808885357166,do_nothing,False,15.0,665b14c893746793bfc721b78f7c1e788298c7e5839766dadb04d9fda6443bdd
corrective,22,case_22_0014_cycle_015,case_22_0014,15,normal,16.085138302320207,15.064529418945312,15.064529418945312,0.38510717310725967,0,0.2796797749643051,0.0,0.0,False,False,0.520851383023202,do_nothing,False,16.0,6042faa88976316c626a59672302d48c33909e9f2b42c6d47c02e0c3e891af07
corrective,22,case_22_0014_cycle_016,case_22_0014,16,normal,13.88453669209866,15.170616149902344,15.170616149902344,0.5734570417713583,0,-0.6545546570286634,0.0,0.0,False,False,0.5228453669209866,do_nothing,False,17.0,53a4fc4dec5310be4b99cf87a980f71d788d755034d1e67d6bc304aa94d43c8c
corrective,22,case_22_0014_cycle_017,case_22_0014,17,normal,14.189598869715232,16.309412002563477,16.309412002563477,0.3240345497554075,0,0.2017068514452317,0.0,0.0,False,False,0.5498959886971524,do_nothing,False,18.0,36783f2fe6f9f45f793a4996f199dbde98d0c605ec2c6e05cb28db8c00f1a8af
corrective,22,case_22_0014_cycle_018,case_22_0014,18,normal,15.729206272549387,15.170616149902344,15.170616149902344,0.3728782651489878,0,0.07619207205117029,0.0,0.0,False,False,0.5892920627254938,do_nothing,False,19.0,54c69cceb02356aa79b882f7d1cee52cbcaa9f6e889828043071299c225a12a5
corrective,22,case_22_0014_cycle_019,case_22_0014,19,normal,15.673735051145421,16.41180992126465,16.41180992126465,0.45347443485234057,0,-0.9062332167622136,0.0,0.0,False,False,0.6127373505114542,do_nothing,False,20.0,9a3273d23d837967919be9900c0baff63b2f3103172efdbeee1458b0ac438634
corrective,22,case_22_0027_cycle_000,case_22_0027,0,focal_drift,23.107165720195173,21.929601669311523,21.929601669311523,0.5812431079957102,0,0.21959856219478835,0.0,0.0,False,False,0.23107165720195172,do_nothing,False,1.0,36820e3ebefdacddb7bf28cfe993cc7fc2b28bf0e328f9eb3098ecff4ccde21c
corrective,22,case_22_0027_cycle_001,case_22_0027,1,focal_drift,17.045265187491925,22.466310501098633,22.466310501098633,0.46471635407224055,0,0.3469345912644061,0.0,0.0,False,False,0.19445265187491925,do_nothing,False,2.0,5c4f7e6a8ec37079032c777374a5dfb6def16c52980bfbb960c5f4f4fe4b22db
corrective,22,case_22_0027_cycle_002,case_22_0027,2,focal_drift,22.164407839398855,20.291973114013672,20.291973114013672,0.5620593831083096,0,0.1067588573517879,0.0,0.0,False,False,0.2696440783939886,do_nothing,False,3.0,2de6fad6e9a9de432e2503e0e4caccb309213014976f648a567400861182ad79
corrective,22,case_22_0027_cycle_003,case_22_0027,3,focal_drift,22.612516637424164,16.32408332824707,16.32408332824707,0.3270947485217164,0,0.9565602885990175,0.0,0.0,False,False,0.2981251663742417,do_nothing,False,4.0,290d624fbd4d380b87940219874e08a8b403cc20244ee63ecd33a717b97fe00d
corrective,22,case_22_0027_cycle_004,case_22_0027,4,focal_drift,23.329816744098505,17.893585205078125,17.893585205078125,0.43562682599778324,0,0.8467614737773774,0.0,0.0,False,False,0.32929816744098506,do_nothing,False,5.0,96b338d7c24e956bc603684d2bf41262ecb64de50870b5941470b611bf6e80c0
corrective,22,case_22_0027_cycle_005,case_22_0027,5,focal_drift,22.443816017800124,22.921403884887695,22.921403884887695,0.43459609231374713,0,0.8014961056189345,0.0,0.0,False,False,0.3444381601780012,do_nothing,False,6.0,c9fe0fb3c998295fe6b195524aacd6bec84885b5f03547644373cff2e689581d
corrective,22,case_22_0027_cycle_006,case_22_0027,6,focal_drift,23.355472600644546,21.406679153442383,21.406679153442383,0.5066428084975979,0,-0.20866059929397596,0.0,0.0,False,False,0.37755472600644546,do_nothing,False,7.0,75d244200ae22bad4540d96646e25591ae68726f5aeace1bb02caf1623d97385
corrective,22,case_22_0027_cycle_007,case_22_0027,7,focal_drift,28.697036799820708,25.03343963623047,25.03343963623047,0.5349460557282646,0,-0.445153012353861,0.0,0.0,False,False,0.4549703679982071,do_nothing,False,8.0,356e0340e5a0d5f784060ab56b90c67bd86f84402ff8845317cfff53dd28f5c2
corrective,22,case_22_0027_cycle_008,case_22_0027,8,focal_drift,25.89779105907926,24.788042068481445,24.788042068481445,0.3017762895630724,0,0.5017998247931612,0.0,0.0,False,False,0.4509779105907926,do_nothing,False,9.0,e34723be5e4c70983061f752c11a6ce1a68f0ab8cae7456beda08e7490e553d2
corrective,22,case_22_0027_cycle_009,case_22_0027,9,focal_drift,23.745846749525526,28.000213623046875,28.000213623046875,0.47652455555519113,0,-0.4318540858190444,0.0,0.0,False,False,0.45345846749525526,do_nothing,False,10.0,df9e3decb64eb702b44d6e76386f294796fc7c01badf9b4701688c6c73952279
corrective,22,case_22_0027_cycle_010,case_22_0027,10,focal_drift,32.9868078139129,23.128742218017578,23.128742218017578,0.34726227236903595,0,0.13830642472725763,0.0,0.0,False,False,0.569868078139129,do_nothing,False,11.0,2107cec5e407552ca0ffd8f9ce3e3589068ce38fa1cc29548e0b9557b6acc00f
corrective,22,case_22_0027_cycle_011,case_22_0027,11,focal_drift,28.946104672972716,25.179243087768555,25.179243087768555,0.5042787358603441,0,-0.7360249505682331,0.0,0.0,False,False,0.5534610467297272,do_nothing,False,12.0,61f7577160d0c3837c488b6a6a2828331a0e05404103ccb563af7e1a747d6503
corrective,22,case_22_0027_cycle_012,case_22_0027,12,focal_drift,28.3802613571105,29.353294372558594,29.353294372558594,0.5705663937504489,0,-0.8009927997758822,0.0,0.0,False,False,0.571802613571105,do_nothing,False,13.0,efdd5102e6c6c8345b4c98214fc421f52b9ea894288c906776661525d35e103b
corrective,22,case_22_0027_cycle_013,case_22_0027,13,focal_drift,31.842740588715586,28.87530517578125,28.87530517578125,0.5345708260199042,0,-0.9714678415644531,0.0,0.0,False,False,0.6304274058871558,do_nothing,False,14.0,a44a8295b0dc2eb06f79c71c56fa52f73da5e6071105e38577c50ea484b57f64
corrective,22,case_22_0027_cycle_014,case_22_0027,14,focal_drift,29.530070116700845,24.600229263305664,24.600229263305664,0.4645567982645499,0,-0.9635856232407077,0.0,0.0,False,False,0.6313007011670084,do_nothing,False,15.0,13c71a40e9328ca1405cef85baeea436dd71057ac9f581adc968dc6e56ecae8a
corrective,22,case_22_0027_cycle_015,case_22_0027,15,focal_drift,28.918554928218676,27.279752731323242,27.279752731323242,0.4732244898543712,0,-1.018540321324716,0.0,0.0,False,False,0.6491855492821867,do_nothing,False,16.0,7575c19c079594dafbabbcdd5dbd9b40cfc8c98ec26d3dc03000691b0847a170
corrective,22,case_22_0027_cycle_016,case_22_0027,16,focal_drift,30.166920974583423,28.697797775268555,28.697797775268555,0.5441843345542782,0,-1.1386352794206442,0.0,0.0,False,False,0.6856692097458342,do_nothing,False,17.0,d2b761185d9b4a8f0e91381d79e019a7ddd31d3847257367de26f495edc36ad7
corrective,22,case_22_0027_cycle_017,case_22_0027,17,focal_drift,35.051160765608564,27.909156799316406,27.909156799316406,0.48122639514112464,0,-1.3477187822394252,0.0,0.0,False,False,0.7585116076560856,do_nothing,False,18.0,5d9e49afc1d27a646030858acced3f6bb52a64aabd1c946443347457aac90d73
corrective,22,case_22_0027_cycle_018,case_22_0027,18,focal_drift,31.69346494634147,28.973276138305664,28.973276138305664,0.5862734954860176,0,-1.3347449727131466,0.0,0.0,False,False,0.7489346494634147,do_nothing,False,19.0,0b6fc52dd53ba9ba764b5ab374431bf3e448a82167a3b70bc40ba472eae1368a
corrective,22,case_22_0027_cycle_019,case_22_0027,19,focal_drift,32.51724953573583,29.676551818847656,29.676551818847656,0.5183549854252854,0,-1.4212707338858672,0.0,0.0,False,False,0.7811724953573582,do_nothing,False,20.0,fbb42aa794401517e56f8421fa284c4e604ebad2c69b0c89593a23c6de5e14b9
corrective,22,case_22_0031_cycle_000,case_22_0031,0,motion_instability,22.071159850019406,18.24912452697754,18.24912452697754,0.5601379080571007,0,0.2538445182908527,0.0,0.0,False,False,0.22071159850019406,do_nothing,False,1.0,4787ce434dd340cc18c123ad6b1f8dc8e77d392ce8df20d7caabc44ae3b98cbc
corrective,22,case_22_0031_cycle_001,case_22_0031,1,motion_instability,18.457231898484444,18.793161392211914,18.793161392211914,0.49416281087328995,0,0.3001586214144732,0.0,0.0,False,False,0.20857231898484443,do_nothing,False,2.0,3421efddf8cec7538f2a04c8c83fe17d9ee5da989081ae6c76b65ef7b28afcc1
corrective,22,case_22_0031_cycle_002,case_22_0031,2,motion_instability,20.56310471028937,15.251291275024414,15.251291275024414,0.39358971552875194,0,1.080068401362006,0.0,0.0,False,False,0.2536310471028937,do_nothing,False,3.0,264bc8a20018f7df8edd88b7fb876062715efa7cf88d89173682675397e1159d
corrective,22,case_22_0031_cycle_003,case_22_0031,3,motion_instability,18.227206575348443,23.17742156982422,23.17742156982422,0.39668021787622854,0,1.0776817700581125,0.0,0.0,False,False,0.25427206575348443,do_nothing,False,4.0,0d8deb3ba9a92fc39607f1e26d21fc052d672b5780c0bb6067d7905a1f60ba00
corrective,22,case_22_0031_cycle_004,case_22_0031,4,motion_instability,23.193357774161612,20.405881881713867,31.634765374717666,0.6799966986330035,0,-0.08580023801979893,0.0,0.0,False,False,0.32793357774161613,do_nothing,False,5.0,59b6762aad10db168efee9194e17bf3c8a0caade9924a86cb50b7e090b1c709b
corrective,22,case_22_0031_cycle_005,case_22_0031,5,motion_instability,23.410128187088823,24.10541534423828,24.10541534423828,0.4762171326229644,0,-0.1337364155061092,0.0,0.0,False,False,0.3541012818708882,do_nothing,False,6.0,8d22ae39ceeb9a90e12e5864a91742bb5279d290aa651215c1e723b537cf84d8
corrective,22,case_22_0031_cycle_006,case_22_0031,6,motion_instability,24.177396233524,22.840024948120117,22.840024948120117,0.528981142645057,0,-0.2366690584024786,0.0,0.0,False,False,0.38577396233524003,do_nothing,False,7.0,34f6b61768601d11419a2c22246853067a5ed1c461aed31e63566bdcc6570568
corrective,22,case_22_0031_cycle_007,case_22_0031,7,motion_instability,21.953929255686372,19.457582473754883,19.457582473754883,0.3303137060962309,0,0.6878350664149743,0.0,0.0,False,False,0.3875392925568637,do_nothing,False,8.0,53deb91648dbcc9a75f1a9c55babdd0967e4513c8f40859e2927543039585a8f
corrective,22,case_22_0031_cycle_008,case_22_0031,8,motion_instability,20.984446734755135,24.705364227294922,24.705364227294922,0.2891210522105401,0,0.651098440125765,0.0,0.0,False,False,0.40184446734755136,do_nothing,False,9.0,7f59e0391413aa0ff92b0de6d83414344f702238d2ca6041da800fe7d7cab5a0
corrective,22,case_22_0031_cycle_009,case_22_0031,9,motion_instability,25.06421024148801,19.98545265197754,19.98545265197754,0.335738163023746,0,0.44971296830179797,0.0,0.0,False,False,0.4666421024148801,do_nothing,False,10.0,432af4d423e8b3be2f24ffe1dd749fcc4e08dd027a01a38626867441f61b15b4
corrective,22,case_22_0031_cycle_010,case_22_0031,10,motion_instability,24.89862773753442,27.28322410583496,27.28322410583496,0.3674284746547066,0,0.3779268966757615,0.0,0.0,False,False,0.48898627737534417,do_nothing,False,11.0,fd2618b4ce61e558f807423d040b928e39540254b84d5f5de9f3e3094fd78ce4
corrective,22,case_22_0031_cycle_011,case_22_0031,11,motion_instability,26.070081282921016,22.537675857543945,22.537675857543945,0.38932448354615246,0,0.2674988889804468,0.0,0.0,False,False,0.5247008128292101,do_nothing,False,12.0,008d308c22932d6f00d710663fc0991749ac2b76bdeeb19384322d0f4a6eaf31
corrective,22,case_22_0031_cycle_012,case_22_0031,12,motion_instability,23.75640373321774,24.411144256591797,24.411144256591797,0.4754669563798055,0,-0.6480121554535029,0.0,0.0,False,False,0.5255640373321774,do_nothing,False,13.0,f0d06208188ef9cfae2216e5be71e3c8a56a5163d48ab7f903ec5df3f33da3e5
corrective,22,case_22_0031_cycle_013,case_22_0031,13,motion_instability,24.9528789053455,21.545703887939453,21.545703887939453,0.47486327388708194,0,-0.7558158582434275,0.0,0.0,False,False,0.561528789053455,do_nothing,False,14.0,a14cc57a690f0bbf9e809f78bb26c9e94aa329313ec1e756e2da0db4368f6cc4
corrective,22,case_22_0031_cycle_014,case_22_0031,14,motion_instability,27.639481737339455,22.468202590942383,22.468202590942383,0.4767422286108246,0,-0.9086957864118076,0.0,0.0,False,False,0.6123948173733946,do_nothing,False,15.0,d5ea7059767341747fa8575d9535242df7fcb4424def032e95ff541135434dc6
corrective,22,case_22_0031_cycle_015,case_22_0031,15,motion_instability,29.15721027662881,25.730003356933594,25.730003356933594,0.4183111478974841,0,-0.11746298048348669,0.0,0.0,False,False,0.6515721027662881,do_nothing,False,16.0,bdab9c10d73d00f3f231b1d66baf68c1534fb8e992bf765647d2ced297a2f10d
corrective,22,case_22_0031_cycle_016,case_22_0031,16,motion_instability,32.92999237443354,29.573596954345703,29.573596954345703,0.5777109794041035,0,-1.2265564181436217,0.0,0.0,False,False,0.7132999237443354,do_nothing,False,17.0,ef234ac4ef65d91ab68dfbcd530957e53d20e750055183dc4f10be49bc362744
corrective,22,case_22_0031_cycle_017,case_22_0031,17,motion_instability,30.211679775059824,26.282278060913086,26.282278060913086,0.42515643678873105,0,-0.2941238587701044,0.0,0.0,False,False,0.7101167977505982,do_nothing,False,18.0,e1e72ad42c1defa7f04d890f567507ce0ad73e0f54381d1f526ed62da6a84af0
corrective,22,case_22_0031_cycle_018,case_22_0031,18,motion_instability,28.99197706646863,28.11958885192871,28.11958885192871,0.45531257701513306,0,-1.2340561985463285,0.0,0.0,False,False,0.7219197706646863,do_nothing,False,19.0,319e499cd1d0199760880f90d6244dcddeb03c245a0accbae9a3b92c9072df38
corrective,22,case_22_0031_cycle_019,case_22_0031,19,motion_instability,31.626311554493043,28.78322410583496,28.78322410583496,0.5580348598718692,0,-1.4004945756155716,0.0,0.0,False,False,0.7722631155449304,do_nothing,False,20.0,a250726099682cf3f0890b57c26a45d6c93ddc997a7c14c677773db50c3084a5
corrective,22,case_22_0034_cycle_000,case_22_0034,0,low_shielding_gas,21.54898529583999,22.462858200073242,22.462858200073242,0.4204250006787071,0,1.1904666910229942,0.0,0.0,False,False,0.2154898529583999,do_nothing,False,1.0,5204008068ff379304317e3a204ea8a701ed22c583569c3829c5f5b791f614e7
corrective,22,case_22_0034_cycle_001,case_22_0034,1,low_shielding_gas,20.911472943990308,28.023639678955078,28.023639678955078,0.49168862848957895,0,0.2269025174068539,0.0,0.0,False,False,0.23311472943990308,do_nothing,False,2.0,ba8b26e2c33a0cb1dfc0445747f8985888646f51c751dab448a691abff8cb352
corrective,22,case_22_0034_cycle_002,case_22_0034,2,low_shielding_gas,23.675265704051856,18.640161514282227,18.640161514282227,0.4653019482152002,0,0.07594673664616432,0.0,0.0,False,False,0.28475265704051855,do_nothing,False,3.0,19bfa22ebef2085494511a545baa1d765998fafdc9eb6443f5c2ae896f5df6e6
corrective,22,case_22_0034_cycle_003,case_22_0034,3,low_shielding_gas,26.320778233511284,18.3117733001709,18.3117733001709,0.5048303724861807,0,-0.08134790287826572,0.0,0.0,False,False,0.33520778233511284,do_nothing,False,4.0,ab0c80efb0313251c918878d051f5d038a0ff26de0579817f8973858b5cee98e
corrective,22,case_22_0034_cycle_004,case_22_0034,4,low_shielding_gas,26.047485913243364,29.856098175048828,29.856098175048828,0.5304966967339934,0,-0.14899908190740002,0.0,0.0,False,False,0.35647485913243365,do_nothing,False,5.0,99d950a8b95626c4f2c38ab0505670c86966b1e33596b8720ea5886fcd311a25
corrective,22,case_22_0034_cycle_005,case_22_0034,5,low_shielding_gas,26.9093064238918,30.997100830078125,30.997100830078125,0.5846524206973157,0,-0.2549770558213512,0.0,0.0,False,False,0.389093064238918,do_nothing,False,6.0,4644f87942a9e1af96821f533a1a46036557ffcc452332a967ef304d8cdacd55
corrective,22,case_22_0034_cycle_006,case_22_0034,6,low_shielding_gas,28.017619538990296,27.435176849365234,27.435176849365234,0.5390021577314893,0,-0.35337890982943226,0.0,0.0,False,False,0.424176195389903,do_nothing,False,7.0,a0ffa4d164b8a6bf39ac0e4eaebe45a0879c034fe930632e627b3c8aea615b7f
corrective,22,case_22_0034_cycle_007,case_22_0034,7,low_shielding_gas,36.49887537870855,39.02654266357422,41.75929934911525,0.7296959137710564,0,-0.7084206484269148,0.0,0.0,False,False,0.5329887537870854,do_nothing,False,8.0,f322251f18ef32d9094f36453f7b3a8b38aeec34536682fa91e26f6ca5dbd0dc
corrective,22,case_22_0034_cycle_008,case_22_0034,8,low_shielding_gas,30.420330104374255,29.135910034179688,29.135910034179688,0.5452668661545289,0,-0.570399933054407,0.0,0.0,False,False,0.49620330104374255,do_nothing,False,9.0,abf878ab204520b65179a3440fb14ca2ee3778bf3eac75537c7e93714ab87dcb
corrective,22,case_22_0034_cycle_009,case_22_0034,9,low_shielding_gas,31.616737974415347,30.952194213867188,30.952194213867188,0.5605617907513739,0,-0.6805864078451667,0.0,0.0,False,False,0.5321673797441535,do_nothing,False,10.0,8d0a34200ae0782534199608dfdd493b997cf7292aaf5dab6a3015ad311601cd
corrective,22,case_22_0034_cycle_010,case_22_0034,10,low_shielding_gas,33.63769166804496,28.708322525024414,28.708322525024414,0.5831459557472427,0,-0.816602643403435,0.0,0.0,False,False,0.5763769166804495,do_nothing,False,11.0,d0d510190e452bb36338e93ca0b4bc3a84f864b17dbbd7322c4a1cc1e75998c2
corrective,22,case_22_0034_cycle_011,case_22_0034,11,low_shielding_gas,36.93716577018912,28.43971824645996,28.43971824645996,0.589172016128531,0,-0.9884907755249533,0.0,0.0,False,False,0.6333716577018912,do_nothing,False,12.0,afef681a19fa8f8d00e35ff1dcca4eda999cfc8289398baf2138d3e221d4aec0
corrective,22,case_22_0034_cycle_012,case_22_0034,12,low_shielding_gas,33.12956866292776,28.076311111450195,28.076311111450195,0.5329551562034989,0,-0.9378303333183576,0.0,0.0,False,False,0.6192956866292776,do_nothing,False,13.0,6c426d5c8292df9dc8499b47b322bee79eae26c3ea86966e3e502afb83803744
corrective,22,case_22_0034_cycle_013,case_22_0034,13,low_shielding_gas,30.799123997733087,36.65597152709961,31.941050710683744,0.7296953743785324,0,-0.9694280260887724,0.0,0.0,False,False,0.6199912399773309,do_nothing,False,14.0,2670d58d326425db6d8a0bbd94892f01a0b383ce838a8e1a49bc1402d0297d8b
corrective,22,case_22_0034_cycle_014,case_22_0034,14,low_shielding_gas,32.62358065814278,29.405010223388672,37.61667906598959,0.7253649023291866,0,-1.0955121550936613,0.0,0.0,False,False,0.6622358065814278,do_nothing,False,15.0,0164318e51b12f6d70ecd38f5b211cc6ed61cf23c454b3a8a4af879095742690
corrective,22,case_22_0034_cycle_015,case_22_0034,15,low_shielding_gas,38.67484045529775,39.338279724121094,44.15120316749655,0.6920762804022649,0,-1.3440566557192724,0.0,0.0,False,False,0.7467484045529775,do_nothing,False,16.0,e3c904a33f46507af605849be6a65b5cacf458833b97405ff6f2fcce5891cea4
corrective,22,case_22_0034_cycle_016,case_22_0034,16,low_shielding_gas,37.98665998478567,31.814315795898438,40.59733785130244,0.6702392085895812,0,-1.392135680832007,0.0,0.0,False,False,0.7638665998478567,do_nothing,False,17.0,e07d529ce47b92abb2a54af242907f56c25c08b4b74948c2bcd8b4d56745e6a9
corrective,22,case_22_0034_cycle_017,case_22_0034,17,low_shielding_gas,37.686106247326315,39.77954864501953,44.66654484362941,0.7728493718910575,0,-1.470510593203448,0.0,0.0,False,False,0.7848610624732631,do_nothing,False,18.0,0d8c0c7ae406f4239ea5cae38aeaa23e2f5d30126e1eaa74f96c92f225ea6113
corrective,22,case_22_0034_cycle_018,case_22_0034,18,low_shielding_gas,39.68960677052455,35.40608596801758,39.84145609659292,0.7485229251337177,0,-46.598966641885795,0.0,0.0,True,False,0.8288960677052455,do_nothing,False,19.0,72d8d8d4d9798ca13e6a7c82d862ef1f494b2e302becfec22dcc26dd57bbbcc1
corrective,22,case_22_0034_cycle_019,case_22_0034,19,low_shielding_gas,40.46898891773571,32.529136657714844,39.86016028494889,0.7240689326997795,0,-46.69068000743704,0.0,0.0,True,False,0.8606898891773571,do_nothing,False,20.0,729fd9cb750edcd6b4770152f034c696a45e4c7835364be2e2386738dce70805
corrective,22,case_22_0039_cycle_000,case_22_0039,0,normal,10.66060056361269,16.17258644104004,16.17258644104004,0.46620263432831827,0,0.6102515879423717,0.0,0.0,False,False,0.10660600563612689,do_nothing,False,1.0,be43d7a0d564eeff59ba9f9e3b9a65d5b4879f21b5c86f58e610007ebb1bd95e
corrective,22,case_22_0039_cycle_001,case_22_0039,1,normal,11.007288543847686,15.170616149902344,15.170616149902344,0.34954788390578234,0,1.4453491610987022,0.0,0.0,False,False,0.13407288543847687,do_nothing,False,2.0,8a33357557d2b843c764863af705f805f72d4d9875f4443b3e2c3e8cbc1dd363
corrective,22,case_22_0039_cycle_002,case_22_0039,2,normal,11.582467847926006,16.310440063476562,16.310440063476562,0.39818802929756447,0,1.3487977601675851,0.0,0.0,False,False,0.16382467847926008,do_nothing,False,3.0,bad10f664aa40341cfd27b324691eae4aa52ef31964fb144206b0efe0515dddc
corrective,22,case_22_0039_cycle_003,case_22_0039,3,normal,13.927966550389373,15.251291275024414,15.251291275024414,0.40301017060690864,0,1.2057094778972826,0.0,0.0,False,False,0.21127966550389374,do_nothing,False,4.0,dd726026e7e594d302c39c6661ffe30fb3ce71aad9d820f88a000eda3a7e44a1
corrective,22,case_22_0039_cycle_004,case_22_0039,4,normal,10.725400296966862,15.190570831298828,19.146811149434257,0.6463229354567399,0,0.29328955077248314,0.0,0.0,False,False,0.2032540029696686,do_nothing,False,5.0,ea309d472ed2784c6b3a07d6f2c9897d9cbc63ba4ea5ed3b4b457bce2ffb77c5
corrective,22,case_22_0039_cycle_005,case_22_0039,5,normal,10.72834405236545,15.419282913208008,15.419282913208008,0.3358109076209048,0,1.1677780422859008,0.0,0.0,False,False,0.2272834405236545,do_nothing,False,6.0,e88e2c59a5a753e9498bca75f6c8ca90956c0885489b001a3a5542a82a16e194
corrective,22,case_22_0039_cycle_006,case_22_0039,6,normal,11.269689713118131,15.690711975097656,15.690711975097656,0.48721070532133803,0,0.15682770280825548,0.0,0.0,False,False,0.25669689713118127,do_nothing,False,7.0,88506b20f0a41535affccac2c873e626ddc9ae74fb1dc6648f167c4a14899325
corrective,22,case_22_0039_cycle_007,case_22_0039,7,normal,11.686639763918777,15.287107467651367,15.287107467651367,0.5975275230600855,0,0.05577167862342393,0.0,0.0,False,False,0.28486639763918775,do_nothing,False,8.0,a4494ced7e22cbd582afb6e8d62b8e625dc3a8c8bcf70a3b0c38645a19872056
corrective,22,case_22_0039_cycle_008,case_22_0039,8,normal,12.184920691533275,15.425861358642578,15.425861358642578,0.459474130129448,0,-0.010468740265415596,0.0,0.0,False,False,0.3138492069153328,do_nothing,False,9.0,b2556e73f2456f04dc543554dddb0f37433af9221c0b041416241afeda4c4949
corrective,22,case_22_0039_cycle_009,case_22_0039,9,normal,13.122657755892162,15.149541854858398,15.149541854858398,0.32756013628142555,0,0.8091862468810214,0.0,0.0,False,False,0.3472265775589216,do_nothing,False,10.0,639cd68c7a56b20c5127c4308c0c0c0e61368d39cdedea13cdf4b37a7c60011c
corrective,22,case_22_0039_cycle_010,case_22_0039,10,normal,13.621589463259095,17.05305290222168,17.05305290222168,0.5575228421627104,0,-0.2122761102221796,0.0,0.0,False,False,0.376215894632591,do_nothing,False,11.0,1a4286112d81f7e39ed4ef6b2b1e565db5de8e54c254144bc30a40c3eaa86d29
corrective,22,case_22_0039_cycle_011,case_22_0039,11,normal,12.2284477179898,15.287107467651367,15.287107467651367,0.4993897415124309,0,-0.2337618927665585,0.0,0.0,False,False,0.386284477179898,do_nothing,False,12.0,93aaec61f7f21e23e1942b8486f8daa955d14de4caf5696f5a9689293a0ffe89
corrective,22,case_22_0039_cycle_012,case_22_0039,12,normal,15.700187230164122,15.518512725830078,15.518512725830078,0.4891933027929986,0,-0.4083846123238736,0.0,0.0,False,False,0.44500187230164123,do_nothing,False,13.0,8bfed68505530e4f5744e09b1122baefbbd1ba836d0c9c67c217404a45135cbc
corrective,22,case_22_0039_cycle_013,case_22_0039,13,normal,13.541000062707834,15.064529418945312,15.064529418945312,0.4319717294451293,0,0.49297423870199564,0.0,0.0,False,False,0.44741000062707836,do_nothing,False,14.0,ad101af59312a18f0cdd8d847f6ade6b2dbeb4f3bd9982bb3f68f5480ad3e8ae
corrective,22,case_22_0039_cycle_014,case_22_0039,14,normal,13.006959442486425,15.176721572875977,15.176721572875977,0.3874705587242804,0,0.4436706329167651,0.0,0.0,False,False,0.4660695944248643,do_nothing,False,15.0,a76cb8e63df6d38047fe60bca312e4840be646aba149eed6973ebb012e9fea79
corrective,22,case_22_0039_cycle_015,case_22_0039,15,normal,11.270744025425888,15.170616149902344,15.170616149902344,0.28863058603365566,0,0.438583091332175,0.0,0.0,False,False,0.47270744025425887,do_nothing,False,16.0,bd04cf6cea8275a06b8ffd9feb57f3ed91ffa717fae687a67efae2f872076c9b
corrective,22,case_22_0039_cycle_016,case_22_0039,16,normal,14.31973756845461,15.41242790222168,15.41242790222168,0.4029044912129587,0,0.25797219926441806,0.0,0.0,False,False,0.527197375684546,do_nothing,False,17.0,e80b5146d93fd6856ed508ecadedcf2a93e6b10f8c792b0f710f5554da92ed27
corrective,22,case_22_0039_cycle_017,case_22_0039,17,normal,16.74162051588626,18.057119369506836,18.057119369506836,0.3058603179970414,0,0.1278723368238559,0.0,0.0,False,False,0.5754162051588626,do_nothing,False,18.0,42d6c8b1fb9b96ababc77a0426958d5b1ea933635ffe292c1d49c627c52533d7
corrective,22,case_22_0039_cycle_018,case_22_0039,18,normal,15.10119786341853,15.170616149902344,15.170616149902344,0.32038952289643013,0,0.1029056356629795,0.0,0.0,False,False,0.5830119786341853,do_nothing,False,19.0,133754aa5f704ddb6e2c793f03fdc1ad2af1eb5909577c5a0edca0408ee1df30
corrective,22,case_22_0039_cycle_019,case_22_0039,19,normal,16.27782265729364,15.170616149902344,15.170616149902344,0.30270089557341096,0,-0.0017398140548210428,0.0,0.0,False,False,0.6187782265729365,do_nothing,False,20.0,686389cae6d3dcf86a66dcfca0fd9bae632deb10c01a28dcf3849b62f11cd387
corrective,22,case_22_0046_cycle_000,case_22_0046,0,motion_instability,23.416564765013792,23.516965866088867,23.516965866088867,0.5315012287526492,0,0.21777787273668886,0.0,0.0,False,False,0.23416564765013792,do_nothing,False,1.0,9f890c3a99fbbdfe188e732261f4c0a550c5ba044b0aec6f0ea642eba8186bbf
corrective,22,case_22_0046_cycle_001,case_22_0046,1,motion_instability,28.90981673838938,21.353605270385742,27.591835285303112,0.6890550527430783,0,-0.04265276006314328,0.0,0.0,False,False,0.31309816738389384,do_nothing,False,2.0,5ef5ca0b46d9d3269bd78ea69a79dfb852a174fdb9e6a7be00a33be4ad845da2
corrective,22,case_22_0046_cycle_002,case_22_0046,2,motion_instability,24.379899026913723,27.645832061767578,29.69974244820598,0.7002799027059228,0,0.019561043786699955,0.0,0.0,False,False,0.2917989902691372,do_nothing,False,3.0,3e83c9cb6292d2fe18476245dd6a0c8bf79e50ed15a94afe4f88e9050d8efe21
corrective,22,case_22_0046_cycle_003,case_22_0046,3,motion_instability,27.793008390125966,27.658601760864258,27.658601760864258,0.4123293586985138,0,0.788360344491444,0.0,0.0,False,False,0.3499300839012597,do_nothing,False,4.0,0095967c78edc87aaedf55571ea77ca1499317ecda3d31b087b8d44962c43704
corrective,22,case_22_0046_cycle_004,case_22_0046,4,motion_instability,27.64505528418778,26.28194236755371,26.28194236755371,0.5751678049916713,0,-0.20362682927438425,0.0,0.0,False,False,0.37245055284187784,do_nothing,False,5.0,aab722dbe74981243430063e431dd05444082e505fdf3e72eb69357101d08d7d
corrective,22,case_22_0046_cycle_005,case_22_0046,5,motion_instability,32.603413754297335,25.88042449951172,25.88042449951172,0.6115000342096093,0,-0.42982741776036143,0.0,0.0,False,False,0.4460341375429734,do_nothing,False,6.0,7c64ba1b0394c4ca6c9367bd896019454b74e9045307737dfde3e24610b2abb9
corrective,22,case_22_0046_cycle_006,case_22_0046,6,motion_instability,27.41733400846107,27.874540328979492,31.83401687390366,0.7070372806340172,0,-0.3605756123489348,0.0,0.0,False,False,0.4181733400846107,do_nothing,False,7.0,b56617c54e096bb378d95fe3db642cd48af99acf5f2005dcfd3a9ad634762695
corrective,22,case_22_0046_cycle_007,case_22_0046,7,motion_instability,27.58681421163252,28.239593505859375,28.239593505859375,0.4783291696326939,0,-0.40335380179387975,0.0,0.0,False,False,0.44386814211632525,do_nothing,False,8.0,b82010b6dcfd57e0f87790129eba42f1023d013ce8cb6e31cc01a534dcde9111
corrective,22,case_22_0046_cycle_008,case_22_0046,8,motion_instability,34.337424780833594,30.096771240234375,32.715169799107414,0.6636268496740538,0,-0.705666770876116,0.0,0.0,False,False,0.535374247808336,do_nothing,False,9.0,dc56b74c986be240ed380b0a2a44adad94eba2c4af1fcbd91a8569f3d2bea6c3
corrective,22,case_22_0046_cycle_009,case_22_0046,9,motion_instability,34.15256898345655,35.04884719848633,35.04884719848633,0.5048917058727453,0,-0.7483108253846084,0.0,0.0,False,False,0.5575256898345655,do_nothing,False,10.0,c0cd7f94c288747f5230f4c5abc2f798a90167df60004ad9cd5ac1f134c6f17e
corrective,22,case_22_0046_cycle_010,case_22_0046,10,motion_instability,34.124385627211815,30.484174728393555,30.484174728393555,0.5076217009981261,0,-0.8198748239660733,0.0,0.0,False,False,0.5812438562721182,do_nothing,False,11.0,680e589d77aecaf3559a737b42f95ab951fc9d82f175d616f262cb48f9178ddd
corrective,22,case_22_0046_cycle_011,case_22_0046,11,motion_instability,34.101538968701306,27.42581558227539,27.42581558227539,0.46111019197206754,0,-0.8842126978568492,0.0,0.0,False,False,0.6050153896870131,do_nothing,False,12.0,976e0bdab47211289a301df4c8c287ed04aee90d73f9282e2278f286edc9036f
corrective,22,case_22_0046_cycle_012,case_22_0046,12,motion_instability,32.15611936163531,28.787128448486328,28.787128448486328,0.5814579571276464,0,-0.9159022744182063,0.0,0.0,False,False,0.6095611936163531,do_nothing,False,13.0,741c7939c18b3ee46cfc46b979e5cf28c1186c17186495c2caa296c1fb28d86b
corrective,22,case_22_0046_cycle_013,case_22_0046,13,motion_instability,39.79061234655406,29.94655418395996,29.94655418395996,0.6197570382019837,0,-1.2226819261269193,0.0,0.0,False,False,0.7099061234655406,do_nothing,False,14.0,e123cf4aaf3a6f29a85e078632edcd2d3d2d42d96848d012688642be307625b7
corrective,22,case_22_0046_cycle_014,case_22_0046,14,motion_instability,36.242392523550315,30.500202178955078,30.500202178955078,0.5784714545110231,0,-1.1820424938831626,0.0,0.0,False,False,0.6984239252355031,do_nothing,False,15.0,1761a3bb2b43bf9899f44ded6d13109bf9bae709b6ae5258e7aa1bba24283338
corrective,22,case_22_0046_cycle_015,case_22_0046,15,motion_instability,40.73469316449189,33.500648498535156,33.19884468731973,0.6841431209897684,0,-1.4046622630832217,0.0,0.0,False,False,0.7673469316449189,do_nothing,False,16.0,b97864f7879e01b830b75acee9fe307e77afab83b5d3be78a6baf76eeef9c69b
corrective,22,case_22_0046_cycle_016,case_22_0046,16,motion_instability,44.299138652096644,35.118621826171875,37.93182817518131,0.7058403120391084,0,-46.586850206368766,0.0,0.0,True,False,0.8269913865209664,do_nothing,False,17.0,2d0358d745a8df1fc74d3f2a8ca600f573a6e81359c42a9e9e20a7bc61c42919
corrective,22,case_22_0046_cycle_017,case_22_0046,17,motion_instability,43.86433577981821,38.103145599365234,39.40789501974908,0.6341441391158094,0,-46.63505169426192,0.0,0.0,True,False,0.8466433577981822,do_nothing,False,18.0,db36b6ca7dd1af5c5ee9dac8366a698b30a06307a022353fd5f59e40459a0954
corrective,22,case_22_0046_cycle_018,case_22_0046,18,motion_instability,43.82807324719237,37.61961364746094,37.61961364746094,0.60812184182135,0,-46.702060473688974,0.0,0.0,True,False,0.8702807324719237,do_nothing,False,19.0,1ecd0cdb1f590a739972d01abaf1f6fe4cfbe14e7eec5a3bd38a9d756c1b9c28
corrective,22,case_22_0046_cycle_019,case_22_0046,19,motion_instability,45.6108460813057,37.884483337402344,39.59693305189788,0.7502036648354358,0,-46.84885593216448,0.0,0.0,True,False,0.912108460813057,do_nothing,False,20.0,11936707c11adf0fe79d322047826ebeffbd18033271662f534d9bfeeb23200d
fixed_periodic,22,case_22_0007_cycle_000,case_22_0007,0,motion_instability,22.944945466543494,20.956348419189453,28.51391772376724,0.6694021312880045,0,0.21124131631049448,0.0,0.0,False,False,0.22944945466543495,do_nothing,False,1.0,f084a863cd49b229cb24fab91c5236108e54647ba36e9e3d0638a39aeb088f0f
fixed_periodic,22,case_22_0007_cycle_001,case_22_0007,1,motion_instability,24.007883388446814,20.629226684570312,20.629226684570312,0.47503812633756115,0,0.13650777939596154,0.0,0.0,False,False,0.2640788338844681,do_nothing,False,2.0,a039065ee7fb88e0d22f6489ba5797ee2ccc0ed3418c3626886e9b77e3182149
fixed_periodic,22,case_22_0007_cycle_002,case_22_0007,2,motion_instability,25.80722300607418,24.062992095947266,24.062992095947266,0.4008040650184972,0,0.9216627000650001,0.0,0.0,False,False,0.3060722300607418,do_nothing,False,3.0,fe059fcd3839d1e3a0dcb8064b40a18b77827ef713830302cdf9763da56a6a57
fixed_periodic,22,case_22_0007_cycle_003,case_22_0007,3,motion_instability,29.93461421848986,25.150651931762695,25.150651931762695,0.5710171389216527,0,-0.19969099739294377,0.0,0.0,False,False,0.3713461421848986,do_nothing,False,4.0,49aa99cddb6294e5a9e4db53cfa17dd6ed8856ec87aa4111510e9a4122ecfc7b
fixed_periodic,22,case_22_0007_cycle_004,case_22_0007,4,motion_instability,30.694130950710257,29.6306095123291,29.6306095123291,0.4110334258193524,0,0.6295210576057894,0.0,0.0,False,False,0.4029413095071026,do_nothing,False,5.0,4725f920c268f8470d92c66be6217ef6902f7aca0f96484bc2a08b373830046e
fixed_periodic,22,case_22_0007_cycle_005,case_22_0007,5,motion_instability,28.304157873306412,23.534343719482422,23.534343719482422,0.48018892401396696,0,-0.2811530748012874,0.0,0.0,False,False,0.4030415787330641,do_nothing,False,6.0,8261d7e3606ab63564870fe4fe5514cc511eee816a717452d3e087318198ce3f
fixed_periodic,22,case_22_0007_cycle_006,case_22_0007,6,motion_instability,30.353525764774723,23.19273567199707,23.19273567199707,0.4071546119619697,0,0.4963210352624629,0.0,0.0,False,False,0.44753525764774726,do_nothing,False,7.0,f1d990592694f5689e25fe8535456dcabe7adc1f73a04e9fd28098b92a0f152d
fixed_periodic,22,case_22_0007_cycle_007,case_22_0007,7,motion_instability,33.33548645792202,28.750877380371094,28.750877380371094,0.49803393044978983,2,-1.5323631196815308,0.31946455765865495,0.2570917804225719,False,True,0.3108400160391166,minor_maintenance,False,0.0,3dd35ca4aaa3466dc5e3c1eff15bdc3e13035bd2c4ffcd21f9a1c5ac5402d2b7
fixed_periodic,22,case_22_0007_cycle_008,case_22_0007,8,motion_instability,31.01336783220294,27.05549430847168,41.626639393337115,0.6708586143323567,0,-0.031029827115941558,0.0,0.0,False,False,0.31013367832202937,do_nothing,False,1.0,6fd033aca75c915b8530afc232b7a83fb107ed3694774206b55296cfa74d2eba
fixed_periodic,22,case_22_0007_cycle_009,case_22_0007,9,motion_instability,40.39727581627377,25.87962532043457,25.87962532043457,0.4643577072104163,0,-0.3535719305697756,0.0,0.0,False,False,0.4279727581627377,do_nothing,False,2.0,e14f7afb99b1653e5c65b4c3d38132bf813b1491987f91e446bd1b47ce90a9e9
fixed_periodic,22,case_22_0007_cycle_010,case_22_0007,10,motion_instability,39.109431640336894,22.43123435974121,22.43123435974121,0.4479870205169965,0,0.5155189977123438,0.0,0.0,False,False,0.43909431640336893,do_nothing,False,3.0,41fc924c38a899ef287f116db2d21bec15fd1a0f7e9f1410dbd9213a600fde14
fixed_periodic,22,case_22_0007_cycle_011,case_22_0007,11,motion_instability,37.962153505532235,31.831388473510742,31.831388473510742,0.5909114997230653,0,-0.443501330124427,0.0,0.0,False,False,0.4516215350553224,do_nothing,False,4.0,bf11503cc8f5f1015a0af96fdcf3fa68e78c0f945e96d99a68362a89101ee1af
fixed_periodic,22,case_22_0007_cycle_012,case_22_0007,12,motion_instability,37.307168811142866,35.372520446777344,32.82274233821664,0.675377187222671,0,-0.5085216424176866,0.0,0.0,False,False,0.4690716881114287,do_nothing,False,5.0,a5c5293f0bb5c9eddc2e4a763816d97df53b297dd88cda50bb111cd22a7dcf77
fixed_periodic,22,case_22_0007_cycle_013,case_22_0007,13,motion_instability,40.314017759886696,37.51995086669922,35.290840036443726,0.6657569503028191,0,-0.6692840753420239,0.0,0.0,False,False,0.523140177598867,do_nothing,False,6.0,e56e74209d62bc968892e28668ba0d0873bca5b7406a995fd6e39633e175e07d
fixed_periodic,22,case_22_0007_cycle_014,case_22_0007,14,motion_instability,42.961189736636705,30.143993377685547,28.985575057933957,0.7252733998561245,0,-0.8296267020775199,0.0,0.0,False,False,0.5736118973663671,do_nothing,False,7.0,02847566a7ee4c7bb9566077c85410ceade34915733bb0c897eba3428a7999fb
fixed_periodic,22,case_22_0007_cycle_015,case_22_0007,15,motion_instability,43.979849509462646,33.95328140258789,41.407540722144866,0.7289270369082274,2,-0.77638621019504,0.3335394920188858,0.2537530772048935,False,False,0.3768350669586684,minor_maintenance,False,0.0,7024899cd08cc8f8d2d6c8ee1852ef8526c246f4653e64fa7703c91e9e8963b0
fixed_periodic,22,case_22_0007_cycle_016,case_22_0007,16,motion_instability,48.71479514108116,33.85686111450195,32.90992990594232,0.7541502054340045,0,-0.5745663850475355,0.0,0.0,False,False,0.48714795141081163,do_nothing,False,1.0,d097bfe6f2b8208ae8094c6567f2e2bef22ac5b8ec0bea28b9e40ad371582c2c
fixed_periodic,22,case_22_0007_cycle_017,case_22_0007,17,motion_instability,43.645557653225865,36.88288497924805,37.185473356536974,0.7287014536864799,0,-0.490671947649748,0.0,0.0,False,False,0.46045557653225866,do_nothing,False,2.0,b8ab2915955bb8494888a334fd8d99bdbf1bc05d2989efa1d3594502dc0c95b2
fixed_periodic,22,case_22_0007_cycle_018,case_22_0007,18,motion_instability,47.65659237691985,40.21677780151367,44.18040671414272,0.7938102871800599,0,-0.6927693143846047,0.0,0.0,False,False,0.5245659237691985,do_nothing,False,3.0,e0e8dbbfa1e133c02ae4c93b1cecb56bfad94b0926288b6925a69ebe6188638d
fixed_periodic,22,case_22_0007_cycle_019,case_22_0007,19,motion_instability,46.13597910999277,44.181243896484375,40.057386808237375,0.7523890126327806,0,-0.7129377251947002,0.0,0.0,False,False,0.5333597910999277,do_nothing,False,4.0,9ac4d07b0fd5d5e9230446a63dedeedb60051b739e277866f85d4a2a88c3f92e
fixed_periodic,22,case_22_0008_cycle_000,case_22_0008,0,lens_contamination,24.127441549505175,22.621049880981445,22.621049880981445,0.550621875853997,0,0.19358347213674515,0.0,0.0,False,False,0.24127441549505174,do_nothing,False,1.0,bad26b51496dc2e98575cbfb977e1fa4324ad7eb1014e890c1b55fcafa7618da
fixed_periodic,22,case_22_0008_cycle_001,case_22_0008,1,lens_contamination,22.463228754007357,25.56425666809082,25.56425666809082,0.5421732150026701,0,0.1727771551293788,0.0,0.0,False,False,0.24863228754007358,do_nothing,False,2.0,0e54af2c739642725900348afd6a2cc2cf0713f5168fd791bacb0e21b4118a86
fixed_periodic,22,case_22_0008_cycle_002,case_22_0008,2,lens_contamination,23.34957020723656,25.65277862548828,25.65277862548828,0.4958610292282478,0,0.08113373939866594,0.0,0.0,False,False,0.28149570207236563,do_nothing,False,3.0,63188ae2720ee80595b39e1494cc3ea5c1e4ea63b7e14bdae69089eed9b991d0
fixed_periodic,22,case_22_0008_cycle_003,case_22_0008,3,lens_contamination,22.38302305104832,22.920413970947266,22.920413970947266,0.4947075627358032,2,-1.1201793289292001,0.29316943689632413,0.2531994110912587,False,True,0.18341474291649956,minor_maintenance,False,0.0,611d6f7d8ca8078b91f31fe113495ae0971a3b1faf3e7f68f7b401d331bdaaa7
fixed_periodic,22,case_22_0008_cycle_004,case_22_0008,4,lens_contamination,22.83260573756606,24.907438278198242,24.907438278198242,0.519434611274409,0,0.2371066361818569,0.0,0.0,False,False,0.22832605737566058,do_nothing,False,1.0,1630ea4cf06abd6d52ebabad060fff2f3645b2a44f55fa7e1c1e648ba0dcb1d5
fixed_periodic,22,case_22_0008_cycle_005,case_22_0008,5,lens_contamination,22.378946185804782,25.6021671295166,24.07464386702054,0.6804961029087593,0,0.15455719898954268,0.0,0.0,False,False,0.24778946185804782,do_nothing,False,2.0,4ab03ed57d37c8b9a3d2709ea657d61dfcea846b4bd630d2e9e98f7529af0049
fixed_periodic,22,case_22_0008_cycle_006,case_22_0008,6,lens_contamination,26.35226350742191,28.749526977539062,37.53512455470151,0.7155485872385204,0,-0.041900193308435266,0.0,0.0,False,False,0.31152263507421907,do_nothing,False,3.0,85e8e92b9c17c135be66c0238d0e60b2bbd76a82f4f1f8649e9bec6d00f31782
fixed_periodic,22,case_22_0008_cycle_007,case_22_0008,7,lens_contamination,30.115406720908084,29.81554412841797,24.564962871805037,0.7041042941931895,0,-0.22507784575622086,0.0,0.0,False,False,0.37315406720908084,do_nothing,False,4.0,0cc010d743563538e417e41f6c336948ef69f0ffd18c4911f6f14e1c3f106397
fixed_periodic,22,case_22_0008_cycle_008,case_22_0008,8,lens_contamination,30.222445942216954,36.102752685546875,42.35815894556453,0.7582810969928242,0,-0.30841554281543226,0.0,0.0,False,False,0.39822445942216955,do_nothing,False,5.0,34d83938b779e2c48356dbf9e5ca161aa4d0702807373b5ced2ef11927fc7156
fixed_periodic,22,case_22_0008_cycle_009,case_22_0008,9,lens_contamination,31.74422226271087,31.699657440185547,39.479555197812154,0.7331383096370279,0,-0.4222974143268805,0.0,0.0,False,False,0.43744222262710875,do_nothing,False,6.0,d091fd17e27b165833a80ad4b1a501a9076b1f2928e59d110134c3683756751e
fixed_periodic,22,case_22_0008_cycle_010,case_22_0008,10,lens_contamination,30.685585315925128,32.5711555480957,34.61461836716023,0.7166038560533338,0,-0.46005813788575406,0.0,0.0,False,False,0.4508558531592513,do_nothing,False,7.0,26163c428b11e108c52a488ba83e6c7845ca4f47d9e545a31f052e169972699f
fixed_periodic,22,case_22_0008_cycle_011,case_22_0008,11,lens_contamination,34.195588899071204,28.92879295349121,36.34135453464023,0.7235347240688609,2,-1.5285478321383885,0.2715419788711436,0.24994711391773938,False,True,0.3161726511742415,minor_maintenance,False,0.0,d48946e7f477abfb380ecc8c604a5505b0be54ab4412d44b84c597ae99804345
fixed_periodic,22,case_22_0008_cycle_012,case_22_0008,12,lens_contamination,31.06395434332508,33.058319091796875,40.74013269789971,0.7303388932193253,0,-0.041469464282651206,0.0,0.0,False,False,0.3106395434332508,do_nothing,False,1.0,e81abb824a552561873bd33365023e4b5b14b948369425ee49b1a9557d3a1371
fixed_periodic,22,case_22_0008_cycle_013,case_22_0008,13,lens_contamination,31.83622352347763,37.15510940551758,44.08324996874742,0.7561068842293851,0,-0.14050273833873667,0.0,0.0,False,False,0.3423622352347763,do_nothing,False,2.0,b45d22892ad3906a9f3bf93e6184af7111ab599b5b884e54384d2fd53b92bb6f
fixed_periodic,22,case_22_0008_cycle_014,case_22_0008,14,lens_contamination,35.28290019190387,30.863943099975586,32.425499200696194,0.7326167323796268,0,-0.3123795156140602,0.0,0.0,False,False,0.4008290019190387,do_nothing,False,3.0,82f8d319d35826abb53c527f92612ed0953a3ba59824c7a2f86ed80ced393344
fixed_periodic,22,case_22_0008_cycle_015,case_22_0008,15,lens_contamination,33.94412241074432,36.91526412963867,45.818157712317614,0.7566106738133844,0,-0.3478152733943373,0.0,0.0,False,False,0.4114412241074432,do_nothing,False,4.0,96878ca1d2c3bce207a6ff60ff656a3b90e02488f4cbc767aa50c6b825884c8d
fixed_periodic,22,case_22_0008_cycle_016,case_22_0008,16,lens_contamination,36.657927332734616,36.37250518798828,44.238670661380716,0.7558340297418199,0,-0.5011129244433115,0.0,0.0,False,False,0.46257927332734616,do_nothing,False,5.0,16394c3775aa719ad36dde8d4bee08c72cf2ba01c0a8a3c502c7b63a928bb686
fixed_periodic,22,case_22_0008_cycle_017,case_22_0008,17,lens_contamination,39.38720833165942,36.695289611816406,35.48946943816334,0.7610145225693361,0,-0.6557684283351833,0.0,0.0,False,False,0.5138720833165943,do_nothing,False,6.0,e2f85b9a62be01279c925fc65d29a910f2ef6b2b9c410690e9cac47109ee8bf7
fixed_periodic,22,case_22_0008_cycle_018,case_22_0008,18,lens_contamination,37.24303951726984,34.837921142578125,37.46828420804926,0.7550403438726191,0,-0.6625472370989884,0.0,0.0,False,False,0.5164303951726985,do_nothing,False,7.0,acdb7eaf0df5e45f1b19420bb04163ab611b8b4081ef07cd84246bf5316e65d7
fixed_periodic,22,case_22_0008_cycle_019,case_22_0008,19,lens_contamination,35.68306982105952,34.07655334472656,37.778979422627785,0.7420416196463102,2,-1.5334726159627166,0.2459156289464799,0.25008205674697886,False,True,0.32539503289056904,minor_maintenance,False,0.0,c5a0c292da4940c14ef9a5e5b625e2a64a82c19a441b9e69f1ea5fb1df728190
fixed_periodic,22,case_22_0012_cycle_000,case_22_0012,0,lens_contamination,22.45893278299913,25.03001594543457,25.03001594543457,0.564045613757449,0,0.24162517444640874,0.0,0.0,False,False,0.2245893278299913,do_nothing,False,1.0,96c28fa16987a9e5b3ac39c1543ac2500ba6b883fdd4a74994a97f19658d5a23
fixed_periodic,22,case_22_0012_cycle_001,case_22_0012,1,lens_contamination,19.05150692081102,26.095598220825195,26.095598220825195,0.3238802362628026,0,1.207872756936249,0.0,0.0,False,False,0.21451506920811017,do_nothing,False,2.0,cc0641147f981b2a3b15d10644424586a567adf2fa30315698881f67ad8065d3
fixed_periodic,22,case_22_0012_cycle_002,case_22_0012,2,lens_contamination,19.667777287946965,25.458311080932617,25.458311080932617,0.5405867604390782,0,0.18487866729572935,0.0,0.0,False,False,0.24467777287946965,do_nothing,False,3.0,dae7d10fc9493481ad928daeadad275a8a82e0a5ca87bd4f01a357bcd552cf29
fixed_periodic,22,case_22_0012_cycle_003,case_22_0012,3,lens_contamination,25.483003982062574,28.38124656677246,28.38124656677246,0.4877225768663363,0,-0.05364850599182769,0.0,0.0,False,False,0.32683003982062575,do_nothing,False,4.0,c1534fed0f8c51fd3e3c5a49217c2104576d2bf775f9b69fbdbe26a60005b2f3
fixed_periodic,22,case_22_0012_cycle_004,case_22_0012,4,lens_contamination,19.72693140783814,23.946958541870117,23.946958541870117,0.4655808614187854,0,0.05035492855203795,0.0,0.0,False,False,0.2932693140783814,do_nothing,False,5.0,f8394c1a57c817f04c51e1396bc4c7079d98279855e4a19258cbf4363e985ba6
fixed_periodic,22,case_22_0012_cycle_005,case_22_0012,5,lens_contamination,24.5047832237331,26.414871215820312,26.414871215820312,0.3538284374980111,0,0.7517822376633055,0.0,0.0,False,False,0.36504783223733095,do_nothing,False,6.0,534936c3715a4bf76e42d55dff251e16c011e9c7e6ebaa46b01486f7d7490e32
fixed_periodic,22,case_22_0012_cycle_006,case_22_0012,6,lens_contamination,28.60991926190769,28.557632446289062,28.557632446289062,0.5726869269122893,0,-0.37620061689407414,0.0,0.0,False,False,0.4300991926190769,do_nothing,False,7.0,db4124f0fffb61ef61f37e7c219b0d3208599087bbdd1dbef3d3bc6a543cb5a7
fixed_periodic,22,case_22_0012_cycle_007,case_22_0012,7,lens_contamination,26.07955788629484,30.798782348632812,30.798782348632812,0.6263500308870046,2,-1.375087816754438,0.28518228578397087,0.24799156206541537,False,True,0.26585325889502803,minor_maintenance,False,0.0,3cec16432eb546b683f758d4c4783a916dc9f0001a5e87f5ae42b84e84af1dd1
fixed_periodic,22,case_22_0012_cycle_008,case_22_0012,8,lens_contamination,25.955783163531542,26.328083038330078,26.328083038330078,0.5201291827225086,0,0.14330712768567744,0.0,0.0,False,False,0.25955783163531543,do_nothing,False,1.0,9715e425ceec27e7fc92474d87696a36e5b8cb04d7aab9044eb313730fa21e0a
fixed_periodic,22,case_22_0012_cycle_009,case_22_0012,9,lens_contamination,32.612269231011076,29.881683349609375,29.881683349609375,0.5205361835671973,0,-0.1284485044654119,0.0,0.0,False,False,0.3501226923101108,do_nothing,False,2.0,9880dca3d7b1058df2f06cba2ffc0805766a7a96150a6a8f3ff86c0f14b4d2a3
fixed_periodic,22,case_22_0012_cycle_010,case_22_0012,10,lens_contamination,29.60751392164836,28.41818618774414,28.41818618774414,0.6219507133061326,0,-0.12551802464537065,0.0,0.0,False,False,0.3440751392164836,do_nothing,False,3.0,7b77864b810985b42feb3c468bc5f50fd62c5388946e8ea0e98a286046025a18
fixed_periodic,22,case_22_0012_cycle_011,case_22_0012,11,lens_contamination,27.275002781561884,27.63980484008789,27.63980484008789,0.5333849753050309,0,-0.11425782974261128,0.0,0.0,False,False,0.34475002781561886,do_nothing,False,4.0,ee8fe5968f102585ee5b8d0a7f52d4bfd81fabff323d800de7dd44f99f05e431
fixed_periodic,22,case_22_0012_cycle_012,case_22_0012,12,lens_contamination,32.79381375301754,22.51083755493164,22.51083755493164,0.5195376651593612,0,-0.34974506236443037,0.0,0.0,False,False,0.4239381375301754,do_nothing,False,5.0,a33839217257675c5261f91d1c956f827681b955a3258cc78af72bb0e6b59663
fixed_periodic,22,case_22_0012_cycle_013,case_22_0012,13,lens_contamination,35.26300521686668,22.286163330078125,22.286163330078125,0.596885288144947,0,-0.5074229497277425,0.0,0.0,False,False,0.4726300521686668,do_nothing,False,6.0,b69f9697a7f99148ca83fc740dadacd723dbaccf94150e77dfba7af8877c6f64
fixed_periodic,22,case_22_0012_cycle_014,case_22_0012,14,lens_contamination,33.577617856931795,26.788000106811523,26.788000106811523,0.5548138425671952,0,-0.5225506120930332,0.0,0.0,False,False,0.479776178569318,do_nothing,False,7.0,3640af4b8faddc6d64f1d4451428d986f64763dd3e39e261fe8311659f7c4097
fixed_periodic,22,case_22_0012_cycle_015,case_22_0012,15,lens_contamination,34.51921288578767,26.867359161376953,26.867359161376953,0.58932754494585,2,-1.5741421373119273,0.32873364244690617,0.2530900043093663,False,True,0.3181791198918835,minor_maintenance,False,0.0,c5f2d3516496ced6017891ee19ed9973ae67183b8d2936e190b7a8a86c0e4e5b
fixed_periodic,22,case_22_0012_cycle_016,case_22_0012,16,lens_contamination,36.19727086203649,27.757064819335938,27.757064819335938,0.5563153714756254,0,-0.1693654315824386,0.0,0.0,False,False,0.3619727086203649,do_nothing,False,1.0,14f1c2944b5a318abceb179686244d4f4f7688a6a10cb510abba3af0654f44d5
fixed_periodic,22,case_22_0012_cycle_017,case_22_0012,17,lens_contamination,33.87765589056039,26.99036979675293,26.99036979675293,0.5473094024605278,0,-0.17042608708589096,0.0,0.0,False,False,0.36277655890560395,do_nothing,False,2.0,5a3723b7178a1b690eb732242f4a1d489d0498f828d6dd2e1bc66d2f09312924
fixed_periodic,22,case_22_0012_cycle_018,case_22_0012,18,lens_contamination,36.09391873527035,29.779611587524414,34.90546640997952,0.7126456929324547,0,-0.3337144159979785,0.0,0.0,False,False,0.40893918735270346,do_nothing,False,3.0,94fc8f93f8fdd610e2c953f76c37949a0cd689a12d313964abc015717b8f9c0a
fixed_periodic,22,case_22_0012_cycle_019,case_22_0012,19,lens_contamination,37.7451257236858,36.365867614746094,31.363433760918564,0.6208954405002974,0,-0.44148808778561865,0.0,0.0,False,False,0.449451257236858,do_nothing,False,4.0,963f66ad9738f4dd4bbcf7f5ae1d0677a12bd367f1e957de4e936b5703b7635f
fixed_periodic,22,case_22_0014_cycle_000,case_22_0014,0,normal,11.346802371110083,15.31319808959961,15.31319808959961,0.5271388709892377,0,0.5805250982183119,0.0,0.0,False,False,0.11346802371110083,do_nothing,False,1.0,d7a37939d47fdb1a866e5e93b49af378aebd6f16339948edc97527a16f28cd90
fixed_periodic,22,case_22_0014_cycle_001,case_22_0014,1,normal,9.75914056658004,16.32408332824707,16.32408332824707,0.3567400188227773,0,1.4817147801791821,0.0,0.0,False,False,0.12159140566580041,do_nothing,False,2.0,77284d484486431dabab077637e37b38cbc3cdf77ccb929467266ad419276325
fixed_periodic,22,case_22_0014_cycle_002,case_22_0014,2,normal,11.069955654346167,15.251291275024414,15.251291275024414,0.3884313809513976,0,1.3656366232269053,0.0,0.0,False,False,0.15869955654346168,do_nothing,False,3.0,1517d2fb4a45aaa2474bc3a48aa2ffa0a42ae7c15020f90a7626459e06b50929
fixed_periodic,22,case_22_0014_cycle_003,case_22_0014,3,normal,12.043434179814712,15.518512725830078,15.518512725830078,0.24855893394625164,2,-0.8533164002224063,0.25871711400044395,0.24923446298183874,False,True,0.1193092919148512,minor_maintenance,False,0.0,69368c47f0bce1b8c9f7c987f3f9788da87e801aa65be91c8c2d2796f142ef54
fixed_periodic,22,case_22_0014_cycle_004,case_22_0014,4,normal,13.122765692066308,15.73292064666748,15.73292064666748,0.5069525890670695,0,0.5302741408779503,0.0,0.0,False,False,0.13122765692066307,do_nothing,False,1.0,0c3bd1ecd536e757b5f5e1a89a6713fad44e984216fe75dd94f2d754cd661ad5
fixed_periodic,22,case_22_0014_cycle_005,case_22_0014,5,normal,12.55464102966133,15.064529418945312,15.064529418945312,0.3867466762910515,0,1.3933487676665024,0.0,0.0,False,False,0.14954641029661328,do_nothing,False,2.0,780ea225d07aa4dd4c35fb7f70619a5dd3931db073f8bb1ddff90c04cfa56aac
fixed_periodic,22,case_22_0014_cycle_006,case_22_0014,6,normal,10.618847355596058,15.627809524536133,15.627809524536133,0.48293708423865134,0,0.46499401669632057,0.0,0.0,False,False,0.15418847355596058,do_nothing,False,3.0,b13a5aaeff06d7cd3b143d84ce1a4734c67110c62d96e63218370ad32025dbc2
fixed_periodic,22,case_22_0014_cycle_007,case_22_0014,7,normal,11.899773079413999,15.170616149902344,15.170616149902344,0.45266335182731815,0,0.3591073048434823,0.0,0.0,False,False,0.19099773079413998,do_nothing,False,4.0,fc7517f88bf2668f1b6ee2257c3e65b30a1116dfee7de2cc84c3850eaade083b
fixed_periodic,22,case_22_0014_cycle_008,case_22_0014,8,normal,14.415925293911902,15.149541854858398,15.149541854858398,0.394799680303313,0,1.120302289137146,0.0,0.0,False,False,0.24015925293911905,do_nothing,False,5.0,a0c7148b5e66f49728be5b9e4acdcef47dca67d17db25fefeab1649678f89985
fixed_periodic,22,case_22_0014_cycle_009,case_22_0014,9,normal,10.523133001453273,15.251291275024414,15.251291275024414,0.2829635606972255,0,1.181861475851818,0.0,0.0,False,False,0.22523133001453272,do_nothing,False,6.0,acf9a40aa71c77104fbb325a311664d1d28ddf5eac155cc0587fbc70281047a2
fixed_periodic,22,case_22_0014_cycle_010,case_22_0014,10,normal,11.221434433606639,19.496309280395508,19.496309280395508,0.49094882626177966,0,0.1577146430525339,0.0,0.0,False,False,0.2562143443360664,do_nothing,False,7.0,89791749f54c70967e07a2b3dd5b5e6f7795ecf70d5c979031f025bffd0c6c22
fixed_periodic,22,case_22_0014_cycle_011,case_22_0014,11,normal,12.541428288633039,15.170616149902344,15.170616149902344,0.47190011974571167,2,-1.082609472678567,0.2653294902877477,0.25093049782548493,False,True,0.18191685538952487,minor_maintenance,False,0.0,3e3e6721a4a2c37055419982df5a877394694f7d5962b4fd6f2d73b7389a6047
fixed_periodic,22,case_22_0014_cycle_012,case_22_0014,12,normal,14.274193184476418,15.170616149902344,15.170616149902344,0.3506716078836266,0,1.4191734632831636,0.0,0.0,False,False,0.1427419318447642,do_nothing,False,1.0,28cadfcad909d236019cc61d55ad0988844860c53402c904ccfac1d3b3fd0f0d
fixed_periodic,22,case_22_0014_cycle_013,case_22_0014,13,normal,13.511423101905043,20.944509506225586,20.944509506225586,0.44940882767571666,0,1.3552459827914913,0.0,0.0,False,False,0.15911423101905042,do_nothing,False,2.0,43b193fac0324d54c07e4ff56ba7ebd955268fbe46a3d375438504a7d7c8f065
fixed_periodic,22,case_22_0014_cycle_014,case_22_0014,14,normal,14.718088853571656,15.170616149902344,15.170616149902344,0.2784822531702118,0,1.2726849964173186,0.0,0.0,False,False,0.19518088853571658,do_nothing,False,3.0,898b5e069a13c99c944d059b59b0f78749306b59b2e352f46e5bf8609a6e43af
fixed_periodic,22,case_22_0014_cycle_015,case_22_0014,15,normal,16.085138302320207,15.064529418945312,15.064529418945312,0.38510717310725967,0,1.1436797749643048,0.0,0.0,False,False,0.23285138302320207,do_nothing,False,4.0,c1e2579fd94d4ef33583def7eab14ef193986598292c0d6f18af281621cd1b30
fixed_periodic,22,case_22_0014_cycle_016,case_22_0014,16,normal,13.88453669209866,15.170616149902344,15.170616149902344,0.5734570417713583,0,0.20944534297133646,0.0,0.0,False,False,0.23484536692098662,do_nothing,False,5.0,809e1ef91f80a793e2515852539e6e2ee3768faa04141fc0fb38b2f927d453fb
fixed_periodic,22,case_22_0014_cycle_017,case_22_0014,17,normal,14.189598869715232,16.309412002563477,16.309412002563477,0.3240345497554075,0,1.0657068514452321,0.0,0.0,False,False,0.2618959886971523,do_nothing,False,6.0,510112a9f84b1c11edc6ceb7f6082a1d966f88a8ba519bae38e0e139acc15078
fixed_periodic,22,case_22_0014_cycle_018,case_22_0014,18,normal,15.729206272549387,15.170616149902344,15.170616149902344,0.3728782651489878,0,0.9401920720511702,0.0,0.0,False,False,0.30129206272549386,do_nothing,False,7.0,e9ba550dd2b20d1ca683e91aa61dd2199355be48a1c5e6958e18908d5be5e196
fixed_periodic,22,case_22_0014_cycle_019,case_22_0014,19,normal,15.673735051145421,16.41180992126465,16.41180992126465,0.45347443485234057,2,-1.1783101656991157,0.30366014697440974,0.2532717269319374,False,True,0.20133715731710164,minor_maintenance,False,0.0,874ccecc93746279e8f8a35a591ea97a66f627afe99eb4abee6857ce8ce94159
fixed_periodic,22,case_22_0027_cycle_000,case_22_0027,0,focal_drift,23.107165720195173,21.929601669311523,21.929601669311523,0.5812431079957102,0,0.21959856219478835,0.0,0.0,False,False,0.23107165720195172,do_nothing,False,1.0,d4dc20e316cf33e077ae691021243a38a49a0341d520156ff4047518d6e185e3
fixed_periodic,22,case_22_0027_cycle_001,case_22_0027,1,focal_drift,17.045265187491925,22.466310501098633,22.466310501098633,0.46471635407224055,0,0.3469345912644061,0.0,0.0,False,False,0.19445265187491925,do_nothing,False,2.0,adfbff78f8a70b0db0edcd446d6fe3904f91c2721cb4f94df9ddb6cfb7940d03
fixed_periodic,22,case_22_0027_cycle_002,case_22_0027,2,focal_drift,22.164407839398855,20.291973114013672,20.291973114013672,0.5620593831083096,0,0.1067588573517879,0.0,0.0,False,False,0.2696440783939886,do_nothing,False,3.0,3bc2a08bf80447dd848311afb90f57177c8705d7d87328c42cfa43feb0f405f4
fixed_periodic,22,case_22_0027_cycle_003,case_22_0027,3,focal_drift,22.612516637424164,16.32408332824707,16.32408332824707,0.3270947485217164,0,0.9565602885990175,0.0,0.0,False,False,0.2981251663742417,do_nothing,False,4.0,530408fcb42ea493e6ef23d4444617f9a50ec0f0e4b896b5f01c1cf562c1f918
fixed_periodic,22,case_22_0027_cycle_004,case_22_0027,4,focal_drift,23.329816744098505,17.893585205078125,17.893585205078125,0.43562682599778324,0,0.8467614737773774,0.0,0.0,False,False,0.32929816744098506,do_nothing,False,5.0,184e96c2c24c4e77901fa614c59580e6774fa1109eb6f8fcd975536ebca689d5
fixed_periodic,22,case_22_0027_cycle_005,case_22_0027,5,focal_drift,22.443816017800124,22.921403884887695,22.921403884887695,0.43459609231374713,0,0.8014961056189345,0.0,0.0,False,False,0.3444381601780012,do_nothing,False,6.0,f6f1a54ceacc614939ecb610d5ba634df85ed75d940578c4f7d4eb8e77ede9be
fixed_periodic,22,case_22_0027_cycle_006,case_22_0027,6,focal_drift,23.355472600644546,21.406679153442383,21.406679153442383,0.5066428084975979,0,-0.20866059929397596,0.0,0.0,False,False,0.37755472600644546,do_nothing,False,7.0,a31c360dc05e6c706c2c4a4e68b81074401a05a8e1f01ab33e74a4235a1264b0
fixed_periodic,22,case_22_0027_cycle_007,case_22_0027,7,focal_drift,28.697036799820708,25.03343963623047,25.03343963623047,0.5349460557282646,2,-1.4681690075848612,0.33382777707373246,0.2598180470940299,False,True,0.28208162815888843,minor_maintenance,False,0.0,9c1b15e655f5b21900cf6ba3f4f1eea7a8aa9aec8704bb694b5f8d83246a1212
fixed_periodic,22,case_22_0027_cycle_008,case_22_0027,8,focal_drift,25.89779105907926,24.788042068481445,24.788042068481445,0.3017762895630724,0,1.0777998247931613,0.0,0.0,False,False,0.2589779105907926,do_nothing,False,1.0,a422e453d40448a9ccb6be1faef35c496756479dab1816d621cf976cedb633d4
fixed_periodic,22,case_22_0027_cycle_009,case_22_0027,9,focal_drift,23.745846749525526,28.000213623046875,28.000213623046875,0.47652455555519113,0,0.14414591418095557,0.0,0.0,False,False,0.26145846749525525,do_nothing,False,2.0,844f22b609f80a245242b9963cd562e5606c09c70b2001337125659b354b7fee
fixed_periodic,22,case_22_0027_cycle_010,case_22_0027,10,focal_drift,32.9868078139129,23.128742218017578,23.128742218017578,0.34726227236903595,0,0.7143064247272577,0.0,0.0,False,False,0.377868078139129,do_nothing,False,3.0,6a56d3087215f827ab546dbda8d23d7767d27805871ac7b391947abb654aa957
fixed_periodic,22,case_22_0027_cycle_011,case_22_0027,11,focal_drift,28.946104672972716,25.179243087768555,25.179243087768555,0.5042787358603441,0,-0.16002495056823307,0.0,0.0,False,False,0.3614610467297272,do_nothing,False,4.0,a23291091eac4d202fd2c23d2ca1ceead087c6c7a440e261294cc4b11051858f
fixed_periodic,22,case_22_0027_cycle_012,case_22_0027,12,focal_drift,28.3802613571105,29.353294372558594,29.353294372558594,0.5705663937504489,0,-0.22499279977588238,0.0,0.0,False,False,0.379802613571105,do_nothing,False,5.0,5244564b206a0dfe9e3aabc867b0652c6558dd06a16ba5f85ac3b838672415b1
fixed_periodic,22,case_22_0027_cycle_013,case_22_0027,13,focal_drift,31.842740588715586,28.87530517578125,28.87530517578125,0.5345708260199042,0,-0.3954678415644534,0.0,0.0,False,False,0.4384274058871559,do_nothing,False,6.0,8e8b67b08c8eb59b297cdced0172132ecb0603d5bb7e7f4833c3b09c55ea5688
fixed_periodic,22,case_22_0027_cycle_014,case_22_0027,14,focal_drift,29.530070116700845,24.600229263305664,24.600229263305664,0.4645567982645499,0,-0.3875856232407079,0.0,0.0,False,False,0.4393007011670085,do_nothing,False,7.0,5282d896c9521a3336c8b2d7cdcd9065a35f64741b708f24b94c8906dddd915e
fixed_periodic,22,case_22_0027_cycle_015,case_22_0027,15,focal_drift,28.918554928218676,27.279752731323242,27.279752731323242,0.4732244898543712,2,-1.46132635554704,0.3314125915599808,0.2607062110550451,False,True,0.2834550405549558,minor_maintenance,False,0.0,908a7fbe32bbc9e0c372e65884243a73329f1e8b80f5e2918c34951bee34b9ad
fixed_periodic,22,case_22_0027_cycle_016,case_22_0027,16,focal_drift,30.166920974583423,28.697797775268555,28.697797775268555,0.5441843345542782,0,0.013364720579355616,0.0,0.0,False,False,0.3016692097458342,do_nothing,False,1.0,4f534c4ddbad8e26a85b71ff488a1192bb17965f26b11767893330dad470c03b
fixed_periodic,22,case_22_0027_cycle_017,case_22_0027,17,focal_drift,35.051160765608564,27.909156799316406,27.909156799316406,0.48122639514112464,0,-0.1957187822394256,0.0,0.0,False,False,0.37451160765608565,do_nothing,False,2.0,2dfa924106e7232d6b9052993b01a7751abe1d777336380daec32c19557d1a1a
fixed_periodic,22,case_22_0027_cycle_018,case_22_0027,18,focal_drift,31.69346494634147,28.973276138305664,28.973276138305664,0.5862734954860176,0,-0.1827449727131467,0.0,0.0,False,False,0.3649346494634147,do_nothing,False,3.0,e56c20da35cc2405cf1b81a052a8d0fc7221b2e0320d13a3dbb2630bde9441cb
fixed_periodic,22,case_22_0027_cycle_019,case_22_0027,19,focal_drift,32.51724953573583,29.676551818847656,29.676551818847656,0.5183549854252854,0,-0.26927073388586753,0.0,0.0,False,False,0.39717249535735827,do_nothing,False,4.0,9b7de9e27d9656610a15c9a30490552d472f63dc3c8c61fb1f63b8cda96b64a6
fixed_periodic,22,case_22_0031_cycle_000,case_22_0031,0,motion_instability,22.071159850019406,18.24912452697754,18.24912452697754,0.5601379080571007,0,0.2538445182908527,0.0,0.0,False,False,0.22071159850019406,do_nothing,False,1.0,c88b499df966bc6cc922c3f1e91b479f5c08331f7104f1861ecc8d77276ff215
fixed_periodic,22,case_22_0031_cycle_001,case_22_0031,1,motion_instability,18.457231898484444,18.793161392211914,18.793161392211914,0.49416281087328995,0,0.3001586214144732,0.0,0.0,False,False,0.20857231898484443,do_nothing,False,2.0,8882183938f19b49888daaaa6f09123543f16b4da4448189ea6de75f4c96ff3a
fixed_periodic,22,case_22_0031_cycle_002,case_22_0031,2,motion_instability,20.56310471028937,15.251291275024414,15.251291275024414,0.39358971552875194,0,1.080068401362006,0.0,0.0,False,False,0.2536310471028937,do_nothing,False,3.0,caba8bba55a7a5a8051629d3e4bf125fe06d334fcae91167acb4c4493690d624
fixed_periodic,22,case_22_0031_cycle_003,case_22_0031,3,motion_instability,18.227206575348443,23.17742156982422,23.17742156982422,0.39668021787622854,2,-1.052535486905547,0.31355838109317347,0.2581612885368227,False,True,0.15764868076716035,minor_maintenance,False,0.0,71b1abcfc82f1819fb5530ea9c285aa688fd56faae5424fc5243f48570d9f881
fixed_periodic,22,case_22_0031_cycle_004,case_22_0031,4,motion_instability,23.193357774161612,20.405881881713867,31.634765374717666,0.6799966986330035,0,0.20219976198020112,0.0,0.0,False,False,0.23193357774161613,do_nothing,False,1.0,f0ec1a8bb46338d299629275c6a44a974b6cff0adab411970ded2ae9cabd8d4b
fixed_periodic,22,case_22_0031_cycle_005,case_22_0031,5,motion_instability,23.410128187088823,24.10541534423828,24.10541534423828,0.4762171326229644,0,0.15426358449389072,0.0,0.0,False,False,0.2581012818708882,do_nothing,False,2.0,43a535b65e252b437efe6e84fa50fd919c8a0729359982bdc104ddbdd1ec80cd
fixed_periodic,22,case_22_0031_cycle_006,case_22_0031,6,motion_instability,24.177396233524,22.840024948120117,22.840024948120117,0.528981142645057,0,0.051330941597521454,0.0,0.0,False,False,0.28977396233524,do_nothing,False,3.0,64ee2c6b7033d59f5ff7270cec8f4a6700a71754934509806e2717bb0694743e
fixed_periodic,22,case_22_0031_cycle_007,case_22_0031,7,motion_instability,21.953929255686372,19.457582473754883,19.457582473754883,0.3303137060962309,0,0.9758350664149742,0.0,0.0,False,False,0.2915392925568637,do_nothing,False,4.0,ef91e0b0f74e176e17f50b6ef5283581f7fb23a36f7b0cd12c5f086c8ff74e3c
fixed_periodic,22,case_22_0031_cycle_008,case_22_0031,8,motion_instability,20.984446734755135,24.705364227294922,24.705364227294922,0.2891210522105401,0,0.9390984401257648,0.0,0.0,False,False,0.3058444673475514,do_nothing,False,5.0,85d880d68864430f84a38e6b2313c71437664599fa1257e28aa5f324fd280363
fixed_periodic,22,case_22_0031_cycle_009,case_22_0031,9,motion_instability,25.06421024148801,19.98545265197754,19.98545265197754,0.335738163023746,0,0.7377129683017978,0.0,0.0,False,False,0.37064210241488016,do_nothing,False,6.0,8373418e9e62529efb597307075620c5dc7b2f5423cba08c4f086e1fe37f2710
fixed_periodic,22,case_22_0031_cycle_010,case_22_0031,10,motion_instability,24.89862773753442,27.28322410583496,27.28322410583496,0.3674284746547066,0,0.6659268966757613,0.0,0.0,False,False,0.3929862773753442,do_nothing,False,7.0,a43826302f1d4709ca6182ecf1ee2e74ecec8e1c47f9c3456eadd4e2aac376f5
fixed_periodic,22,case_22_0031_cycle_011,case_22_0031,11,motion_instability,26.070081282921016,22.537675857543945,22.537675857543945,0.38932448354615246,2,-1.3457911046917488,0.2854423843463606,0.25570816993891815,False,True,0.2657945039541103,minor_maintenance,False,0.0,7ddac33ef742e8f2c66fd90f02a68df231c1d4d0f06ef15f64212f54200a534f
fixed_periodic,22,case_22_0031_cycle_012,case_22_0031,12,motion_instability,23.75640373321774,24.411144256591797,24.411144256591797,0.4754669563798055,0,0.21598784454649703,0.0,0.0,False,False,0.2375640373321774,do_nothing,False,1.0,efcf2ac999b7fd368e5c31e6de5504d986584505c7e074d9db2f9b15f5e0e17e
fixed_periodic,22,case_22_0031_cycle_013,case_22_0031,13,motion_instability,24.9528789053455,21.545703887939453,21.545703887939453,0.47486327388708194,0,0.10818414175657268,0.0,0.0,False,False,0.273528789053455,do_nothing,False,2.0,46b860485fcb93ba247385b1ac3c8d87dcec08403eb511c217c74722f01901fb
fixed_periodic,22,case_22_0031_cycle_014,case_22_0031,14,motion_instability,27.639481737339455,22.468202590942383,22.468202590942383,0.4767422286108246,0,-0.044695786411807256,0.0,0.0,False,False,0.32439481737339454,do_nothing,False,3.0,c9f18f0a855707ddcfc6b1b860cc74b7451b623f88e3c169113701c5450e4635
fixed_periodic,22,case_22_0031_cycle_015,case_22_0031,15,motion_instability,29.15721027662881,25.730003356933594,25.730003356933594,0.4183111478974841,0,0.7465370195165132,0.0,0.0,False,False,0.3635721027662881,do_nothing,False,4.0,058d9db4de6088509a8e968e0583ed919274cef25b2a64bb057189bdd12a69e6
fixed_periodic,22,case_22_0031_cycle_016,case_22_0031,16,motion_instability,32.92999237443354,29.573596954345703,29.573596954345703,0.5777109794041035,0,-0.3625564181436218,0.0,0.0,False,False,0.4252999237443354,do_nothing,False,5.0,a4dee47d199d034ff8ba5adbf15556a519480d5139bfc441139088091fd92e78
fixed_periodic,22,case_22_0031_cycle_017,case_22_0031,17,motion_instability,30.211679775059824,26.282278060913086,26.282278060913086,0.42515643678873105,0,0.5698761412298956,0.0,0.0,False,False,0.4221167977505983,do_nothing,False,6.0,cdc7930aafdb34b3e673a8e0480a5419d3b0ef741b559dbe2bd84901163f4125
fixed_periodic,22,case_22_0031_cycle_018,case_22_0031,18,motion_instability,28.99197706646863,28.11958885192871,28.11958885192871,0.45531257701513306,0,-0.3700561985463289,0.0,0.0,False,False,0.4339197706646863,do_nothing,False,7.0,28f140f01cb03dff6940fe7fc53b81898b33b45ed8ce878b92b110b86e3ea94c
fixed_periodic,22,case_22_0031_cycle_019,case_22_0031,19,motion_instability,31.626311554493043,28.78322410583496,28.78322410583496,0.5580348598718692,2,-1.435341391249665,0.25292206632802183,0.24748087628411514,False,True,0.3002431316378569,minor_maintenance,False,0.0,8ff718fce8046faa465fece62f3172c1ece39af3c1b84286f6b13a44ca1a7fbc
fixed_periodic,22,case_22_0034_cycle_000,case_22_0034,0,low_shielding_gas,21.54898529583999,22.462858200073242,22.462858200073242,0.4204250006787071,0,1.1904666910229942,0.0,0.0,False,False,0.2154898529583999,do_nothing,False,1.0,4deadb1ab01b7e6f939a8f5570c4ea83c6f48145f6f0439701b611e1617adb3e
fixed_periodic,22,case_22_0034_cycle_001,case_22_0034,1,low_shielding_gas,20.911472943990308,28.023639678955078,28.023639678955078,0.49168862848957895,0,0.2269025174068539,0.0,0.0,False,False,0.23311472943990308,do_nothing,False,2.0,ca27c179a786ddcc74ec4e8383c67c9233f5945245be41e765ef4acf2c13ceda
fixed_periodic,22,case_22_0034_cycle_002,case_22_0034,2,low_shielding_gas,23.675265704051856,18.640161514282227,18.640161514282227,0.4653019482152002,0,0.07594673664616432,0.0,0.0,False,False,0.28475265704051855,do_nothing,False,3.0,924cd337f848fc2a19f148a6e0b7a024c53f551002e1f5d99375f416843c43cf
fixed_periodic,22,case_22_0034_cycle_003,case_22_0034,3,low_shielding_gas,26.320778233511284,18.3117733001709,18.3117733001709,0.5048303724861807,0,-0.08134790287826572,0.0,0.0,False,False,0.33520778233511284,do_nothing,False,4.0,e78a0e201129eb163eaa714bd6f3748afa56bb3ed85ca936821cb2044f4ac9e7
fixed_periodic,22,case_22_0034_cycle_004,case_22_0034,4,low_shielding_gas,26.047485913243364,29.856098175048828,29.856098175048828,0.5304966967339934,0,-0.14899908190740002,0.0,0.0,False,False,0.35647485913243365,do_nothing,False,5.0,7e47572bdbafdbf6e7266df2bcf3e9db4a55a0ef48480abb3b7d56aec87928c8
fixed_periodic,22,case_22_0034_cycle_005,case_22_0034,5,low_shielding_gas,26.9093064238918,30.997100830078125,30.997100830078125,0.5846524206973157,0,-0.2549770558213512,0.0,0.0,False,False,0.389093064238918,do_nothing,False,6.0,508724c375aa7475bf7cfe602f35ead69d4dfff33fe519c6cf70c086b1f32882
fixed_periodic,22,case_22_0034_cycle_006,case_22_0034,6,low_shielding_gas,28.017619538990296,27.435176849365234,27.435176849365234,0.5390021577314893,0,-0.35337890982943226,0.0,0.0,False,False,0.424176195389903,do_nothing,False,7.0,2467802f6b5b20bc580fa0fa681e892681fac0c4275e7b078e23d9d369eea354
fixed_periodic,22,case_22_0034_cycle_007,case_22_0034,7,low_shielding_gas,36.49887537870855,39.02654266357422,41.75929934911525,0.7296959137710564,2,-1.6406508901906587,0.33103916452387333,0.26099782069643507,False,True,0.330453027347993,minor_maintenance,False,0.0,9012f3a7440d791f8ef6ae135863f9a8edeecd2f241e0db382b05bde7a5572f3
fixed_periodic,22,case_22_0034_cycle_008,case_22_0034,8,low_shielding_gas,30.420330104374255,29.135910034179688,29.135910034179688,0.5452668661545289,0,0.005600066945593077,0.0,0.0,False,False,0.30420330104374255,do_nothing,False,1.0,b684b4585a143fa0dbb132b717c61c838984607b9c9e37634b07307c3c4532f1
fixed_periodic,22,case_22_0034_cycle_009,case_22_0034,9,low_shielding_gas,31.616737974415347,30.952194213867188,30.952194213867188,0.5605617907513739,0,-0.10458640784516655,0.0,0.0,False,False,0.3401673797441535,do_nothing,False,2.0,17640c56ad632711730fd09e1caf5ad5180c617e0cd37b188af4c9713e581a38
fixed_periodic,22,case_22_0034_cycle_010,case_22_0034,10,low_shielding_gas,33.63769166804496,28.708322525024414,28.708322525024414,0.5831459557472427,0,-0.24060264340343496,0.0,0.0,False,False,0.38437691668044954,do_nothing,False,3.0,c6974d9452886660f19e77bee800e3964730195dc9b71cf11ccafbc7efbdfe1e
fixed_periodic,22,case_22_0034_cycle_011,case_22_0034,11,low_shielding_gas,36.93716577018912,28.43971824645996,28.43971824645996,0.589172016128531,0,-0.4124907755249533,0.0,0.0,False,False,0.4413716577018912,do_nothing,False,4.0,db8c62a88c5484057e321f991d0496ee8774e9f852dfc3fa138b04d5093c591d
fixed_periodic,22,case_22_0034_cycle_012,case_22_0034,12,low_shielding_gas,33.12956866292776,28.076311111450195,28.076311111450195,0.5329551562034989,0,-0.36183033331835773,0.0,0.0,False,False,0.42729568662927764,do_nothing,False,5.0,00f7f5363f95a0445aa55a3b9a5aeb1519df83d67fc8a322b1a2b83830b22110
fixed_periodic,22,case_22_0034_cycle_013,case_22_0034,13,low_shielding_gas,30.799123997733087,36.65597152709961,31.941050710683744,0.7296953743785324,0,-0.3934280260887726,0.0,0.0,False,False,0.4279912399773309,do_nothing,False,6.0,462b3108351c0f49190555d4e8871d278d8103087261d8a85963db10cc135c0c
fixed_periodic,22,case_22_0034_cycle_014,case_22_0034,14,low_shielding_gas,32.62358065814278,29.405010223388672,37.61667906598959,0.7253649023291866,0,-0.5195121550936612,0.0,0.0,False,False,0.4702358065814278,do_nothing,False,7.0,3555e1b130f4ec5bd9e37e3bd84066b1171ff3fbf2cb5a6265ffd552535884bf
fixed_periodic,22,case_22_0034_cycle_015,case_22_0034,15,low_shielding_gas,38.67484045529775,39.338279724121094,44.15120316749655,0.6920762804022649,2,-0.6443584438186798,0.3074017529266296,0.25164152045396526,False,False,0.3439440108228461,minor_maintenance,False,0.0,d12ddace356f265b93b1273c0258fbf4038d6f2a0efe41046ffc824ed6b5f833
fixed_periodic,22,case_22_0034_cycle_016,case_22_0034,16,low_shielding_gas,37.98665998478567,31.814315795898438,40.59733785130244,0.6702392085895812,0,-0.2401356808320072,0.0,0.0,False,False,0.3798665998478567,do_nothing,False,1.0,5783640f00b5d8148acd8b3ccffd5eae2d3b0b31ded9c6a6889b959b20f45801
fixed_periodic,22,case_22_0034_cycle_017,case_22_0034,17,low_shielding_gas,37.686106247326315,39.77954864501953,44.66654484362941,0.7728493718910575,0,-0.31851059320344804,0.0,0.0,False,False,0.40086106247326314,do_nothing,False,2.0,8e0507e666a119ccd843fb0cc4486bdf5853036b28071df4b5d658750af65ed5
fixed_periodic,22,case_22_0034_cycle_018,case_22_0034,18,low_shielding_gas,39.68960677052455,35.40608596801758,39.84145609659292,0.7485229251337177,0,-0.4469666418857942,0.0,0.0,False,False,0.4448960677052455,do_nothing,False,3.0,5f52ba8b4d32c4f625a5798112ac1176643d7228ab9a2202a1cf53ef85cce7f9
fixed_periodic,22,case_22_0034_cycle_019,case_22_0034,19,low_shielding_gas,40.46898891773571,32.529136657714844,39.86016028494889,0.7240689326997795,0,-0.5386800074370384,0.0,0.0,False,False,0.4766898891773571,do_nothing,False,4.0,a6f23402159e75a576da3bceb82658df03642ba6cc642ba0e883b234c312b91e
fixed_periodic,22,case_22_0039_cycle_000,case_22_0039,0,normal,10.66060056361269,16.17258644104004,16.17258644104004,0.46620263432831827,0,0.6102515879423717,0.0,0.0,False,False,0.10660600563612689,do_nothing,False,1.0,9320b2550c191a07205df6d334ca45ca3530ef37c1c09ea9182912097a9aeccf
fixed_periodic,22,case_22_0039_cycle_001,case_22_0039,1,normal,11.007288543847686,15.170616149902344,15.170616149902344,0.34954788390578234,0,1.4453491610987022,0.0,0.0,False,False,0.13407288543847687,do_nothing,False,2.0,ea5b1d3e75e4a00ddf050ee709040aeaef2eda5f98288eb0a91d73a67d87ddae
fixed_periodic,22,case_22_0039_cycle_002,case_22_0039,2,normal,11.582467847926006,16.310440063476562,16.310440063476562,0.39818802929756447,0,1.3487977601675851,0.0,0.0,False,False,0.16382467847926008,do_nothing,False,3.0,dbc349bb937817ee82e4d35a23c36774c2df4c929f6245317d6b27fa86f99ede
fixed_periodic,22,case_22_0039_cycle_003,case_22_0039,3,normal,13.927966550389373,15.251291275024414,15.251291275024414,0.40301017060690864,2,-0.9211609935554761,0.2671313268119479,0.2507474541440619,False,True,0.1309933926124141,minor_maintenance,False,0.0,d86edc2432fe193b21b54e5c94ca9c591680224ab34a65eedea9daad70977732
fixed_periodic,22,case_22_0039_cycle_004,case_22_0039,4,normal,10.725400296966862,15.190570831298828,19.146811149434257,0.6463229354567399,0,0.5812895507724831,0.0,0.0,False,False,0.10725400296966862,do_nothing,False,1.0,ffdf426264390fba6e1b5ac9bc7ab7a41fb33b8371d178811e4a553326aa74b5
fixed_periodic,22,case_22_0039_cycle_005,case_22_0039,5,normal,10.72834405236545,15.419282913208008,15.419282913208008,0.3358109076209048,0,1.4557780422859006,0.0,0.0,False,False,0.1312834405236545,do_nothing,False,2.0,fb1c828bcef9b202d4ac502d0067b4fb4c62f5e78b8be334b6a3a7bf90a1159a
fixed_periodic,22,case_22_0039_cycle_006,case_22_0039,6,normal,11.269689713118131,15.690711975097656,15.690711975097656,0.48721070532133803,0,0.4448277028082553,0.0,0.0,False,False,0.16069689713118132,do_nothing,False,3.0,120a1c0325915a5a81f0dc4c9078a995b19a57a0679aaee061f602e98308d2ba
fixed_periodic,22,case_22_0039_cycle_007,case_22_0039,7,normal,11.686639763918777,15.287107467651367,15.287107467651367,0.5975275230600855,0,0.34377167862342384,0.0,0.0,False,False,0.18886639763918778,do_nothing,False,4.0,2b1ac5184483ae88a68386434f7e5ed8543d3f9198d39f400b44fa48e944b8e4
fixed_periodic,22,case_22_0039_cycle_008,case_22_0039,8,normal,12.184920691533275,15.425861358642578,15.425861358642578,0.459474130129448,0,0.27753125973458453,0.0,0.0,False,False,0.21784920691533277,do_nothing,False,5.0,f721e2b52b63b38b7e23d3c4d5f5befcdfa1b299a3e3c53aa2403c62121351d4
fixed_periodic,22,case_22_0039_cycle_009,case_22_0039,9,normal,13.122657755892162,15.149541854858398,15.149541854858398,0.32756013628142555,0,1.0971862468810212,0.0,0.0,False,False,0.25122657755892164,do_nothing,False,6.0,829e1d3f510126ecc34c1a3ff837b478b062f8e91f19b52b109561c9f6ec520f
fixed_periodic,22,case_22_0039_cycle_010,case_22_0039,10,normal,13.621589463259095,17.05305290222168,17.05305290222168,0.5575228421627104,0,0.07572388977782066,0.0,0.0,False,False,0.28021589463259094,do_nothing,False,7.0,31da44321d0cc8726cd315456da10e120641a9ca60cb03d2e83ae0b9d7672391
fixed_periodic,22,case_22_0039_cycle_011,case_22_0039,11,normal,12.2284477179898,15.287107467651367,15.287107467651367,0.4993897415124309,2,-1.0757067375847458,0.2639316568828485,0.24617186490052795,False,True,0.17997637585153678,minor_maintenance,False,0.0,3d6c5bdd1e860f274e7a16c52a14fc288b038b308534cdc674c53d17f84456f2
fixed_periodic,22,case_22_0039_cycle_012,case_22_0039,12,normal,15.700187230164122,15.518512725830078,15.518512725830078,0.4891933027929986,0,0.4556153876761265,0.0,0.0,False,False,0.15700187230164123,do_nothing,False,1.0,1e994dd5e8e2d8c438bb0f8f92ec261478a01ceb654d86c2fd216e74189a8052
fixed_periodic,22,case_22_0039_cycle_013,case_22_0039,13,normal,13.541000062707834,15.064529418945312,15.064529418945312,0.4319717294451293,0,1.3569742387019956,0.0,0.0,False,False,0.15941000062707833,do_nothing,False,2.0,044ef4ac1b152e67bc1f082be9723b172f74141308a9f68df1de8301a99d446a
fixed_periodic,22,case_22_0039_cycle_014,case_22_0039,14,normal,13.006959442486425,15.176721572875977,15.176721572875977,0.3874705587242804,0,1.307670632916765,0.0,0.0,False,False,0.17806959442486425,do_nothing,False,3.0,31f914a9b84577f0e945ab50bf0e8ec433d4d62435e69003805aeb164b97ab21
fixed_periodic,22,case_22_0039_cycle_015,case_22_0039,15,normal,11.270744025425888,15.170616149902344,15.170616149902344,0.28863058603365566,0,1.302583091332175,0.0,0.0,False,False,0.1847074402542589,do_nothing,False,4.0,fd8f764e79d3317de1f38c2c3952737b499974cca4174d07df4200990db6d04e
fixed_periodic,22,case_22_0039_cycle_016,case_22_0039,16,normal,14.31973756845461,15.41242790222168,15.41242790222168,0.4029044912129587,0,1.1219721992644178,0.0,0.0,False,False,0.23919737568454613,do_nothing,False,5.0,391650bcf4f394e841a8d3a177c4822537fbc3f20655d16bd1fb3740c41af1d9
fixed_periodic,22,case_22_0039_cycle_017,case_22_0039,17,normal,16.74162051588626,18.057119369506836,18.057119369506836,0.3058603179970414,0,0.9918723368238561,0.0,0.0,False,False,0.28741620515886257,do_nothing,False,6.0,e7a478ed4a9e7a423f4d8a56891fed4f667d8c8b595560042256606381d3901e
fixed_periodic,22,case_22_0039_cycle_018,case_22_0039,18,normal,15.10119786341853,15.170616149902344,15.170616149902344,0.32038952289643013,0,0.9669056356629797,0.0,0.0,False,False,0.29501197863418527,do_nothing,False,7.0,265b0bde3fde2ce13af79d22836407a84488939668f29d7e08cb5414fc80f80b
fixed_periodic,22,case_22_0039_cycle_019,case_22_0039,19,normal,16.27782265729364,15.170616149902344,15.170616149902344,0.30270089557341096,2,-1.1363771427631748,0.27897400720234566,0.24593812474894478,False,True,0.20508250047522059,minor_maintenance,False,0.0,9e884565654d650b3f6386da79deaa493b03aaca2ccbf24cf02d690d60c99b1d
fixed_periodic,22,case_22_0046_cycle_000,case_22_0046,0,motion_instability,23.416564765013792,23.516965866088867,23.516965866088867,0.5315012287526492,0,0.21777787273668886,0.0,0.0,False,False,0.23416564765013792,do_nothing,False,1.0,ae45f73c3dd9bfdebb54e3d9d5baa6c90714c9b823ded498b599a347dd49845d
fixed_periodic,22,case_22_0046_cycle_001,case_22_0046,1,motion_instability,28.90981673838938,21.353605270385742,27.591835285303112,0.6890550527430783,0,-0.04265276006314328,0.0,0.0,False,False,0.31309816738389384,do_nothing,False,2.0,58ffb1106d1df53aee0b573a2c57005e877e84cc119c759841439a5098ae29de
fixed_periodic,22,case_22_0046_cycle_002,case_22_0046,2,motion_instability,24.379899026913723,27.645832061767578,29.69974244820598,0.7002799027059228,0,0.019561043786699955,0.0,0.0,False,False,0.2917989902691372,do_nothing,False,3.0,4b0478dbcd99c385851f5e617b536d33457a98b18510fb0befd66a383e7e8d86
fixed_periodic,22,case_22_0046_cycle_003,case_22_0046,3,motion_instability,27.793008390125966,27.658601760864258,27.658601760864258,0.4123293586985138,0,0.788360344491444,0.0,0.0,False,False,0.3499300839012597,do_nothing,False,4.0,a04138f3f7734a058380fa85253d7b18a2c350ba95dc73d3538b315080916f33
fixed_periodic,22,case_22_0046_cycle_004,case_22_0046,4,motion_instability,27.64505528418778,26.28194236755371,26.28194236755371,0.5751678049916713,0,-0.20362682927438425,0.0,0.0,False,False,0.37245055284187784,do_nothing,False,5.0,9b8d949dd53c7ab7a8d748d4a9b0d9d83eafb7c77a38554958adfc00c93fe06b
fixed_periodic,22,case_22_0046_cycle_005,case_22_0046,5,motion_instability,32.603413754297335,25.88042449951172,25.88042449951172,0.6115000342096093,0,-0.42982741776036143,0.0,0.0,False,False,0.4460341375429734,do_nothing,False,6.0,f97fe17b6384e91e29844d1c3809a4372ce24728f4e6c3f72777cd38e09433d0
fixed_periodic,22,case_22_0046_cycle_006,case_22_0046,6,motion_instability,27.41733400846107,27.874540328979492,31.83401687390366,0.7070372806340172,0,-0.3605756123489348,0.0,0.0,False,False,0.4181733400846107,do_nothing,False,7.0,f39f7ef6686fc006d073e4bfc8bbd3a1c179bcf52b4d4bbcddf8ee1d93e2cfaf
fixed_periodic,22,case_22_0046_cycle_007,case_22_0046,7,motion_instability,27.58681421163252,28.239593505859375,28.239593505859375,0.4783291696326939,2,-1.3536145194279565,0.258728813143056,0.246926983129539,False,True,0.2751982481121217,minor_maintenance,False,0.0,8d425b306f7c005dff32552e1ad35ed1a2edbece259754942d58082233f927c0
fixed_periodic,22,case_22_0046_cycle_008,case_22_0046,8,motion_instability,34.337424780833594,30.096771240234375,32.715169799107414,0.6636268496740538,0,-0.12966677087611583,0.0,0.0,False,False,0.3433742478083359,do_nothing,False,1.0,865fec6429a9b0c14581dafb6aafa6d710aef11cec3732d82b5677677524023f
fixed_periodic,22,case_22_0046_cycle_009,case_22_0046,9,motion_instability,34.15256898345655,35.04884719848633,35.04884719848633,0.5048917058727453,0,-0.1723108253846083,0.0,0.0,False,False,0.3655256898345655,do_nothing,False,2.0,5d5f66e920e9b811a837a196c7d90c07be49e54013ff429fb8296d95da136431
fixed_periodic,22,case_22_0046_cycle_010,case_22_0046,10,motion_instability,34.124385627211815,30.484174728393555,30.484174728393555,0.5076217009981261,0,-0.24387482396607346,0.0,0.0,False,False,0.38924385627211816,do_nothing,False,3.0,73fad1a80dc774c4ead24901a3868a9ac6ca392811fdf5734373465073e874be
fixed_periodic,22,case_22_0046_cycle_011,case_22_0046,11,motion_instability,34.101538968701306,27.42581558227539,27.42581558227539,0.46111019197206754,0,-0.3082126978568494,0.0,0.0,False,False,0.41301538968701307,do_nothing,False,4.0,4360f8418c6dddc857392a6577c3117367a116153d021fcc81b5a04db90cc969
fixed_periodic,22,case_22_0046_cycle_012,case_22_0046,12,motion_instability,32.15611936163531,28.787128448486328,28.787128448486328,0.5814579571276464,0,-0.33990227441820625,0.0,0.0,False,False,0.41756119361635313,do_nothing,False,5.0,fd7e8aea6821a0396384ed20d13d7046ef6212f1e75ee93c03390d3a84034b00
fixed_periodic,22,case_22_0046_cycle_013,case_22_0046,13,motion_instability,39.79061234655406,29.94655418395996,29.94655418395996,0.6197570382019837,0,-0.6466819261269195,0.0,0.0,False,False,0.5179061234655407,do_nothing,False,6.0,5f19b551cc5df2cf8086c68df618847b444a9a7601f6da68222922b8b9e49fe4
fixed_periodic,22,case_22_0046_cycle_014,case_22_0046,14,motion_instability,36.242392523550315,30.500202178955078,30.500202178955078,0.5784714545110231,0,-0.606042493883163,0.0,0.0,False,False,0.5064239252355032,do_nothing,False,7.0,a68a582264ebca0c0a34ff258ae0ff1477718842d6326ba1a0885bce8b38477d
fixed_periodic,22,case_22_0046_cycle_015,case_22_0046,15,motion_instability,40.73469316449189,33.500648498535156,33.19884468731973,0.6841431209897684,2,-0.6440095248265152,0.26557832545294746,0.2570805479569415,False,False,0.3567150976198497,minor_maintenance,False,0.0,33bdd288fe0a513fdf58d7446ef9b899089337785829466a3b4b94323518216b
fixed_periodic,22,case_22_0046_cycle_016,case_22_0046,16,motion_instability,44.299138652096644,35.118621826171875,37.93182817518131,0.7058403120391084,0,-0.4348502063687655,0.0,0.0,False,False,0.4429913865209664,do_nothing,False,1.0,afc810202d90abaea5dda3c1227c27aada09aef39f94d7c8ead0db6d86d706a1
fixed_periodic,22,case_22_0046_cycle_017,case_22_0046,17,motion_instability,43.86433577981821,38.103145599365234,39.40789501974908,0.6341441391158094,0,-0.48305169426191796,0.0,0.0,False,False,0.46264335779818216,do_nothing,False,2.0,763b84db1a1a49f7159ce426ffb8f7c1424134c6843d6c6666ddb629ae5880f2
fixed_periodic,22,case_22_0046_cycle_018,case_22_0046,18,motion_instability,43.82807324719237,37.61961364746094,37.61961364746094,0.60812184182135,0,-0.5500604736889735,0.0,0.0,False,False,0.4862807324719237,do_nothing,False,3.0,f80675932d943c3dd55c2674adf7a8a058d49d280441d4e8894f28aef498c2f9
fixed_periodic,22,case_22_0046_cycle_019,case_22_0046,19,motion_instability,45.6108460813057,37.884483337402344,39.59693305189788,0.7502036648354358,0,-0.6968559321644866,0.0,0.0,False,False,0.5281084608130571,do_nothing,False,4.0,28e4ba26693950c22f6e02867477e09c1521ae736545637990a91e814bc0215f
alert_only,22,case_22_0007_cycle_000,case_22_0007,0,motion_instability,22.944945466543494,20.956348419189453,28.51391772376724,0.6694021312880045,0,0.21124131631049448,0.0,0.0,False,False,0.22944945466543495,do_nothing,False,1.0,366d25f532946c8a07bb1f56dfd42cd74926931129e1a62f00b4a7f1c1465ff8
alert_only,22,case_22_0007_cycle_001,case_22_0007,1,motion_instability,24.007883388446814,20.629226684570312,20.629226684570312,0.47503812633756115,0,0.13650777939596154,0.0,0.0,False,False,0.2640788338844681,do_nothing,False,2.0,616f42755996ea5425866ad44818e19a72e8b9c8ca7d1eb15d39da30884327cf
alert_only,22,case_22_0007_cycle_002,case_22_0007,2,motion_instability,25.80722300607418,24.062992095947266,24.062992095947266,0.4008040650184972,0,0.9216627000650001,0.0,0.0,False,False,0.3060722300607418,do_nothing,False,3.0,b41575f016da6157198ee42b2a3b1064e2bc0f11c3bedb28250f6168062ecc92
alert_only,22,case_22_0007_cycle_003,case_22_0007,3,motion_instability,29.93461421848986,25.150651931762695,25.150651931762695,0.5710171389216527,0,-0.19969099739294377,0.0,0.0,False,False,0.3713461421848986,do_nothing,False,4.0,3a378faba8666a0198fdc7afed9d3e61669c363bff2d31c53bc5982c8c3d3067
alert_only,22,case_22_0007_cycle_004,case_22_0007,4,motion_instability,30.694130950710257,29.6306095123291,29.6306095123291,0.4110334258193524,0,0.6295210576057894,0.0,0.0,False,False,0.4029413095071026,do_nothing,False,5.0,bc96f7dd110141ea0849fece2d7fc8fcdb21cd7802d53354e8128c8a06be26ee
alert_only,22,case_22_0007_cycle_005,case_22_0007,5,motion_instability,28.304157873306412,23.534343719482422,23.534343719482422,0.48018892401396696,0,-0.2811530748012874,0.0,0.0,False,False,0.4030415787330641,do_nothing,False,6.0,88efe8e8f92814980481e386daf7c7a1a7782c466e0fe5a0ea1acbf39eb736e3
alert_only,22,case_22_0007_cycle_006,case_22_0007,6,motion_instability,30.353525764774723,23.19273567199707,23.19273567199707,0.4071546119619697,0,0.4963210352624629,0.0,0.0,False,False,0.44753525764774726,do_nothing,False,7.0,d7260a3c8f1aad5a9839b0e9b37592b160282fb763b7ddd5b6d40696ec6d2e89
alert_only,22,case_22_0007_cycle_007,case_22_0007,7,motion_instability,33.33548645792202,28.750877380371094,28.750877380371094,0.49803393044978983,0,-0.5787696833051293,0.0,0.0,False,False,0.5013548645792203,do_nothing,False,8.0,bcc578cd23a560e48b3465bf3d8457ba8d331805838366aa5bc4f5b28935447f
alert_only,22,case_22_0007_cycle_008,case_22_0007,8,motion_instability,31.01336783220294,27.05549430847168,41.626639393337115,0.6708586143323567,0,-0.6070298271159417,0.0,0.0,False,False,0.5021336783220294,do_nothing,False,9.0,b87117ee30f7805b855016911a81eb369a6087835f5e15b514774103a80e5b3d
alert_only,22,case_22_0007_cycle_009,case_22_0007,9,motion_instability,40.39727581627377,25.87962532043457,25.87962532043457,0.4643577072104163,0,-0.9295719305697755,0.0,0.0,False,False,0.6199727581627377,do_nothing,False,10.0,0045369b7d9b6d619eb827c8c044d52b3c8e3684353858656db225880a666c5d
alert_only,22,case_22_0007_cycle_010,case_22_0007,10,motion_instability,39.109431640336894,22.43123435974121,22.43123435974121,0.4479870205169965,0,-0.06048100228765607,0.0,0.0,False,False,0.6310943164033689,do_nothing,False,11.0,96f3a1bda41b4d49e1a03438eb03e687e011368af5939fc54d511649c60731d3
alert_only,22,case_22_0007_cycle_011,case_22_0007,11,motion_instability,37.962153505532235,31.831388473510742,31.831388473510742,0.5909114997230653,0,-1.0195013301244271,0.0,0.0,False,False,0.6436215350553224,do_nothing,False,12.0,6e6799dd929bddb4cc11f3b15c1419063487dc32b860b5d06b81547ac1173eba
alert_only,22,case_22_0007_cycle_012,case_22_0007,12,motion_instability,37.307168811142866,35.372520446777344,32.82274233821664,0.675377187222671,0,-1.0845216424176867,0.0,0.0,False,False,0.6610716881114287,do_nothing,False,13.0,edff533fb6e366c7cf886acc28fd0a98c40f5db81c0f143d0f81747336548f4d
alert_only,22,case_22_0007_cycle_013,case_22_0007,13,motion_instability,40.314017759886696,37.51995086669922,35.290840036443726,0.6657569503028191,0,-1.2452840753420236,0.0,0.0,False,False,0.7151401775988669,do_nothing,False,14.0,b4444487cf597b9d16d284eb2076635b893917fe860874de528c2bcbd2c22ce1
alert_only,22,case_22_0007_cycle_014,case_22_0007,14,motion_instability,42.961189736636705,30.143993377685547,28.985575057933957,0.7252733998561245,0,-1.40562670207752,0.0,0.0,False,False,0.765611897366367,do_nothing,False,15.0,ebd1f4270686a4dd71561973d6981fb6b2e70bb846e6f6bc569e37b1b59dbef0
alert_only,22,case_22_0007_cycle_015,case_22_0007,15,motion_instability,43.979849509462646,33.95328140258789,41.407540722144866,0.7289270369082274,0,-1.5087345408201132,0.0,0.0,False,False,0.7997984950946264,do_nothing,False,16.0,5be3b0493f16eefa3af398d6f1712a4f0c1aa412ed8cd9ca425ecb9329cf80a2
alert_only,22,case_22_0007_cycle_016,case_22_0007,16,motion_instability,48.71479514108116,33.85686111450195,32.90992990594232,0.7541502054340045,0,-46.72656638504753,0.0,0.0,True,False,0.8711479514108116,do_nothing,False,17.0,b1a2625fe46bce144a22a300fb04791b1125633a3d973b49d2592a37994b101b
alert_only,22,case_22_0007_cycle_017,case_22_0007,17,motion_instability,43.645557653225865,36.88288497924805,37.185473356536974,0.7287014536864799,0,-46.642671947649745,0.0,0.0,True,False,0.8444555765322588,do_nothing,False,18.0,39b2691d4158b1a297cfa19a6437726d61c3fffe0a2627aaed8e64ce4a55ef6d
alert_only,22,case_22_0007_cycle_018,case_22_0007,18,motion_instability,47.65659237691985,40.21677780151367,44.18040671414272,0.7938102871800599,0,-46.84476931438461,0.0,0.0,True,False,0.9085659237691985,do_nothing,False,19.0,0e32d45f0d6ad0eab6b29c3457085a45c42b7748f095715e00f0eda97c73145f
alert_only,22,case_22_0007_cycle_019,case_22_0007,19,motion_instability,46.13597910999277,44.181243896484375,40.057386808237375,0.7523890126327806,0,-46.8649377251947,0.0,0.0,True,False,0.9173597910999277,do_nothing,False,20.0,1afec04136215f82bf5a38ec19486464810700a32fe92cc13d2746de14b3755a
alert_only,22,case_22_0008_cycle_000,case_22_0008,0,lens_contamination,24.127441549505175,22.621049880981445,22.621049880981445,0.550621875853997,0,0.19358347213674515,0.0,0.0,False,False,0.24127441549505174,do_nothing,False,1.0,ff0ab93678edebb55f7c5a80c3112ac4bcf7409d612d9dc22063233003331602
alert_only,22,case_22_0008_cycle_001,case_22_0008,1,lens_contamination,22.463228754007357,25.56425666809082,25.56425666809082,0.5421732150026701,0,0.1727771551293788,0.0,0.0,False,False,0.24863228754007358,do_nothing,False,2.0,f55385e50e46fda4d8021134b492e73304f20cc19f5f71e493aee99815d192b1
alert_only,22,case_22_0008_cycle_002,case_22_0008,2,lens_contamination,23.34957020723656,25.65277862548828,25.65277862548828,0.4958610292282478,0,0.08113373939866594,0.0,0.0,False,False,0.28149570207236563,do_nothing,False,3.0,97f3ffef92b003c746d788be8939d5321683d334c64241debc6dc9e6f2b4ba92
alert_only,22,case_22_0008_cycle_003,case_22_0008,3,lens_contamination,22.38302305104832,22.920413970947266,22.920413970947266,0.4947075627358032,0,0.03830317405817997,0.0,0.0,False,False,0.2958302305104832,do_nothing,False,4.0,4992f96a11cee5cefedd06119225e83a838cab2385c43588f6e23583f8ea04ca
alert_only,22,case_22_0008_cycle_004,case_22_0008,4,lens_contamination,22.83260573756606,24.907438278198242,24.907438278198242,0.519434611274409,0,-0.05089336381814326,0.0,0.0,False,False,0.3243260573756606,do_nothing,False,5.0,dbc572ed3a5ff82e704090f005d388dec061433f3ae3bd58eeba4ea8590ba0a1
alert_only,22,case_22_0008_cycle_005,case_22_0008,5,lens_contamination,22.378946185804782,25.6021671295166,24.07464386702054,0.6804961029087593,0,-0.13344280101045725,0.0,0.0,False,False,0.3437894618580478,do_nothing,False,6.0,d643a68cbf3c504c6dc88fef8ee717cb7cb78e17821c022a993eade53a393fa8
alert_only,22,case_22_0008_cycle_006,case_22_0008,6,lens_contamination,26.35226350742191,28.749526977539062,37.53512455470151,0.7155485872385204,0,-0.3299001933084353,0.0,0.0,False,False,0.4075226350742191,do_nothing,False,7.0,a6ab2d08d2c78c2a647235fc8edd0fe54aa8dc22513ad06313f2cc86f4b84fbb
alert_only,22,case_22_0008_cycle_007,case_22_0008,7,lens_contamination,30.115406720908084,29.81554412841797,24.564962871805037,0.7041042941931895,0,-0.5130778457562211,0.0,0.0,False,False,0.46915406720908087,do_nothing,False,8.0,c9db090f0a03509b4966c33209fd989fc2ef6ed48f71d7194207632b7a4eda26
alert_only,22,case_22_0008_cycle_008,case_22_0008,8,lens_contamination,30.222445942216954,36.102752685546875,42.35815894556453,0.7582810969928242,0,-0.5964155428154321,0.0,0.0,False,False,0.4942244594221695,do_nothing,False,9.0,75b1a416fe4e6c2d4d07d295bd7ee395e37fc61f73c28d94a5e009c3b91d4605
alert_only,22,case_22_0008_cycle_009,case_22_0008,9,lens_contamination,31.74422226271087,31.699657440185547,39.479555197812154,0.7331383096370279,0,-0.7102974143268803,0.0,0.0,False,False,0.5334422226271087,do_nothing,False,10.0,c8ac7eb3a82a7618a1b62dc65934b941f3a1af6674ea01b37d10504d1f92bd12
alert_only,22,case_22_0008_cycle_010,case_22_0008,10,lens_contamination,30.685585315925128,32.5711555480957,34.61461836716023,0.7166038560533338,0,-0.748058137885754,0.0,0.0,False,False,0.5468558531592513,do_nothing,False,11.0,dd06be18b48ddc571de2941a2334222a572806296d90954598076c103858d0cd
alert_only,22,case_22_0008_cycle_011,case_22_0008,11,lens_contamination,34.195588899071204,28.92879295349121,36.34135453464023,0.7235347240688609,0,-0.9263978755824654,0.0,0.0,False,False,0.6059558889907121,do_nothing,False,12.0,1b60e377f7dc4d973e27a4435a2988f6702395a60384e5f85ce2d76c49310ed4
alert_only,22,case_22_0008_cycle_012,case_22_0008,12,lens_contamination,31.06395434332508,33.058319091796875,40.74013269789971,0.7303388932193253,0,-0.9054694642826511,0.0,0.0,False,False,0.5986395434332508,do_nothing,False,13.0,99c6691f7e7b868114f364c3718185ed0ce963a85c107e352e58f698508afeb3
alert_only,22,case_22_0008_cycle_013,case_22_0008,13,lens_contamination,31.83622352347763,37.15510940551758,44.08324996874742,0.7561068842293851,0,-1.0045027383387366,0.0,0.0,False,False,0.6303622352347763,do_nothing,False,14.0,a34bbd3d96e9d3234e4d4795ad510cbb509ac82df2ebc6732343b4f6f1a2e649
alert_only,22,case_22_0008_cycle_014,case_22_0008,14,lens_contamination,35.28290019190387,30.863943099975586,32.425499200696194,0.7326167323796268,0,-1.1763795156140602,0.0,0.0,False,False,0.6888290019190387,do_nothing,False,15.0,c295a72c4a1e548faa9561155c7e80c393224b460e4a082011a07d2706e625c9
alert_only,22,case_22_0008_cycle_015,case_22_0008,15,lens_contamination,33.94412241074432,36.91526412963867,45.818157712317614,0.7566106738133844,0,-1.2118152733943377,0.0,0.0,False,False,0.6994412241074432,do_nothing,False,16.0,39d9788f4f6e279380dce8fd4205b7b5ca73a2c686c3a2fbc4c3c1c6301e2205
alert_only,22,case_22_0008_cycle_016,case_22_0008,16,lens_contamination,36.657927332734616,36.37250518798828,44.238670661380716,0.7558340297418199,0,-1.3651129244433116,0.0,0.0,False,False,0.7505792733273462,do_nothing,False,17.0,9a9e2cbd4e0ea0ab24b0234ec43f6fab7afb5b44b10af6a952ba6aafb22352b9
alert_only,22,case_22_0008_cycle_017,case_22_0008,17,lens_contamination,39.38720833165942,36.695289611816406,35.48946943816334,0.7610145225693361,0,-1.5197684283351833,0.0,0.0,False,False,0.8018720833165942,do_nothing,False,18.0,7ebd4e4f701b142111378012f5e47ae4b292ad9d7a16ca3a5a674b73feac31be
alert_only,22,case_22_0008_cycle_018,case_22_0008,18,lens_contamination,37.24303951726984,34.837921142578125,37.46828420804926,0.7550403438726191,0,-1.526547237098988,0.0,0.0,False,False,0.8044303951726984,do_nothing,False,19.0,0d6f62616c24e98624c5bc9de40f7af71459dabecadb9cc4bbc5351bccb6a15e
alert_only,22,case_22_0008_cycle_019,case_22_0008,19,lens_contamination,35.68306982105952,34.07655334472656,37.778979422627785,0.7420416196463102,0,-1.5497983375787325,0.0,0.0,False,False,0.8128306982105953,do_nothing,False,20.0,3d90372e56e82bcebb26927519d2c5372c9fd631ac507b95e6b114ae1f148c37
alert_only,22,case_22_0012_cycle_000,case_22_0012,0,lens_contamination,22.45893278299913,25.03001594543457,25.03001594543457,0.564045613757449,0,0.24162517444640874,0.0,0.0,False,False,0.2245893278299913,do_nothing,False,1.0,250ff6a3cf5367a39533f4cbbedc6c569a2aa250c9188604960006633a884b3e
alert_only,22,case_22_0012_cycle_001,case_22_0012,1,lens_contamination,19.05150692081102,26.095598220825195,26.095598220825195,0.3238802362628026,0,1.207872756936249,0.0,0.0,False,False,0.21451506920811017,do_nothing,False,2.0,f5035bac8acb12bb6208a49326efbc5f3ed1a2c23fe224bc9aae1f3b29c2619e
alert_only,22,case_22_0012_cycle_002,case_22_0012,2,lens_contamination,19.667777287946965,25.458311080932617,25.458311080932617,0.5405867604390782,0,0.18487866729572935,0.0,0.0,False,False,0.24467777287946965,do_nothing,False,3.0,dd76492b3aeecdb15f852c1877c228e6679c9de4212b63e90e28018fabc5ac46
alert_only,22,case_22_0012_cycle_003,case_22_0012,3,lens_contamination,25.483003982062574,28.38124656677246,28.38124656677246,0.4877225768663363,0,-0.05364850599182769,0.0,0.0,False,False,0.32683003982062575,do_nothing,False,4.0,3f1705fac3abc1d0ce19487cbe20f0744c14e19e81676569e7101f2dafd85f4e
alert_only,22,case_22_0012_cycle_004,case_22_0012,4,lens_contamination,19.72693140783814,23.946958541870117,23.946958541870117,0.4655808614187854,0,0.05035492855203795,0.0,0.0,False,False,0.2932693140783814,do_nothing,False,5.0,daf93bbd3d3df5f9ea9c7ad3d2ce5ea71fe6c1e4b18e319567bb551b297d9303
alert_only,22,case_22_0012_cycle_005,case_22_0012,5,lens_contamination,24.5047832237331,26.414871215820312,26.414871215820312,0.3538284374980111,0,0.7517822376633055,0.0,0.0,False,False,0.36504783223733095,do_nothing,False,6.0,c7a924d3e362a0e122cab2458455e3b9b1e14168a027f40e6969fbf951a0386c
alert_only,22,case_22_0012_cycle_006,case_22_0012,6,lens_contamination,28.60991926190769,28.557632446289062,28.557632446289062,0.5726869269122893,0,-0.37620061689407414,0.0,0.0,False,False,0.4300991926190769,do_nothing,False,7.0,164e3e8ef4d7ecee6426fc5295674ea7f628b044c86c7229932c2d6802dcc02a
alert_only,22,case_22_0012_cycle_007,case_22_0012,7,lens_contamination,26.07955788629484,30.798782348632812,30.798782348632812,0.6263500308870046,0,-0.380339241221896,0.0,0.0,False,False,0.42879557886294845,do_nothing,False,8.0,427d91cdb9fc492634a3c64ba0167c463ea3700a0dea21813d6e86efd276d5d0
alert_only,22,case_22_0012_cycle_008,case_22_0012,8,lens_contamination,25.955783163531542,26.328083038330078,26.328083038330078,0.5201291827225086,0,-0.43269287231432274,0.0,0.0,False,False,0.4515578316353155,do_nothing,False,9.0,97eb1182f32b24a721caab04252421d2ec7ad351e67432918709701b6f5893b8
alert_only,22,case_22_0012_cycle_009,case_22_0012,9,lens_contamination,32.612269231011076,29.881683349609375,29.881683349609375,0.5205361835671973,0,-0.704448504465412,0.0,0.0,False,False,0.5421226923101108,do_nothing,False,10.0,a5cb265ecfecec7cdec5aaef73868f74052372aa7c6989c7fcbb7697bf2a8339
alert_only,22,case_22_0012_cycle_010,case_22_0012,10,lens_contamination,29.60751392164836,28.41818618774414,28.41818618774414,0.6219507133061326,0,-0.7015180246453705,0.0,0.0,False,False,0.5360751392164835,do_nothing,False,11.0,c06176f85e6474d8796ad0d83ccaf77749ab1c304e258e2edc2ae82d00c23d37
alert_only,22,case_22_0012_cycle_011,case_22_0012,11,lens_contamination,27.275002781561884,27.63980484008789,27.63980484008789,0.5333849753050309,0,-0.6902578297426114,0.0,0.0,False,False,0.5367500278156189,do_nothing,False,12.0,7c6cd27c3981b0cdda12bcc203746fbda8f3c6f4c016cc4bf9e34cf0d55ecbed
alert_only,22,case_22_0012_cycle_012,case_22_0012,12,lens_contamination,32.79381375301754,22.51083755493164,22.51083755493164,0.5195376651593612,0,-0.9257450623644302,0.0,0.0,False,False,0.6159381375301753,do_nothing,False,13.0,7c9f0599648050d2a81077244d50814eeede81c21e7772fdf4f1e0021bd1c188
alert_only,22,case_22_0012_cycle_013,case_22_0012,13,lens_contamination,35.26300521686668,22.286163330078125,22.286163330078125,0.596885288144947,0,-1.0834229497277423,0.0,0.0,False,False,0.6646300521686668,do_nothing,False,14.0,0584f1487c0bf4156955b02fa2bb781cb1e56f26013307371db1d75105c3dceb
alert_only,22,case_22_0012_cycle_014,case_22_0012,14,lens_contamination,33.577617856931795,26.788000106811523,26.788000106811523,0.5548138425671952,0,-1.098550612093033,0.0,0.0,False,False,0.6717761785693179,do_nothing,False,15.0,769deee0eeefb4623d69183b4dc79a884b35a86c1542955205485324c8f1c2f1
alert_only,22,case_22_0012_cycle_015,case_22_0012,15,lens_contamination,34.51921288578767,26.867359161376953,26.867359161376953,0.58932754494585,0,-1.2039755183155074,0.0,0.0,False,False,0.7051921288578766,do_nothing,False,16.0,07bf1b8ad23e3fb477dd7ac8175bb2cf59c0cfce7e792a0c51edc7f96016cb62
alert_only,22,case_22_0012_cycle_016,case_22_0012,16,lens_contamination,36.19727086203649,27.757064819335938,27.757064819335938,0.5563153714756254,0,-1.3213654315824384,0.0,0.0,False,False,0.7459727086203649,do_nothing,False,17.0,a807abffe7903d049919044f72e9716db8379f4859c96b068c849535f8b7984d
alert_only,22,case_22_0012_cycle_017,case_22_0012,17,lens_contamination,33.87765589056039,26.99036979675293,26.99036979675293,0.5473094024605278,0,-1.3224260870858906,0.0,0.0,False,False,0.7467765589056039,do_nothing,False,18.0,58bf72ec9e904ade9a4c57d97561f25038156d41450aa26bf9cdc8213621aa83
alert_only,22,case_22_0012_cycle_018,case_22_0012,18,lens_contamination,36.09391873527035,29.779611587524414,34.90546640997952,0.7126456929324547,0,-1.4857144159979783,0.0,0.0,False,False,0.7929391873527034,do_nothing,False,19.0,e702f98fa38ceb4f25c1e9ee6010ce3b66b0753a6230204e7c1be59734776586
alert_only,22,case_22_0012_cycle_019,case_22_0012,19,lens_contamination,37.7451257236858,36.365867614746094,31.363433760918564,0.6208954405002974,0,-46.593488087785616,0.0,0.0,True,False,0.833451257236858,do_nothing,False,20.0,b63f607330759904b709011e9c383f13c17be6cca7cefa1a0505138ef1c1f14f
alert_only,22,case_22_0014_cycle_000,case_22_0014,0,normal,11.346802371110083,15.31319808959961,15.31319808959961,0.5271388709892377,0,0.5805250982183119,0.0,0.0,False,False,0.11346802371110083,do_nothing,False,1.0,a9e89469f4e67635ac0d517a44eb06874fcb93198126a113e5eafac07d7f8282
alert_only,22,case_22_0014_cycle_001,case_22_0014,1,normal,9.75914056658004,16.32408332824707,16.32408332824707,0.3567400188227773,0,1.4817147801791821,0.0,0.0,False,False,0.12159140566580041,do_nothing,False,2.0,72aee7c06e9d7c830a8459c06877d66e0704d23afadffa8ee63f8554631afe9c
alert_only,22,case_22_0014_cycle_002,case_22_0014,2,normal,11.069955654346167,15.251291275024414,15.251291275024414,0.3884313809513976,0,1.3656366232269053,0.0,0.0,False,False,0.15869955654346168,do_nothing,False,3.0,66fded61a277ee6ea6bfa195a939aa7cf01864f2b731efea77af7e62b819a72e
alert_only,22,case_22_0014_cycle_003,case_22_0014,3,normal,12.043434179814712,15.518512725830078,15.518512725830078,0.24855893394625164,0,1.2854131345136208,0.0,0.0,False,False,0.1924343417981471,do_nothing,False,4.0,6d165dba54deff72d69c70c1c0972d5097f2e7d7f28051b59e985b69e55a16fa
alert_only,22,case_22_0014_cycle_004,case_22_0014,4,normal,13.122765692066308,15.73292064666748,15.73292064666748,0.5069525890670695,0,0.2422741408779502,0.0,0.0,False,False,0.2272276569206631,do_nothing,False,5.0,3fc5c5895c94486b0362098650a4a7ad4ed0c3d377db4ae74c13d1bd378b6ec0
alert_only,22,case_22_0014_cycle_005,case_22_0014,5,normal,12.55464102966133,15.064529418945312,15.064529418945312,0.3867466762910515,0,1.1053487676665024,0.0,0.0,False,False,0.24554641029661328,do_nothing,False,6.0,0df91dcc99f05b946c579d6b8f5b41d4e0183f54170063cf19d6772b244ad3b5
alert_only,22,case_22_0014_cycle_006,case_22_0014,6,normal,10.618847355596058,15.627809524536133,15.627809524536133,0.48293708423865134,0,0.17699401669632053,0.0,0.0,False,False,0.2501884735559606,do_nothing,False,7.0,d2dcc0dec5376c65f3ac9ece6c9eec46265888641470246c11e0a5b547046f98
alert_only,22,case_22_0014_cycle_007,case_22_0014,7,normal,11.899773079413999,15.170616149902344,15.170616149902344,0.45266335182731815,0,0.07110730484348217,0.0,0.0,False,False,0.28699773079414004,do_nothing,False,8.0,c658f9e394503112e269ae29e05389815eb05db988ead93795149f02c48808c7
alert_only,22,case_22_0014_cycle_008,case_22_0014,8,normal,14.415925293911902,15.149541854858398,15.149541854858398,0.394799680303313,0,0.8323022891371461,0.0,0.0,False,False,0.336159252939119,do_nothing,False,9.0,1fe7d418d113deef3f7a51016d7304681fe344d8a8ef1883e0e35e7a8a7d27fc
alert_only,22,case_22_0014_cycle_009,case_22_0014,9,normal,10.523133001453273,15.251291275024414,15.251291275024414,0.2829635606972255,0,0.893861475851818,0.0,0.0,False,False,0.32123133001453275,do_nothing,False,10.0,456d6740fac32e7822376771cc4f11e2a855fc76f678895ce19132bbf407f383
alert_only,22,case_22_0014_cycle_010,case_22_0014,10,normal,11.221434433606639,19.496309280395508,19.496309280395508,0.49094882626177966,0,-0.13028535694746624,0.0,0.0,False,False,0.3522143443360664,do_nothing,False,11.0,cadceeacd74cff29b058e77854e23da85f08942bb699fa77f27e63a99aecd9f1
alert_only,22,case_22_0014_cycle_011,case_22_0014,11,normal,12.541428288633039,15.170616149902344,15.170616149902344,0.47190011974571167,0,-0.23902786662084807,0.0,0.0,False,False,0.3894142828863304,do_nothing,False,12.0,dca6c70c20d9a798718aa274aec0e01d5766b9da21d57ee909bcf4aa21def415
alert_only,22,case_22_0014_cycle_012,case_22_0014,12,normal,14.274193184476418,15.170616149902344,15.170616149902344,0.3506716078836266,0,0.5551734632831636,0.0,0.0,False,False,0.43074193184476417,do_nothing,False,13.0,7a5e330a7435219f22c359d2fb8aacc006ebb4671a545bbe690c683e01c190e6
alert_only,22,case_22_0014_cycle_013,case_22_0014,13,normal,13.511423101905043,20.944509506225586,20.944509506225586,0.44940882767571666,0,0.4912459827914913,0.0,0.0,False,False,0.44711423101905046,do_nothing,False,14.0,467e82f554ba47792904fdec4522a509181c4b076cdc8d801c833f8e38b58def
alert_only,22,case_22_0014_cycle_014,case_22_0014,14,normal,14.718088853571656,15.170616149902344,15.170616149902344,0.2784822531702118,0,0.4086849964173183,0.0,0.0,False,False,0.4831808885357166,do_nothing,False,15.0,dce415a1e8737b4d4d01601d617bbc9ebce06184de73094227c23b8605ea2134
alert_only,22,case_22_0014_cycle_015,case_22_0014,15,normal,16.085138302320207,15.064529418945312,15.064529418945312,0.38510717310725967,0,0.2796797749643051,0.0,0.0,False,False,0.520851383023202,do_nothing,False,16.0,05566741f30caa9d0700b28eed0a5064459c0db4333e34fe124bf8badb014db9
alert_only,22,case_22_0014_cycle_016,case_22_0014,16,normal,13.88453669209866,15.170616149902344,15.170616149902344,0.5734570417713583,0,-0.6545546570286634,0.0,0.0,False,False,0.5228453669209866,do_nothing,False,17.0,c4efdcd1a07f16e59c85e3b77798d1648385fe7103417726f25d2a0dcd327d54
alert_only,22,case_22_0014_cycle_017,case_22_0014,17,normal,14.189598869715232,16.309412002563477,16.309412002563477,0.3240345497554075,0,0.2017068514452317,0.0,0.0,False,False,0.5498959886971524,do_nothing,False,18.0,97d523641bc18d2238f8210b74042144d48dbfb066ab2c9f372c1ab5ab54d4bb
alert_only,22,case_22_0014_cycle_018,case_22_0014,18,normal,15.729206272549387,15.170616149902344,15.170616149902344,0.3728782651489878,0,0.07619207205117029,0.0,0.0,False,False,0.5892920627254938,do_nothing,False,19.0,09a0593c1274a451b4861c4656756245450a4dcabbcdb4f83b902e3917d5b4b0
alert_only,22,case_22_0014_cycle_019,case_22_0014,19,normal,15.673735051145421,16.41180992126465,16.41180992126465,0.45347443485234057,0,-0.9062332167622136,0.0,0.0,False,False,0.6127373505114542,do_nothing,False,20.0,da9b7959ba59d6e61f1f477771136ea6193947a0063ba09295353ab04106ce17
alert_only,22,case_22_0027_cycle_000,case_22_0027,0,focal_drift,23.107165720195173,21.929601669311523,21.929601669311523,0.5812431079957102,0,0.21959856219478835,0.0,0.0,False,False,0.23107165720195172,do_nothing,False,1.0,34c7cbe3b3cb1a78792adaee6072212e761635848d5ec3509f074caeac9a6a90
alert_only,22,case_22_0027_cycle_001,case_22_0027,1,focal_drift,17.045265187491925,22.466310501098633,22.466310501098633,0.46471635407224055,0,0.3469345912644061,0.0,0.0,False,False,0.19445265187491925,do_nothing,False,2.0,6150f372b06cc49a2267d7d6c54d25639c12f4d01be8443b925b7d430fec3bd8
alert_only,22,case_22_0027_cycle_002,case_22_0027,2,focal_drift,22.164407839398855,20.291973114013672,20.291973114013672,0.5620593831083096,0,0.1067588573517879,0.0,0.0,False,False,0.2696440783939886,do_nothing,False,3.0,c358328d06cd63fae3b8de3b0d9e2f0134feb0b5ea802654ab44fce98c1f2243
alert_only,22,case_22_0027_cycle_003,case_22_0027,3,focal_drift,22.612516637424164,16.32408332824707,16.32408332824707,0.3270947485217164,0,0.9565602885990175,0.0,0.0,False,False,0.2981251663742417,do_nothing,False,4.0,f3d35cf358522da752fa80d118dd4085ca4d5461e1541ae0e33a66086c323e65
alert_only,22,case_22_0027_cycle_004,case_22_0027,4,focal_drift,23.329816744098505,17.893585205078125,17.893585205078125,0.43562682599778324,0,0.8467614737773774,0.0,0.0,False,False,0.32929816744098506,do_nothing,False,5.0,9b84166720c86c297918795389b968ea6972ccc4bd19940935cd35a21a716812
alert_only,22,case_22_0027_cycle_005,case_22_0027,5,focal_drift,22.443816017800124,22.921403884887695,22.921403884887695,0.43459609231374713,0,0.8014961056189345,0.0,0.0,False,False,0.3444381601780012,do_nothing,False,6.0,dc88b91fb19ec8365f7104b36dec2aee55afeb72eb7eac88e92b85c1c10d4440
alert_only,22,case_22_0027_cycle_006,case_22_0027,6,focal_drift,23.355472600644546,21.406679153442383,21.406679153442383,0.5066428084975979,0,-0.20866059929397596,0.0,0.0,False,False,0.37755472600644546,do_nothing,False,7.0,1de81eaf95139642ee0f075ef4fa0bc5abf17c71b229d28f42ac10cdd6fbc2ef
alert_only,22,case_22_0027_cycle_007,case_22_0027,7,focal_drift,28.697036799820708,25.03343963623047,25.03343963623047,0.5349460557282646,0,-0.445153012353861,0.0,0.0,False,False,0.4549703679982071,do_nothing,False,8.0,39e80b816e6ed2adfa395d39eb5e20e3b3121d5bcdfd2d5492cdf475a0bee708
alert_only,22,case_22_0027_cycle_008,case_22_0027,8,focal_drift,25.89779105907926,24.788042068481445,24.788042068481445,0.3017762895630724,0,0.5017998247931612,0.0,0.0,False,False,0.4509779105907926,do_nothing,False,9.0,2262e956a23b5f2f0b813dc34ed4ad0b8a59c7f6c78050ff3d8079219c91bf20
alert_only,22,case_22_0027_cycle_009,case_22_0027,9,focal_drift,23.745846749525526,28.000213623046875,28.000213623046875,0.47652455555519113,0,-0.4318540858190444,0.0,0.0,False,False,0.45345846749525526,do_nothing,False,10.0,7f3c31679bf2241140665fdcaf2d219d50e8a4264f06393ddc1c196252434880
alert_only,22,case_22_0027_cycle_010,case_22_0027,10,focal_drift,32.9868078139129,23.128742218017578,23.128742218017578,0.34726227236903595,0,0.13830642472725763,0.0,0.0,False,False,0.569868078139129,do_nothing,False,11.0,7aa1782dc6ccd6f41193bd8e48045066f73aaa7e89537f35b40e8bc2dc1326f2
alert_only,22,case_22_0027_cycle_011,case_22_0027,11,focal_drift,28.946104672972716,25.179243087768555,25.179243087768555,0.5042787358603441,0,-0.7360249505682331,0.0,0.0,False,False,0.5534610467297272,do_nothing,False,12.0,7cc44a0400c4be8f6d3a68e3e4218a8345c365141a252a9d065502316cddf68b
alert_only,22,case_22_0027_cycle_012,case_22_0027,12,focal_drift,28.3802613571105,29.353294372558594,29.353294372558594,0.5705663937504489,0,-0.8009927997758822,0.0,0.0,False,False,0.571802613571105,do_nothing,False,13.0,3a957520cac5fb851d7b105e0f0e91edbe103a0dccd4b9fb0267ce9af1cdace4
alert_only,22,case_22_0027_cycle_013,case_22_0027,13,focal_drift,31.842740588715586,28.87530517578125,28.87530517578125,0.5345708260199042,0,-0.9714678415644531,0.0,0.0,False,False,0.6304274058871558,do_nothing,False,14.0,75dd0f08961af10e99011a8f4c7a6e3886d07f2b4ad177fafd74b4951bd95ea6
alert_only,22,case_22_0027_cycle_014,case_22_0027,14,focal_drift,29.530070116700845,24.600229263305664,24.600229263305664,0.4645567982645499,0,-0.9635856232407077,0.0,0.0,False,False,0.6313007011670084,do_nothing,False,15.0,f58f88b915b8e6c323f1efd47e2e341117edff1dcb8326142a7de298892a0305
alert_only,22,case_22_0027_cycle_015,case_22_0027,15,focal_drift,28.918554928218676,27.279752731323242,27.279752731323242,0.4732244898543712,0,-1.018540321324716,0.0,0.0,False,False,0.6491855492821867,do_nothing,False,16.0,a6220361b5bb4601fcb386d19f60df501d5c85a5978e726091b31ee3523fa2a1
alert_only,22,case_22_0027_cycle_016,case_22_0027,16,focal_drift,30.166920974583423,28.697797775268555,28.697797775268555,0.5441843345542782,0,-1.1386352794206442,0.0,0.0,False,False,0.6856692097458342,do_nothing,False,17.0,923b121f31b513cdf3025bf2a277e69233114a8f4c2bf9d9e9f126ab74451e68
alert_only,22,case_22_0027_cycle_017,case_22_0027,17,focal_drift,35.051160765608564,27.909156799316406,27.909156799316406,0.48122639514112464,0,-1.3477187822394252,0.0,0.0,False,False,0.7585116076560856,do_nothing,False,18.0,c726b923d2dde4f8c68794e2d5f4d351f873b924e51654ef1ea5b5da14a2d3a2
alert_only,22,case_22_0027_cycle_018,case_22_0027,18,focal_drift,31.69346494634147,28.973276138305664,28.973276138305664,0.5862734954860176,0,-1.3347449727131466,0.0,0.0,False,False,0.7489346494634147,do_nothing,False,19.0,a5ce6e4a60fb9f4a877edddfe701f5dd8557bc203b980d593cceb2eab77be6fb
alert_only,22,case_22_0027_cycle_019,case_22_0027,19,focal_drift,32.51724953573583,29.676551818847656,29.676551818847656,0.5183549854252854,0,-1.4212707338858672,0.0,0.0,False,False,0.7811724953573582,do_nothing,False,20.0,6d75883791c277ea0f1695f6a802fb4b6fa757c466c3166a983ac966ae22be87
alert_only,22,case_22_0031_cycle_000,case_22_0031,0,motion_instability,22.071159850019406,18.24912452697754,18.24912452697754,0.5601379080571007,0,0.2538445182908527,0.0,0.0,False,False,0.22071159850019406,do_nothing,False,1.0,b1df62e8ce33e80fd200eabfad0d81d79efd02d44c36ba0321605621ce810109
alert_only,22,case_22_0031_cycle_001,case_22_0031,1,motion_instability,18.457231898484444,18.793161392211914,18.793161392211914,0.49416281087328995,0,0.3001586214144732,0.0,0.0,False,False,0.20857231898484443,do_nothing,False,2.0,a0b4e8a9c668872cc6ae031a590b3f426a40cb8c8c3743e6281623a990ea6d7b
alert_only,22,case_22_0031_cycle_002,case_22_0031,2,motion_instability,20.56310471028937,15.251291275024414,15.251291275024414,0.39358971552875194,0,1.080068401362006,0.0,0.0,False,False,0.2536310471028937,do_nothing,False,3.0,8640fd08c08401e062f8000b412f9ef0b3d7df972d3c09f2aeaa86d9c0caf29a
alert_only,22,case_22_0031_cycle_003,case_22_0031,3,motion_instability,18.227206575348443,23.17742156982422,23.17742156982422,0.39668021787622854,0,1.0776817700581125,0.0,0.0,False,False,0.25427206575348443,do_nothing,False,4.0,0aea332badd72288e63a478f7f239125ddcd5339733d95e80fcba968ff9e56e4
alert_only,22,case_22_0031_cycle_004,case_22_0031,4,motion_instability,23.193357774161612,20.405881881713867,31.634765374717666,0.6799966986330035,0,-0.08580023801979893,0.0,0.0,False,False,0.32793357774161613,do_nothing,False,5.0,bb985bd722f7f59dba682f3eaba3675b9db56f3acffad574b25a2462d384c9fb
alert_only,22,case_22_0031_cycle_005,case_22_0031,5,motion_instability,23.410128187088823,24.10541534423828,24.10541534423828,0.4762171326229644,0,-0.1337364155061092,0.0,0.0,False,False,0.3541012818708882,do_nothing,False,6.0,97833fabe1db2a2405c3cdab983d9b76c1b75fd9d6b58f26177a44449d80fa93
alert_only,22,case_22_0031_cycle_006,case_22_0031,6,motion_instability,24.177396233524,22.840024948120117,22.840024948120117,0.528981142645057,0,-0.2366690584024786,0.0,0.0,False,False,0.38577396233524003,do_nothing,False,7.0,02f32eff10f51ce4cf96b0194ce60e7afea3b0aa2610c75a55dafa3a3e128222
alert_only,22,case_22_0031_cycle_007,case_22_0031,7,motion_instability,21.953929255686372,19.457582473754883,19.457582473754883,0.3303137060962309,0,0.6878350664149743,0.0,0.0,False,False,0.3875392925568637,do_nothing,False,8.0,f84ac963d4dc4ec9c84968df589e25b9b18630e4c9e4aa87c156f06ec5ea7021
alert_only,22,case_22_0031_cycle_008,case_22_0031,8,motion_instability,20.984446734755135,24.705364227294922,24.705364227294922,0.2891210522105401,0,0.651098440125765,0.0,0.0,False,False,0.40184446734755136,do_nothing,False,9.0,be4854966ecde492dbc19a69b2ae0ddcb7bcf5070338ea4b38bb2fc0b2412b7a
alert_only,22,case_22_0031_cycle_009,case_22_0031,9,motion_instability,25.06421024148801,19.98545265197754,19.98545265197754,0.335738163023746,0,0.44971296830179797,0.0,0.0,False,False,0.4666421024148801,do_nothing,False,10.0,230911147f853b559c2960a079b12468418f1956b5f2f1786ef09fc9499d8ab7
alert_only,22,case_22_0031_cycle_010,case_22_0031,10,motion_instability,24.89862773753442,27.28322410583496,27.28322410583496,0.3674284746547066,0,0.3779268966757615,0.0,0.0,False,False,0.48898627737534417,do_nothing,False,11.0,ee6afcd0603842082ec2b5345e585259161632404f4fba428a17bf7f015655bc
alert_only,22,case_22_0031_cycle_011,case_22_0031,11,motion_instability,26.070081282921016,22.537675857543945,22.537675857543945,0.38932448354615246,0,0.2674988889804468,0.0,0.0,False,False,0.5247008128292101,do_nothing,False,12.0,c939e53309045e267fc46c27691231f089d3e4439f1660e3cf16cc241c8e8f8d
alert_only,22,case_22_0031_cycle_012,case_22_0031,12,motion_instability,23.75640373321774,24.411144256591797,24.411144256591797,0.4754669563798055,0,-0.6480121554535029,0.0,0.0,False,False,0.5255640373321774,do_nothing,False,13.0,f9cf83df3a2e49bc948e484bebd0b37584be7062c6a842a41182109f4b6dfdca
alert_only,22,case_22_0031_cycle_013,case_22_0031,13,motion_instability,24.9528789053455,21.545703887939453,21.545703887939453,0.47486327388708194,0,-0.7558158582434275,0.0,0.0,False,False,0.561528789053455,do_nothing,False,14.0,e0ebbb588403eee1c77a78839991fc081713e5b109d8ea37bbc0ad7535caf7c2
alert_only,22,case_22_0031_cycle_014,case_22_0031,14,motion_instability,27.639481737339455,22.468202590942383,22.468202590942383,0.4767422286108246,0,-0.9086957864118076,0.0,0.0,False,False,0.6123948173733946,do_nothing,False,15.0,3d33b0eb982475013aa9bed4963f11c9d08ef27fbb35227a51f4f29016733c2d
alert_only,22,case_22_0031_cycle_015,case_22_0031,15,motion_instability,29.15721027662881,25.730003356933594,25.730003356933594,0.4183111478974841,0,-0.11746298048348669,0.0,0.0,False,False,0.6515721027662881,do_nothing,False,16.0,553fe6ec5c8d7880e11f3020b0bd8b3b5cd7a9c4e86f5920f71f42d131153cf9
alert_only,22,case_22_0031_cycle_016,case_22_0031,16,motion_instability,32.92999237443354,29.573596954345703,29.573596954345703,0.5777109794041035,0,-1.2265564181436217,0.0,0.0,False,False,0.7132999237443354,do_nothing,False,17.0,7ca7af69c6afda85391e6919587d97ed89f58eb35db6444b83bb3deac7c675e1
alert_only,22,case_22_0031_cycle_017,case_22_0031,17,motion_instability,30.211679775059824,26.282278060913086,26.282278060913086,0.42515643678873105,0,-0.2941238587701044,0.0,0.0,False,False,0.7101167977505982,do_nothing,False,18.0,b242b17304de13433e3cc799cc06ca2114feb1849e99376d051808270a6b120e
alert_only,22,case_22_0031_cycle_018,case_22_0031,18,motion_instability,28.99197706646863,28.11958885192871,28.11958885192871,0.45531257701513306,0,-1.2340561985463285,0.0,0.0,False,False,0.7219197706646863,do_nothing,False,19.0,2a7810e7bd9d1b05f604d0da5691be3ded25adaa82b5a0eec3595f459f0ab594
alert_only,22,case_22_0031_cycle_019,case_22_0031,19,motion_instability,31.626311554493043,28.78322410583496,28.78322410583496,0.5580348598718692,0,-1.4004945756155716,0.0,0.0,False,False,0.7722631155449304,do_nothing,False,20.0,6a96f7aa725e5da21a59bd83204bd7f3d3b40950eba3ac2a06f3c81127486d8d
alert_only,22,case_22_0034_cycle_000,case_22_0034,0,low_shielding_gas,21.54898529583999,22.462858200073242,22.462858200073242,0.4204250006787071,0,1.1904666910229942,0.0,0.0,False,False,0.2154898529583999,do_nothing,False,1.0,4a73a2b866457fc37061dc737d1c21881a7bd54a1d69cdb897d4ea861f0267c0
alert_only,22,case_22_0034_cycle_001,case_22_0034,1,low_shielding_gas,20.911472943990308,28.023639678955078,28.023639678955078,0.49168862848957895,0,0.2269025174068539,0.0,0.0,False,False,0.23311472943990308,do_nothing,False,2.0,841c545e66f4bfc76d36bb2e8223d49b36a16532058ec6764858a13d3bc38c6a
alert_only,22,case_22_0034_cycle_002,case_22_0034,2,low_shielding_gas,23.675265704051856,18.640161514282227,18.640161514282227,0.4653019482152002,0,0.07594673664616432,0.0,0.0,False,False,0.28475265704051855,do_nothing,False,3.0,75338009fd970b2de8e3cf0eabb8069899d778e62d82cffb124d370a31cfc2a3
alert_only,22,case_22_0034_cycle_003,case_22_0034,3,low_shielding_gas,26.320778233511284,18.3117733001709,18.3117733001709,0.5048303724861807,0,-0.08134790287826572,0.0,0.0,False,False,0.33520778233511284,do_nothing,False,4.0,613188cfcc80f7ed051036c57a5254fc4453f1d53088b46ac278a644d96d42f9
alert_only,22,case_22_0034_cycle_004,case_22_0034,4,low_shielding_gas,26.047485913243364,29.856098175048828,29.856098175048828,0.5304966967339934,0,-0.14899908190740002,0.0,0.0,False,False,0.35647485913243365,do_nothing,False,5.0,f57603296eee3b832ed435921b23d19d472eece4e5689a7d79adf6adbc8f8661
alert_only,22,case_22_0034_cycle_005,case_22_0034,5,low_shielding_gas,26.9093064238918,30.997100830078125,30.997100830078125,0.5846524206973157,0,-0.2549770558213512,0.0,0.0,False,False,0.389093064238918,do_nothing,False,6.0,d6cbef72205f32c6ab27fc21bc7c5402c64cdd3fde78920c1b30ba2de125df84
alert_only,22,case_22_0034_cycle_006,case_22_0034,6,low_shielding_gas,28.017619538990296,27.435176849365234,27.435176849365234,0.5390021577314893,0,-0.35337890982943226,0.0,0.0,False,False,0.424176195389903,do_nothing,False,7.0,80b1abd55463d2102b52490c70fc21f46fc3106157424e33c22cb6e0f1ab1fac
alert_only,22,case_22_0034_cycle_007,case_22_0034,7,low_shielding_gas,36.49887537870855,39.02654266357422,41.75929934911525,0.7296959137710564,0,-0.7084206484269148,0.0,0.0,False,False,0.5329887537870854,do_nothing,False,8.0,f84e20d955560476dfc3a1a74e2e13a3ca4dd4c40293d46702a37fff757395c7
alert_only,22,case_22_0034_cycle_008,case_22_0034,8,low_shielding_gas,30.420330104374255,29.135910034179688,29.135910034179688,0.5452668661545289,0,-0.570399933054407,0.0,0.0,False,False,0.49620330104374255,do_nothing,False,9.0,aa4bd9465c70f8bb6abb7ad55a16adf2b381a0182a2769bcc346450b2de52851
alert_only,22,case_22_0034_cycle_009,case_22_0034,9,low_shielding_gas,31.616737974415347,30.952194213867188,30.952194213867188,0.5605617907513739,0,-0.6805864078451667,0.0,0.0,False,False,0.5321673797441535,do_nothing,False,10.0,c40580b73d327bf277be672afd41c1a722619c461f9aacb2dae3db75ddc24eca
alert_only,22,case_22_0034_cycle_010,case_22_0034,10,low_shielding_gas,33.63769166804496,28.708322525024414,28.708322525024414,0.5831459557472427,0,-0.816602643403435,0.0,0.0,False,False,0.5763769166804495,do_nothing,False,11.0,5c35d1eaa9d2f889ee46829df14cef70a16e129291a56fef9f56bdb0acba73ae
alert_only,22,case_22_0034_cycle_011,case_22_0034,11,low_shielding_gas,36.93716577018912,28.43971824645996,28.43971824645996,0.589172016128531,0,-0.9884907755249533,0.0,0.0,False,False,0.6333716577018912,do_nothing,False,12.0,aea4737648c26ba26293c4f958ba7e362fde354080013f09be6f111f01386683
alert_only,22,case_22_0034_cycle_012,case_22_0034,12,low_shielding_gas,33.12956866292776,28.076311111450195,28.076311111450195,0.5329551562034989,0,-0.9378303333183576,0.0,0.0,False,False,0.6192956866292776,do_nothing,False,13.0,cc1ad2181d7723ced2dfd691ab68b5a2e8d92f6199eb0e52afa560027ec45c61
alert_only,22,case_22_0034_cycle_013,case_22_0034,13,low_shielding_gas,30.799123997733087,36.65597152709961,31.941050710683744,0.7296953743785324,0,-0.9694280260887724,0.0,0.0,False,False,0.6199912399773309,do_nothing,False,14.0,25f7424ce4439376f8b3480208bf3b77194eb88fa0fe42a363b04f4661f3f792
alert_only,22,case_22_0034_cycle_014,case_22_0034,14,low_shielding_gas,32.62358065814278,29.405010223388672,37.61667906598959,0.7253649023291866,0,-1.0955121550936613,0.0,0.0,False,False,0.6622358065814278,do_nothing,False,15.0,579847b11b0e661afe38fce6a195fb49e1b0aba05d17eea3ceb369fbcd9dbd39
alert_only,22,case_22_0034_cycle_015,case_22_0034,15,low_shielding_gas,38.67484045529775,39.338279724121094,44.15120316749655,0.6920762804022649,0,-1.3440566557192724,0.0,0.0,False,False,0.7467484045529775,do_nothing,False,16.0,ea60bed0998be8eaa3dbd20098a49b73efbb160df1c73f5050050e9cfaf7f571
alert_only,22,case_22_0034_cycle_016,case_22_0034,16,low_shielding_gas,37.98665998478567,31.814315795898438,40.59733785130244,0.6702392085895812,0,-1.392135680832007,0.0,0.0,False,False,0.7638665998478567,do_nothing,False,17.0,ccaacb8dbc7bbfdeb4191903accd0af384fd9a08bd9884ad854a185a0aef8947
alert_only,22,case_22_0034_cycle_017,case_22_0034,17,low_shielding_gas,37.686106247326315,39.77954864501953,44.66654484362941,0.7728493718910575,0,-1.470510593203448,0.0,0.0,False,False,0.7848610624732631,do_nothing,False,18.0,015a15a703c8c95259ea3cb653e7b1e712b571de038f10c5a1532cfdf42a2561
alert_only,22,case_22_0034_cycle_018,case_22_0034,18,low_shielding_gas,39.68960677052455,35.40608596801758,39.84145609659292,0.7485229251337177,0,-46.598966641885795,0.0,0.0,True,False,0.8288960677052455,do_nothing,False,19.0,98dac07a580de4fc1a29b6d08b31c551f18368227fe78c4ea604e4e6ffb78385
alert_only,22,case_22_0034_cycle_019,case_22_0034,19,low_shielding_gas,40.46898891773571,32.529136657714844,39.86016028494889,0.7240689326997795,0,-46.69068000743704,0.0,0.0,True,False,0.8606898891773571,do_nothing,False,20.0,2db7112cde0078a96fbc65128122c2002dc9b870ab0f0f696646e2f79a151a83
alert_only,22,case_22_0039_cycle_000,case_22_0039,0,normal,10.66060056361269,16.17258644104004,16.17258644104004,0.46620263432831827,0,0.6102515879423717,0.0,0.0,False,False,0.10660600563612689,do_nothing,False,1.0,ebd2627552df4f6abc448b71a1267b7d377fabf7cf3f67469ac1fccaf16c2abc
alert_only,22,case_22_0039_cycle_001,case_22_0039,1,normal,11.007288543847686,15.170616149902344,15.170616149902344,0.34954788390578234,0,1.4453491610987022,0.0,0.0,False,False,0.13407288543847687,do_nothing,False,2.0,e2186785280f121d91c2996429bf8b6e67f0e46cc3a4a2beeeeca205c6aeb18b
alert_only,22,case_22_0039_cycle_002,case_22_0039,2,normal,11.582467847926006,16.310440063476562,16.310440063476562,0.39818802929756447,0,1.3487977601675851,0.0,0.0,False,False,0.16382467847926008,do_nothing,False,3.0,5fab3cee77cc9996c2cdfb66b8e72e74fec1530341890995da5b7eae291e9785
alert_only,22,case_22_0039_cycle_003,case_22_0039,3,normal,13.927966550389373,15.251291275024414,15.251291275024414,0.40301017060690864,0,1.2057094778972826,0.0,0.0,False,False,0.21127966550389374,do_nothing,False,4.0,e46bf25ead61a2c029e9455db02cfd32c7cb88d62711a2b903e8c64b3788a81c
alert_only,22,case_22_0039_cycle_004,case_22_0039,4,normal,10.725400296966862,15.190570831298828,19.146811149434257,0.6463229354567399,0,0.29328955077248314,0.0,0.0,False,False,0.2032540029696686,do_nothing,False,5.0,462d28bd8d6ef4a1e6c4271a2df3766e6e3307d78b3e46cdd65443ed2c82e62b
alert_only,22,case_22_0039_cycle_005,case_22_0039,5,normal,10.72834405236545,15.419282913208008,15.419282913208008,0.3358109076209048,0,1.1677780422859008,0.0,0.0,False,False,0.2272834405236545,do_nothing,False,6.0,257858fca3021fd0ee0138d829c41518a822352ae408f28d73f3220314654245
alert_only,22,case_22_0039_cycle_006,case_22_0039,6,normal,11.269689713118131,15.690711975097656,15.690711975097656,0.48721070532133803,0,0.15682770280825548,0.0,0.0,False,False,0.25669689713118127,do_nothing,False,7.0,03b59c7322cd1ea50040ee30e64aa2196062fc4e40e030f2cf6a9613e1366981
alert_only,22,case_22_0039_cycle_007,case_22_0039,7,normal,11.686639763918777,15.287107467651367,15.287107467651367,0.5975275230600855,0,0.05577167862342393,0.0,0.0,False,False,0.28486639763918775,do_nothing,False,8.0,d1fa4211e7694089e73d904ea1ff7bb0a5cb835c630f32bf1b88617a67ab24ed
alert_only,22,case_22_0039_cycle_008,case_22_0039,8,normal,12.184920691533275,15.425861358642578,15.425861358642578,0.459474130129448,0,-0.010468740265415596,0.0,0.0,False,False,0.3138492069153328,do_nothing,False,9.0,b3368eeb76aec563cc52e8cb1ab779a0e52b95b087a78d1ec7bce00030e9c654
alert_only,22,case_22_0039_cycle_009,case_22_0039,9,normal,13.122657755892162,15.149541854858398,15.149541854858398,0.32756013628142555,0,0.8091862468810214,0.0,0.0,False,False,0.3472265775589216,do_nothing,False,10.0,5ccf8a21cbcf4b609bf8f069f220844bfb2767dde3ae8900d4080c44b018e32f
alert_only,22,case_22_0039_cycle_010,case_22_0039,10,normal,13.621589463259095,17.05305290222168,17.05305290222168,0.5575228421627104,0,-0.2122761102221796,0.0,0.0,False,False,0.376215894632591,do_nothing,False,11.0,00da00688ecb29703860ff4ac223b6737a1cbfe559cece6ea873066cfaa1c040
alert_only,22,case_22_0039_cycle_011,case_22_0039,11,normal,12.2284477179898,15.287107467651367,15.287107467651367,0.4993897415124309,0,-0.2337618927665585,0.0,0.0,False,False,0.386284477179898,do_nothing,False,12.0,a91898fe93336da6291422b15870bae6bee0784fe26b1a343ae784416024ade9
alert_only,22,case_22_0039_cycle_012,case_22_0039,12,normal,15.700187230164122,15.518512725830078,15.518512725830078,0.4891933027929986,0,-0.4083846123238736,0.0,0.0,False,False,0.44500187230164123,do_nothing,False,13.0,ac4dbadd87c4f306c786d1db1e9ddc23e47b57208a46ddbc66bfa45bb0ff4e9e
alert_only,22,case_22_0039_cycle_013,case_22_0039,13,normal,13.541000062707834,15.064529418945312,15.064529418945312,0.4319717294451293,0,0.49297423870199564,0.0,0.0,False,False,0.44741000062707836,do_nothing,False,14.0,fedfa381c5d91736bed4020bacdc6bf8199258ed5c6fb5f42215ec0b43e5d6bb
alert_only,22,case_22_0039_cycle_014,case_22_0039,14,normal,13.006959442486425,15.176721572875977,15.176721572875977,0.3874705587242804,0,0.4436706329167651,0.0,0.0,False,False,0.4660695944248643,do_nothing,False,15.0,2d01ddf19755ca0f5fb985747cf16f3d4384da3d4fd751eb71704c41b789e405
alert_only,22,case_22_0039_cycle_015,case_22_0039,15,normal,11.270744025425888,15.170616149902344,15.170616149902344,0.28863058603365566,0,0.438583091332175,0.0,0.0,False,False,0.47270744025425887,do_nothing,False,16.0,00001474d45029edfbae3609077236e5e8a5568577f6dc8f4d3e68f7790625b3
alert_only,22,case_22_0039_cycle_016,case_22_0039,16,normal,14.31973756845461,15.41242790222168,15.41242790222168,0.4029044912129587,0,0.25797219926441806,0.0,0.0,False,False,0.527197375684546,do_nothing,False,17.0,353eee064804ac44382291ead3b1794f3d97bdcd1e9e234a300550c0a19c6d02
alert_only,22,case_22_0039_cycle_017,case_22_0039,17,normal,16.74162051588626,18.057119369506836,18.057119369506836,0.3058603179970414,0,0.1278723368238559,0.0,0.0,False,False,0.5754162051588626,do_nothing,False,18.0,d0cddc906badb27759c28285f90ede72b5e8e45f8e4cd900607926c60783f46e
alert_only,22,case_22_0039_cycle_018,case_22_0039,18,normal,15.10119786341853,15.170616149902344,15.170616149902344,0.32038952289643013,0,0.1029056356629795,0.0,0.0,False,False,0.5830119786341853,do_nothing,False,19.0,acf9e804c36d1ced856193e73b8a648d945b076799257d986da753f2ae623b5b
alert_only,22,case_22_0039_cycle_019,case_22_0039,19,normal,16.27782265729364,15.170616149902344,15.170616149902344,0.30270089557341096,0,-0.0017398140548210428,0.0,0.0,False,False,0.6187782265729365,do_nothing,False,20.0,256389acc7df43ee0c45593a6c466755f3305e69bd3f24f07049da5d3c5125d8
alert_only,22,case_22_0046_cycle_000,case_22_0046,0,motion_instability,23.416564765013792,23.516965866088867,23.516965866088867,0.5315012287526492,0,0.21777787273668886,0.0,0.0,False,False,0.23416564765013792,do_nothing,False,1.0,a562009d38a5fcb253fa9fb164ea7322c62f23d7d587079d69bda48d90244c08
alert_only,22,case_22_0046_cycle_001,case_22_0046,1,motion_instability,28.90981673838938,21.353605270385742,27.591835285303112,0.6890550527430783,0,-0.04265276006314328,0.0,0.0,False,False,0.31309816738389384,do_nothing,False,2.0,d332589262867fd3ada061a599f165822da2f7170e492eda6dfb1c6a12f68b1a
alert_only,22,case_22_0046_cycle_002,case_22_0046,2,motion_instability,24.379899026913723,27.645832061767578,29.69974244820598,0.7002799027059228,0,0.019561043786699955,0.0,0.0,False,False,0.2917989902691372,do_nothing,False,3.0,cb97b406ad5fd48954e98b56183d8d96e30d566fc1d58441d364864d0eca401d
alert_only,22,case_22_0046_cycle_003,case_22_0046,3,motion_instability,27.793008390125966,27.658601760864258,27.658601760864258,0.4123293586985138,0,0.788360344491444,0.0,0.0,False,False,0.3499300839012597,do_nothing,False,4.0,c78de8bffb1ce7693087431f4962647bd6f37f46d215b13c66b8bfa2042e1707
alert_only,22,case_22_0046_cycle_004,case_22_0046,4,motion_instability,27.64505528418778,26.28194236755371,26.28194236755371,0.5751678049916713,0,-0.20362682927438425,0.0,0.0,False,False,0.37245055284187784,do_nothing,False,5.0,a6b6954b8b91f634239213c10b1bdcd65f55002228740a1955cf99627a3fee3c
alert_only,22,case_22_0046_cycle_005,case_22_0046,5,motion_instability,32.603413754297335,25.88042449951172,25.88042449951172,0.6115000342096093,0,-0.42982741776036143,0.0,0.0,False,False,0.4460341375429734,do_nothing,False,6.0,258d89ee67b1ad0087055e9eb1a9adf90dd7fa35c3dbc58741a1a00c4f3a5c29
alert_only,22,case_22_0046_cycle_006,case_22_0046,6,motion_instability,27.41733400846107,27.874540328979492,31.83401687390366,0.7070372806340172,0,-0.3605756123489348,0.0,0.0,False,False,0.4181733400846107,do_nothing,False,7.0,d8bfeb0dfb229bd985e378183bd6566657473b3a80564492a287e7f1b87338d5
alert_only,22,case_22_0046_cycle_007,case_22_0046,7,motion_instability,27.58681421163252,28.239593505859375,28.239593505859375,0.4783291696326939,0,-0.40335380179387975,0.0,0.0,False,False,0.44386814211632525,do_nothing,False,8.0,68da223015eb03744cff348c75481274744bc96d5d1565f1b97e1bfc1ff5591e
alert_only,22,case_22_0046_cycle_008,case_22_0046,8,motion_instability,34.337424780833594,30.096771240234375,32.715169799107414,0.6636268496740538,0,-0.705666770876116,0.0,0.0,False,False,0.535374247808336,do_nothing,False,9.0,0172edb8b9823234ef831b371100da5e0845ef884b6bc1a66956499051d1bf9a
alert_only,22,case_22_0046_cycle_009,case_22_0046,9,motion_instability,34.15256898345655,35.04884719848633,35.04884719848633,0.5048917058727453,0,-0.7483108253846084,0.0,0.0,False,False,0.5575256898345655,do_nothing,False,10.0,33e8f9fcf922046d219107aa9d024437f56af72737e17339251386454c2e6920
alert_only,22,case_22_0046_cycle_010,case_22_0046,10,motion_instability,34.124385627211815,30.484174728393555,30.484174728393555,0.5076217009981261,0,-0.8198748239660733,0.0,0.0,False,False,0.5812438562721182,do_nothing,False,11.0,54ef0265fc10b9decc0279b03429eaeb90a0f377a99031c05fd482862d7a9781
alert_only,22,case_22_0046_cycle_011,case_22_0046,11,motion_instability,34.101538968701306,27.42581558227539,27.42581558227539,0.46111019197206754,0,-0.8842126978568492,0.0,0.0,False,False,0.6050153896870131,do_nothing,False,12.0,6d98cd96a68efa631e89300958077053fda319ec8de8ba58a29166ae7950ae9e
alert_only,22,case_22_0046_cycle_012,case_22_0046,12,motion_instability,32.15611936163531,28.787128448486328,28.787128448486328,0.5814579571276464,0,-0.9159022744182063,0.0,0.0,False,False,0.6095611936163531,do_nothing,False,13.0,4f3b16fa1f2b7c429dfb2cfe5064952dfeb3e20aed43d244103d90480505fc55
alert_only,22,case_22_0046_cycle_013,case_22_0046,13,motion_instability,39.79061234655406,29.94655418395996,29.94655418395996,0.6197570382019837,0,-1.2226819261269193,0.0,0.0,False,False,0.7099061234655406,do_nothing,False,14.0,25401e88f2b51572b409be6b15dac423d0acffa24892cbacb44a0cb6bf6e00b4
alert_only,22,case_22_0046_cycle_014,case_22_0046,14,motion_instability,36.242392523550315,30.500202178955078,30.500202178955078,0.5784714545110231,0,-1.1820424938831626,0.0,0.0,False,False,0.6984239252355031,do_nothing,False,15.0,6e486dba681b4839a4a45b9e4659eb6143caa75f9fc066a3d45384938e16bc53
alert_only,22,case_22_0046_cycle_015,case_22_0046,15,motion_instability,40.73469316449189,33.500648498535156,33.19884468731973,0.6841431209897684,0,-1.4046622630832217,0.0,0.0,False,False,0.7673469316449189,do_nothing,False,16.0,c3f999986810fa9e480f5e677ba701bda2ee311e7069c6d19ccc56ee53ed12ee
alert_only,22,case_22_0046_cycle_016,case_22_0046,16,motion_instability,44.299138652096644,35.118621826171875,37.93182817518131,0.7058403120391084,0,-46.586850206368766,0.0,0.0,True,False,0.8269913865209664,do_nothing,False,17.0,3160e54f8482c2503134af03d6b81cbdf05c36395084108875b8111b5dbf79f6
alert_only,22,case_22_0046_cycle_017,case_22_0046,17,motion_instability,43.86433577981821,38.103145599365234,39.40789501974908,0.6341441391158094,0,-46.63505169426192,0.0,0.0,True,False,0.8466433577981822,do_nothing,False,18.0,3f05d012ee6a5ed06a062f951f14c602b1607dfbc10b567eb4a04d2840373655
alert_only,22,case_22_0046_cycle_018,case_22_0046,18,motion_instability,43.82807324719237,37.61961364746094,37.61961364746094,0.60812184182135,0,-46.702060473688974,0.0,0.0,True,False,0.8702807324719237,do_nothing,False,19.0,2958ae27818a36592845ee02e27b43549421d634183cfc5d44c669a016647e05
alert_only,22,case_22_0046_cycle_019,case_22_0046,19,motion_instability,45.6108460813057,37.884483337402344,39.59693305189788,0.7502036648354358,0,-46.84885593216448,0.0,0.0,True,False,0.912108460813057,do_nothing,False,20.0,97aa19586426fba9a4afa9902763ab21952e017eb534872e974dbd75b9527ac9
rule_based,22,case_22_0007_cycle_000,case_22_0007,0,motion_instability,22.944945466543494,20.956348419189453,28.51391772376724,0.6694021312880045,2,-0.9933912050021076,0.26973721658665256,0.24558460380568178,False,True,0.14225866189256967,minor_maintenance,False,0.0,c3c56f7bbbd7718d4ba9021361f0cefeae6fbfcae36b3ab9503bb1c1b9b0e4f2
rule_based,22,case_22_0007_cycle_001,case_22_0007,1,motion_instability,24.007883388446814,20.629226684570312,20.629226684570312,0.47503812633756115,1,0.1343217796627994,0.09131606997856317,0.06861697489992413,False,False,0.21607095049602132,inspect,False,1.0,bb14ff5a64d784b8682dbaa6caeb7cc1677222cdc93097e9e544b9c722862674
rule_based,22,case_22_0007_cycle_002,case_22_0007,2,motion_instability,25.80722300607418,24.062992095947266,24.062992095947266,0.4008040650184972,1,0.06469788954144648,0.10035903263599233,0.06715930863222962,False,False,0.24036500705466765,inspect,False,2.0,eea443755d03beda8bdefd6ecdd9779842ddd73e9ea4f84ec9b2168ca5bef4c8
rule_based,22,case_22_0007_cycle_003,case_22_0007,3,motion_instability,29.93461421848986,25.150651931762695,25.150651931762695,0.5710171389216527,1,-0.09788104835022923,0.09852406354826612,0.07108728758061114,False,False,0.28561152796640876,inspect,False,3.0,f8d77dca0f54b0a38ecdd343ca8d2e84d1a49ba0f2748cefc128585a4442c131
rule_based,22,case_22_0007_cycle_004,case_22_0007,4,motion_instability,30.694130950710257,29.6306095123291,29.6306095123291,0.4110334258193524,1,-0.12204241162389493,0.10403637574889009,0.06838685791615617,False,False,0.30054717855639235,inspect,False,4.0,abf956b02f0982ad0cb8b5f28c94182a5e3f2dfafa0c4bb13aa38925a62bb020
rule_based,22,case_22_0007_cycle_005,case_22_0007,5,motion_instability,28.304157873306412,23.534343719482422,23.534343719482422,0.48018892401396696,1,-0.09512233681318527,0.10512008625761897,0.07070206171774747,False,False,0.28713742085975774,inspect,False,5.0,fcee8ce8290f722dda4a12609b236dd945a72f6421b28e6d5ba9ec8b180bf870
rule_based,22,case_22_0007_cycle_006,case_22_0007,6,motion_instability,30.353525764774723,23.19273567199707,23.19273567199707,0.4071546119619697,1,-0.16678803573466086,0.1095441790081021,0.06890683660418206,False,False,0.31368173188297255,inspect,False,6.0,ea22ce9efd23ef499a351ad51c0f4c528e70c4c7b2893d857b8b6d03e8da5cfd
rule_based,22,case_22_0007_cycle_007,case_22_0007,7,motion_instability,33.33548645792202,28.750877380371094,28.750877380371094,0.49803393044978983,1,-0.289751334982963,0.1130953589594022,0.07011594011524688,False,False,0.3486193781212983,inspect,False,7.0,ebc4cc9c5f2837a6b3945be2fedb35f0083d951c0b5049bb3788bf411c4ca606
rule_based,22,case_22_0007_cycle_008,case_22_0007,8,motion_instability,31.01336783220294,27.05549430847168,41.626639393337115,0.6708586143323567,2,-1.3068830949528367,0.31343879746884956,0.24848357956894893,False,True,0.2313428805596582,minor_maintenance,False,0.0,048686d6a4b576334d01542242654ea20ae4b144eb1e0c8b18b70e47630cbee6
rule_based,22,case_22_0007_cycle_009,case_22_0007,9,motion_instability,40.39727581627377,25.87962532043457,25.87962532043457,0.4643577072104163,1,-0.32558559639411006,0.11039614028882364,0.0685116912304152,False,False,0.3635754823464639,inspect,False,1.0,c74007d9cf9b2abdf0f656f8bf7b6546337a8aeda430cace4ec7b4d9718638e8
rule_based,22,case_22_0007_cycle_010,case_22_0007,10,motion_instability,39.109431640336894,22.43123435974121,22.43123435974121,0.4479870205169965,1,-0.308539502295643,0.10664592196697958,0.06805109120252203,False,False,0.3600848847630321,inspect,False,2.0,44e6c5a091b67d1084b171cea06f1980ad6fabef303907774bd76058623a4cab
rule_based,22,case_22_0007_cycle_011,case_22_0007,11,motion_instability,37.962153505532235,31.831388473510742,31.831388473510742,0.5909114997230653,1,-0.3366882609856787,0.11695039529627813,0.071903745101963,False,False,0.35785938154979013,inspect,False,3.0,cf37b62af7fa8b2529a34b83ea16972715e419e78c17b4fe3ca71236157037b9
rule_based,22,case_22_0007_cycle_012,case_22_0007,12,motion_instability,37.307168811142866,35.372520446777344,32.82274233821664,0.675377187222671,2,-1.3697941222660102,0.3243308633766203,0.25002917614841463,False,True,0.24804444662908579,minor_maintenance,False,0.0,d914fccb8ede72fc61ce2245ac496122c49b5cc3041baa8f63c34cc5485dd44c
rule_based,22,case_22_0007_cycle_013,case_22_0007,13,motion_instability,40.314017759886696,37.51995086669922,35.290840036443726,0.6657569503028191,2,-0.3977966452206987,0.3385922186967584,0.26187519205578114,False,False,0.2499469101112975,minor_maintenance,False,0.0,5b25806b9c470ed3dfc3937204e28866bdcfad2f5c287a7429e90d2d54085ef7
rule_based,22,case_22_0007_cycle_014,case_22_0007,14,motion_instability,42.961189736636705,30.143993377685547,28.985575057933957,0.7252733998561245,2,-0.4486787020792549,0.33820544038207345,0.2532551532716501,False,False,0.26635937636714757,minor_maintenance,False,0.0,ac84feb0182a33bdeb20fafaa05570a843abbd528a45b0b315d9c3068918986e
rule_based,22,case_22_0007_cycle_015,case_22_0007,15,motion_instability,43.979849509462646,33.95328140258789,41.407540722144866,0.7289270369082274,2,-0.4639062101950401,0.3335394920188858,0.2537530772048935,False,False,0.27267506695866844,minor_maintenance,False,0.0,f943982ba552f70eae3845d66fe52fc4fb550ec4a06d5dfe2420ef29d0241c11
rule_based,22,case_22_0007_cycle_016,case_22_0007,16,motion_instability,48.71479514108116,33.85686111450195,32.90992990594232,0.7541502054340045,2,-0.5724930238539395,0.34427081590708186,0.26125560938455916,False,False,0.3020317298747032,minor_maintenance,False,0.0,5ed1cba2a333f6cbc7c040bfee532b23cdc105c40a451fd4685dcae0022bd496
rule_based,22,case_22_0007_cycle_017,case_22_0007,17,motion_instability,43.645557653225865,36.88288497924805,37.185473356536974,0.7287014536864799,2,-0.4622720920226751,0.331014788417137,0.2626808915032064,False,False,0.27060245745000033,minor_maintenance,False,0.0,b4c27a70c45fbec02896bbaf322930a3ca2451a30415f5b78bb5aa32e30922f4
rule_based,22,case_22_0007_cycle_018,case_22_0007,18,motion_instability,47.65659237691985,40.21677780151367,44.18040671414272,0.7938102871800599,2,-0.535677991774244,0.32863880968617337,0.25194377600044054,False,False,0.2954708727369031,minor_maintenance,False,0.0,6fd9a995896ef635bed7f844445cecb73da7da6306d1f8587c0df00dc70044ff
rule_based,22,case_22_0007_cycle_019,case_22_0007,19,motion_instability,46.13597910999277,44.181243896484375,40.057386808237375,0.7523890126327806,2,-0.5109446958202231,0.33354848899502787,0.2580108043555159,False,False,0.28604307048195515,minor_maintenance,False,0.0,5f5e4221d1725b0913867699e519c28177faa2bc5a3e3a544e347ddc3b5f99f9
rule_based,22,case_22_0008_cycle_000,case_22_0008,0,lens_contamination,24.127441549505175,22.621049880981445,22.621049880981445,0.550621875853997,1,0.1008225609159812,0.10943920289104073,0.06963004122279849,False,False,0.21714697394554658,inspect,False,1.0,a094cebc562ddf63abdc3b7e917b386d639d02c71b13101ec41b9bd32aa9255a
rule_based,22,case_22_0008_cycle_001,case_22_0008,1,lens_contamination,22.463228754007357,25.56425666809082,25.56425666809082,0.5421732150026701,1,0.1282185634619764,0.10556266809478333,0.06760701229330132,False,False,0.21026905878606625,inspect,False,2.0,8d52d1365c5af235076f5348b07ff82b195ae414437a67d476cd9bc738333737
rule_based,22,case_22_0008_cycle_002,case_22_0008,2,lens_contamination,23.34957020723656,25.65277862548828,25.65277862548828,0.4958610292282478,1,0.08500136682703335,0.10579408832052209,0.0697337435910253,False,False,0.22634613186512906,inspect,False,3.0,7ed2c0bea7cbcedbbeb4a90487daf3acb46080f0e9c393f5a69c90f35261b1d4
rule_based,22,case_22_0008_cycle_003,case_22_0008,3,lens_contamination,22.38302305104832,22.920413970947266,22.920413970947266,0.4947075627358032,1,0.09190009671627992,0.10140863862058849,0.06905438484307055,False,False,0.22574720745943488,inspect,False,4.0,4b90ce5c8c0df0fe570cd2d2667c993b0f1deed72fa4a840bb3768b773b8859f
rule_based,22,case_22_0008_cycle_004,case_22_0008,4,lens_contamination,22.83260573756606,24.907438278198242,24.907438278198242,0.519434611274409,1,0.05605996503933046,0.09659104433274858,0.06969180502809502,False,False,0.23789345163809456,inspect,False,5.0,571f168169b8053d9302713fe7d85dcf0044d2ca936cbfdb73f565e52e9bd6a3
rule_based,22,case_22_0008_cycle_005,case_22_0008,5,lens_contamination,22.378946185804782,25.6021671295166,24.07464386702054,0.6804961029087593,2,-1.0892227302888062,0.2835950550870656,0.2545060758868222,False,True,0.16664946635198963,minor_maintenance,False,0.0,00e837339147ad1fda73bbf4baaf6f2756c7770dacb3e3852cd0f083a8e49f28
rule_based,22,case_22_0008_cycle_006,case_22_0008,6,lens_contamination,26.35226350742191,28.749526977539062,37.53512455470151,0.7155485872385204,2,-1.0721512316007558,0.2724481219405645,0.2527734004204573,False,True,0.16338403374601582,minor_maintenance,False,0.0,1a69f10f5a0b121243fc78fa3009611e546ca1bd4e89df53200adff7d8d4415c
rule_based,22,case_22_0008_cycle_007,case_22_0008,7,lens_contamination,30.115406720908084,29.81554412841797,24.564962871805037,0.7041042941931895,2,-1.153447087093562,0.289711633474488,0.24746655560150646,False,True,0.18671552166963012,minor_maintenance,False,0.0,3afdd2de86693ccfdb8d475758b0227ca5a60e524eec481d7d0e1e02cda6daf2
rule_based,22,case_22_0008_cycle_008,case_22_0008,8,lens_contamination,30.222445942216954,36.102752685546875,42.35815894556453,0.7582810969928242,2,-1.1472530362501536,0.2732864597850378,0.24760864673869626,False,True,0.1873791648417451,minor_maintenance,False,0.0,21df0fa0bf1e04f50c75c5b4a84b8990b8be9d71e50a77529d362e98fdc2ef1a
rule_based,22,case_22_0008_cycle_009,case_22_0008,9,lens_contamination,31.74422226271087,31.699657440185547,39.479555197812154,0.7331383096370279,2,-1.1687608723044223,0.2649258465912149,0.2542771814765388,False,True,0.19681417802880738,minor_maintenance,False,0.0,840d4b258cddb8f397fc10602be3b8319b60a9d925509341bb4f3b90caf883d1
rule_based,22,case_22_0008_cycle_010,case_22_0008,10,lens_contamination,30.685585315925128,32.5711555480957,34.61461836716023,0.7166038560533338,2,-1.1366255972900552,0.2626363858627793,0.24468343267883572,False,True,0.1902506289587358,minor_maintenance,False,0.0,c46ae544bb4aace3121197ca0c2752588daa67513bdecc86c9dfec33a4b30f9e
rule_based,22,case_22_0008_cycle_011,case_22_0008,11,lens_contamination,34.195588899071204,28.92879295349121,36.34135453464023,0.7235347240688609,2,-1.2160678321383886,0.2715419788711436,0.24994711391773938,False,True,0.21201265117424148,minor_maintenance,False,0.0,d1420a8cfaeb587b716497424368b9b0c89b15562828c30a2d894ed35142ba8e
rule_based,22,case_22_0008_cycle_012,case_22_0008,12,lens_contamination,31.06395434332508,33.058319091796875,40.74013269789971,0.7303388932193253,2,-1.1298680684293445,0.24765076032655614,0.24359615416755398,False,True,0.19259651692861549,minor_maintenance,False,0.0,65fa4747bbad80b72bda1b8108c0cf26592dd2ee4a38bff212b80a3c4aabf381
rule_based,22,case_22_0008_cycle_013,case_22_0008,13,lens_contamination,31.83622352347763,37.15510940551758,44.08324996874742,0.7561068842293851,2,-1.1654928973060956,0.2603935498314106,0.24941194662949157,False,True,0.19738458584556132,minor_maintenance,False,0.0,8051c8ac096710050453be3fec8dab1eb63cc3b3d62f6811a7fa653aa9a60b26
rule_based,22,case_22_0008_cycle_014,case_22_0008,14,lens_contamination,35.28290019190387,30.863943099975586,32.425499200696194,0.7326167323796268,2,-1.2174235883708673,0.25583337490012037,0.24429470005548862,False,True,0.218753981189804,minor_maintenance,False,0.0,6079adaef41f9c2f4e19f0f65cc896cf4350b7cea15ef43ca7f4775b6d16fd41
rule_based,22,case_22_0008_cycle_015,case_22_0008,15,lens_contamination,33.94412241074432,36.91526412963867,45.818157712317614,0.7566106738133844,2,-1.1883366721793074,0.24777793951814706,0.24463306843663532,False,True,0.2104535589466148,minor_maintenance,False,0.0,ffce92bdb9be675f9b7065c68c0673fa1abfdbb8b54f17ef68032dfd9cf54d26
rule_based,22,case_22_0008_cycle_016,case_22_0008,16,lens_contamination,36.657927332734616,36.37250518798828,44.238670661380716,0.7558340297418199,2,-1.2488073919790184,0.25540614740238543,0.24773586465812014,False,True,0.2272791494629546,minor_maintenance,False,0.0,c886217d8c897e6cce14326acfb1d4407e69c3647475d7ebf081b25d9d663d85
rule_based,22,case_22_0008_cycle_017,case_22_0008,17,lens_contamination,39.38720833165942,36.695289611816406,35.48946943816334,0.7610145225693361,2,-0.28645253020446976,0.2415936005958707,0.24763084531791676,False,False,0.2442006916562884,minor_maintenance,False,0.0,b936bc738ca6098a3059841648139b28b18d19de3d3b34cb616bf70a26093f05
rule_based,22,case_22_0008_cycle_018,case_22_0008,18,lens_contamination,37.24303951726984,34.837921142578125,37.46828420804926,0.7550403438726191,2,-1.240628358786461,0.24075323572030705,0.24237317058005242,False,True,0.23090684500707304,minor_maintenance,False,0.0,3c6d05ac59da041c560ca98c5b1b5324a9223076b216500ef5c5a429f7caec98
rule_based,22,case_22_0008_cycle_019,case_22_0008,19,lens_contamination,35.68306982105952,34.07655334472656,37.778979422627785,0.7420416196463102,2,-1.2209926159627167,0.2459156289464799,0.25008205674697886,False,True,0.22123503289056903,minor_maintenance,False,0.0,8df0599936893b5d1cfe85eec6fb225a7a14f3514ab55da96e7af5f1008b9fe2
rule_based,22,case_22_0012_cycle_000,case_22_0012,0,lens_contamination,22.45893278299913,25.03001594543457,25.03001594543457,0.564045613757449,1,0.16081038031297906,0.09284682160890895,0.0691809635918976,False,False,0.20213039504699218,inspect,False,1.0,6065f5af8b94e68b00cafd40729280d1201ad26113097794cd35b1db163e52cf
rule_based,22,case_22_0012_cycle_001,case_22_0012,1,lens_contamination,19.05150692081102,26.095598220825195,26.095598220825195,0.3238802362628026,0,1.2528727569362492,0.0,0.0,False,False,0.19951506920811019,do_nothing,False,2.0,bcca4a192e2e4d487ca47cc25af5eeaa7fa67df1e3ee6a7636a11caf1c0ffba1
rule_based,22,case_22_0012_cycle_002,case_22_0012,2,lens_contamination,19.667777287946965,25.458311080932617,25.458311080932617,0.5405867604390782,1,0.15622723361291374,0.08917995572764384,0.06671851227376592,False,False,0.20670999559152267,inspect,False,3.0,677cd439e47a071d997abc612a3b61413832ed1e1440c443374aa1888b28bb99
rule_based,22,case_22_0012_cycle_003,case_22_0012,3,lens_contamination,25.483003982062574,28.38124656677246,28.38124656677246,0.4877225768663363,1,-0.01989928551331533,0.09026910406381342,0.06878835925482757,False,False,0.26714703583856314,inspect,False,4.0,af51f593d37db6ee9af2d0c2b63592da9e5021c9816b98ab3407c8f81c9b9eaf
rule_based,22,case_22_0012_cycle_004,case_22_0012,4,lens_contamination,19.72693140783814,23.946958541870117,23.946958541870117,0.4655808614187854,1,0.11416518838034544,0.09232863236804534,0.0666773775339521,False,False,0.22344238267054325,inspect,False,5.0,9201450271e664cc57067540592bc7e3459d34392f7e17d5c33f62feb2d71e21
rule_based,22,case_22_0012_cycle_005,case_22_0012,5,lens_contamination,24.5047832237331,26.414871215820312,26.414871215820312,0.3538284374980111,0,0.9317822376633055,0.0,0.0,False,False,0.30504783223733095,do_nothing,False,6.0,7d8dd1ad37940da2fe3c897c3fa49b5557f8bd52cbd9701d0061c4856f26ecf1
rule_based,22,case_22_0012_cycle_006,case_22_0012,6,lens_contamination,28.60991926190769,28.557632446289062,28.557632446289062,0.5726869269122893,1,-0.24132316712597673,0.10133137311058699,0.06852616863379828,False,False,0.33308927335716926,inspect,False,7.0,56dad08443ef041abe873d10923056a5f7cf2a9690f8cbd6cd5400196f90a1e8
rule_based,22,case_22_0012_cycle_007,case_22_0012,7,lens_contamination,26.07955788629484,30.798782348632812,30.798782348632812,0.6263500308870046,1,-0.20116661114995793,0.09785879368176482,0.06763406238147691,False,False,0.3184160209766536,inspect,False,8.0,d7361f8b971ff934f43ff96bb013b8553684f871bd8d0f8cf7d4811fbd16885a
rule_based,22,case_22_0012_cycle_008,case_22_0012,8,lens_contamination,25.955783163531542,26.328083038330078,26.328083038330078,0.5201291827225086,1,-0.21136828764292842,0.10280500906245532,0.06792219469593117,False,False,0.32540204847178394,inspect,False,9.0,17469cec19452f857fc9c43c8412d26504a1c1dfb8899c2b02b15bea7b400623
rule_based,22,case_22_0012_cycle_009,case_22_0012,9,lens_contamination,32.612269231011076,29.881683349609375,29.881683349609375,0.5205361835671973,1,-0.42038636900040954,0.10687892963688764,0.06899467823892895,False,False,0.3934104230790997,inspect,False,10.0,1c8a21845ec53abc013af0490e0c10f4a9be3ec602bf528c3e58be386ff0ce36
rule_based,22,case_22_0012_cycle_010,case_22_0012,10,lens_contamination,29.60751392164836,28.41818618774414,28.41818618774414,0.6219507133061326,1,-0.3792455515177735,0.10609796966136614,0.07056512371997704,False,False,0.37446762529483524,inspect,False,11.0,42f742dfbdf12d7c2fab22a9c39c1dba6a891c72eeaf6594c054f08a60814fdb
rule_based,22,case_22_0012_cycle_011,case_22_0012,11,lens_contamination,27.275002781561884,27.63980484008789,27.63980484008789,0.5333849753050309,1,-0.32510809594250933,0.10454027434653862,0.0697937502475565,False,False,0.361575025034057,inspect,False,12.0,71970dc3f2522a58ddc2c71fac891cadd028f07d33aba9a975b11497e49e5ac4
rule_based,22,case_22_0012_cycle_012,case_22_0012,12,lens_contamination,32.79381375301754,22.51083755493164,22.51083755493164,0.5195376651593612,1,-0.5048935893321636,0.11224706070694106,0.07085363439980605,False,False,0.4193443237771578,inspect,False,13.0,29f007bd59120eab3d78a87248c8236d2b5c88d98f8c8c3a251c7292b7ae849f
rule_based,22,case_22_0012_cycle_013,case_22_0012,13,lens_contamination,35.26300521686668,22.286163330078125,22.286163330078125,0.596885288144947,1,-0.6072116458446338,0.11265787641493327,0.07002479419069747,False,False,0.44966704695180015,inspect,False,14.0,3c30c08337d2b43939e4bf8396d088dafc789fb9f1c7e0a772257ffe36a14bfd
rule_based,22,case_22_0012_cycle_014,case_22_0012,14,lens_contamination,33.577617856931795,26.788000106811523,26.788000106811523,0.5548138425671952,1,-0.5830458805395153,0.1170376639717333,0.06873807255693025,False,False,0.4425985607123862,inspect,False,15.0,0f127075a6e2469fc6afeed883f5191ca0c4acecd88c71bcb973f963a4d7554f
rule_based,22,case_22_0012_cycle_015,case_22_0012,15,lens_contamination,34.51921288578767,26.867359161376953,26.867359161376953,0.58932754494585,1,-0.6383524691606314,0.11721495219862496,0.06902454662982717,False,False,0.45917291597208904,inspect,False,16.0,9c9b17eb24f7ab6eb1b0677295052ab036db66aa68e23edbe487cc0369105cdd
rule_based,22,case_22_0012_cycle_016,case_22_0012,16,lens_contamination,36.19727086203649,27.757064819335938,27.757064819335938,0.5563153714756254,1,-0.7043457314872622,0.11830570216664683,0.06933301290535762,False,False,0.4823754377583285,inspect,False,17.0,ca33fcade010e6cbb8e4e35a5302a8382a671b94b4733cd774a38a1cbe58185a
rule_based,22,case_22_0012_cycle_017,case_22_0012,17,lens_contamination,33.87765589056039,26.99036979675293,26.99036979675293,0.5473094024605278,1,-0.6756542016687087,0.1275229381075133,0.071547680183732,False,False,0.46959890301504353,inspect,False,18.0,01c1fd793d65ea2979b2bf3e4dceb12c84ec9e15d1f9caa7a7c5ecff66047750
rule_based,22,case_22_0012_cycle_018,case_22_0012,18,lens_contamination,36.09391873527035,29.779611587524414,34.90546640997952,0.7126456929324547,2,-1.6663591535494733,0.3252780576823807,0.25714669181399513,False,True,0.3428222961586761,minor_maintenance,False,0.0,30e7cb0c793655e60cdac1eec6efaa520c1304ec8810d1bca760b4530c0c2f0e
rule_based,22,case_22_0012_cycle_019,case_22_0012,19,lens_contamination,37.7451257236858,36.365867614746094,31.363433760918564,0.6208954405002974,1,-0.28869129616774886,0.11919955250884545,0.07154879130542745,False,False,0.33970613151317225,inspect,False,1.0,0b4c4d247a6f0df40ce2457d86eefd8b41b4ef00254e4ac85825e095657b0b68
rule_based,22,case_22_0014_cycle_000,case_22_0014,0,normal,11.346802371110083,15.31319808959961,15.31319808959961,0.5271388709892377,1,0.47396350375277047,0.08848014388015854,0.06515232212339132,False,False,0.10212122133999076,inspect,False,1.0,82579320075209781e84e18535e7724cfe745336f338ea1693914287f4cf0482
rule_based,22,case_22_0014_cycle_001,case_22_0014,1,normal,9.75914056658004,16.32408332824707,16.32408332824707,0.3567400188227773,0,1.5267147801791823,0.0,0.0,False,False,0.10659140566580041,do_nothing,False,2.0,d4f8d22d715baa8b717c42a1c8b3dee16f580feb40290108fd79af8fb04828c9
rule_based,22,case_22_0014_cycle_002,case_22_0014,2,normal,11.069955654346167,15.251291275024414,15.251291275024414,0.3884313809513976,1,0.41356639866040046,0.08386439362044305,0.07039462238637527,False,False,0.12932960088911552,inspect,False,3.0,3fe8d72551527ac7535552efc503f15d853ff80fcaacd94b55948c7de1a5e620
rule_based,22,case_22_0014_cycle_003,case_22_0014,3,normal,12.043434179814712,15.518512725830078,15.518512725830078,0.24855893394625164,0,1.375413134513621,0.0,0.0,False,False,0.1624343417981471,do_nothing,False,4.0,1bb15d1aa5d0cbaf6f89b89ee1a7f638fab44c391ffd3fbdbf26f2d3fec347cf
rule_based,22,case_22_0014_cycle_004,case_22_0014,4,normal,13.122765692066308,15.73292064666748,15.73292064666748,0.5069525890670695,1,0.2491411659708346,0.086614982411657,0.06960786196457204,False,False,0.17750489122859678,inspect,False,5.0,0a86ac62c5c4d36e61d2450305de9520c3702ce4a97b903b545964fa9c1b3f12
rule_based,22,case_22_0014_cycle_005,case_22_0014,5,normal,12.55464102966133,15.064529418945312,15.064529418945312,0.3867466762910515,1,0.2603097081972283,0.0881785072549377,0.06503059412915045,False,False,0.18049176926695196,inspect,False,6.0,9dff5810a97b7fce6d88d7e3ca19ad00fa989583474129896fb3ace3c1e7068b
rule_based,22,case_22_0014_cycle_006,case_22_0014,6,normal,10.618847355596058,15.627809524536133,15.627809524536133,0.48293708423865134,1,0.2818641997010903,0.08096187090863909,0.0640306101917243,False,False,0.17116962620036452,inspect,False,7.0,0ba1da196c9575af75d05fd7fe4a85b7e03271e813b0b1b18385b35b5b935732
rule_based,22,case_22_0014_cycle_007,case_22_0014,7,normal,11.899773079413999,15.170616149902344,15.170616149902344,0.45266335182731815,1,0.21746726427700735,0.08747615506364408,0.06845400592634103,False,False,0.190797957714726,inspect,False,8.0,b140cf59dcdeea1dd822414b3b20284387a114eef5fc7bd395dfb5453193a2ad
rule_based,22,case_22_0014_cycle_008,case_22_0014,8,normal,14.415925293911902,15.149541854858398,15.149541854858398,0.394799680303313,1,0.1318528770813772,0.0902998059994835,0.06749672742252621,False,False,0.22154332764520712,inspect,False,9.0,160b4a18b92bb1d1dbb96c4618d1833a1718e02f38dfe08c5769c73e1629886a
rule_based,22,case_22_0014_cycle_009,case_22_0014,9,normal,10.523133001453273,15.251291275024414,15.251291275024414,0.2829635606972255,0,1.2088614758518181,0.0,0.0,False,False,0.2162313300145327,do_nothing,False,10.0,31d777c8e1a9f1ff8cec19585c9501a8dc35ace27703232ee5e3a4c7bc9ba53c
rule_based,22,case_22_0014_cycle_010,case_22_0014,10,normal,11.221434433606639,19.496309280395508,19.496309280395508,0.49094882626177966,1,0.12755723876467143,0.0767496877511685,0.06821502479689222,False,False,0.22249290990245976,inspect,False,11.0,90f24dd58bce8465c05a36ca316222788e8a9b393037f429dcb528ef41b85474
rule_based,22,case_22_0014_cycle_011,case_22_0014,11,normal,12.541428288633039,15.170616149902344,15.170616149902344,0.47190011974571167,1,0.058012616975441286,0.08903532901677677,0.06843559031604134,False,False,0.24247285459769738,inspect,False,12.0,7400835fa40ffd67bd19cccb29a29e00b955947ebfd838fe8a692e491b0d2247
rule_based,22,case_22_0014_cycle_012,case_22_0014,12,normal,14.274193184476418,15.170616149902344,15.170616149902344,0.3506716078836266,0,0.9601734632831636,0.0,0.0,False,False,0.29574193184476416,do_nothing,False,13.0,183e1d780f9e29591fa695fb973ca9312b351c991f828e9f5cb16cb44f7fc895
rule_based,22,case_22_0014_cycle_013,case_22_0014,13,normal,13.511423101905043,20.944509506225586,20.944509506225586,0.44940882767571666,1,-0.05257326855376303,0.08770364803667059,0.06843734076787346,False,False,0.2809028079171454,inspect,False,14.0,e526ef9f2be79d06910b2d8f3ff8ac017290a8ca62828eb691d818d8ccf240e4
rule_based,22,case_22_0014_cycle_014,case_22_0014,14,normal,14.718088853571656,15.170616149902344,15.170616149902344,0.2784822531702118,0,0.8586849964173184,0.0,0.0,False,False,0.3331808885357166,do_nothing,False,15.0,88ac17b2b7f8c29397ae716adec35d062ca08438ed794710f687114484849774
rule_based,22,case_22_0014_cycle_015,case_22_0014,15,normal,16.085138302320207,15.064529418945312,15.064529418945312,0.38510717310725967,1,-0.20049959115896632,0.08676712764723617,0.06833456672874454,False,False,0.3337662447208819,inspect,False,16.0,1b46164ff3cf19bb206f9fc5c6c10378edb8b9ab03da468dfe05cb13af29e19b
rule_based,22,case_22_0014_cycle_016,case_22_0014,16,normal,13.88453669209866,15.170616149902344,15.170616149902344,0.5734570417713583,1,-0.19869623807829245,0.09138552741779274,0.06888707963516516,False,False,0.32206083022888793,inspect,False,17.0,64bd1c6942950489271699f753278106f6e70eeeec8820515362f23f59ca8dc2
rule_based,22,case_22_0014_cycle_017,case_22_0014,17,normal,14.189598869715232,16.309412002563477,16.309412002563477,0.3240345497554075,0,0.7417068514452317,0.0,0.0,False,False,0.36989598869715234,do_nothing,False,18.0,2ed014339e31752b5eb881fcb858373be88af8a8bb41a74be4c8b6c1dbb81e2a
rule_based,22,case_22_0014_cycle_018,case_22_0014,18,normal,15.729206272549387,15.170616149902344,15.170616149902344,0.3728782651489878,0,0.6161920720511702,0.0,0.0,False,False,0.4092920627254939,do_nothing,False,19.0,15feaa2cd37032091d77e403bba491c640f229171fdea35aa405360bf0a7e5e2
rule_based,22,case_22_0014_cycle_019,case_22_0014,19,normal,15.673735051145421,16.41180992126465,16.41180992126465,0.45347443485234057,1,-0.39774247391790757,0.10607117643307098,0.06907410734507383,False,False,0.38946361546030883,inspect,False,20.0,3da2ac7dba6fd4306f4d68557fe08fdf4a2b1a2726385181b4eb1dc29f49fc07
rule_based,22,case_22_0027_cycle_000,case_22_0027,0,focal_drift,23.107165720195173,21.929601669311523,21.929601669311523,0.5812431079957102,1,0.13213757041199953,0.10186635307154432,0.06864516983978744,False,False,0.20796449148175655,inspect,False,1.0,aedd483303207a65142c1710088069d0c19c371cf54a0549977a6152514e6348
rule_based,22,case_22_0027_cycle_001,case_22_0027,1,focal_drift,17.045265187491925,22.466310501098633,22.466310501098633,0.46471635407224055,1,0.2831740782259908,0.10603350074848014,0.07070350981551368,False,False,0.16150738668742734,inspect,False,2.0,7ed012d7bc3b5fb79adaf74eaabae32b3fad01a55d2ad3394eb27922058acf79
rule_based,22,case_22_0027_cycle_002,case_22_0027,2,focal_drift,22.164407839398855,20.291973114013672,20.291973114013672,0.5620593831083096,1,0.10353141122480104,0.11032363338715734,0.06849629532253247,False,False,0.21567967055458973,inspect,False,3.0,8755fb9a9a6a7435223835ce4fbbf53ef62fe0ec38e852f66940d4f66b7aa8b1
rule_based,22,case_22_0027_cycle_003,case_22_0027,3,focal_drift,22.612516637424164,16.32408332824707,16.32408332824707,0.3270947485217164,0,1.0915602885990177,0.0,0.0,False,False,0.25312516637424165,do_nothing,False,4.0,6ccb6821c1c6d4dbbfab5e6678180524bbfa9b36801ba3ca92e671d406845dd1
rule_based,22,case_22_0027_cycle_004,case_22_0027,4,focal_drift,23.329816744098505,17.893585205078125,17.893585205078125,0.43562682599778324,1,0.00015188392884377122,0.11033665415267915,0.07070298241018756,False,False,0.2558683506968865,inspect,False,5.0,9f0adac8949cb01d5631732aee492bc8fea6203bda56ebc02c17d7b1e97a69c4
rule_based,22,case_22_0027_cycle_005,case_22_0027,5,focal_drift,22.443816017800124,22.921403884887695,22.921403884887695,0.43459609231374713,1,-0.001661083128892779,0.11227770514464759,0.07026366457072465,False,False,0.2559943441602011,inspect,False,6.0,bd2dcf7355c9081b686a978790fef6da6a0ca7ca3bb044c9992cd1521bf0be04
rule_based,22,case_22_0027_cycle_006,case_22_0027,6,focal_drift,23.355472600644546,21.406679153442383,21.406679153442383,0.5066428084975979,1,-0.0650853285309334,0.11722577756528363,0.06870671184200912,False,False,0.2722992534058009,inspect,False,7.0,fb5746f89c6df30bb89995f289395b86b784568a2a8fcfa8be0e4ae0c5668697
rule_based,22,case_22_0027_cycle_007,case_22_0027,7,focal_drift,28.697036799820708,25.03343963623047,25.03343963623047,0.5349460557282646,1,-0.24182848789859357,0.11947901203277,0.07085946738928087,False,False,0.3284733311983864,inspect,False,8.0,02f4e7cb37188565bad47d00b5989d6408b6ee2e7cafa9f707754e717af74a44
rule_based,22,case_22_0027_cycle_008,case_22_0027,8,focal_drift,25.89779105907926,24.788042068481445,24.788042068481445,0.3017762895630724,0,0.8167998247931614,0.0,0.0,False,False,0.3459779105907926,do_nothing,False,9.0,80103895ae3f5ce03cbfaa7abebb5e45c778c2dcabb0c92363f4f077d8573811
rule_based,22,case_22_0027_cycle_009,case_22_0027,9,focal_drift,23.745846749525526,28.000213623046875,28.000213623046875,0.47652455555519113,1,-0.18293440772076308,0.11433016319012691,0.07035962370021016,False,False,0.31361262074572976,inspect,False,10.0,b58e7691e2c45e3bf347f4e74efc6b048a13f5917bfcc058747782d1e8c3c543
rule_based,22,case_22_0027_cycle_010,case_22_0027,10,focal_drift,32.9868078139129,23.128742218017578,23.128742218017578,0.34726227236903595,0,0.49830642472725756,0.0,0.0,False,False,0.449868078139129,do_nothing,False,11.0,cfec983dc4525789e6d4b1e1e3f3ac2d4acb42e90e9c98fdf8311b90e7a18d8d
rule_based,22,case_22_0027_cycle_011,case_22_0027,11,focal_drift,28.946104672972716,25.179243087768555,25.179243087768555,0.5042787358603441,1,-0.41818949491613233,0.11585237890917219,0.07043809932205644,False,False,0.39011494205675445,inspect,False,12.0,2bbc60d546e3bce1ec97d2e9b42416b7a32889696b6c1ad819ac659864c9bc25
rule_based,22,case_22_0027_cycle_012,case_22_0027,12,focal_drift,28.3802613571105,29.353294372558594,29.353294372558594,0.5705663937504489,1,-0.4309684100631276,0.10904493739993742,0.07121432119829929,False,False,0.39312235221399444,inspect,False,13.0,ad07ea81b278abfb1fbb0a1c148b0d20b3b4e589c7f92f88b1251a5e6ec02f31
rule_based,22,case_22_0027_cycle_013,case_22_0027,13,focal_drift,31.842740588715586,28.87530517578125,28.87530517578125,0.5345708260199042,1,-0.5551599559988858,0.12184717152948368,0.06996645583886955,False,False,0.4323846652984403,inspect,False,14.0,1070a12db05df2ad69450d255de8f07321fbf41ec825ab862aa241fbe1b1cbb2
rule_based,22,case_22_0027_cycle_014,case_22_0027,14,focal_drift,29.530070116700845,24.600229263305664,24.600229263305664,0.4645567982645499,1,-0.5112927878265012,0.12686423637038882,0.06966642320688389,False,False,0.4196706310503076,inspect,False,15.0,6405001edd7731c0b8981fea098dc7ef4b11530cb9a5a42be75d81a24ef66b31
rule_based,22,case_22_0027_cycle_015,case_22_0027,15,focal_drift,28.918554928218676,27.279752731323242,27.279752731323242,0.4732244898543712,1,-0.5130716079282229,0.11840559624888033,0.07110169392410322,False,False,0.4222669943539681,inspect,False,16.0,c3dc0a58785a87c58256e5c5fa6bd47b5b234496fb61cc8a038ca8c986f4d006
rule_based,22,case_22_0027_cycle_016,case_22_0027,16,focal_drift,30.166920974583423,28.697797775268555,28.697797775268555,0.5441843345542782,1,-0.5764484369723752,0.11395284453584942,0.07007634492453967,False,False,0.4416022887712508,inspect,False,17.0,654f356397d93e1901d99fef0ccb22499085e759f20cadbe74443b33d8d9c92b
rule_based,22,case_22_0027_cycle_017,case_22_0027,17,focal_drift,35.051160765608564,27.909156799316406,27.909156799316406,0.48122639514112464,1,-0.7308719506808546,0.1221519432145308,0.06944338440465457,False,False,0.4936604468904771,inspect,False,18.0,476a3a2f3bd0875651752d8664bc6ef8917896d17f89f43ad044363271ab5877
rule_based,22,case_22_0027_cycle_018,case_22_0027,18,focal_drift,31.69346494634147,28.973276138305664,28.973276138305664,0.5862734954860176,1,-0.6712102517481716,0.11282428421169755,0.06977673707793963,False,False,0.4715411845170733,inspect,False,19.0,8484df310892ff56b2de66e52c9e9e43727d240f39620e1a8dcdbe07fdfa0aa8
rule_based,22,case_22_0027_cycle_019,case_22_0027,19,focal_drift,32.51724953573583,29.676551818847656,29.676551818847656,0.5183549854252854,1,-0.6983518178921883,0.10502887674577416,0.06800494483469263,False,False,0.4870552458216224,inspect,False,20.0,5e711ad7e0803077196e27fce894136385ce61e659365e84381bb10964bb31ea
rule_based,22,case_22_0031_cycle_000,case_22_0031,0,motion_instability,22.071159850019406,18.24912452697754,18.24912452697754,0.5601379080571007,1,0.14314265447508,0.12100086839724095,0.06989309371073743,False,False,0.19864043865017467,inspect,False,1.0,1352a562d8cee728993adc664c466c4f1e0042e97118f21a23429e2769c6926e
rule_based,22,case_22_0031_cycle_001,case_22_0031,1,motion_instability,18.457231898484444,18.793161392211914,18.793161392211914,0.49416281087328995,1,0.22755429566070545,0.11900584481252496,0.07083772079587006,False,False,0.17421508708636002,inspect,False,2.0,c9aefbde368b1e82b7cc3148cac41406453835757b31e8e9af01f7159f6ec58d
rule_based,22,case_22_0031_cycle_002,case_22_0031,2,motion_instability,20.56310471028937,15.251291275024414,15.251291275024414,0.39358971552875194,1,0.16948095190431242,0.11156541860174823,0.07013918123351694,False,False,0.20126794239260434,inspect,False,3.0,18a6312e4c6a7bbafceec32a15ddc3af88936f4c9926c5be7889a912f2be1629
rule_based,22,case_22_0031_cycle_003,case_22_0031,3,motion_instability,18.227206575348443,23.17742156982422,23.17742156982422,0.39668021787622854,1,0.20866689887006679,0.11047039159696598,0.0704076241464062,False,False,0.188344859178136,inspect,False,4.0,9c22fa14a546548b78699bdfaa6a41c202c6eb5704ac726e86401500eaeddc51
rule_based,22,case_22_0031_cycle_004,case_22_0031,4,motion_instability,23.193357774161612,20.405881881713867,31.634765374717666,0.6799966986330035,2,-1.1147203488985322,0.3093205365084133,0.25630481624470314,False,True,0.166118818199802,minor_maintenance,False,0.0,3176ee127e599c57f21b895c04b66c8fb897ec972f57d2330b5e7a43abfc57bc
rule_based,22,case_22_0031_cycle_005,case_22_0031,5,motion_instability,23.410128187088823,24.10541534423828,24.10541534423828,0.4762171326229644,1,0.13342183739116165,0.10887406286628382,0.06774758599713965,False,False,0.2106911536837994,inspect,False,1.0,e7150bf05bc04167dddc8cff45bc3d4a9d1e72b88e7599fc0a2ae7babad5237c
rule_based,22,case_22_0031_cycle_006,case_22_0031,6,motion_instability,24.177396233524,22.840024948120117,22.840024948120117,0.528981142645057,1,0.07456216746493709,0.11348662146384922,0.06939292671163395,False,False,0.225696566101716,inspect,False,2.0,55ba79813150b7d19daea5950f4c389da9b7b949cfe0161b9286bab4e1788dae
rule_based,22,case_22_0031_cycle_007,case_22_0031,7,motion_instability,21.953929255686372,19.457582473754883,19.457582473754883,0.3303137060962309,0,1.1378350664149743,0.0,0.0,False,False,0.23753929255686373,do_nothing,False,3.0,bfda335ebbe5c68ee72cd97c9d1c432d2199f2084b23999211063d4be9e07990
rule_based,22,case_22_0031_cycle_008,case_22_0031,8,motion_instability,20.984446734755135,24.705364227294922,24.705364227294922,0.2891210522105401,0,1.1010984401257649,0.0,0.0,False,False,0.2518444673475514,do_nothing,False,4.0,f8fcba53233a151f41bd0433c09f93dfe9ffe14b9a7b9dc47bee65ebd755baa6
rule_based,22,case_22_0031_cycle_009,case_22_0031,9,motion_instability,25.06421024148801,19.98545265197754,19.98545265197754,0.335738163023746,0,0.8997129683017978,0.0,0.0,False,False,0.3166421024148801,do_nothing,False,5.0,1f2be7d7982ca78937f9667ee584d6d2553531521629f4190c3e110d80b3b47b
rule_based,22,case_22_0031_cycle_010,case_22_0031,10,motion_instability,24.89862773753442,27.28322410583496,27.28322410583496,0.3674284746547066,0,0.8279268966757615,0.0,0.0,False,False,0.3389862773753442,do_nothing,False,6.0,c11843a18825f515335428f4a921f02d24c8e1b7b3b8bb6468956c8935a44623
rule_based,22,case_22_0031_cycle_011,case_22_0031,11,motion_instability,26.070081282921016,22.537675857543945,22.537675857543945,0.38932448354615246,1,-0.2238561336548358,0.09797439304282693,0.06973859180152313,False,False,0.3372307315462892,inspect,False,7.0,7bcfc52380c88ef5f5a1e2fde4866de1102fb129c81378df28ee270220ea3eef
rule_based,22,case_22_0031_cycle_012,case_22_0031,12,motion_instability,23.75640373321774,24.411144256591797,24.411144256591797,0.4754669563798055,1,-0.19617742744814823,0.0977096147340383,0.06703108557532489,False,False,0.32450763359895973,inspect,False,8.0,62bfad27447f40fdb474ce830bdee95ce296b4b377d4f54d8db6d349de15c178
rule_based,22,case_22_0031_cycle_013,case_22_0031,13,motion_instability,24.9528789053455,21.545703887939453,21.545703887939453,0.47486327388708194,1,-0.25463086054107986,0.09810278053414426,0.06896357309943094,False,False,0.34337591014810953,inspect,False,9.0,363e36ece355b1cf0f586a94d3ea3d7caec4df8552548ecb967f70daf1af1f26
rule_based,22,case_22_0031_cycle_014,case_22_0031,14,motion_instability,27.639481737339455,22.468202590942383,22.468202590942383,0.4767422286108246,1,-0.3427017364201417,0.08963176881899669,0.0682407830016947,False,False,0.37565533563605513,inspect,False,10.0,439871e044b28523f263aded39d67862865f376c1f148a64b58b4394fd3a3a5e
rule_based,22,case_22_0031_cycle_015,case_22_0031,15,motion_instability,29.15721027662881,25.730003356933594,25.730003356933594,0.4183111478974841,1,-0.3979238367911314,0.08907188013923445,0.06732575874787061,False,False,0.3974148924896593,inspect,False,11.0,99973e552b1913adf2697b0fcc47aba868cba9eeaf111e65871892943fdc5674
rule_based,22,case_22_0031_cycle_016,case_22_0031,16,motion_instability,32.92999237443354,29.573596954345703,29.573596954345703,0.5777109794041035,1,-0.5464003396751334,0.08738890798637185,0.0674312383355507,False,False,0.4394699313699018,inspect,False,12.0,2bb8f744dcab31f0984705d911ab881a2827e40b258a23be1a13c813fe7eaf44
rule_based,22,case_22_0031_cycle_017,case_22_0031,17,motion_instability,30.211679775059824,26.282278060913086,26.282278060913086,0.42515643678873105,1,-0.47380794723392006,0.08723150481939637,0.06685952871199846,False,False,0.4231051179755384,inspect,False,13.0,f4891a75bc9387200f8525d1cdb1b589b3cdec50df83e8ac8918d3c63a57c70c
rule_based,22,case_22_0031_cycle_018,case_22_0031,18,motion_instability,28.99197706646863,28.11958885192871,28.11958885192871,0.45531257701513306,1,-0.4682423411014634,0.08506976643728603,0.06774038414656812,False,False,0.42022779359821766,inspect,False,14.0,a86d05fcd8fb6425a345db43ca636ae75ff2e188f140890b8cd97fc5c9ce7364
rule_based,22,case_22_0031_cycle_019,case_22_0031,19,motion_instability,31.626311554493043,28.78322410583496,28.78322410583496,0.5580348598718692,1,-0.577332386873,0.0835209183680097,0.06749478444112231,False,False,0.4520368039904374,inspect,False,15.0,aad61f7f98d838f6ba68703edc2b8441bf13610cef7d10c6371a462f6920e91c
rule_based,22,case_22_0034_cycle_000,case_22_0034,0,low_shielding_gas,21.54898529583999,22.462858200073242,22.462858200073242,0.4204250006787071,1,0.17830102864680894,0.11992669360369705,0.07110740582501023,False,False,0.1939408676625599,inspect,False,1.0,a406b330a83b4545ac1f149cdf225ae9b712a6287eb0a9d03ad27d52111ba2f3
rule_based,22,case_22_0034_cycle_001,case_22_0034,1,low_shielding_gas,20.911472943990308,28.023639678955078,28.023639678955078,0.49168862848957895,1,0.16766102695763585,0.11407179021661301,0.06950514883071998,False,False,0.1963032564959128,inspect,False,2.0,07978da66f060de214b9904271c9f0255e407d3805bdc08305e3d2050ef33a7d
rule_based,22,case_22_0034_cycle_002,case_22_0034,2,low_shielding_gas,23.675265704051856,18.640161514282227,18.640161514282227,0.4653019482152002,1,0.0698033707335086,0.11672803166435405,0.06980141420057137,False,False,0.22927739133646674,inspect,False,3.0,1977aaf5c25aa44e120dcc6cd8cc8bdc34526d63a5b112bd976913c4e78d75f9
rule_based,22,case_22_0034_cycle_003,case_22_0034,3,low_shielding_gas,26.320778233511284,18.3117733001709,18.3117733001709,0.5048303724861807,1,-0.034013886584021706,0.1178695506733573,0.07107345966616577,False,False,0.26118700410160156,inspect,False,4.0,888e53cd8a7fbb7bc9c200e183a7020175013225b6402e7887cba511241e1395
rule_based,22,case_22_0034_cycle_004,case_22_0034,4,low_shielding_gas,26.047485913243364,29.856098175048828,29.856098175048828,0.5304966967339934,1,-0.05466653239461402,0.11969440457175144,0.06864437956899087,False,False,0.2668273732191903,inspect,False,5.0,61e499010bf7fd7f19317c817971893e012a30f9de80c70fc8222f9108cc3741
rule_based,22,case_22_0034_cycle_005,case_22_0034,5,low_shielding_gas,26.9093064238918,30.997100830078125,30.997100830078125,0.5846524206973157,1,-0.11324811732018383,0.12114896080671234,0.07043752495474431,False,False,0.28268375781502625,inspect,False,6.0,a746387769359e3cf18ac011f96d2d5a88d4aaf9d0dfab9b12c7a565d57cdb5a
rule_based,22,case_22_0034_cycle_006,case_22_0034,6,low_shielding_gas,28.017619538990296,27.435176849365234,27.435176849365234,0.5390021577314893,1,-0.15235267603647557,0.1136065755294155,0.06952506161824837,False,False,0.30075857585091265,inspect,False,7.0,ba5e3e77eb95c09a5bc55d9ed124c4ed0a9e37f74ad2c78cbdc9fd58b88267c9
rule_based,22,case_22_0034_cycle_007,case_22_0034,7,low_shielding_gas,36.49887537870855,39.02654266357422,41.75929934911525,0.7296959137710564,2,-1.4453508901906587,0.33103916452387333,0.26099782069643507,False,True,0.265353027347993,minor_maintenance,False,0.0,9ebe62351e9f169fb4bced99f5bba2567b89a346c03ad1164f6eb29562e6fe2a
rule_based,22,case_22_0034_cycle_008,case_22_0034,8,low_shielding_gas,30.420330104374255,29.135910034179688,29.135910034179688,0.5452668661545289,1,-0.07705447600209506,0.11807011268263039,0.06980677572272545,False,False,0.2737829709393683,inspect,False,1.0,ef4d77524d56ad6d351d5d0f7021c7c188aef34ff9f484d01824f8f70bcb27ce
rule_based,22,case_22_0034_cycle_009,case_22_0034,9,low_shielding_gas,31.616737974415347,30.952194213867188,30.952194213867188,0.5605617907513739,1,-0.13405249441140224,0.11645167581519573,0.06945578084285739,False,False,0.29265064176973815,inspect,False,2.0,239d764d87c74d45161534197227e89d2d13445fdf2ef57bb91f31a4ea00e82a
rule_based,22,case_22_0034_cycle_010,case_22_0034,10,low_shielding_gas,33.63769166804496,28.708322525024414,28.708322525024414,0.5831459557472427,1,-0.21725658975928136,0.11672039217239744,0.07030828648447951,False,False,0.3189392250124046,inspect,False,3.0,226123b7a58cbf386833691c65a66e6061f2bdb4d00c8a6816477dcec928f2b0
rule_based,22,case_22_0034_cycle_011,case_22_0034,11,low_shielding_gas,36.93716577018912,28.43971824645996,28.43971824645996,0.589172016128531,1,-0.3273301165204573,0.11255916429267511,0.07023959251674539,False,False,0.3567344919317021,inspect,False,4.0,45ffbfcb115c4a481425ec9970f6f1639e834b3c3802320c97dabfe8190ca208
rule_based,22,case_22_0034_cycle_012,case_22_0034,12,low_shielding_gas,33.12956866292776,28.076311111450195,28.076311111450195,0.5329551562034989,1,-0.23322394668328988,0.10656730660101951,0.06876876594086996,False,False,0.3305661179663499,inspect,False,5.0,fe59a339beb14e83cefd60f89eb3ee681ab12b38d7f6760e267e37015c406ab7
rule_based,22,case_22_0034_cycle_013,case_22_0034,13,low_shielding_gas,30.799123997733087,36.65597152709961,31.941050710683744,0.7296953743785324,2,-1.2826360747110876,0.3134907756311396,0.253909108206666,False,True,0.21885456878594514,minor_maintenance,False,0.0,ae9b706ecbb9c18969ed394092ef86a7beaa0318ef36f662d86508d6f5591727
rule_based,22,case_22_0034_cycle_014,case_22_0034,14,low_shielding_gas,32.62358065814278,29.405010223388672,37.61667906598959,0.7253649023291866,2,-1.2199148554936128,0.29845785688653587,0.2573170787703042,False,True,0.2022662000804852,minor_maintenance,False,0.0,96ea4ccdcbe75944b1ab9a8f0af9f1acafff196aca0ea70f2c0c946a512d6bc4
rule_based,22,case_22_0034_cycle_015,case_22_0034,15,low_shielding_gas,38.67484045529775,39.338279724121094,44.15120316749655,0.6920762804022649,2,-0.3318784438186796,0.3074017529266296,0.25164152045396526,False,False,0.23978401082284603,minor_maintenance,False,0.0,f99c1939ed9a198562bbe6290162aac5a3a0c01c11add2730e84e9cbcb616927
rule_based,22,case_22_0034_cycle_016,case_22_0034,16,low_shielding_gas,37.98665998478567,31.814315795898438,40.59733785130244,0.6702392085895812,2,-1.3028108071416997,0.29357305037596276,0.25268749970035803,False,True,0.23551729190567114,minor_maintenance,False,0.0,1b96b35dc90fd83aa20d85e2db6cf4d80ef5474e12234504c331f663e9d75622
rule_based,22,case_22_0034_cycle_017,case_22_0034,17,low_shielding_gas,37.686106247326315,39.77954864501953,44.66654484362941,0.7728493718910575,2,-1.304415874711344,0.2874841285009118,0.25005345528313017,False,True,0.23365385873342312,minor_maintenance,False,0.0,840792efc3ca20091372d41c70220bbca58ef596b159a44dfbb78c9dcfe848d4
rule_based,22,case_22_0034_cycle_018,case_22_0034,18,low_shielding_gas,39.68960677052455,35.40608596801758,39.84145609659292,0.7485229251337177,2,-0.3465035972644342,0.2891668984420497,0.2585394676507129,False,False,0.2460755619772522,minor_maintenance,False,0.0,f75152dcc1e4972cab6c69011c286706b2a574edc5dd32c377fc4879fcb13f92
rule_based,22,case_22_0034_cycle_019,case_22_0034,19,low_shielding_gas,40.46898891773571,32.529136657714844,39.86016028494889,0.7240689326997795,2,-0.3619443443428904,0.29820447281978313,0.2530079221853202,False,False,0.2509077312899614,minor_maintenance,False,0.0,48ef18618f8981eb1a5c8a345b50fa880e3d290b7440543214f5f5b858c177eb
rule_based,22,case_22_0039_cycle_000,case_22_0039,0,normal,10.66060056361269,16.17258644104004,16.17258644104004,0.46620263432831827,1,0.49959410714471275,0.08702782223116717,0.06951432532166227,False,False,0.0959454050725142,inspect,False,1.0,d0fabf552c4a3fec48bcfea5f00b02233d8bbbcd31431f0ee958af9fc684eece
rule_based,22,case_22_0039_cycle_001,case_22_0039,1,normal,11.007288543847686,15.170616149902344,15.170616149902344,0.34954788390578234,0,1.490349161098702,0.0,0.0,False,False,0.11907288543847687,do_nothing,False,2.0,75c42f06da93ca7b0067441c4003f935e0c8064be0ef6adc4f0417f39b3887fd
rule_based,22,case_22_0039_cycle_002,case_22_0039,2,normal,11.582467847926006,16.310440063476562,16.310440063476562,0.39818802929756447,1,0.39976000502856707,0.084591767563836,0.0676167388987,False,False,0.13394221063133407,inspect,False,3.0,80c30a970debe8529b57b431d8be04431263ff98a92f5a71191f6433fb416033
rule_based,22,case_22_0039_cycle_003,case_22_0039,3,normal,13.927966550389373,15.251291275024414,15.251291275024414,0.40301017060690864,1,0.3055486968490825,0.08983614524975461,0.06838566931201688,False,False,0.16315169895350437,inspect,False,4.0,9253fb38d0a43a75e07433e246672d1f5b5f9c709d9fbd60b2a73422545c0f01
rule_based,22,case_22_0039_cycle_004,case_22_0039,4,normal,10.725400296966862,15.190570831298828,19.146811149434257,0.6463229354567399,1,0.34007874252332787,0.08162435976624022,0.06757831171726951,False,False,0.14242860267270177,inspect,False,5.0,106bb9551507581c535cc456fa292a48c15df7b30dc879c126ab33d3797a66ad
rule_based,22,case_22_0039_cycle_005,case_22_0039,5,normal,10.72834405236545,15.419282913208008,15.419282913208008,0.3358109076209048,0,1.3477780422859007,0.0,0.0,False,False,0.16728344052365451,do_nothing,False,6.0,d1469e975c9f98eefd2d732319111e1821fd814affe52cf6f9a10f8fe53ab208
rule_based,22,case_22_0039_cycle_006,case_22_0039,6,normal,11.269689713118131,15.690711975097656,15.690711975097656,0.48721070532133803,1,0.2619672795525821,0.07933943472076341,0.06816257209283037,False,False,0.17702720741806316,inspect,False,7.0,e0f67b28f6144f72e2da9ab092b4b998237d519eb7261194546037ae840e1185
rule_based,22,case_22_0039_cycle_007,case_22_0039,7,normal,11.686639763918777,15.287107467651367,15.287107467651367,0.5975275230600855,1,0.20051518234839183,0.08869189190616347,0.06815565457578113,False,False,0.188879757875269,inspect,False,8.0,193528df29c44145ef83bd95323dad6495f3c061bc5dbd50b8bbd1dcb1bebb48
rule_based,22,case_22_0039_cycle_008,case_22_0039,8,normal,12.184920691533275,15.425861358642578,15.425861358642578,0.459474130129448,1,0.1811312043410656,0.09053585400851175,0.06877370432450872,False,False,0.2014642862237995,inspect,False,9.0,fbed868ae479380fa8ca98b0a168ab82fabfce25a58f78c0b0114a16289402d4
rule_based,22,case_22_0039_cycle_009,case_22_0039,9,normal,13.122657755892162,15.149541854858398,15.149541854858398,0.32756013628142555,0,1.1241862468810213,0.0,0.0,False,False,0.24222657755892163,do_nothing,False,10.0,c36835ca40a36bdf62f468abcf01c316391e3e8ee8df24305f76a3046cd575ab
rule_based,22,case_22_0039_cycle_010,case_22_0039,10,normal,13.621589463259095,17.05305290222168,17.05305290222168,0.5575228421627104,1,0.041283892145378226,0.08889505065998056,0.06738714420279865,False,False,0.2440943051693319,inspect,False,11.0,3dfabe32c558c2d64eff47b09da13fe508f304bccdc31cae16a885a16a5ecc82
rule_based,22,case_22_0039_cycle_011,case_22_0039,11,normal,12.2284477179898,15.287107467651367,15.287107467651367,0.4993897415124309,1,0.06399915559249429,0.08841406972571042,0.06713778133650762,False,False,0.2396560294619082,inspect,False,12.0,8c3a227c1bd9995442805a24cfb9373a8a5c0325793c2cf82c7bc74307477264
rule_based,22,case_22_0039_cycle_012,case_22_0039,12,normal,15.700187230164122,15.518512725830078,15.518512725830078,0.4891933027929986,1,-0.0524749271379175,0.08934131751181308,0.06593694874090422,False,False,0.2790016850714771,inspect,False,13.0,710cc1905373b8f31350116a4a2e7062c1e7eccf76cc99cfbd95582d91a4a5c9
rule_based,22,case_22_0039_cycle_013,case_22_0039,13,normal,13.541000062707834,15.064529418945312,15.064529418945312,0.4319717294451293,1,-0.010663855396289196,0.08874327173797594,0.06764727818554023,False,False,0.26766900056437054,inspect,False,14.0,f0655dc0d42e98fe17a2b38bd96b7e5f29f71a804bc5660bda0b3a1fee34e2d8
rule_based,22,case_22_0039_cycle_014,case_22_0039,14,normal,13.006959442486425,15.176721572875977,15.176721572875977,0.3874705587242804,1,-0.012238486721745288,0.08916833084032977,0.06507708390704998,False,False,0.2709626349823778,inspect,False,15.0,cf41fde9c964e51393be786307c44c0a7b4441dd82dd5bca1d958e0956db5044
rule_based,22,case_22_0039_cycle_015,case_22_0039,15,normal,11.270744025425888,15.170616149902344,15.170616149902344,0.28863058603365566,0,0.978583091332175,0.0,0.0,False,False,0.2927074402542589,do_nothing,False,16.0,e0584714da279a1d5d208aaa92700f42084c4a7136ed85da0e8d9dda45fed5b1
rule_based,22,case_22_0039_cycle_016,case_22_0039,16,normal,14.31973756845461,15.41242790222168,15.41242790222168,0.4029044912129587,1,-0.14706669646918713,0.09428799800545799,0.06863763804188845,False,False,0.3124776381160915,inspect,False,17.0,6f6ee933987919b87ce56bb4e2e51f8489388131b47b011d65745b1af5afb2df
rule_based,22,case_22_0039_cycle_017,case_22_0039,17,normal,16.74162051588626,18.057119369506836,18.057119369506836,0.3058603179970414,0,0.7128723368238561,0.0,0.0,False,False,0.3804162051588626,do_nothing,False,18.0,9ca7c0dbf23fd0c088733d8563a59b0266afdb776a5987e4a050979c4edf36d8
rule_based,22,case_22_0039_cycle_018,case_22_0039,18,normal,15.10119786341853,15.170616149902344,15.170616149902344,0.32038952289643013,0,0.6879056356629795,0.0,0.0,False,False,0.38801197863418535,do_nothing,False,19.0,5152e16dcbffecbaccce7d2f87df446e97deb5038afd958262072754fcd754a2
rule_based,22,case_22_0039_cycle_019,case_22_0039,19,normal,16.27782265729364,15.170616149902344,15.170616149902344,0.30270089557341096,0,0.5832601859451791,0.0,0.0,False,False,0.4237782265729364,do_nothing,False,20.0,be75788136eedf366527e98cbc8330495fad01c0be3844f350dc35f4324c31c3
rule_based,22,case_22_0046_cycle_000,case_22_0046,0,motion_instability,23.416564765013792,23.516965866088867,23.516965866088867,0.5315012287526492,1,0.1378434300781295,0.09484530249795795,0.06917354306955344,False,False,0.21074908288512414,inspect,False,1.0,7f2ed80e1b2e663c953f2503b092eb1f3f13a74eff3983ec59a1f0ea0577e99e
rule_based,22,case_22_0046_cycle_001,case_22_0046,1,motion_instability,28.90981673838938,21.353605270385742,27.591835285303112,0.6890550527430783,2,-1.137431021146092,0.27994915394691894,0.24957627244208608,False,True,0.18482086377801418,minor_maintenance,False,0.0,8ff3dcec0ebaf1bd2165df0f3772dd6186fa521e1c9f57a859490cc3b0cca1cd
rule_based,22,case_22_0046_cycle_002,case_22_0046,2,motion_instability,24.379899026913723,27.645832061767578,29.69974244820598,0.7002799027059228,2,-1.0563920551747246,0.2965883403546569,0.25161950939197986,False,True,0.1511553739668651,minor_maintenance,False,0.0,01940808e33cbd2175da6e9833fbca60bb546014088eb4f0ff9b6641cf4a18f4
rule_based,22,case_22_0046_cycle_003,case_22_0046,3,motion_instability,27.793008390125966,27.658601760864258,27.658601760864258,0.4123293586985138,1,0.045190895213306714,0.08906773997143888,0.06685091809634518,False,False,0.25013707551113373,inspect,False,1.0,ebe4144a2ac22fb069cc31947ea3051a8c79f56ea8de680fa6f288ce72f9f8ee
rule_based,22,case_22_0046_cycle_004,case_22_0046,4,motion_instability,27.64505528418778,26.28194236755371,26.28194236755371,0.5751678049916713,1,0.00255471423046226,0.08659236970426154,0.06732656580431928,False,False,0.25690549755769004,inspect,False,2.0,5a6360859882cd6ddf5d72153476979cd6dbce059c6f03628e888f19b6649585
rule_based,22,case_22_0046_cycle_005,case_22_0046,5,motion_instability,32.603413754297335,25.88042449951172,25.88042449951172,0.6115000342096093,1,-0.1641679927306014,0.08926436054125952,0.06785806961484048,False,False,0.309630723788676,inspect,False,3.0,0b541c06f38551d60fd87125e527a59d97b67cb5d8b41ccb4490e48115d31e55
rule_based,22,case_22_0046_cycle_006,case_22_0046,6,motion_instability,27.41733400846107,27.874540328979492,31.83401687390366,0.7070372806340172,2,-1.1206628306218858,0.2579426651101697,0.24560270107404703,False,True,0.18672747085245864,minor_maintenance,False,0.0,6c561983ee00c50e3f74ff04778c999c544b5b2e4c8994a4b90e57c40b34415b
rule_based,22,case_22_0046_cycle_007,case_22_0046,7,motion_instability,27.58681421163252,28.239593505859375,28.239593505859375,0.4783291696326939,1,0.04342996797341671,0.08610169473024712,0.06734372267169246,False,False,0.2482813279046927,inspect,False,1.0,833ba0481ab50f4efad0d211d3a2dc1f34d3f27588515a66fe87addb1527c167
rule_based,22,case_22_0046_cycle_008,case_22_0046,8,motion_instability,34.337424780833594,30.096771240234375,32.715169799107414,0.6636268496740538,2,-1.2093478292601072,0.2558007226433594,0.24823372280266856,False,True,0.21847203364116827,minor_maintenance,False,0.0,4a03a14fd87810f92be3edfa734e640ef4b98728f024409642099e4a64804126
rule_based,22,case_22_0046_cycle_009,case_22_0046,9,motion_instability,34.15256898345655,35.04884719848633,35.04884719848633,0.5048917058727453,1,-0.13380046889572692,0.0816085818456743,0.06792346076976749,False,False,0.30737312085110896,inspect,False,1.0,44fb45313d08ac8c75d3a4c8f7164c723d74ac3378e8c625e56a4c98e9bb8d9d
rule_based,22,case_22_0046_cycle_010,case_22_0046,10,motion_instability,34.124385627211815,30.484174728393555,30.484174728393555,0.5076217009981261,1,-0.1646265046262047,0.08881136483632118,0.06751684088180687,False,False,0.31521947064490635,inspect,False,2.0,a2eb61f40fdea440a6796493a122635355f9eb80839a66a784f97617b6ba1022
rule_based,22,case_22_0046_cycle_011,case_22_0046,11,motion_instability,34.101538968701306,27.42581558227539,27.42581558227539,0.46111019197206754,1,-0.1806407027200953,0.08697488099652569,0.06894717596603017,False,False,0.3231138507183118,inspect,False,3.0,d917e1118c3a849214050e9f5284347b2166a02a86bbcdb01e386ae5334a7154
rule_based,22,case_22_0046_cycle_012,case_22_0046,12,motion_instability,32.15611936163531,28.787128448486328,28.787128448486328,0.5814579571276464,1,-0.16819227342440846,0.08444935936125805,0.06926124716231244,False,False,0.31370507425471783,inspect,False,4.0,eaf9a5af2883d5c99b23fb39101856b709535f7e99aa2c2f93116dea9aad132e
rule_based,22,case_22_0046_cycle_013,case_22_0046,13,motion_instability,39.79061234655406,29.94655418395996,29.94655418395996,0.6197570382019837,1,-0.40336823874514094,0.08575080461525941,0.06638418130328036,False,False,0.3905155111189866,inspect,False,5.0,87c365a8637ee45c1070fdc491a44de5bab684e74cf34b1690c0dc3eb3ff94f7
rule_based,22,case_22_0046_cycle_014,case_22_0046,14,motion_instability,36.242392523550315,30.500202178955078,30.500202178955078,0.5784714545110231,1,-0.3258824129574778,0.08422795969355162,0.06854892118926756,False,False,0.36668153271195286,inspect,False,6.0,c0443e5410539b5abc28a31b070c2a5661a1887e119d965f581fefda2df5df37
rule_based,22,case_22_0046_cycle_015,case_22_0046,15,motion_instability,40.73469316449189,33.500648498535156,33.19884468731973,0.6841431209897684,2,-0.4319695248265151,0.26557832545294746,0.2570805479569415,False,False,0.28603509761984974,minor_maintenance,False,0.0,9fad540029bbc83ff7fae60a1b91c6539d03c580a735789872741f322e9e8540
rule_based,22,case_22_0046_cycle_016,case_22_0046,16,motion_instability,44.299138652096644,35.118621826171875,37.93182817518131,0.7058403120391084,2,-0.3906337471078961,0.26713367780932673,0.24207505445463195,False,False,0.2746546596429992,minor_maintenance,False,0.0,268148422bffeda096b516a05c6fab2d95c729b588413280ca7bf33410920369
rule_based,22,case_22_0046_cycle_017,case_22_0046,17,motion_instability,43.86433577981821,38.103145599365234,39.40789501974908,0.6341441391158094,1,-0.4198734823018315,0.08712477569013964,0.06661252461153583,False,False,0.39477902201836396,inspect,False,1.0,c068d2db24c6b570cc1f8fa10a5fb31d41a8f909e0ef673912b011e76c859b59
rule_based,22,case_22_0046_cycle_018,case_22_0046,18,motion_instability,43.82807324719237,37.61961364746094,37.61961364746094,0.60812184182135,1,-0.44647599230337354,0.09373345542942785,0.06733285365818614,False,False,0.4025526592247314,inspect,False,2.0,8af31932b398eb9f2ca7820a7ead0d7fb6f1e1a03488074c3ff0880e29a4a054
rule_based,22,case_22_0046_cycle_019,case_22_0046,19,motion_instability,45.6108460813057,37.884483337402344,39.59693305189788,0.7502036648354358,2,-0.47920660959297506,0.2835793736210851,0.2515686864178607,False,False,0.29394724570409536,minor_maintenance,False,0.0,ce5a2a64e44ec7e178af7b87c432346e4764b45d0ee53a8d11197950ab9b1316
predicted_urgency_only,22,case_22_0007_cycle_000,case_22_0007,0,motion_instability,22.944945466543494,20.956348419189453,28.51391772376724,0.6694021312880045,0,0.21124131631049448,0.0,0.0,False,False,0.22944945466543495,do_nothing,False,1.0,3037ef86ff20a729d7044365279ed72b23038011bfa847cc4bc14b3b869ffc84
predicted_urgency_only,22,case_22_0007_cycle_001,case_22_0007,1,motion_instability,24.007883388446814,20.629226684570312,20.629226684570312,0.47503812633756115,0,0.13650777939596154,0.0,0.0,False,False,0.2640788338844681,do_nothing,False,2.0,a1a9b4805f427d67ec3ec87236dfad49132a39096ec21d24fd2c1cd719e78cfb
predicted_urgency_only,22,case_22_0007_cycle_002,case_22_0007,2,motion_instability,25.80722300607418,24.062992095947266,24.062992095947266,0.4008040650184972,0,0.9216627000650001,0.0,0.0,False,False,0.3060722300607418,do_nothing,False,3.0,b57b6d9e5aa1d11f846bc917b67ad32a4f2326eca458da2bee237b69ec05c70b
predicted_urgency_only,22,case_22_0007_cycle_003,case_22_0007,3,motion_instability,29.93461421848986,25.150651931762695,25.150651931762695,0.5710171389216527,0,-0.19969099739294377,0.0,0.0,False,False,0.3713461421848986,do_nothing,False,4.0,35d323cefdec1169e90442090ca3e27a57c2589809d9d2d612a12f6fd16f46d7
predicted_urgency_only,22,case_22_0007_cycle_004,case_22_0007,4,motion_instability,30.694130950710257,29.6306095123291,29.6306095123291,0.4110334258193524,0,0.6295210576057894,0.0,0.0,False,False,0.4029413095071026,do_nothing,False,5.0,6a9d65f7cd9f0cf079a394d67608ba9c20d95896eb9f157364dd56559e615d5d
predicted_urgency_only,22,case_22_0007_cycle_005,case_22_0007,5,motion_instability,28.304157873306412,23.534343719482422,23.534343719482422,0.48018892401396696,0,-0.2811530748012874,0.0,0.0,False,False,0.4030415787330641,do_nothing,False,6.0,d55a52bada48401969d96198d7cba0cda985883464a2745a0e9911b4b5cb5c00
predicted_urgency_only,22,case_22_0007_cycle_006,case_22_0007,6,motion_instability,30.353525764774723,23.19273567199707,23.19273567199707,0.4071546119619697,0,0.4963210352624629,0.0,0.0,False,False,0.44753525764774726,do_nothing,False,7.0,1a7a855a52b9d6ed3e0eaccc3c8558e0f008a0c95b9f5e30d517a989c06903a4
predicted_urgency_only,22,case_22_0007_cycle_007,case_22_0007,7,motion_instability,33.33548645792202,28.750877380371094,28.750877380371094,0.49803393044978983,0,-0.5787696833051293,0.0,0.0,False,False,0.5013548645792203,do_nothing,False,8.0,121929028ddd1109dd4cefb784238556551d5d881943d42bed454cd031fdf002
predicted_urgency_only,22,case_22_0007_cycle_008,case_22_0007,8,motion_instability,31.01336783220294,27.05549430847168,41.626639393337115,0.6708586143323567,0,-0.6070298271159417,0.0,0.0,False,False,0.5021336783220294,do_nothing,False,9.0,19c437551135662f1c2555b9e2f5d55175ee5630fd2eee78353b5b8f04df007b
predicted_urgency_only,22,case_22_0007_cycle_009,case_22_0007,9,motion_instability,40.39727581627377,25.87962532043457,25.87962532043457,0.4643577072104163,0,-0.9295719305697755,0.0,0.0,False,False,0.6199727581627377,do_nothing,False,10.0,aae8b5fa42e32b16e3341664ee36ceb0896b11fcd0b61c80c7092e9b47daf478
predicted_urgency_only,22,case_22_0007_cycle_010,case_22_0007,10,motion_instability,39.109431640336894,22.43123435974121,22.43123435974121,0.4479870205169965,0,-0.06048100228765607,0.0,0.0,False,False,0.6310943164033689,do_nothing,False,11.0,5b6e9f3abb8ededcce36ee25df2ca076f61370d1cb946926dc58d330d438d429
predicted_urgency_only,22,case_22_0007_cycle_011,case_22_0007,11,motion_instability,37.962153505532235,31.831388473510742,31.831388473510742,0.5909114997230653,0,-1.0195013301244271,0.0,0.0,False,False,0.6436215350553224,do_nothing,False,12.0,aaac6ce68d8ff5eeb12009cc4da7e587dcd55a4be25e9fca9da7b70583e534f9
predicted_urgency_only,22,case_22_0007_cycle_012,case_22_0007,12,motion_instability,37.307168811142866,35.372520446777344,32.82274233821664,0.675377187222671,1,-1.0560101177355412,0.11525816150072013,0.068189775313204,False,False,0.5949645193002858,inspect,False,13.0,f05e9a444ff19722d294e9d964ed4b08c3073a8c0ddab1b074ae3c2da87cc446
predicted_urgency_only,22,case_22_0007_cycle_013,case_22_0007,13,motion_instability,40.314017759886696,37.51995086669922,35.290840036443726,0.6657569503028191,1,-1.1689749692448106,0.12159654164300374,0.07142050692430393,False,False,0.6301261598389802,inspect,False,14.0,b4d2293ff4aadf03713cb64c0ae7f3b55f1ed2b42d7f1e738761755ea30bce6c
predicted_urgency_only,22,case_22_0007_cycle_014,case_22_0007,14,motion_instability,42.961189736636705,30.143993377685547,28.985575057933957,0.7252733998561245,0,-1.3156267020775196,0.0,0.0,False,False,0.735611897366367,do_nothing,False,15.0,da0a17a5ca9eb4958c1379b3141e32e7d7f37b509e2f5eb5e0b15d503ad4389a
predicted_urgency_only,22,case_22_0007_cycle_015,case_22_0007,15,motion_instability,43.979849509462646,33.95328140258789,41.407540722144866,0.7289270369082274,0,-1.4187345408201137,0.0,0.0,False,False,0.7697984950946265,do_nothing,False,16.0,ca57afed87dc238f24b1fccebe18c42123df12ff480b1dd4ec5b912e27f3e601
predicted_urgency_only,22,case_22_0007_cycle_016,case_22_0007,16,motion_instability,48.71479514108116,33.85686111450195,32.90992990594232,0.7541502054340045,0,-46.63656638504754,0.0,0.0,True,False,0.8411479514108116,do_nothing,False,17.0,7e97f80ddf20f2952a037d226799fb5e9fb339aec19f63bd13eb9b2b96d61b90
predicted_urgency_only,22,case_22_0007_cycle_017,case_22_0007,17,motion_instability,43.645557653225865,36.88288497924805,37.185473356536974,0.7287014536864799,1,-1.4838762640519223,0.11822879485206088,0.07164024313723812,False,False,0.7330100188790329,inspect,False,18.0,46267a20cff8d8a456304d46b7d8d21d72c2132a6073b53be4cd72b6f90c9295
predicted_urgency_only,22,case_22_0007_cycle_018,case_22_0007,18,motion_instability,47.65659237691985,40.21677780151367,44.18040671414272,0.7938102871800599,1,-1.62284189268618,0.11717280430496593,0.06871193890921105,False,False,0.7772093313922788,inspect,False,19.0,ea9f68b69558b538656f4c041c844a20148d5026000b4ba883ac14d77b272daa
predicted_urgency_only,22,case_22_0007_cycle_019,case_22_0007,19,motion_instability,46.13597910999277,44.181243896484375,40.057386808237375,0.7523890126327806,1,-1.6033779382673523,0.11935488399779015,0.07036658300604978,False,False,0.771623811989935,inspect,False,20.0,9903ecbb8f6cb8e86fa5988363273d9af67e4b17987222508379dc0ea38d7257
predicted_urgency_only,22,case_22_0008_cycle_000,case_22_0008,0,lens_contamination,24.127441549505175,22.621049880981445,22.621049880981445,0.550621875853997,0,0.19358347213674515,0.0,0.0,False,False,0.24127441549505174,do_nothing,False,1.0,7a9b471d38216235b7db203167735e89709668f06c6572b7a7c510ee249027fe
predicted_urgency_only,22,case_22_0008_cycle_001,case_22_0008,1,lens_contamination,22.463228754007357,25.56425666809082,25.56425666809082,0.5421732150026701,0,0.1727771551293788,0.0,0.0,False,False,0.24863228754007358,do_nothing,False,2.0,227095f18d82847da3227e35ee56c760f58ef0b1ea948c61be4d58ce71e201c9
predicted_urgency_only,22,case_22_0008_cycle_002,case_22_0008,2,lens_contamination,23.34957020723656,25.65277862548828,25.65277862548828,0.4958610292282478,0,0.08113373939866594,0.0,0.0,False,False,0.28149570207236563,do_nothing,False,3.0,45b7f97aa923848162de5fffcaf7765907932c0776ee5e2d5cd71f7be3fab2aa
predicted_urgency_only,22,case_22_0008_cycle_003,case_22_0008,3,lens_contamination,22.38302305104832,22.920413970947266,22.920413970947266,0.4947075627358032,0,0.03830317405817997,0.0,0.0,False,False,0.2958302305104832,do_nothing,False,4.0,8176d61d08aec515552b15d2eb647c5293aa4796477d41b59ccd64eee4de655a
predicted_urgency_only,22,case_22_0008_cycle_004,case_22_0008,4,lens_contamination,22.83260573756606,24.907438278198242,24.907438278198242,0.519434611274409,0,-0.05089336381814326,0.0,0.0,False,False,0.3243260573756606,do_nothing,False,5.0,a5aa5f40816527785ead395acf29cce7a2c07c839c756642f189a4f7cd28b4ea
predicted_urgency_only,22,case_22_0008_cycle_005,case_22_0008,5,lens_contamination,22.378946185804782,25.6021671295166,24.07464386702054,0.6804961029087593,0,-0.13344280101045725,0.0,0.0,False,False,0.3437894618580478,do_nothing,False,6.0,2fa7fc27f28c4b6062031b1970a55bde75d845d4cad0605c76a15786cbc0724d
predicted_urgency_only,22,case_22_0008_cycle_006,case_22_0008,6,lens_contamination,26.35226350742191,28.749526977539062,37.53512455470151,0.7155485872385204,0,-0.3299001933084353,0.0,0.0,False,False,0.4075226350742191,do_nothing,False,7.0,8fc9b6596a3d966c907ef64a69c1fe9d56953bf08864c56e859c00d0f6a8e35a
predicted_urgency_only,22,case_22_0008_cycle_007,case_22_0008,7,lens_contamination,30.115406720908084,29.81554412841797,24.564962871805037,0.7041042941931895,0,-0.5130778457562211,0.0,0.0,False,False,0.46915406720908087,do_nothing,False,8.0,d4458270c1ff2aec6383d65006db515d58be6e2dae3a6693aa1c4a65dce49360
predicted_urgency_only,22,case_22_0008_cycle_008,case_22_0008,8,lens_contamination,30.222445942216954,36.102752685546875,42.35815894556453,0.7582810969928242,1,-0.5947436696362308,0.09257175990446123,0.06752963092873533,False,False,0.4448020134799526,inspect,False,9.0,c1f332e16a5f39a210275048b4d86fc5102e83af58b42ad8062f064337f3c967
predicted_urgency_only,22,case_22_0008_cycle_009,case_22_0008,9,lens_contamination,31.74422226271087,31.699657440185547,39.479555197812154,0.7331383096370279,0,-0.6652974143268804,0.0,0.0,False,False,0.5184422226271087,do_nothing,False,10.0,006dc448e2f21a756290062db12a7b4b9a62b883f19c3fe008479dfc21c529c1
predicted_urgency_only,22,case_22_0008_cycle_010,case_22_0008,10,lens_contamination,30.685585315925128,32.5711555480957,34.61461836716023,0.7166038560533338,0,-0.7030581378857537,0.0,0.0,False,False,0.5318558531592512,do_nothing,False,11.0,357b4169b0654f9a7fb27d001fbf6625dd5c47290401856e86d1f1dec71b2c18
predicted_urgency_only,22,case_22_0008_cycle_011,case_22_0008,11,lens_contamination,34.195588899071204,28.92879295349121,36.34135453464023,0.7235347240688609,0,-0.8813978755824653,0.0,0.0,False,False,0.590955888990712,do_nothing,False,12.0,dfcc0e219a6d4fefc8a3503f087e0875d54a4308a52f2fd0c7a7a035058424fe
predicted_urgency_only,22,case_22_0008_cycle_012,case_22_0008,12,lens_contamination,31.06395434332508,33.058319091796875,40.74013269789971,0.7303388932193253,0,-0.8604694642826511,0.0,0.0,False,False,0.5836395434332508,do_nothing,False,13.0,905f318fcd6fe5f4a6626b14dfd8b0151ea3555683a5f4ea1e08ae5482e8fbf7
predicted_urgency_only,22,case_22_0008_cycle_013,case_22_0008,13,lens_contamination,31.83622352347763,37.15510940551758,44.08324996874742,0.7561068842293851,1,-0.9161527974630421,0.08684157770284916,0.06802143998986133,False,False,0.5538260117112986,inspect,False,14.0,ec3136cd7d73bd091fccd079c78c890cc894cc6e35892ecc6de46dcac582768d
predicted_urgency_only,22,case_22_0008_cycle_014,case_22_0008,14,lens_contamination,35.28290019190387,30.863943099975586,32.425499200696194,0.7326167323796268,0,-1.0863795156140603,0.0,0.0,False,False,0.6588290019190387,do_nothing,False,15.0,e2cfed60c22382866699f5643cb400c1ad31d67991425a4bf6e21592c268e7ea
predicted_urgency_only,22,case_22_0008_cycle_015,case_22_0008,15,lens_contamination,33.94412241074432,36.91526412963867,45.818157712317614,0.7566106738133844,1,-1.0555920336068498,0.08123463978584312,0.06671810957362781,False,False,0.6024971016966989,inspect,False,16.0,b1b8061be0ae76e99c121da28de6deaa286cedc4e8cdee0d83f2c5e2f56fd9c1
predicted_urgency_only,22,case_22_0008_cycle_016,case_22_0008,16,lens_contamination,36.657927332734616,36.37250518798828,44.238670661380716,0.7558340297418199,1,-1.1571155582261212,0.08462495440106019,0.06756432672494185,False,False,0.6350213459946116,inspect,False,17.0,a3512bd780f22225c9d1d0f3186e9aae1702208a1c67b290d3fcd5779c83ee2d
predicted_urgency_only,22,case_22_0008_cycle_017,case_22_0008,17,lens_contamination,39.38720833165942,36.695289611816406,35.48946943816334,0.7610145225693361,1,-1.249721396118845,0.07848604470927587,0.06753568508670457,False,False,0.6676848749849349,inspect,False,18.0,c6761867b42c40885c5da16179fa771316331622b8015eade36bb0a15dfc9869
predicted_urgency_only,22,case_22_0008_cycle_018,case_22_0008,18,lens_contamination,37.24303951726984,34.837921142578125,37.46828420804926,0.7550403438726191,0,-1.3015472370989885,0.0,0.0,False,False,0.7294303951726985,do_nothing,False,19.0,82ba9b5016c6d8197b83c3776b428788e7fae49b0bcc75dcf614a5ff247a1d27
predicted_urgency_only,22,case_22_0008_cycle_019,case_22_0008,19,lens_contamination,35.68306982105952,34.07655334472656,37.778979422627785,0.7420416196463102,0,-1.324798337578732,0.0,0.0,False,False,0.7378306982105952,do_nothing,False,20.0,c753a12aebaaae04ab1fe122d42e0d979017370ee9dbd34c2a516db961d441ea
predicted_urgency_only,22,case_22_0012_cycle_000,case_22_0012,0,lens_contamination,22.45893278299913,25.03001594543457,25.03001594543457,0.564045613757449,0,0.24162517444640874,0.0,0.0,False,False,0.2245893278299913,do_nothing,False,1.0,5b579c45cd26b8b3d8827f2643d3f0bf8b942087acb6d892d9a42ebc234c9968
predicted_urgency_only,22,case_22_0012_cycle_001,case_22_0012,1,lens_contamination,19.05150692081102,26.095598220825195,26.095598220825195,0.3238802362628026,0,1.207872756936249,0.0,0.0,False,False,0.21451506920811017,do_nothing,False,2.0,43b0f008c2037ff7e1120c8608e73b56e46af7e6c451ddc5d656356642272788
predicted_urgency_only,22,case_22_0012_cycle_002,case_22_0012,2,lens_contamination,19.667777287946965,25.458311080932617,25.458311080932617,0.5405867604390782,0,0.18487866729572935,0.0,0.0,False,False,0.24467777287946965,do_nothing,False,3.0,2fe0ffe2c9a94f6d881071877fbd942b43958670df2a34e1977cfb5a0f1c24c6
predicted_urgency_only,22,case_22_0012_cycle_003,case_22_0012,3,lens_contamination,25.483003982062574,28.38124656677246,28.38124656677246,0.4877225768663363,0,-0.05364850599182769,0.0,0.0,False,False,0.32683003982062575,do_nothing,False,4.0,39fc4f50cd86701a892ccc1b3e6c9e6ac69408313d0cd7cd0b9911cae414814a
predicted_urgency_only,22,case_22_0012_cycle_004,case_22_0012,4,lens_contamination,19.72693140783814,23.946958541870117,23.946958541870117,0.4655808614187854,0,0.05035492855203795,0.0,0.0,False,False,0.2932693140783814,do_nothing,False,5.0,5d89d4444b284f5a46124e5893c6db7bbce9a14830bd3d8067ba007638091f13
predicted_urgency_only,22,case_22_0012_cycle_005,case_22_0012,5,lens_contamination,24.5047832237331,26.414871215820312,26.414871215820312,0.3538284374980111,0,0.7517822376633055,0.0,0.0,False,False,0.36504783223733095,do_nothing,False,6.0,c9b8a835448b85f022df0be6668829b95fa8e8da656bc0c470f2ae1fa652f551
predicted_urgency_only,22,case_22_0012_cycle_006,case_22_0012,6,lens_contamination,28.60991926190769,28.557632446289062,28.557632446289062,0.5726869269122893,0,-0.37620061689407414,0.0,0.0,False,False,0.4300991926190769,do_nothing,False,7.0,920547e22dfa739424dd4a29c06bef6ba646e58726d1ece5a04761fd178be116
predicted_urgency_only,22,case_22_0012_cycle_007,case_22_0012,7,lens_contamination,26.07955788629484,30.798782348632812,30.798782348632812,0.6263500308870046,0,-0.380339241221896,0.0,0.0,False,False,0.42879557886294845,do_nothing,False,8.0,a0bd5fe2214d60c50223e631d7e00c4d7f4601725010adc4e574cfcf74269cca
predicted_urgency_only,22,case_22_0012_cycle_008,case_22_0012,8,lens_contamination,25.955783163531542,26.328083038330078,26.328083038330078,0.5201291827225086,0,-0.43269287231432274,0.0,0.0,False,False,0.4515578316353155,do_nothing,False,9.0,1f5a67d5defa98f8ea4f87382e1f67b7efa049293b8cf3cd018900f6539bd3b8
predicted_urgency_only,22,case_22_0012_cycle_009,case_22_0012,9,lens_contamination,32.612269231011076,29.881683349609375,29.881683349609375,0.5205361835671973,0,-0.704448504465412,0.0,0.0,False,False,0.5421226923101108,do_nothing,False,10.0,f909176afd0d6a0513ce3575f29f00b845fd92ef189400121492cb31b78a5e4a
predicted_urgency_only,22,case_22_0012_cycle_010,case_22_0012,10,lens_contamination,29.60751392164836,28.41818618774414,28.41818618774414,0.6219507133061326,0,-0.7015180246453705,0.0,0.0,False,False,0.5360751392164835,do_nothing,False,11.0,2177552a1a26c506d553a5bef3b381508582b708301c41ea8185124dbfc8df45
predicted_urgency_only,22,case_22_0012_cycle_011,case_22_0012,11,lens_contamination,27.275002781561884,27.63980484008789,27.63980484008789,0.5333849753050309,0,-0.6902578297426114,0.0,0.0,False,False,0.5367500278156189,do_nothing,False,12.0,801ee88391e2ad79a52efcb19c95b7476d6cd14626815dccb3dfea3e0b75ef93
predicted_urgency_only,22,case_22_0012_cycle_012,case_22_0012,12,lens_contamination,32.79381375301754,22.51083755493164,22.51083755493164,0.5195376651593612,0,-0.9257450623644302,0.0,0.0,False,False,0.6159381375301753,do_nothing,False,13.0,53e9ce09f1f7a8c457392298d198b8cdf14e691be31b0e3b5b6c50f72c13069f
predicted_urgency_only,22,case_22_0012_cycle_013,case_22_0012,13,lens_contamination,35.26300521686668,22.286163330078125,22.286163330078125,0.596885288144947,0,-1.0834229497277423,0.0,0.0,False,False,0.6646300521686668,do_nothing,False,14.0,c7e1d938c02e12e9a3f68efa326de42a33c3a6fc445372925170ce9a578dc3cf
predicted_urgency_only,22,case_22_0012_cycle_014,case_22_0012,14,lens_contamination,33.577617856931795,26.788000106811523,26.788000106811523,0.5548138425671952,0,-1.098550612093033,0.0,0.0,False,False,0.6717761785693179,do_nothing,False,15.0,9d12cf602491162999e4a0b29d5547e37a6fd5e41f50ce24dcf0c4a63c3bc2e9
predicted_urgency_only,22,case_22_0012_cycle_015,case_22_0012,15,lens_contamination,34.51921288578767,26.867359161376953,26.867359161376953,0.58932754494585,0,-1.2039755183155074,0.0,0.0,False,False,0.7051921288578766,do_nothing,False,16.0,bf3fa10f7ae0bad6994d7331fd60ea694a5bf8380003e564a395cefa46757c8d
predicted_urgency_only,22,case_22_0012_cycle_016,case_22_0012,16,lens_contamination,36.19727086203649,27.757064819335938,27.757064819335938,0.5563153714756254,0,-1.3213654315824384,0.0,0.0,False,False,0.7459727086203649,do_nothing,False,17.0,01e5eb34b4378a87c9659a1c8954ddde4ec041ac331357b2ad3d59e856c86e0d
predicted_urgency_only,22,case_22_0012_cycle_017,case_22_0012,17,lens_contamination,33.87765589056039,26.99036979675293,26.99036979675293,0.5473094024605278,0,-1.3224260870858906,0.0,0.0,False,False,0.7467765589056039,do_nothing,False,18.0,49f75f03f51e10ba07c2f74075bd3cc4dc3c8cd9ccb6dae57d0fd7bb8d2fc804
predicted_urgency_only,22,case_22_0012_cycle_018,case_22_0012,18,lens_contamination,36.09391873527035,29.779611587524414,34.90546640997952,0.7126456929324547,0,-1.4857144159979783,0.0,0.0,False,False,0.7929391873527034,do_nothing,False,19.0,527b6fe497c11e5678f0c88f9ed4ea4aa453286fd169b070a54a771c73f8fdcd
predicted_urgency_only,22,case_22_0012_cycle_019,case_22_0012,19,lens_contamination,37.7451257236858,36.365867614746094,31.363433760918564,0.6208954405002974,1,-1.5198912961677487,0.11919955250884545,0.07154879130542745,False,False,0.7501061315131722,inspect,False,20.0,cbfee3d86e5a21f7d9e3a145565642ed1250628f20f4757d005741b2bef28a7b
predicted_urgency_only,22,case_22_0014_cycle_000,case_22_0014,0,normal,11.346802371110083,15.31319808959961,15.31319808959961,0.5271388709892377,0,0.5805250982183119,0.0,0.0,False,False,0.11346802371110083,do_nothing,False,1.0,f51d803595fac7a6a2726a8f7dd58f96c54fae919664d97e2ea96be619be237e
predicted_urgency_only,22,case_22_0014_cycle_001,case_22_0014,1,normal,9.75914056658004,16.32408332824707,16.32408332824707,0.3567400188227773,0,1.4817147801791821,0.0,0.0,False,False,0.12159140566580041,do_nothing,False,2.0,9eabe479867ef226e945ec7b8bf5b322ae1db0c028cc205c95aa83c4844e533f
predicted_urgency_only,22,case_22_0014_cycle_002,case_22_0014,2,normal,11.069955654346167,15.251291275024414,15.251291275024414,0.3884313809513976,0,1.3656366232269053,0.0,0.0,False,False,0.15869955654346168,do_nothing,False,3.0,d6856ad6223739894c3d4cd2ea4fa2bea73ce2f8b4e83a235e711efb07f16a98
predicted_urgency_only,22,case_22_0014_cycle_003,case_22_0014,3,normal,12.043434179814712,15.518512725830078,15.518512725830078,0.24855893394625164,0,1.2854131345136208,0.0,0.0,False,False,0.1924343417981471,do_nothing,False,4.0,c85dfd8a9f1691d2f487cbb0a54b0820616791ffb18484bc9e786d3810bb82b8
predicted_urgency_only,22,case_22_0014_cycle_004,case_22_0014,4,normal,13.122765692066308,15.73292064666748,15.73292064666748,0.5069525890670695,0,0.2422741408779502,0.0,0.0,False,False,0.2272276569206631,do_nothing,False,5.0,f4124fce9e30a337f6cbc3c419f00a484a72955e63340a8be4b255738e0bbc19
predicted_urgency_only,22,case_22_0014_cycle_005,case_22_0014,5,normal,12.55464102966133,15.064529418945312,15.064529418945312,0.3867466762910515,0,1.1053487676665024,0.0,0.0,False,False,0.24554641029661328,do_nothing,False,6.0,862d16a44e1b5021ecaa8ec256453a7cba467c5b17dda7a2af6934d3baf151fb
predicted_urgency_only,22,case_22_0014_cycle_006,case_22_0014,6,normal,10.618847355596058,15.627809524536133,15.627809524536133,0.48293708423865134,0,0.17699401669632053,0.0,0.0,False,False,0.2501884735559606,do_nothing,False,7.0,2536cf601f92e604e3a6c5277ea421c77a305b6387edded740d0acffc24858fe
predicted_urgency_only,22,case_22_0014_cycle_007,case_22_0014,7,normal,11.899773079413999,15.170616149902344,15.170616149902344,0.45266335182731815,0,0.07110730484348217,0.0,0.0,False,False,0.28699773079414004,do_nothing,False,8.0,4f982d53928b84389c4dbf8f0142062ee6471326798a21fc932eab9299705ac9
predicted_urgency_only,22,case_22_0014_cycle_008,case_22_0014,8,normal,14.415925293911902,15.149541854858398,15.149541854858398,0.394799680303313,0,0.8323022891371461,0.0,0.0,False,False,0.336159252939119,do_nothing,False,9.0,da9770c9b6500a84a8a9658353987a40ab98cd410ca59e846c55c2f00b7ed7a9
predicted_urgency_only,22,case_22_0014_cycle_009,case_22_0014,9,normal,10.523133001453273,15.251291275024414,15.251291275024414,0.2829635606972255,0,0.893861475851818,0.0,0.0,False,False,0.32123133001453275,do_nothing,False,10.0,5782a26f161d5da1193920ebf436303514bab52af525917cb4499ecdcae738e4
predicted_urgency_only,22,case_22_0014_cycle_010,case_22_0014,10,normal,11.221434433606639,19.496309280395508,19.496309280395508,0.49094882626177966,0,-0.13028535694746624,0.0,0.0,False,False,0.3522143443360664,do_nothing,False,11.0,1eed52a01f86d83b4a8c6c790104c6e7058913f96a75a8315cb0a0f86c1f2a9b
predicted_urgency_only,22,case_22_0014_cycle_011,case_22_0014,11,normal,12.541428288633039,15.170616149902344,15.170616149902344,0.47190011974571167,0,-0.23902786662084807,0.0,0.0,False,False,0.3894142828863304,do_nothing,False,12.0,c5abe2f03427ad3da5627869049ec8ad5e27483253ee8b199cf589da26f44276
predicted_urgency_only,22,case_22_0014_cycle_012,case_22_0014,12,normal,14.274193184476418,15.170616149902344,15.170616149902344,0.3506716078836266,0,0.5551734632831636,0.0,0.0,False,False,0.43074193184476417,do_nothing,False,13.0,2e08f4d485cb7acb5e36a7ea9e6adebf248b7a1994ab58224b2e1cec8152671a
predicted_urgency_only,22,case_22_0014_cycle_013,case_22_0014,13,normal,13.511423101905043,20.944509506225586,20.944509506225586,0.44940882767571666,0,0.4912459827914913,0.0,0.0,False,False,0.44711423101905046,do_nothing,False,14.0,38920abf0424135ff11233c3172de9206c81b3dc52c30916dbfa87fe14cd9e54
predicted_urgency_only,22,case_22_0014_cycle_014,case_22_0014,14,normal,14.718088853571656,15.170616149902344,15.170616149902344,0.2784822531702118,0,0.4086849964173183,0.0,0.0,False,False,0.4831808885357166,do_nothing,False,15.0,111b3644d9f0237619414379da93cd490629361ad3898ad76150c40fc240342b
predicted_urgency_only,22,case_22_0014_cycle_015,case_22_0014,15,normal,16.085138302320207,15.064529418945312,15.064529418945312,0.38510717310725967,0,0.2796797749643051,0.0,0.0,False,False,0.520851383023202,do_nothing,False,16.0,24c380af112d2bfd1e11377a1bc5a2e581e104b1164cdb92bee69219bebd1491
predicted_urgency_only,22,case_22_0014_cycle_016,case_22_0014,16,normal,13.88453669209866,15.170616149902344,15.170616149902344,0.5734570417713583,0,-0.6545546570286634,0.0,0.0,False,False,0.5228453669209866,do_nothing,False,17.0,c5b8af31c1897e972568d204d53369e2c78b00d328d342117bdfc4246260598f
predicted_urgency_only,22,case_22_0014_cycle_017,case_22_0014,17,normal,14.189598869715232,16.309412002563477,16.309412002563477,0.3240345497554075,0,0.2017068514452317,0.0,0.0,False,False,0.5498959886971524,do_nothing,False,18.0,7f1ed5d4b27f2344cf4edc67ef819df29250f17ad2b8e46825052157c24ac613
predicted_urgency_only,22,case_22_0014_cycle_018,case_22_0014,18,normal,15.729206272549387,15.170616149902344,15.170616149902344,0.3728782651489878,0,0.07619207205117029,0.0,0.0,False,False,0.5892920627254938,do_nothing,False,19.0,a293e9220bedd70ce166fbdb898edbc70f3228edb4c8904c0eff55800eaeaa5d
predicted_urgency_only,22,case_22_0014_cycle_019,case_22_0014,19,normal,15.673735051145421,16.41180992126465,16.41180992126465,0.45347443485234057,0,-0.9062332167622136,0.0,0.0,False,False,0.6127373505114542,do_nothing,False,20.0,b195dca45bc053ee57876be423688634b952f47388d41f844796291ef360b148
predicted_urgency_only,22,case_22_0027_cycle_000,case_22_0027,0,focal_drift,23.107165720195173,21.929601669311523,21.929601669311523,0.5812431079957102,0,0.21959856219478835,0.0,0.0,False,False,0.23107165720195172,do_nothing,False,1.0,bdfc98a56529e60f5decc2b4a944638de9389ffd09665338fc08069f5b91dcc1
predicted_urgency_only,22,case_22_0027_cycle_001,case_22_0027,1,focal_drift,17.045265187491925,22.466310501098633,22.466310501098633,0.46471635407224055,0,0.3469345912644061,0.0,0.0,False,False,0.19445265187491925,do_nothing,False,2.0,5f53fb23d36dc3d43b4c241453603a95fb078db2a3f8bf8945ad7f1dda7692f6
predicted_urgency_only,22,case_22_0027_cycle_002,case_22_0027,2,focal_drift,22.164407839398855,20.291973114013672,20.291973114013672,0.5620593831083096,0,0.1067588573517879,0.0,0.0,False,False,0.2696440783939886,do_nothing,False,3.0,5e11b11d3b9e254343754be43a0f6f767c5afabeb452709760ee386a6e826c14
predicted_urgency_only,22,case_22_0027_cycle_003,case_22_0027,3,focal_drift,22.612516637424164,16.32408332824707,16.32408332824707,0.3270947485217164,0,0.9565602885990175,0.0,0.0,False,False,0.2981251663742417,do_nothing,False,4.0,69c904c075e42e9745199aa34d768976d652eca563498636075848c45c9aa847
predicted_urgency_only,22,case_22_0027_cycle_004,case_22_0027,4,focal_drift,23.329816744098505,17.893585205078125,17.893585205078125,0.43562682599778324,0,0.8467614737773774,0.0,0.0,False,False,0.32929816744098506,do_nothing,False,5.0,82f69a92a482135a2530a67a4e68764652b530d1495fb797544346d0d3a091e5
predicted_urgency_only,22,case_22_0027_cycle_005,case_22_0027,5,focal_drift,22.443816017800124,22.921403884887695,22.921403884887695,0.43459609231374713,0,0.8014961056189345,0.0,0.0,False,False,0.3444381601780012,do_nothing,False,6.0,edd7a65c394b46139582573ce043df177e0d13fa0657cfcb26d53c309f3a29ae
predicted_urgency_only,22,case_22_0027_cycle_006,case_22_0027,6,focal_drift,23.355472600644546,21.406679153442383,21.406679153442383,0.5066428084975979,0,-0.20866059929397596,0.0,0.0,False,False,0.37755472600644546,do_nothing,False,7.0,fcfcba09849084f35df99d8d7469ceefab23df77df25e7a57e3ce465acaed541
predicted_urgency_only,22,case_22_0027_cycle_007,case_22_0027,7,focal_drift,28.697036799820708,25.03343963623047,25.03343963623047,0.5349460557282646,0,-0.445153012353861,0.0,0.0,False,False,0.4549703679982071,do_nothing,False,8.0,3967bd9828ce57f9a7914665b51e04a5c185a094f3f63f2001e88f7782132e12
predicted_urgency_only,22,case_22_0027_cycle_008,case_22_0027,8,focal_drift,25.89779105907926,24.788042068481445,24.788042068481445,0.3017762895630724,0,0.5017998247931612,0.0,0.0,False,False,0.4509779105907926,do_nothing,False,9.0,e5b9d4fd82ff312829de3437398aa9132556e85b0a1712c199fa843f4d0a76d8
predicted_urgency_only,22,case_22_0027_cycle_009,case_22_0027,9,focal_drift,23.745846749525526,28.000213623046875,28.000213623046875,0.47652455555519113,0,-0.4318540858190444,0.0,0.0,False,False,0.45345846749525526,do_nothing,False,10.0,ccb6385d6a78e1136d043b512ed6bc0e5ceeeddfd8772c35a51dfbd91ecac8c4
predicted_urgency_only,22,case_22_0027_cycle_010,case_22_0027,10,focal_drift,32.9868078139129,23.128742218017578,23.128742218017578,0.34726227236903595,0,0.13830642472725763,0.0,0.0,False,False,0.569868078139129,do_nothing,False,11.0,aba1a4608dac5509e9544e33d8929c25248f2d3e66c4de9f16acd15297446c99
predicted_urgency_only,22,case_22_0027_cycle_011,case_22_0027,11,focal_drift,28.946104672972716,25.179243087768555,25.179243087768555,0.5042787358603441,0,-0.7360249505682331,0.0,0.0,False,False,0.5534610467297272,do_nothing,False,12.0,6096eaa93f6296e15b18292c9cf4d46508962b7649bb06ddc13c121930f3af98
predicted_urgency_only,22,case_22_0027_cycle_012,case_22_0027,12,focal_drift,28.3802613571105,29.353294372558594,29.353294372558594,0.5705663937504489,0,-0.8009927997758822,0.0,0.0,False,False,0.571802613571105,do_nothing,False,13.0,08b6d53593bcf9801f30c154918b8319b95802f46af956a9090c69383dc7a5c0
predicted_urgency_only,22,case_22_0027_cycle_013,case_22_0027,13,focal_drift,31.842740588715586,28.87530517578125,28.87530517578125,0.5345708260199042,0,-0.9714678415644531,0.0,0.0,False,False,0.6304274058871558,do_nothing,False,14.0,08d48ce8d0358a8c827a7412f12b8dfa9f9cce1687fffe7570b2ac1e84a40f16
predicted_urgency_only,22,case_22_0027_cycle_014,case_22_0027,14,focal_drift,29.530070116700845,24.600229263305664,24.600229263305664,0.4645567982645499,0,-0.9635856232407077,0.0,0.0,False,False,0.6313007011670084,do_nothing,False,15.0,57155f8cb9a2c99e3a3b80cd2309df0d1c995a1e22d5206f51d605ce3c24336d
predicted_urgency_only,22,case_22_0027_cycle_015,case_22_0027,15,focal_drift,28.918554928218676,27.279752731323242,27.279752731323242,0.4732244898543712,0,-1.018540321324716,0.0,0.0,False,False,0.6491855492821867,do_nothing,False,16.0,893e6a07283dbb1b91dd8d2730dfab2cff6e7f4fe545a5dc6b9ff56fb36db3db
predicted_urgency_only,22,case_22_0027_cycle_016,case_22_0027,16,focal_drift,30.166920974583423,28.697797775268555,28.697797775268555,0.5441843345542782,0,-1.1386352794206442,0.0,0.0,False,False,0.6856692097458342,do_nothing,False,17.0,8c5a162d44e984eeb3ed30060bcd2aaa6b587937ef2732d90fa838bdf39bc1b5
predicted_urgency_only,22,case_22_0027_cycle_017,case_22_0027,17,focal_drift,35.051160765608564,27.909156799316406,27.909156799316406,0.48122639514112464,0,-1.3477187822394252,0.0,0.0,False,False,0.7585116076560856,do_nothing,False,18.0,9792938d1a3c1f778dba0d5ead13af14a30f796a89abae12ce241a365fbbc9a5
predicted_urgency_only,22,case_22_0027_cycle_018,case_22_0027,18,focal_drift,31.69346494634147,28.973276138305664,28.973276138305664,0.5862734954860176,0,-1.3347449727131466,0.0,0.0,False,False,0.7489346494634147,do_nothing,False,19.0,be7ebd26885a3d0e886f12f7177fdd1ee68b64a920874f5a41a913336526a5cc
predicted_urgency_only,22,case_22_0027_cycle_019,case_22_0027,19,focal_drift,32.51724953573583,29.676551818847656,29.676551818847656,0.5183549854252854,0,-1.4212707338858672,0.0,0.0,False,False,0.7811724953573582,do_nothing,False,20.0,a3166bc38c5cb55ff9fdd12d7de6354e767bc738480e744d9ce88275d3e4346c
predicted_urgency_only,22,case_22_0031_cycle_000,case_22_0031,0,motion_instability,22.071159850019406,18.24912452697754,18.24912452697754,0.5601379080571007,0,0.2538445182908527,0.0,0.0,False,False,0.22071159850019406,do_nothing,False,1.0,f230a1ef7e22ed9d91a72e78e6e08b1829008359d9e671539fa49984b7313274
predicted_urgency_only,22,case_22_0031_cycle_001,case_22_0031,1,motion_instability,18.457231898484444,18.793161392211914,18.793161392211914,0.49416281087328995,0,0.3001586214144732,0.0,0.0,False,False,0.20857231898484443,do_nothing,False,2.0,d832f824820cc31f1c9f4685edfc4b58bd6c6aa277865248456df47ac7c700c4
predicted_urgency_only,22,case_22_0031_cycle_002,case_22_0031,2,motion_instability,20.56310471028937,15.251291275024414,15.251291275024414,0.39358971552875194,0,1.080068401362006,0.0,0.0,False,False,0.2536310471028937,do_nothing,False,3.0,0127f3844562ede442cfe9802a76f279945c7d74001ee2e264300189c51de333
predicted_urgency_only,22,case_22_0031_cycle_003,case_22_0031,3,motion_instability,18.227206575348443,23.17742156982422,23.17742156982422,0.39668021787622854,0,1.0776817700581125,0.0,0.0,False,False,0.25427206575348443,do_nothing,False,4.0,6154042ac22d3482628035bf134671d6fc89691fdca18a320e2b08c04f6d409a
predicted_urgency_only,22,case_22_0031_cycle_004,case_22_0031,4,motion_instability,23.193357774161612,20.405881881713867,31.634765374717666,0.6799966986330035,0,-0.08580023801979893,0.0,0.0,False,False,0.32793357774161613,do_nothing,False,5.0,ca42f77a1920ddda87b5fbe2186f7c7d0fe3ce99697d78d55d4a8c8c513b9dc2
predicted_urgency_only,22,case_22_0031_cycle_005,case_22_0031,5,motion_instability,23.410128187088823,24.10541534423828,24.10541534423828,0.4762171326229644,0,-0.1337364155061092,0.0,0.0,False,False,0.3541012818708882,do_nothing,False,6.0,037ac506e0eb0ed86f0ad2bb732b8ae96e2b0f514421484f5ac67e613fc24cc7
predicted_urgency_only,22,case_22_0031_cycle_006,case_22_0031,6,motion_instability,24.177396233524,22.840024948120117,22.840024948120117,0.528981142645057,0,-0.2366690584024786,0.0,0.0,False,False,0.38577396233524003,do_nothing,False,7.0,fddb056780974b9b9d9463b6ba9ccdc522c873ef1348a8d7eb8bad7d6e1932a1
predicted_urgency_only,22,case_22_0031_cycle_007,case_22_0031,7,motion_instability,21.953929255686372,19.457582473754883,19.457582473754883,0.3303137060962309,0,0.6878350664149743,0.0,0.0,False,False,0.3875392925568637,do_nothing,False,8.0,ff7d9d0508978b419caba18fc492fb0d795ffa47671d9fb711908937e71dae25
predicted_urgency_only,22,case_22_0031_cycle_008,case_22_0031,8,motion_instability,20.984446734755135,24.705364227294922,24.705364227294922,0.2891210522105401,0,0.651098440125765,0.0,0.0,False,False,0.40184446734755136,do_nothing,False,9.0,584009102634eea7acb3b583ab11440a660a5d505a4856af9bd9546448faece7
predicted_urgency_only,22,case_22_0031_cycle_009,case_22_0031,9,motion_instability,25.06421024148801,19.98545265197754,19.98545265197754,0.335738163023746,0,0.44971296830179797,0.0,0.0,False,False,0.4666421024148801,do_nothing,False,10.0,5b2e0de4672d64dad3693e1e5e97a7cd8eae43437fea4a25fadbc758378a77a4
predicted_urgency_only,22,case_22_0031_cycle_010,case_22_0031,10,motion_instability,24.89862773753442,27.28322410583496,27.28322410583496,0.3674284746547066,0,0.3779268966757615,0.0,0.0,False,False,0.48898627737534417,do_nothing,False,11.0,4a72604e1d004a766daf91a9331a969ee5716f82d8277a3a568cd6cd5fbe5bb9
predicted_urgency_only,22,case_22_0031_cycle_011,case_22_0031,11,motion_instability,26.070081282921016,22.537675857543945,22.537675857543945,0.38932448354615246,0,0.2674988889804468,0.0,0.0,False,False,0.5247008128292101,do_nothing,False,12.0,f5c677189ade013a395531f4ddcedd0ac29626edbb688d0eb8e234e4a092a784
predicted_urgency_only,22,case_22_0031_cycle_012,case_22_0031,12,motion_instability,23.75640373321774,24.411144256591797,24.411144256591797,0.4754669563798055,0,-0.6480121554535029,0.0,0.0,False,False,0.5255640373321774,do_nothing,False,13.0,82a08aef11702ad8edd8eb94245c101d6c297ccbd6e08c80cd41c18f31e74dbd
predicted_urgency_only,22,case_22_0031_cycle_013,case_22_0031,13,motion_instability,24.9528789053455,21.545703887939453,21.545703887939453,0.47486327388708194,0,-0.7558158582434275,0.0,0.0,False,False,0.561528789053455,do_nothing,False,14.0,fae8bb35b26c6a9ce3ad247f2dd0f93d7e3bb9127c5350cdff5da2d3c20177c8
predicted_urgency_only,22,case_22_0031_cycle_014,case_22_0031,14,motion_instability,27.639481737339455,22.468202590942383,22.468202590942383,0.4767422286108246,0,-0.9086957864118076,0.0,0.0,False,False,0.6123948173733946,do_nothing,False,15.0,f63614abebdf452aa52c9f504f8a35b8eb27b223f51fb2b3ee07431456a63c0e
predicted_urgency_only,22,case_22_0031_cycle_015,case_22_0031,15,motion_instability,29.15721027662881,25.730003356933594,25.730003356933594,0.4183111478974841,0,-0.11746298048348669,0.0,0.0,False,False,0.6515721027662881,do_nothing,False,16.0,2302682ed2ae92e8118569e7e8461eb63dc011dc50492116e08d5b503f47fedf
predicted_urgency_only,22,case_22_0031_cycle_016,case_22_0031,16,motion_instability,32.92999237443354,29.573596954345703,29.573596954345703,0.5777109794041035,0,-1.2265564181436217,0.0,0.0,False,False,0.7132999237443354,do_nothing,False,17.0,1372981beffa7f8c37b37d0bac83f914389c33f2cdffb574f502c77770459202
predicted_urgency_only,22,case_22_0031_cycle_017,case_22_0031,17,motion_instability,30.211679775059824,26.282278060913086,26.282278060913086,0.42515643678873105,0,-0.2941238587701044,0.0,0.0,False,False,0.7101167977505982,do_nothing,False,18.0,79092415f05703af306a4a964f1f7b42a6b5b560cb402486ae3100177483f1c4
predicted_urgency_only,22,case_22_0031_cycle_018,case_22_0031,18,motion_instability,28.99197706646863,28.11958885192871,28.11958885192871,0.45531257701513306,0,-1.2340561985463285,0.0,0.0,False,False,0.7219197706646863,do_nothing,False,19.0,5c946d6e14f356a16f17a0accf7252c09521b0b7ff0e1c76ffee5c9f6c9bc6fe
predicted_urgency_only,22,case_22_0031_cycle_019,case_22_0031,19,motion_instability,31.626311554493043,28.78322410583496,28.78322410583496,0.5580348598718692,0,-1.4004945756155716,0.0,0.0,False,False,0.7722631155449304,do_nothing,False,20.0,7a6e8cbbcf78b6481cf4e31cc5d8f3698867aa41f4eef608c65b2e491768b67e
predicted_urgency_only,22,case_22_0034_cycle_000,case_22_0034,0,low_shielding_gas,21.54898529583999,22.462858200073242,22.462858200073242,0.4204250006787071,0,1.1904666910229942,0.0,0.0,False,False,0.2154898529583999,do_nothing,False,1.0,faa3091f362ae489ce0b2253a518726dd5f81dd0c66de464f0759b266eb66abb
predicted_urgency_only,22,case_22_0034_cycle_001,case_22_0034,1,low_shielding_gas,20.911472943990308,28.023639678955078,28.023639678955078,0.49168862848957895,0,0.2269025174068539,0.0,0.0,False,False,0.23311472943990308,do_nothing,False,2.0,8a28b24d87b549a6495170f2f35ed47993979d142b4bfb94acf2e1ea7d5fb7c0
predicted_urgency_only,22,case_22_0034_cycle_002,case_22_0034,2,low_shielding_gas,23.675265704051856,18.640161514282227,18.640161514282227,0.4653019482152002,0,0.07594673664616432,0.0,0.0,False,False,0.28475265704051855,do_nothing,False,3.0,9e554b2c2e0fdfab2e7862088516528b88ba21c1ee1dd9fb6363e723fbad4247
predicted_urgency_only,22,case_22_0034_cycle_003,case_22_0034,3,low_shielding_gas,26.320778233511284,18.3117733001709,18.3117733001709,0.5048303724861807,0,-0.08134790287826572,0.0,0.0,False,False,0.33520778233511284,do_nothing,False,4.0,88b473139224da31f7f6e0edb4ef74138cddf84022c57b5cb6328beb133b2bce
predicted_urgency_only,22,case_22_0034_cycle_004,case_22_0034,4,low_shielding_gas,26.047485913243364,29.856098175048828,29.856098175048828,0.5304966967339934,0,-0.14899908190740002,0.0,0.0,False,False,0.35647485913243365,do_nothing,False,5.0,e481a0da2717153d501d7e1c0d3e28af6e98f10543e0863fecd0a6b258b58ff6
predicted_urgency_only,22,case_22_0034_cycle_005,case_22_0034,5,low_shielding_gas,26.9093064238918,30.997100830078125,30.997100830078125,0.5846524206973157,0,-0.2549770558213512,0.0,0.0,False,False,0.389093064238918,do_nothing,False,6.0,716072b37dda3aba5ed8326bdc298d747a8cd5179ffc30d532464d031a7a8c4a
predicted_urgency_only,22,case_22_0034_cycle_006,case_22_0034,6,low_shielding_gas,28.017619538990296,27.435176849365234,27.435176849365234,0.5390021577314893,0,-0.35337890982943226,0.0,0.0,False,False,0.424176195389903,do_nothing,False,7.0,2d859c188f4f65fd944e4164a28dfb3c6f502108200f4be03afe25bc086b95b4
predicted_urgency_only,22,case_22_0034_cycle_007,case_22_0034,7,low_shielding_gas,36.49887537870855,39.02654266357422,41.75929934911525,0.7296959137710564,1,-0.7237086300291065,0.11823962867727704,0.07118122382630046,False,False,0.4796898784083769,inspect,False,8.0,61c69d645f97d70bbbfdac61c5d267853565ad35d2e2b4f0de45ed91a8905963
predicted_urgency_only,22,case_22_0034_cycle_008,case_22_0034,8,low_shielding_gas,30.420330104374255,29.135910034179688,29.135910034179688,0.5452668661545289,0,-0.5253999330544068,0.0,0.0,False,False,0.48120330104374254,do_nothing,False,9.0,a009ad49c812ad452a540001d99e7c07911380ea3a003f8939d576d449ec386b
predicted_urgency_only,22,case_22_0034_cycle_009,case_22_0034,9,low_shielding_gas,31.616737974415347,30.952194213867188,30.952194213867188,0.5605617907513739,0,-0.6355864078451665,0.0,0.0,False,False,0.5171673797441535,do_nothing,False,10.0,62c473da5be7f06d636fce605a8f5859fa25dd2af0eb91939600ea6e79128f3e
predicted_urgency_only,22,case_22_0034_cycle_010,case_22_0034,10,low_shielding_gas,33.63769166804496,28.708322525024414,28.708322525024414,0.5831459557472427,0,-0.7716026434034351,0.0,0.0,False,False,0.5613769166804495,do_nothing,False,11.0,b471ceb2fe6511c0077f7c29904928cb8459e8b9689b723705be82aae470117c
predicted_urgency_only,22,case_22_0034_cycle_011,case_22_0034,11,low_shielding_gas,36.93716577018912,28.43971824645996,28.43971824645996,0.589172016128531,0,-0.9434907755249532,0.0,0.0,False,False,0.6183716577018912,do_nothing,False,12.0,56833025369f96d6820602773f012c827bd2990195795cb8f3065ffad04419c7
predicted_urgency_only,22,case_22_0034_cycle_012,case_22_0034,12,low_shielding_gas,33.12956866292776,28.076311111450195,28.076311111450195,0.5329551562034989,0,-0.8928303333183577,0.0,0.0,False,False,0.6042956866292776,do_nothing,False,13.0,d84a22196d9e0944a08054eb28cce5731b0d83bce92b856248a42b09426f3cc5
predicted_urgency_only,22,case_22_0034_cycle_013,case_22_0034,13,low_shielding_gas,30.799123997733087,36.65597152709961,31.941050710683744,0.7296953743785324,1,-0.9087693497019784,0.1104403447249509,0.069247938601818,False,False,0.5444921159795978,inspect,False,14.0,aa7d603e8e014cab24830a0a5bcca751895242dfce1a4ba1bda066d60975fe0f
predicted_urgency_only,22,case_22_0034_cycle_014,case_22_0034,14,low_shielding_gas,32.62358065814278,29.405010223388672,37.61667906598959,0.7253649023291866,0,-1.0055121550936612,0.0,0.0,False,False,0.6322358065814278,do_nothing,False,15.0,75a5202c3344836735d44a6e5d7ccec7b712090b849f216e2bd2fe138e13e74f
predicted_urgency_only,22,case_22_0034_cycle_015,case_22_0034,15,low_shielding_gas,38.67484045529775,39.338279724121094,44.15120316749655,0.6920762804022649,1,-1.201669851227898,0.10773411241183536,0.06862950557835415,False,False,0.6450735640976798,inspect,False,16.0,e4bf6bc599384903f98e45cf639acbda518c88f23114a2321aa3193a9e9f80d7
predicted_urgency_only,22,case_22_0034_cycle_016,case_22_0034,16,low_shielding_gas,37.98665998478567,31.814315795898438,40.59733785130244,0.6702392085895812,0,-1.257135680832007,0.0,0.0,False,False,0.7188665998478567,do_nothing,False,17.0,ab03b695361b7cb6472b74633deb06ee46b3e5eeac6a86a29ba07e159705c31c
predicted_urgency_only,22,case_22_0034_cycle_017,case_22_0034,17,low_shielding_gas,37.686106247326315,39.77954864501953,44.66654484362941,0.7728493718910575,1,-1.2669912268670827,0.09888183488929414,0.06819639689539914,False,False,0.6658749562259368,inspect,False,18.0,58ca35380330165c5f7e025ee9cfb501b24c40483cc56f1260da7324fbd82b4b
predicted_urgency_only,22,case_22_0034_cycle_018,case_22_0034,18,low_shielding_gas,39.68960677052455,35.40608596801758,39.84145609659292,0.7485229251337177,1,-1.3443361653389236,0.09962973264091096,0.07051076390473987,False,False,0.692006460934721,inspect,False,19.0,8c0284d5702234b11e19ea2d80d975a3cdcaffbd4e3bc407693817934b3de545
predicted_urgency_only,22,case_22_0034_cycle_019,case_22_0034,19,low_shielding_gas,40.46898891773571,32.529136657714844,39.86016028494889,0.7240689326997795,0,-1.4656800074370384,0.0,0.0,False,False,0.7856898891773572,do_nothing,False,20.0,0e723a8936294ef2c2dbb89f35e725ce738732a5322d34942e3633e397ec1bb0
predicted_urgency_only,22,case_22_0039_cycle_000,case_22_0039,0,normal,10.66060056361269,16.17258644104004,16.17258644104004,0.46620263432831827,0,0.6102515879423717,0.0,0.0,False,False,0.10660600563612689,do_nothing,False,1.0,5c3dcaf4726f5536db25bea0ba9cb2a1c88925740f504449bce84569bce1a96c
predicted_urgency_only,22,case_22_0039_cycle_001,case_22_0039,1,normal,11.007288543847686,15.170616149902344,15.170616149902344,0.34954788390578234,0,1.4453491610987022,0.0,0.0,False,False,0.13407288543847687,do_nothing,False,2.0,00ecdbd137f65f4538e5e8e54545094ca6536f948fd8e5cfa711e726621a6a27
predicted_urgency_only,22,case_22_0039_cycle_002,case_22_0039,2,normal,11.582467847926006,16.310440063476562,16.310440063476562,0.39818802929756447,0,1.3487977601675851,0.0,0.0,False,False,0.16382467847926008,do_nothing,False,3.0,6c3e19a5bfdfe04a1bc1284f6b7bbefd09cdf52cb5c28e570ded842b46833d41
predicted_urgency_only,22,case_22_0039_cycle_003,case_22_0039,3,normal,13.927966550389373,15.251291275024414,15.251291275024414,0.40301017060690864,0,1.2057094778972826,0.0,0.0,False,False,0.21127966550389374,do_nothing,False,4.0,cb916d962d50130c4f3a0cf1bb00315ed6d6fd58074d16d198d87057337b567a
predicted_urgency_only,22,case_22_0039_cycle_004,case_22_0039,4,normal,10.725400296966862,15.190570831298828,19.146811149434257,0.6463229354567399,0,0.29328955077248314,0.0,0.0,False,False,0.2032540029696686,do_nothing,False,5.0,c7eced901fecb1602b37035c6e64920dc75f5cf73a4febbd6696afabe2420950
predicted_urgency_only,22,case_22_0039_cycle_005,case_22_0039,5,normal,10.72834405236545,15.419282913208008,15.419282913208008,0.3358109076209048,0,1.1677780422859008,0.0,0.0,False,False,0.2272834405236545,do_nothing,False,6.0,8081becf9d854a85bddc5f3e2168462e6aab9d700c24239c7b4aa4869beffe83
predicted_urgency_only,22,case_22_0039_cycle_006,case_22_0039,6,normal,11.269689713118131,15.690711975097656,15.690711975097656,0.48721070532133803,0,0.15682770280825548,0.0,0.0,False,False,0.25669689713118127,do_nothing,False,7.0,683fe2506e8954f0299952b9b1ab3a3d8e1ad71a9e14ec8cd61beecdbc88a65e
predicted_urgency_only,22,case_22_0039_cycle_007,case_22_0039,7,normal,11.686639763918777,15.287107467651367,15.287107467651367,0.5975275230600855,0,0.05577167862342393,0.0,0.0,False,False,0.28486639763918775,do_nothing,False,8.0,de57d4914fec6ad7b36ea5c044cb886115271d0cb5490b8bc60bed71f18e2e31
predicted_urgency_only,22,case_22_0039_cycle_008,case_22_0039,8,normal,12.184920691533275,15.425861358642578,15.425861358642578,0.459474130129448,0,-0.010468740265415596,0.0,0.0,False,False,0.3138492069153328,do_nothing,False,9.0,0fe1c88f5274c882dce5495f4a99cf891016e72d72b6f9f9878c3a688c71d27f
predicted_urgency_only,22,case_22_0039_cycle_009,case_22_0039,9,normal,13.122657755892162,15.149541854858398,15.149541854858398,0.32756013628142555,0,0.8091862468810214,0.0,0.0,False,False,0.3472265775589216,do_nothing,False,10.0,1f981fc3cd7334e53e5c12e204e8ce362d99419b8b2a7b1157787a6ffc350791
predicted_urgency_only,22,case_22_0039_cycle_010,case_22_0039,10,normal,13.621589463259095,17.05305290222168,17.05305290222168,0.5575228421627104,0,-0.2122761102221796,0.0,0.0,False,False,0.376215894632591,do_nothing,False,11.0,941761ccbbfc27f882a5196d1bdcac2fc2a54bf3ddf539e5ba15046e2c2ca3a6
predicted_urgency_only,22,case_22_0039_cycle_011,case_22_0039,11,normal,12.2284477179898,15.287107467651367,15.287107467651367,0.4993897415124309,0,-0.2337618927665585,0.0,0.0,False,False,0.386284477179898,do_nothing,False,12.0,31b5d29e3146ef510ba989999fad38c9ddd6cee6c5c200074462f19ec50a7b3b
predicted_urgency_only,22,case_22_0039_cycle_012,case_22_0039,12,normal,15.700187230164122,15.518512725830078,15.518512725830078,0.4891933027929986,0,-0.4083846123238736,0.0,0.0,False,False,0.44500187230164123,do_nothing,False,13.0,cf739d1870ab0ad596078c69b4ba3b7e0d03621eb042e038e5d79bba021fe7cd
predicted_urgency_only,22,case_22_0039_cycle_013,case_22_0039,13,normal,13.541000062707834,15.064529418945312,15.064529418945312,0.4319717294451293,0,0.49297423870199564,0.0,0.0,False,False,0.44741000062707836,do_nothing,False,14.0,9083c75fbc648f5f60153af1105e7027d7b70069d3cfecffa564ed7494ef0081
predicted_urgency_only,22,case_22_0039_cycle_014,case_22_0039,14,normal,13.006959442486425,15.176721572875977,15.176721572875977,0.3874705587242804,0,0.4436706329167651,0.0,0.0,False,False,0.4660695944248643,do_nothing,False,15.0,6dfa03b5dd59367c0ccd36ade26571fc1d677b63cbab9829b0c8b0967eb62b39
predicted_urgency_only,22,case_22_0039_cycle_015,case_22_0039,15,normal,11.270744025425888,15.170616149902344,15.170616149902344,0.28863058603365566,0,0.438583091332175,0.0,0.0,False,False,0.47270744025425887,do_nothing,False,16.0,bb9c7859b11eaa28dd77469752258c3cc7e792b791bf430f88c4ccaf8e165222
predicted_urgency_only,22,case_22_0039_cycle_016,case_22_0039,16,normal,14.31973756845461,15.41242790222168,15.41242790222168,0.4029044912129587,0,0.25797219926441806,0.0,0.0,False,False,0.527197375684546,do_nothing,False,17.0,4523e8f491e5225266b0c331c0c91a4feecc61f8e11358f9f31d027f4bed76a2
predicted_urgency_only,22,case_22_0039_cycle_017,case_22_0039,17,normal,16.74162051588626,18.057119369506836,18.057119369506836,0.3058603179970414,0,0.1278723368238559,0.0,0.0,False,False,0.5754162051588626,do_nothing,False,18.0,dcb3d5d84736144cad9570dd445c7c50213477b4365f94718bb5fc814ee7c32f
predicted_urgency_only,22,case_22_0039_cycle_018,case_22_0039,18,normal,15.10119786341853,15.170616149902344,15.170616149902344,0.32038952289643013,0,0.1029056356629795,0.0,0.0,False,False,0.5830119786341853,do_nothing,False,19.0,86e72ec5152c97be6e4c78881334a37e46669a0854eeb0f0855d6bf94074fbb7
predicted_urgency_only,22,case_22_0039_cycle_019,case_22_0039,19,normal,16.27782265729364,15.170616149902344,15.170616149902344,0.30270089557341096,0,-0.0017398140548210428,0.0,0.0,False,False,0.6187782265729365,do_nothing,False,20.0,c7040a82e100484b6e82f10a98c2945973e343f491d4019bd2db4248cdd84b26
predicted_urgency_only,22,case_22_0046_cycle_000,case_22_0046,0,motion_instability,23.416564765013792,23.516965866088867,23.516965866088867,0.5315012287526492,0,0.21777787273668886,0.0,0.0,False,False,0.23416564765013792,do_nothing,False,1.0,043b76b06424ff066758232541fb603da12603fe3b97306fe8beda5f302a5e21
predicted_urgency_only,22,case_22_0046_cycle_001,case_22_0046,1,motion_instability,28.90981673838938,21.353605270385742,27.591835285303112,0.6890550527430783,0,-0.04265276006314328,0.0,0.0,False,False,0.31309816738389384,do_nothing,False,2.0,bad9a56441625a970f5ab143df6c6ee66963d80f4a50f7f061dde10822b638ce
predicted_urgency_only,22,case_22_0046_cycle_002,case_22_0046,2,motion_instability,24.379899026913723,27.645832061767578,29.69974244820598,0.7002799027059228,0,0.019561043786699955,0.0,0.0,False,False,0.2917989902691372,do_nothing,False,3.0,41a71ff3888016d49f48501b4c8a2437dfa431679513c184f47d56634754bfb7
predicted_urgency_only,22,case_22_0046_cycle_003,case_22_0046,3,motion_instability,27.793008390125966,27.658601760864258,27.658601760864258,0.4123293586985138,0,0.788360344491444,0.0,0.0,False,False,0.3499300839012597,do_nothing,False,4.0,51e2a8f9c89f8b87d824b8085416005111b786442dff075680417c3accc630d7
predicted_urgency_only,22,case_22_0046_cycle_004,case_22_0046,4,motion_instability,27.64505528418778,26.28194236755371,26.28194236755371,0.5751678049916713,0,-0.20362682927438425,0.0,0.0,False,False,0.37245055284187784,do_nothing,False,5.0,1032a9eb2d4212b8385dfa1d705c0ec55d530ebdb75b846e9724726da3fa5498
predicted_urgency_only,22,case_22_0046_cycle_005,case_22_0046,5,motion_instability,32.603413754297335,25.88042449951172,25.88042449951172,0.6115000342096093,0,-0.42982741776036143,0.0,0.0,False,False,0.4460341375429734,do_nothing,False,6.0,ab17b03540863ee3fbd1c42e9bc7f6f20db00eacb20e01f54665a5d70716c3fc
predicted_urgency_only,22,case_22_0046_cycle_006,case_22_0046,6,motion_instability,27.41733400846107,27.874540328979492,31.83401687390366,0.7070372806340172,0,-0.3605756123489348,0.0,0.0,False,False,0.4181733400846107,do_nothing,False,7.0,34d132c01afd2a3d97fb67cbbc13cdfb69755590d78a692895d8f9d165a107c1
predicted_urgency_only,22,case_22_0046_cycle_007,case_22_0046,7,motion_instability,27.58681421163252,28.239593505859375,28.239593505859375,0.4783291696326939,0,-0.40335380179387975,0.0,0.0,False,False,0.44386814211632525,do_nothing,False,8.0,1da795c4db4c4b538204015521e852f1f00d8edc3755666843292843848e2611
predicted_urgency_only,22,case_22_0046_cycle_008,case_22_0046,8,motion_instability,34.337424780833594,30.096771240234375,32.715169799107414,0.6636268496740538,0,-0.705666770876116,0.0,0.0,False,False,0.535374247808336,do_nothing,False,9.0,04f61d075ea922f54a338d5c8b4b59cad969c29e064abea6a4c4d44d9d8517e7
predicted_urgency_only,22,case_22_0046_cycle_009,case_22_0046,9,motion_instability,34.15256898345655,35.04884719848633,35.04884719848633,0.5048917058727453,1,-0.7170004688957271,0.0816085818456743,0.06792346076976749,False,False,0.501773120851109,inspect,False,10.0,c1e871dded69fb707929dedd5243c823a02e37e693adb3c2dea4b7e936d24143
predicted_urgency_only,22,case_22_0046_cycle_010,case_22_0046,10,motion_instability,34.124385627211815,30.484174728393555,30.484174728393555,0.5076217009981261,0,-0.7748748239660733,0.0,0.0,False,False,0.5662438562721182,do_nothing,False,11.0,89f81b4c29ed222851e21af409dfd4901ec925fa7de3febbc1dab155c5dee2b6
predicted_urgency_only,22,case_22_0046_cycle_011,case_22_0046,11,motion_instability,34.101538968701306,27.42581558227539,27.42581558227539,0.46111019197206754,0,-0.8392126978568493,0.0,0.0,False,False,0.5900153896870131,do_nothing,False,12.0,27b29eb0ea862e74cc3203f044b43f001b1ba47050cce1ea0387e3c8112dc430
predicted_urgency_only,22,case_22_0046_cycle_012,case_22_0046,12,motion_instability,32.15611936163531,28.787128448486328,28.787128448486328,0.5814579571276464,0,-0.8709022744182061,0.0,0.0,False,False,0.5945611936163531,do_nothing,False,13.0,9f540ae2afe57b587ba07b398ce2ef4f69749f2294494e5428d3073c49bda7a0
predicted_urgency_only,22,case_22_0046_cycle_013,case_22_0046,13,motion_instability,39.79061234655406,29.94655418395996,29.94655418395996,0.6197570382019837,0,-1.1776819261269194,0.0,0.0,False,False,0.6949061234655406,do_nothing,False,14.0,27dfb56b8af814cbc8c2810858cd3fb95bd3e25312e184c0ad0bb63cf5c58087
predicted_urgency_only,22,case_22_0046_cycle_014,case_22_0046,14,motion_instability,36.242392523550315,30.500202178955078,30.500202178955078,0.5784714545110231,0,-1.1370424938831631,0.0,0.0,False,False,0.6834239252355032,do_nothing,False,15.0,869ebe8b589f1a6b9350850cad3a2453aecfa6c7b4e3edb066af686df7c4e70c
predicted_urgency_only,22,case_22_0046_cycle_015,case_22_0046,15,motion_instability,40.73469316449189,33.500648498535156,33.19884468731973,0.6841431209897684,0,-1.3596622630832222,0.0,0.0,False,False,0.752346931644919,do_nothing,False,16.0,ab71be4ab83400f410b1d748e1cf303c9ade4465211b32ec3724016d5239da9a
predicted_urgency_only,22,case_22_0046_cycle_016,case_22_0046,16,motion_instability,44.299138652096644,35.118621826171875,37.93182817518131,0.7058403120391084,1,-1.4409063560673285,0.08983719013747854,0.0660204693967178,False,False,0.7307922478688699,inspect,False,17.0,b7d3cef50d635305d3008b870821756b630d61dca4ef251367b81d84de5e7c60
predicted_urgency_only,22,case_22_0046_cycle_017,case_22_0046,17,motion_instability,43.86433577981821,38.103145599365234,39.40789501974908,0.6341441391158094,1,-1.4404734823018315,0.08712477569013964,0.06661252461153583,False,False,0.734979022018364,inspect,False,18.0,a90d27c704d2f18cbb11cf54f0fc6c54e35416204abf184e288cced502706a32
predicted_urgency_only,22,case_22_0046_cycle_018,case_22_0046,18,motion_instability,43.82807324719237,37.61961364746094,37.61961364746094,0.60812184182135,1,-1.4670759923033734,0.09373345542942785,0.06733285365818614,False,False,0.7427526592247314,inspect,False,19.0,37e2b8cb904beb35a97a2849be4d1f25919bf75b1dc4bfd4872c1e056c31a197
predicted_urgency_only,22,case_22_0046_cycle_019,case_22_0046,19,motion_instability,45.6108460813057,37.884483337402344,39.59693305189788,0.7502036648354358,1,-1.5652574955968677,0.09714638827603783,0.06860964175032565,False,False,0.7668976147317512,inspect,False,20.0,5c020482c3c326b83275a944bb9983ba9d08914d324005e8d7b78ef7cade8990
full_orchestra,22,case_22_0007_cycle_000,case_22_0007,0,motion_instability,22.944945466543494,20.956348419189453,28.51391772376724,0.6694021312880045,3,-1.32782347017606,0.5468572452592397,0.558146826831095,False,True,0.07801281458624788,major_maintenance,False,0.0,94c3974e88187734f3f34ba50493df5a161cf086a7e957bdd2b1e2c6ed8cf360
full_orchestra,22,case_22_0007_cycle_001,case_22_0007,1,motion_instability,24.007883388446814,20.629226684570312,20.629226684570312,0.47503812633756115,2,-0.9895399671339562,0.27046115745176713,0.25159557463305515,False,True,0.14884887700837024,minor_maintenance,False,0.0,5d3685c0cd41fbb2635a99167ceda40f7a466353791d22f4dce1e7458d208af7
full_orchestra,22,case_22_0007_cycle_002,case_22_0007,2,motion_instability,25.80722300607418,24.062992095947266,24.062992095947266,0.4008040650184972,1,0.08899788954144658,0.10035903263599233,0.06715930863222962,False,False,0.23226500705466763,inspect,False,1.0,67a4de480accec9267709e9da2a5648800433a9e9f80872ad6a938dbab59b398
full_orchestra,22,case_22_0007_cycle_003,case_22_0007,3,motion_instability,29.93461421848986,25.150651931762695,25.150651931762695,0.5710171389216527,2,-1.1543782485222174,0.28667914298359876,0.26065338779557423,False,True,0.19117460815463713,minor_maintenance,False,0.0,3fb54bd1aad0d937ff47b52e73ed765c541287ee4a9163e1a47b2f73362ccf45
full_orchestra,22,case_22_0007_cycle_004,case_22_0007,4,motion_instability,30.694130950710257,29.6306095123291,29.6306095123291,0.4110334258193524,1,-0.049142411623894856,0.10403637574889009,0.06838685791615617,False,False,0.2762471785563923,inspect,False,1.0,d9fc3faa860e7b0150637c256c1c06f368c5a3b26619b64f3aab7334a0322229
full_orchestra,22,case_22_0007_cycle_005,case_22_0007,5,motion_instability,28.304157873306412,23.534343719482422,23.534343719482422,0.48018892401396696,2,-1.1241385834972961,0.3015201940796427,0.259240892965074,False,True,0.18106577881449976,minor_maintenance,False,0.0,7656db4581f4ee242d1affc30189314d51e306ef6c9374f1aa6223c194c1651e
full_orchestra,22,case_22_0007_cycle_006,case_22_0007,6,motion_instability,30.353525764774723,23.19273567199707,23.19273567199707,0.4071546119619697,1,-0.045288035734660684,0.1095441790081021,0.06890683660418206,False,False,0.2731817318829725,inspect,False,1.0,570989f7221552e2dcf5a5c95ad811f4c80014e200df948e826d65c0d01c8b7d
full_orchestra,22,case_22_0007_cycle_007,case_22_0007,7,motion_instability,33.33548645792202,28.750877380371094,28.750877380371094,0.49803393044978983,2,-1.2366231196815307,0.31946455765865495,0.2570917804225719,False,True,0.21226001603911657,minor_maintenance,False,0.0,14262f8618ee152dbb02c6fee7944cf25912d2f674cbc486799ac1002e74a983
full_orchestra,22,case_22_0007_cycle_008,case_22_0007,8,motion_instability,31.01336783220294,27.05549430847168,41.626639393337115,0.6708586143323567,3,-1.4763073559007236,0.6075538853734022,0.5647354081112476,False,True,0.10544545062948997,major_maintenance,False,0.0,caa2d27409d3b0667c3e204d9e09221ab7c135a4eb02de99174eefeeba4f76aa
full_orchestra,22,case_22_0007_cycle_009,case_22_0007,9,motion_instability,40.39727581627377,25.87962532043457,25.87962532043457,0.4643577072104163,2,-0.33540192952332576,0.31339131564985323,0.2512095345115224,False,False,0.2504631100608974,minor_maintenance,False,0.0,ef99763ffa6fdbe9f775ede8234f696c63ec5118239943c9142090f9a961a1b5
full_orchestra,22,case_22_0007_cycle_010,case_22_0007,10,motion_instability,39.109431640336894,22.43123435974121,22.43123435974121,0.4479870205169965,2,-0.29920334020758443,0.3049533244257041,0.2495206677425808,False,False,0.24247847617008875,minor_maintenance,False,0.0,b2e671b9662c79d75a31531b19394297b499bfb5a835fd524e4d0115ae65b2d1
full_orchestra,22,case_22_0007_cycle_011,case_22_0007,11,motion_instability,37.962153505532235,31.831388473510742,31.831388473510742,0.5909114997230653,2,-1.3337888218770768,0.32813838941662576,0.26364706537386434,False,True,0.23536535173429987,minor_maintenance,False,0.0,ed164702e9cea17db9d7129edb1fb1174fd161d605dfeff857e22a9d0de6c076
full_orchestra,22,case_22_0007_cycle_012,case_22_0007,12,motion_instability,37.307168811142866,35.372520446777344,32.82274233821664,0.675377187222671,3,-1.8915268308421178,0.6226817546897504,0.5682481276100333,False,True,0.23764666532698006,major_maintenance,True,1.0,4b83afe40a5931f0454e7dfb189076401d87b3fd7c8c5f50a0870acf6cce0353
full_orchestra,22,case_22_0007_cycle_013,case_22_0007,13,motion_instability,40.314017759886696,37.51995086669922,35.290840036443726,0.6657569503028191,3,-2.006089327399937,0.6424891926343866,0.5951708910358662,False,True,0.26253329313047824,major_maintenance,True,2.0,3a8f379373e1e97248a70cb049b4dba2f7817a519a6b62c4b169c795bdfe3863
full_orchestra,22,case_22_0007_cycle_014,case_22_0007,14,motion_instability,42.961189736636705,30.143993377685547,28.985575057933957,0.7252733998561245,3,-1.6677710608621346,0.6419520005306576,0.5755798937992047,False,True,0.1521880451045648,major_maintenance,False,0.0,74ee4ef573dd05d4f55d82f3f1bebb3755983e1d5a0fd5c6891b96779a255518
full_orchestra,22,case_22_0007_cycle_015,case_22_0007,15,motion_instability,43.979849509462646,33.95328140258789,41.407540722144866,0.7289270369082274,3,-1.6547742685072746,0.6354715166928969,0.5767115391020307,False,True,0.149531488332173,major_maintenance,False,0.0,1d05ba37850d6d91a323f8d4288eafab1283f0a57a4edfa14a72baf3a644c4b0
full_orchestra,22,case_22_0007_cycle_016,case_22_0007,16,motion_instability,48.71479514108116,33.85686111450195,32.90992990594232,0.7541502054340045,3,-1.7353997733394255,0.6503761332042803,0.5937627486012709,False,True,0.16563030347967594,major_maintenance,False,0.0,7d91c5b8b34c3d7333aa38ca75dec09e3ca35a2f63e7a19f37858e9ac3bab39e
full_orchestra,22,case_22_0007_cycle_017,case_22_0007,17,motion_instability,43.645557653225865,36.88288497924805,37.185473356536974,0.7287014536864799,3,-1.6640565109434868,0.6319649839126903,0.5970020261436509,False,True,0.14839489602096792,major_maintenance,False,0.0,4260d349a3469e70831f2803c469e66b67e26285b6d2b5e03f92cc3b7931c505
full_orchestra,22,case_22_0007_cycle_018,case_22_0007,18,motion_instability,47.65659237691985,40.21677780151367,44.18040671414272,0.7938102871800599,3,-1.6919133915026838,0.6286650134530185,0.5725994909100921,False,True,0.1620324140815275,major_maintenance,False,0.0,61c61d4bf10ca81ab2f688b80ab1ca61791fad3b0a4ab9a7be117d8e625e490d
full_orchestra,22,case_22_0007_cycle_019,case_22_0007,19,motion_instability,46.13597910999277,44.181243896484375,40.057386808237375,0.7523890126327806,3,-1.6880399046836028,0.6354840124930943,0.5863881917170816,False,True,0.1568623289739754,major_maintenance,False,0.0,51367325feb4963ec3362edf9b504da8a7415523528d4be0393a5371f7635bcc
full_orchestra,22,case_22_0008_cycle_000,case_22_0008,0,lens_contamination,24.127441549505175,22.621049880981445,22.621049880981445,0.550621875853997,2,-1.0468500216239465,0.3112382065048417,0.2553101511502612,False,True,0.14959013760693207,minor_maintenance,False,0.0,0c653c1674b98b7887a02a96f8a96b97c4e989d40df0e24a1ebdaf1038ae258e
full_orchestra,22,case_22_0008_cycle_001,case_22_0008,1,lens_contamination,22.463228754007357,25.56425666809082,25.56425666809082,0.5421732150026701,2,-0.9999719430152171,0.3025160032132625,0.2478923784087715,False,True,0.13927201827484562,minor_maintenance,False,0.0,5c3444bb97cd3609bef67e2adedae795025c81241dc91e2a2c090ccbc4240dc2
full_orchestra,22,case_22_0008_cycle_002,case_22_0008,2,lens_contamination,23.34957020723656,25.65277862548828,25.65277862548828,0.4958610292282478,2,-1.0162701734936863,0.30303669872117467,0.2556903931670928,False,True,0.14476733528486668,minor_maintenance,False,0.0,4dcb498b3b697b43ad061a94c314a2b407a5cf110277b4a99ae1517f605bef8e
full_orchestra,22,case_22_0008_cycle_003,case_22_0008,3,lens_contamination,22.38302305104832,22.920413970947266,22.920413970947266,0.4947075627358032,2,-0.9862593289292003,0.29316943689632413,0.2531994110912587,False,True,0.13877474291649958,minor_maintenance,False,0.0,8729afe8cee27a6e65cbc63890abaac0c2c1251abe3e621ccf0923119b5b4fac
full_orchestra,22,case_22_0008_cycle_004,case_22_0008,4,lens_contamination,22.83260573756606,24.907438278198242,24.907438278198242,0.519434611274409,2,-0.989360802907653,0.2823298497486843,0.25553661843634845,False,True,0.14156215557290955,minor_maintenance,False,0.0,ad65f3082b81e3045103cb7105954683faf4cd4af1dcb84053fe069b4394ce08
full_orchestra,22,case_22_0008_cycle_005,case_22_0008,5,lens_contamination,22.378946185804782,25.6021671295166,24.07464386702054,0.6804961029087593,3,-1.359182229502225,0.56610424317648,0.5784228997427777,False,True,0.07608841703173626,major_maintenance,False,0.0,e1a93cc98e8fdee1ed3d7263e7b3dd44007cf2ea27f1a54d43ba55d10c08c6f7
full_orchestra,22,case_22_0008_cycle_006,case_22_0008,6,lens_contamination,26.35226350742191,28.749526977539062,37.53512455470151,0.7155485872385204,3,-1.621134436061196,0.5506223915841173,0.5744850009555849,False,True,0.16786391854227756,major_maintenance,True,1.0,dd359a0803a5b231e779b5e0e6874dc3308993fc1eabe779d419ca112e0a092b
full_orchestra,22,case_22_0008_cycle_007,case_22_0008,7,lens_contamination,30.115406720908084,29.81554412841797,24.564962871805037,0.7041042941931895,3,-1.4465114756217687,0.5745994909367889,0.5624239900034238,False,True,0.10545238285108748,major_maintenance,False,0.0,e4de2aae376eb2c541e4b291b3b4bbe0d58dedb8596dc1630b1db46016f2f086
full_orchestra,22,case_22_0008_cycle_008,case_22_0008,8,lens_contamination,30.222445942216954,36.102752685546875,42.35815894556453,0.7582810969928242,3,-1.4239954023858803,0.5517867497014414,0.5627469244061278,False,True,0.10275631620353763,major_maintenance,False,0.0,68624db93477a6294d5c1700e371f18d23b908ab13734ae220e8ecc8d1e92860
full_orchestra,22,case_22_0008_cycle_009,case_22_0008,9,lens_contamination,31.74422226271087,31.699657440185547,39.479555197812154,0.7331383096370279,3,-1.4362587485966094,0.5401747869322429,0.5779026851739518,False,True,0.10793035569321695,major_maintenance,False,0.0,a74016caa52557d218814cce018c922265dd1e8be7d14ddadc5814e6952b2853
full_orchestra,22,case_22_0008_cycle_010,case_22_0008,10,lens_contamination,30.685585315925128,32.5711555480957,34.61461836716023,0.7166038560533338,3,-1.4023574975023818,0.5369949803649713,0.5560987106337175,False,True,0.10433099007414542,major_maintenance,False,0.0,a22cdf1409c5ce0b404166893a3da8d89fbb03bec3bdf2c86f303dbb1e438125
full_orchestra,22,case_22_0008_cycle_011,case_22_0008,11,lens_contamination,34.195588899071204,28.92879295349121,36.34135453464023,0.7235347240688609,3,-1.4611383729563636,0.5493638595432551,0.5680616225403168,False,True,0.11626500225684208,major_maintenance,False,0.0,b44fac14e1b464ba53915f77b5862258de7311cc0e611a7da1e95767d4df8539
full_orchestra,22,case_22_0008_cycle_012,case_22_0008,12,lens_contamination,31.06395434332508,33.058319091796875,40.74013269789971,0.7303388932193253,3,-1.3854868783359375,0.5161816115646614,0.5536276231080772,False,True,0.10561744476730525,major_maintenance,False,0.0,7ea015bec8dd9c1ae96054c6afe01fb43ec23189ac10608643c831672b6e20d8
full_orchestra,22,case_22_0008_cycle_013,case_22_0008,13,lens_contamination,31.83622352347763,37.15510940551758,44.08324996874742,0.7561068842293851,3,-1.4255017094943587,0.5338799303214037,0.5668453332488445,False,True,0.10824315997982394,major_maintenance,False,0.0,fb2014c24f5ec6cf47684fbfea741867340d79a6cff75e8ba3c3a99499c468d9
full_orchestra,22,case_22_0008_cycle_014,case_22_0008,14,lens_contamination,35.28290019190387,30.863943099975586,32.425499200696194,0.7326167323796268,3,-1.4414966277613788,0.527546354027945,0.5552152273988378,False,True,0.11996186065247315,major_maintenance,False,0.0,7a76907e5fcd6cfd4384511bd48fac6d8ae6b632a162b1680e4ca90d97433876
full_orchestra,22,case_22_0008_cycle_015,case_22_0008,15,lens_contamination,33.94412241074432,36.91526412963867,45.818157712317614,0.7566106738133844,4,-1.8285027043797666,0.827777939518147,0.9562929038886654,False,True,0.04073294689289318,urgent_intervention,False,0.0,a9743670164f7659c62a0f1667ccb8fec0a9361e30e489d9329fa2bff48ebff9
full_orchestra,22,case_22_0008_cycle_016,case_22_0008,16,lens_contamination,36.657927332734616,36.37250518798828,44.238670661380716,0.7558340297418199,3,-1.464667790591425,0.5269529825033131,0.5630360560411821,False,True,0.12463695293129767,major_maintenance,False,0.0,b7f3658b3a03f2cdfc6b5f232382eff270e85355d66bfc2c7f37227cba14a13a
full_orchestra,22,case_22_0008_cycle_017,case_22_0008,17,lens_contamination,39.38720833165942,36.695289611816406,35.48946943816334,0.7610145225693361,3,-1.4739084936628442,0.507768889716487,0.5627973757225381,False,True,0.13391650832764201,major_maintenance,False,0.0,a0cb2e48c32ba221f661f03d17cc86c944aba2f5947a5b9d5d56903916e4b13a
full_orchestra,22,case_22_0008_cycle_018,case_22_0008,18,lens_contamination,37.24303951726984,34.837921142578125,37.46828420804926,0.7550403438726191,3,-1.4404152628989813,0.5066017162782043,0.5508481149546646,False,True,0.12662633435871745,major_maintenance,False,0.0,903d7a5f7567a452e948e31d89eb9665aa81339aac8e618bcea1730e04622bf7
full_orchestra,22,case_22_0008_cycle_019,case_22_0008,19,lens_contamination,35.68306982105952,34.07655334472656,37.778979422627785,0.7420416196463102,3,-1.443739910622735,0.513771706870111,0.5683683107885883,False,True,0.12132243739160237,major_maintenance,False,0.0,c12e6e94881e9100a98d89aeed9f3bbbb5b75f6b1e81fd306adbf2bd7a31b4d5
full_orchestra,22,case_22_0012_cycle_000,case_22_0012,0,lens_contamination,22.45893278299913,25.03001594543457,25.03001594543457,0.564045613757449,2,-0.9791791669836792,0.2739053486200451,0.25366353317029117,False,True,0.1392453832545946,minor_maintenance,False,0.0,7a21b59cc82a2d57c8395fed359ed3817753e0be99fc3c41dbb643aecdf439f8
full_orchestra,22,case_22_0012_cycle_001,case_22_0012,1,lens_contamination,19.05150692081102,26.095598220825195,26.095598220825195,0.3238802362628026,1,0.29357483384399685,0.08941394555320481,0.06754812287685058,False,False,0.17146356228729917,inspect,False,1.0,a349fb4cdadd40b9f668c6ef21dc8451c11e5b7b6f64add05d97b0e6ea17f1a2
full_orchestra,22,case_22_0012_cycle_002,case_22_0012,2,lens_contamination,19.667777287946965,25.458311080932617,25.458311080932617,0.5405867604390782,2,-0.9250112080119207,0.26565490038719863,0.24463454500380838,False,True,0.12752021918527118,minor_maintenance,False,0.0,627d7df7cc7d819c2f48adeb3d0b7a01697b7ff9404fbf452ccdb624e9d3d81d
full_orchestra,22,case_22_0012_cycle_003,case_22_0012,3,lens_contamination,25.483003982062574,28.38124656677246,28.38124656677246,0.4877225768663363,2,-1.0170269318873888,0.2681054841435802,0.2522239839343678,False,True,0.15799462468878797,minor_maintenance,False,0.0,26d787da96da817e34d443e0146c2d6b0324cb5ba6982d6ca1f4e01b49371a3c
full_orchestra,22,case_22_0012_cycle_004,case_22_0012,4,lens_contamination,19.72693140783814,23.946958541870117,23.946958541870117,0.4655808614187854,2,-0.9050844503263021,0.27273942282810204,0.24448371762449106,False,True,0.12230697472859647,minor_maintenance,False,0.0,ba0310d7726b76fa7e9e7dbe08a017da774226c26f9c5efde2978b0475002199
full_orchestra,22,case_22_0012_cycle_005,case_22_0012,5,lens_contamination,24.5047832237331,26.414871215820312,26.414871215820312,0.3538284374980111,1,0.14121218478845934,0.08986067521530752,0.06777965916342224,False,False,0.2205430490135979,inspect,False,1.0,eb89b1e10009ac0eccf7fe2f041715bdce9035629d3900069d6f1a6f5d4db879
full_orchestra,22,case_22_0012_cycle_006,case_22_0012,6,lens_contamination,28.60991926190769,28.557632446289062,28.557632446289062,0.5726869269122893,2,-1.1287932214662888,0.2929955894988207,0.25126261832392704,False,True,0.1829614994238277,minor_maintenance,False,0.0,d459f6752162dd25bad002c17e6054e2e275e036f6ba61fcc163fed7d6b4ce40
full_orchestra,22,case_22_0012_cycle_007,case_22_0012,7,lens_contamination,26.07955788629484,30.798782348632812,30.798782348632812,0.6263500308870046,3,-1.3791664745386192,0.5683087302555151,0.5636171865123076,False,True,0.08867049681340244,major_maintenance,False,0.0,6f347f0f0486a0c65887aae7cc96fdd8bfa8b109a7b19b1a54cf4d1ea99638b0
full_orchestra,22,case_22_0012_cycle_008,case_22_0012,8,lens_contamination,25.955783163531542,26.328083038330078,26.328083038330078,0.5201291827225086,2,-1.056346652415319,0.2963112703905245,0.24904804721841428,False,True,0.16092585561389555,minor_maintenance,False,0.0,d60171988ba890e1c561f804031403cae0488aa4fd8918cabfebb21821ae23d9
full_orchestra,22,case_22_0012_cycle_009,case_22_0012,9,lens_contamination,32.612269231011076,29.881683349609375,29.881683349609375,0.5205361835671973,2,-1.1925306164157412,0.30547759168299715,0.25298048687607283,False,True,0.20219606923226868,minor_maintenance,False,0.0,de15d9c7b6d4a7e3dbe6697427217a93628aec8f68f50b276f08bca24d98b7d5
full_orchestra,22,case_22_0012_cycle_010,case_22_0012,10,lens_contamination,29.60751392164836,28.41818618774414,28.41818618774414,0.6219507133061326,3,-1.4597795623216827,0.5940561551917692,0.5880426976664754,False,True,0.10066554733360442,major_maintenance,False,0.0,127febb3744f78edbfed6eb5aef566ac8602834c782bbc09cb49f66c9fb960e1
full_orchestra,22,case_22_0012_cycle_011,case_22_0012,11,lens_contamination,27.275002781561884,27.63980484008789,27.63980484008789,0.5333849753050309,2,-1.0922667493720168,0.3002156172797119,0.2559104175743739,False,True,0.1691050172456837,minor_maintenance,False,0.0,348ea7819c9f0e9bf5726908b53a4f0810d867dcb4cba38c5deb40c97104f969
full_orchestra,22,case_22_0012_cycle_012,case_22_0012,12,lens_contamination,32.79381375301754,22.51083755493164,22.51083755493164,0.5195376651593612,2,-1.213288799743412,0.3175558865906174,0.2597966594659555,False,True,0.20332164526870872,minor_maintenance,False,0.0,2f72f6a4da560616be7dc422e5367f4a96183a8ab496216c935f80f292b0da8c
full_orchestra,22,case_22_0012_cycle_013,case_22_0012,13,lens_contamination,35.26300521686668,22.286163330078125,22.286163330078125,0.596885288144947,2,-1.2693109751484415,0.31848022193359987,0.25675757869922405,False,True,0.21863063234457344,minor_maintenance,False,0.0,153b165d616bacae06881b7f9f50417d96fccc79f7545ad8f3fb35f286579648
full_orchestra,22,case_22_0012_cycle_014,case_22_0012,14,lens_contamination,33.577617856931795,26.788000106811523,26.788000106811523,0.5548138425671952,2,-1.2377321919607394,0.32833474393639994,0.2520395993754109,False,True,0.20818123071297714,minor_maintenance,False,0.0,6bc31945ca36869ce916bf772f1f89179c96c18021636b737a7d264f7eb72564
full_orchestra,22,case_22_0012_cycle_015,case_22_0012,15,lens_contamination,34.51921288578767,26.867359161376953,26.867359161376953,0.58932754494585,2,-1.2616621373119272,0.32873364244690617,0.2530900043093663,False,True,0.21401911989188352,minor_maintenance,False,0.0,ef14615905d23939de31851cb75b279412b553dd20473150067d34314b95552d
full_orchestra,22,case_22_0012_cycle_016,case_22_0012,16,lens_contamination,36.19727086203649,27.757064819335938,27.757064819335938,0.5563153714756254,2,-1.2912812114858936,0.3311878298749554,0.2542210473196446,False,True,0.22442307934462624,minor_maintenance,False,0.0,474af79154e6e402da62293186fac5724f421e1dd4e94ea7ad3724ffd77f8946
full_orchestra,22,case_22_0012_cycle_017,case_22_0012,17,lens_contamination,33.87765589056039,26.99036979675293,26.99036979675293,0.5473094024605278,2,-1.2740206158810212,0.351926610741905,0.26234149400701734,False,True,0.21004146652147443,minor_maintenance,False,0.0,6ea53ca3f2ffadf5eedfec66399d3c0106c7e25b9190a4750ec3c899dda4445c
full_orchestra,22,case_22_0012_cycle_018,case_22_0012,18,lens_contamination,36.09391873527035,29.779611587524414,34.90546640997952,0.7126456929324547,3,-1.566591567038075,0.6239973023366399,0.5844242995772617,False,True,0.12271932369991917,major_maintenance,False,0.0,7653737b3483b8ff3552ddfc9e39f2b6baca5182276abd92f87b98b2fe0f8f0d
full_orchestra,22,case_22_0012_cycle_019,case_22_0012,19,lens_contamination,37.7451257236858,36.365867614746094,31.363433760918564,0.6208954405002974,3,-1.590125142082965,0.6349986015901421,0.5962399275452287,False,True,0.12833342746053172,major_maintenance,False,0.0,a145a2253dd9189cc626c3a9ccb0106965ccee64bc87d376a404e561b45fe2f9
full_orchestra,22,case_22_0014_cycle_000,case_22_0014,0,normal,11.346802371110083,15.31319808959961,15.31319808959961,0.5271388709892377,2,-0.7453151567100045,0.2640803237303567,0.2388918477857682,False,True,0.07035017470088252,minor_maintenance,False,0.0,02b29b8e461eacfc4957d660c64106932e7367c2c4fe52a3f3aae95c326bb4b0
full_orchestra,22,case_22_0014_cycle_001,case_22_0014,1,normal,9.75914056658004,16.32408332824707,16.32408332824707,0.3567400188227773,1,0.537504079991398,0.09204070752613022,0.06680926795174252,False,False,0.08783226509922037,inspect,False,1.0,2377f1bc35e816dbec5ff56ef6df032b6fda5033af42550a342d4fe61dbd2a30
full_orchestra,22,case_22_0014_cycle_002,case_22_0014,2,normal,11.069955654346167,15.251291275024414,15.251291275024414,0.3884313809513976,1,0.4783663986604006,0.08386439362044305,0.07039462238637527,False,False,0.10772960088911551,inspect,False,2.0,d4886866aae841d3b6ece31bcb9445640972a6874c2cf0ff7a0625438e092d64
full_orchestra,22,case_22_0014_cycle_003,case_22_0014,3,normal,12.043434179814712,15.518512725830078,15.518512725830078,0.24855893394625164,0,1.4474131345136207,0.0,0.0,False,False,0.13843434179814712,do_nothing,False,3.0,115dccb8aa5a44918578dc602473b2ebdbcc89d406d1a0008fc7ff46affa4209
full_orchestra,22,case_22_0014_cycle_004,case_22_0014,4,normal,13.122765692066308,15.73292064666748,15.73292064666748,0.5069525890670695,2,-0.8623131024214667,0.25988371042622826,0.2552288272034308,False,True,0.10740114729081111,minor_maintenance,False,0.0,1f99af4aad00f85b835973467ff1d1e85999d3e54177a152bf19a5c08bfc341b
full_orchestra,22,case_22_0014_cycle_005,case_22_0014,5,normal,12.55464102966133,15.064529418945312,15.064529418945312,0.3867466762910515,1,0.46280970819722833,0.0881785072549377,0.06503059412915045,False,False,0.11299176926695197,inspect,False,1.0,0386a2ce7571ac376c8b92d6e0da721ef0d570f77cff0b82d01f4d6c6484252e
full_orchestra,22,case_22_0014_cycle_006,case_22_0014,6,normal,10.618847355596058,15.627809524536133,15.627809524536133,0.48293708423865134,2,-0.7216784562233803,0.24716420954443796,0.23477890403632246,False,True,0.07141685360469556,minor_maintenance,False,0.0,8ea300c6b4a3e3d50c0cec94ca2bacf4f991212f422e36312fe8332a9d6c6317
full_orchestra,22,case_22_0014_cycle_007,case_22_0014,7,normal,11.899773079413999,15.170616149902344,15.170616149902344,0.45266335182731815,2,-0.7518550483283309,0.2618213488931992,0.25099802172991714,False,True,0.07377859309236678,minor_maintenance,False,0.0,f895b25ad1bb0328418a4e5bb9c363687c038a59457901b88f73c2addbd856c1
full_orchestra,22,case_22_0014_cycle_008,case_22_0014,8,normal,14.415925293911902,15.149541854858398,15.149541854858398,0.394799680303313,1,0.4072528770813772,0.0902998059994835,0.06749672742252621,False,False,0.12974332764520713,inspect,False,1.0,4ea08228d3e9f48a772c857b49eb5ba05b8300988a9c1354f834c6590f0e24b5
full_orchestra,22,case_22_0014_cycle_009,case_22_0014,9,normal,10.523133001453273,15.251291275024414,15.251291275024414,0.2829635606972255,0,1.5148614758518182,0.0,0.0,False,False,0.11423133001453273,do_nothing,False,2.0,f97fa711218c50d25cc0474a8701295f50716867facd358f017c70e6f544130c
full_orchestra,22,case_22_0014_cycle_010,case_22_0014,10,normal,11.221434433606639,19.496309280395508,19.496309280395508,0.49094882626177966,2,-0.7815252079153634,0.23768679744012916,0.2501217575886048,False,True,0.09003289348836116,minor_maintenance,False,0.0,8987165497eaeb398448225525e5c2e6e89ff481757ab28717148ce68e12caf1
full_orchestra,22,case_22_0014_cycle_011,case_22_0014,11,normal,12.541428288633039,15.170616149902344,15.170616149902344,0.47190011974571167,2,-0.7701294726785669,0.2653294902877477,0.25093049782548493,False,True,0.07775685538952484,minor_maintenance,False,0.0,de03a290121e4b36f34d62bb6902f4f5acc560a367c5d1a62f8eada4fb5380c8
full_orchestra,22,case_22_0014_cycle_012,case_22_0014,12,normal,14.274193184476418,15.170616149902344,15.170616149902344,0.3506716078836266,1,0.4312704093104739,0.0781265088291772,0.06574890587117699,False,False,0.12846773866028777,inspect,False,1.0,c1bb96f24e226dc8230b9fb2e259ea8038f9013ab2c0f1fb04edd2874218121a
full_orchestra,22,case_22_0014_cycle_013,case_22_0014,13,normal,13.511423101905043,20.944509506225586,20.944509506225586,0.44940882767571666,2,-0.7985465348483958,0.2623332080825089,0.25093691614886937,False,True,0.08935082323181127,minor_maintenance,False,0.0,070edcbc9680d660a1035b9181241f6ee30da9af92b737ada36f96278e22ef52
full_orchestra,22,case_22_0014_cycle_014,case_22_0014,14,normal,14.718088853571656,15.170616149902344,15.170616149902344,0.2784822531702118,0,1.4166849964173185,0.0,0.0,False,False,0.14718088853571656,do_nothing,False,1.0,986806c0c2ddcc34f656d2e4519367472feabd66a46a4f06e11f6a3ac78dadff
full_orchestra,22,case_22_0014_cycle_015,case_22_0014,15,normal,16.085138302320207,15.064529418945312,15.064529418945312,0.38510717310725967,1,0.30170040884103366,0.08676712764723617,0.06833456672874454,False,False,0.16636624472088185,inspect,False,2.0,44a3def63db8e7c53cc4deded738c3543c8c238a58a90fb9f814e17f848974e2
full_orchestra,22,case_22_0014_cycle_016,case_22_0014,16,normal,13.88453669209866,15.170616149902344,15.170616149902344,0.5734570417713583,2,-0.8783371423585903,0.2706174366900337,0.2525859586622723,False,True,0.10654412749101169,minor_maintenance,False,0.0,0dae6936865a630f026a95b27240732e03526b8a5c150f151344d776d44d617a
full_orchestra,22,case_22_0014_cycle_017,case_22_0014,17,normal,14.189598869715232,16.309412002563477,16.309412002563477,0.3240345497554075,1,0.42210938928835307,0.0926906980681556,0.0668444508723362,False,False,0.1277063898274371,inspect,False,1.0,0b3a2b2fcee09919b99885b9d8331eb896da96b59efa7369838ec285503823b4
full_orchestra,22,case_22_0014_cycle_018,case_22_0014,18,normal,15.729206272549387,15.170616149902344,15.170616149902344,0.3728782651489878,1,0.34362385522879824,0.09743859186281653,0.06752155472150444,False,False,0.1496628564529445,inspect,False,2.0,bc22f0dd634228350e14f547431e1c21abe648719cc83bbb697b45186e030150
full_orchestra,22,case_22_0014_cycle_019,case_22_0014,19,normal,15.673735051145421,16.41180992126465,16.41180992126465,0.45347443485234057,2,-0.8993101656991156,0.30366014697440974,0.2532717269319374,False,True,0.10833715731710163,minor_maintenance,False,0.0,8de79ff4c01dd8e5ee3bc27da9433b613c4e7e428744b1b1c872d367e0c3186e
full_orchestra,22,case_22_0027_cycle_000,case_22_0027,0,focal_drift,23.107165720195173,21.929601669311523,21.929601669311523,0.5812431079957102,2,-1.012538207869338,0.29419929441097475,0.25169895607922066,False,True,0.14326442746521006,minor_maintenance,False,0.0,6595b8f16838ab344281d10cb571a1192203aa6a9b358f7b5e2c285856254b6e
full_orchestra,22,case_22_0027_cycle_001,case_22_0027,1,focal_drift,17.045265187491925,22.466310501098633,22.466310501098633,0.46471635407224055,2,-0.8977217244077731,0.3035753766840803,0.25924620265688353,False,True,0.10568064416244995,minor_maintenance,False,0.0,fb97a69277bc0a0a4d2b100f1e0c454df2e860fdea4b2f6081a5eef5a7944a42
full_orchestra,22,case_22_0027_cycle_002,case_22_0027,2,focal_drift,22.164407839398855,20.291973114013672,20.291973114013672,0.5620593831083096,2,-1.010717534679598,0.313228175121104,0.2511530828492858,False,True,0.13741932860427292,minor_maintenance,False,0.0,30ab2b68f67c71526d67081bad85e263301d33b9b7a286dd9f5cc732b6859179
full_orchestra,22,case_22_0027_cycle_003,case_22_0027,3,focal_drift,22.612516637424164,16.32408332824707,16.32408332824707,0.3270947485217164,1,0.16949454385438123,0.11508858422938814,0.06976838803440083,False,False,0.20351264973681749,inspect,False,1.0,dd5de263a02d510f0cf960d027df9c5b3f8c39a422b82329fc8fdbe2b0fc12e2
full_orchestra,22,case_22_0027_cycle_004,case_22_0027,4,focal_drift,23.329816744098505,17.893585205078125,17.893585205078125,0.43562682599778324,2,-1.0366715022533113,0.3132574718435281,0.2592442688373544,False,True,0.15022486381341074,minor_maintenance,False,0.0,5d24ea97c7e16b449cd5fe5d5dc46f5d34b653d8ca5bb5c9530cf88ed3afe1d5
full_orchestra,22,case_22_0027_cycle_005,case_22_0027,5,focal_drift,22.443816017800124,22.921403884887695,22.921403884887695,0.43459609231374713,2,-1.0063759777610606,0.3176248365754571,0.25763343675932376,False,True,0.13915165931036078,minor_maintenance,False,0.0,1aae9658aeafa6ea41e5a4c562b97198f855416ea1bddb8b1a6b007fb3295a79
full_orchestra,22,case_22_0027_cycle_006,case_22_0027,6,focal_drift,23.355472600644546,21.406679153442383,21.406679153442383,0.5066428084975979,2,-1.04070589923841,0.3287579995218882,0.2519246100873668,False,True,0.1448039301239962,minor_maintenance,False,0.0,85b54d342868c06a3216601081829fff689b53b1f1d049943833e9847fdbf64f
full_orchestra,22,case_22_0027_cycle_007,case_22_0027,7,focal_drift,28.697036799820708,25.03343963623047,25.03343963623047,0.5349460557282646,2,-1.1556890075848611,0.33382777707373246,0.2598180470940299,False,True,0.17792162815888837,minor_maintenance,False,0.0,d3788ccfbf3d6d126baffe087478061f0be3c14530c2d1d47e0bb1ff9b7c4d42
full_orchestra,22,case_22_0027_cycle_008,case_22_0027,8,focal_drift,25.89779105907926,24.788042068481445,24.788042068481445,0.3017762895630724,1,0.0768870141386634,0.12274338209680902,0.06982850216865825,False,False,0.23308011953171337,inspect,False,1.0,0f28e2bb1fb0e2717972de16f673cf15553596401a386467887e18e1fab8a8b1
full_orchestra,22,case_22_0027_cycle_009,case_22_0027,9,focal_drift,23.745846749525526,28.000213623046875,28.000213623046875,0.47652455555519113,2,-1.0585225295728553,0.32224286717778555,0.2579852869007706,False,True,0.15280424984705826,minor_maintenance,False,0.0,fd701f155a751a9132ed17bb16c80e623f97008465c37d3c9869acc027fa7fc3
full_orchestra,22,case_22_0027_cycle_010,case_22_0027,10,focal_drift,32.9868078139129,23.128742218017578,23.128742218017578,0.34726227236903595,1,-0.11516025832477522,0.11634710103033058,0.07010000682930125,False,False,0.2968812703252161,inspect,False,1.0,b8c6fb1a55c52a6057d0e70f926af340cde8d27af53946e8283f8a69d9461f2c
full_orchestra,22,case_22_0027_cycle_011,case_22_0027,11,focal_drift,28.946104672972716,25.179243087768555,25.179243087768555,0.5042787358603441,2,-1.1630656345200139,0.32566785254563746,0.2582730308475403,False,True,0.18504584897243084,minor_maintenance,False,0.0,aa997ef9800cddf3292e64e6d3582138df2ba5e458dec450db80ab1f04bc86b6
full_orchestra,22,case_22_0027_cycle_012,case_22_0027,12,focal_drift,28.3802613571105,29.353294372558594,29.353294372558594,0.5705663937504489,2,-1.1327042716363596,0.3103511091498592,0.2611191777270974,False,True,0.17595762041408508,minor_maintenance,False,0.0,691a0fab5218e7145e180ddbb32081ac5c5ada8c95e4eec3246362ba63deb37d
full_orchestra,22,case_22_0027_cycle_013,case_22_0027,13,focal_drift,31.842740588715586,28.87530517578125,28.87530517578125,0.5345708260199042,2,-1.2168516719217846,0.3391561359413383,0.2565436714091884,False,True,0.19742499165003663,minor_maintenance,False,0.0,e44d418b6e56d567fe99822584d527d6603a1de76a6a43b950324217b01f0534
full_orchestra,22,case_22_0027_cycle_014,case_22_0027,14,focal_drift,29.530070116700845,24.600229263305664,24.600229263305664,0.4645567982645499,2,-1.1737421971505526,0.3504445318333749,0.2554435517585743,False,True,0.18308643472354524,minor_maintenance,False,0.0,e556fc8dda9ee8412577b3fe5988c5a9503663b0187af38e08065ce38f32c3e6
full_orchestra,22,case_22_0027_cycle_015,case_22_0027,15,focal_drift,28.918554928218676,27.279752731323242,27.279752731323242,0.4732244898543712,2,-1.1488463555470398,0.3314125915599808,0.2607062110550451,False,True,0.1792950405549558,minor_maintenance,False,0.0,202397cabea036284b9ceaf4a14119d3c2fd029e4e102d8c102737ec8ce48849
full_orchestra,22,case_22_0027_cycle_016,case_22_0027,16,focal_drift,30.166920974583423,28.697797775268555,28.697797775268555,0.5441843345542782,2,-1.1696835589613708,0.32139390020566116,0.2569465980566455,False,True,0.1870349100424172,minor_maintenance,False,0.0,e4f3ca81b5fd9813984fe999b3baa00d87b963d1cf1fbc17e4f94d4f2b40d7c6
full_orchestra,22,case_22_0027_cycle_017,case_22_0027,17,focal_drift,35.051160765608564,27.909156799316406,27.909156799316406,0.48122639514112464,2,-1.2676780159978356,0.33984187223269424,0.25462574281706674,False,True,0.21731719674677308,minor_maintenance,False,0.0,bab24997084e7d28df22c8b79b405ae60978d33b0fda80cee706eb874032dc3e
full_orchestra,22,case_22_0027_cycle_018,case_22_0027,18,focal_drift,31.69346494634147,28.973276138305664,28.973276138305664,0.5862734954860176,2,-1.2009725405631297,0.3188546394763195,0.2558480359524453,False,True,0.19649948266731712,minor_maintenance,False,0.0,2390b78ab57606699dd65a22df6acb2e7dace499d98cd698ef28ad2b3dfb3ddf
full_orchestra,22,case_22_0027_cycle_019,case_22_0027,19,focal_drift,32.51724953573583,29.676551818847656,29.676551818847656,0.5183549854252854,2,-1.1833702333715694,0.30131497267799184,0.24935146439387298,False,True,0.20160694712156213,minor_maintenance,False,0.0,9ab2cd78ed4930aa66cc75367c3fa059e1e71edf584a32f1e1636ce10f892b29
full_orchestra,22,case_22_0031_cycle_000,case_22_0031,0,motion_instability,22.071159850019406,18.24912452697754,18.24912452697754,0.5601379080571007,2,-1.0368159548642146,0.33725195389379214,0.2562746769393706,False,True,0.13684119107012033,minor_maintenance,False,0.0,3021130970bfa8a8842004cf325db571337a0b4773203e2e9204666a612e759c
full_orchestra,22,case_22_0031_cycle_001,case_22_0031,1,motion_instability,18.457231898484444,18.793161392211914,18.793161392211914,0.49416281087328995,2,-0.9579827334388709,0.3327631508281812,0.2597383095848569,False,True,0.11443483777060355,minor_maintenance,False,0.0,791f6d363215c369396793e377e018b573476b4f248773d32141c1cb1cd425da
full_orchestra,22,case_22_0031_cycle_002,case_22_0031,2,motion_instability,20.56310471028937,15.251291275024414,15.251291275024414,0.39358971552875194,1,0.21808095190431243,0.11156541860174823,0.07013918123351694,False,False,0.18506794239260435,inspect,False,1.0,c59377b23ec1be0a53c0006e6bde5c6ae75fc09728e95b623af615ecf40ff1a6
full_orchestra,22,case_22_0031_cycle_003,case_22_0031,3,motion_instability,18.227206575348443,23.17742156982422,23.17742156982422,0.39668021787622854,1,0.2572668988700669,0.11047039159696598,0.0704076241464062,False,False,0.172144859178136,inspect,False,2.0,818586a113de34ac72e355da7f692089132d4a342489de13d6d363d2f7d7b5ad
full_orchestra,22,case_22_0031_cycle_004,case_22_0031,4,motion_instability,23.193357774161612,20.405881881713867,31.634765374717666,0.6799966986330035,3,-1.4247745893838575,0.6018340784839074,0.582510946010689,False,True,0.08497741643214948,major_maintenance,False,0.0,d82e773fad524564fd29f35e04c92112c3609dc2b9d8ed1efdde5573aa4a800c
full_orchestra,22,case_22_0031_cycle_005,case_22_0031,5,motion_instability,23.410128187088823,24.10541534423828,24.10541534423828,0.4762171326229644,2,-1.0155538478807116,0.30996664144913855,0.24840781532284537,False,True,0.1451427947599507,minor_maintenance,False,0.0,65250d63fd843730f90b107d0ff94624977a6e09a21c2a41bfcc967ce6ff4400
full_orchestra,22,case_22_0031_cycle_006,case_22_0031,6,motion_instability,24.177396233524,22.840024948120117,22.840024948120117,0.528981142645057,2,-1.0529442246547587,0.32034489829366075,0.25444073127599115,False,True,0.1498998566478488,minor_maintenance,False,0.0,2dd576509f06ab8cb4bef2c1acc7714a8aeefac169fd6d3521dd587255169970
full_orchestra,22,case_22_0031_cycle_007,case_22_0031,7,motion_instability,21.953929255686372,19.457582473754883,19.457582473754883,0.3303137060962309,1,0.20611200450403772,0.09620165664486803,0.06922899129140948,False,False,0.19758536330117735,inspect,False,1.0,a9a7d7f332583b6bb6ec1ab317dcfd83ea7304a46a892bd19f4963bbb0c20f6a
full_orchestra,22,case_22_0031_cycle_008,case_22_0031,8,motion_instability,20.984446734755135,24.705364227294922,24.705364227294922,0.2891210522105401,0,1.2000984401257648,0.0,0.0,False,False,0.21884446734755136,do_nothing,False,2.0,0833c76fd28e26d7e32fec12f07a566ed590ca61d16919f393962cdb4c0eb2a2
full_orchestra,22,case_22_0031_cycle_009,case_22_0031,9,motion_instability,25.06421024148801,19.98545265197754,19.98545265197754,0.335738163023746,1,0.027737273974672662,0.10072238482002281,0.06918242528945774,False,False,0.25527789217339214,inspect,False,3.0,76ee6c0100c88f8132d82f2195d7f1b0565c9a1f37f335a9697f2b6cc4c2a204
full_orchestra,22,case_22_0031_cycle_010,case_22_0031,10,motion_instability,24.89862773753442,27.28322410583496,27.28322410583496,0.3674284746547066,1,0.00015213334512802906,0.10515584602410082,0.06739350064891961,False,False,0.2618876496378098,inspect,False,4.0,2b7ad98058e698d68fd0b02b29bd71869ee91a9a82d39d938e6aa399aaa18854
full_orchestra,22,case_22_0031_cycle_011,case_22_0031,11,motion_instability,26.070081282921016,22.537675857543945,22.537675857543945,0.38932448354615246,1,-0.053756133654835773,0.09797439304282693,0.06973859180152313,False,False,0.28053073154628916,inspect,False,5.0,fe923e5510573dc7d51a9f6e19ea6e3dd812212e2387dda29cfe052d097f25c4
full_orchestra,22,case_22_0031_cycle_012,case_22_0031,12,motion_instability,23.75640373321774,24.411144256591797,24.411144256591797,0.4754669563798055,2,-1.1062603037340264,0.2848466331515862,0.24578064710952457,False,True,0.18448970314594998,minor_maintenance,False,0.0,2a45bce6d65e18a258db2083d765305d7fb0e04851ff504b6d739c06b91d1bbe
full_orchestra,22,case_22_0031_cycle_013,case_22_0031,13,motion_instability,24.9528789053455,21.545703887939453,21.545703887939453,0.47486327388708194,2,-1.0233774426826439,0.2857312562018246,0.2528664346979135,False,True,0.1547078492131421,minor_maintenance,False,0.0,aa05b343de720cd8b2e7d6f3427e3f09c6694edc9926ec50b2f1f952f3615d90
full_orchestra,22,case_22_0031_cycle_014,case_22_0031,14,motion_instability,27.639481737339455,22.468202590942383,22.468202590942383,0.4767422286108246,2,-1.0524501379205178,0.26667147984274253,0.2502162043395473,False,True,0.17136478677150463,minor_maintenance,False,0.0,101dc0ce8206a4c02652d41a519996181eb523cb696aa80ee2509f4bea24a125
full_orchestra,22,case_22_0031_cycle_015,case_22_0031,15,motion_instability,29.15721027662881,25.730003356933594,25.730003356933594,0.4183111478974841,1,0.0070761632088685855,0.08907188013923445,0.06732575874787061,False,False,0.26241489248965927,inspect,False,1.0,83d8f597d3d4123275ae5d98a36915d39bdabaf84c02494584ca0cdb2f395306
full_orchestra,22,case_22_0031_cycle_016,case_22_0031,16,motion_instability,32.92999237443354,29.573596954345703,29.573596954345703,0.5777109794041035,2,-1.1753178471620314,0.26162504296933664,0.24724787389701927,False,True,0.20974595272148794,minor_maintenance,False,0.0,d7549877fd49aa8f6c5c602cf665e8354a5e8a5625041a86f053bc15f659520d
full_orchestra,22,case_22_0031_cycle_017,case_22_0031,17,motion_instability,30.211679775059824,26.282278060913086,26.282278060913086,0.42515643678873105,2,-1.0831028793999264,0.26127088584364183,0.24515160527732768,False,True,0.1873124146053709,minor_maintenance,False,0.0,6977042ff27e997fb9ff52da3ccdc21a536ab33d44c3eab45a1a67c01d3f5400
full_orchestra,22,case_22_0031_cycle_018,case_22_0031,18,motion_instability,28.99197706646863,28.11958885192871,28.11958885192871,0.45531257701513306,2,-1.0626597613024131,0.2564069744838936,0.24838140853741647,False,True,0.1797502578121055,minor_maintenance,False,0.0,f62605803dc975e591ef38b301c670bebb21d4a0cd19d3f18bc5b29183587e23
full_orchestra,22,case_22_0031_cycle_019,case_22_0031,19,motion_instability,31.626311554493043,28.78322410583496,28.78322410583496,0.5580348598718692,2,-1.122861391249665,0.25292206632802183,0.24748087628411514,False,True,0.19608313163785684,minor_maintenance,False,0.0,3ede1b7df8021c0914b64f140b3340cc888a94877a6a074cddb016a24224a902
full_orchestra,22,case_22_0034_cycle_000,case_22_0034,0,low_shielding_gas,21.54898529583999,22.462858200073242,22.462858200073242,0.4204250006787071,2,-1.0072916609661116,0.33483506060831836,0.2607271546917042,False,True,0.13360370883420794,minor_maintenance,False,0.0,7d21673d16b6ca72d9c2bc2dc25a2dc339d41a0c4b93274e6c3da80cf18f391f
full_orchestra,22,case_22_0034_cycle_001,case_22_0034,1,low_shielding_gas,20.911472943990308,28.023639678955078,28.023639678955078,0.49168862848957895,2,-0.9882499889224811,0.3216615279873793,0.2548522123793066,False,True,0.12965113225273991,minor_maintenance,False,0.0,4795c75fe8e4f32534cabdb000a7ed800dfe90be4cc1007040fd6e75a4fe92a8
full_orchestra,22,case_22_0034_cycle_002,case_22_0034,2,low_shielding_gas,23.675265704051856,18.640161514282227,18.640161514282227,0.4653019482152002,2,-1.042544120560784,0.3276380712447966,0.25593851873542833,False,True,0.1467866473651215,minor_maintenance,False,0.0,aacd4980ed1d698b4814a5321ad1cf9e9d37e6efb9921fa97aa506677c7d27e9
full_orchestra,22,case_22_0034_cycle_003,case_22_0034,3,low_shielding_gas,26.320778233511284,18.3117733001709,18.3117733001709,0.5048303724861807,2,-1.1039796683853773,0.33020648901505395,0.26060268544260784,False,True,0.16318882504776996,minor_maintenance,False,0.0,1a80fe497d55de15f599f915e3c7ab0c9269198afed87b20e3d2544968d2c594
full_orchestra,22,case_22_0034_cycle_004,case_22_0034,4,low_shielding_gas,26.047485913243364,29.856098175048828,29.856098175048828,0.5304966967339934,2,-1.099726999518573,0.33431241028644076,0.2516960584196332,False,True,0.16149441266210884,minor_maintenance,False,0.0,196b11718aed401ea56caac937e041c4f49e63c2c4ff74038bc2c7cc075c29ab
full_orchestra,22,case_22_0034_cycle_005,case_22_0034,5,low_shielding_gas,26.9093064238918,30.997100830078125,30.997100830078125,0.5846524206973157,2,-1.1324128642713376,0.3375851618151028,0.2582709248340625,False,True,0.16683769982812915,minor_maintenance,False,0.0,bbed7e982f9a096eab785aedffad1eab9afffad3fa849fb95223a78128e44551
full_orchestra,22,case_22_0034_cycle_006,case_22_0034,6,low_shielding_gas,28.017619538990296,27.435176849365234,27.435176849365234,0.5390021577314893,2,-1.1265330227729897,0.3206147949411849,0.25492522593357736,False,True,0.17370924114173983,minor_maintenance,False,0.0,b28ae5c1d1b429858d1b65e61c31173d7916d6cf891cfed9c06161061dc1c69b
full_orchestra,22,case_22_0034_cycle_007,case_22_0034,7,low_shielding_gas,36.49887537870855,39.02654266357422,41.75929934911525,0.7296959137710564,3,-1.5882832477203126,0.6319988396164907,0.5931768652191706,False,True,0.12409617628760904,major_maintenance,False,0.0,7d3020b46aec5bc9ee4f0998828771824a99325c8813eee4f7b100b7a7fc6a34
full_orchestra,22,case_22_0034_cycle_008,case_22_0034,8,low_shielding_gas,30.420330104374255,29.135910034179688,29.135910034179688,0.5452668661545289,2,-1.1830324655204534,0.33065775353591836,0.25595817764999335,False,True,0.18860604664712038,minor_maintenance,False,0.0,5eb40906334e0ef562971792c0a5d2d7f7075143e9a84c38bd1b0474f898053f
full_orchestra,22,case_22_0034_cycle_009,case_22_0034,9,low_shielding_gas,31.616737974415347,30.952194213867188,30.952194213867188,0.5605617907513739,2,-1.2029088226600704,0.3270162705841904,0.2546711964238104,False,True,0.19602377544137517,minor_maintenance,False,0.0,c2fb02d34f024365a8596cb48960b588e7aea459fe8735f9e023db64e923be8f
full_orchestra,22,case_22_0034_cycle_010,case_22_0034,10,low_shielding_gas,33.63769166804496,28.708322525024414,28.708322525024414,0.5831459557472427,2,-1.24699148113009,0.3276208823878942,0.25779705044309154,False,True,0.20855368834187873,minor_maintenance,False,0.0,db33435456c4f2447a25ff271cc8ecb0e36d77a8413b9c1df9ab7f3c83f06cb8
full_orchestra,22,case_22_0034_cycle_011,case_22_0034,11,low_shielding_gas,36.93716577018912,28.43971824645996,28.43971824645996,0.589172016128531,2,-1.299701343452436,0.318258119658519,0.25754517256139975,False,True,0.22901042777517253,minor_maintenance,False,0.0,7e3d5200648d0c3462d1ec6c8f70843c8a90991ae48013025fb7d96a019f449a
full_orchestra,22,case_22_0034_cycle_012,case_22_0034,12,low_shielding_gas,33.12956866292776,28.076311111450195,28.076311111450195,0.5329551562034989,2,-1.2026514038398268,0.3047764398522939,0.25215214178318984,False,True,0.20540332571015213,minor_maintenance,False,0.0,28830ffebc9838fe6fa679a7b87d6c21c56e054677a08221b2a781d9b6795461
full_orchestra,22,case_22_0034_cycle_013,case_22_0034,13,low_shielding_gas,30.799123997733087,36.65597152709961,31.941050710683744,0.7296953743785324,3,-1.492884372211249,0.6076260772654716,0.57706615501515,False,True,0.10471702159229249,major_maintenance,False,0.0,91de27a1b176af624c69726240f4b9ec3f71bb65f53a0fbbbdacc095eb42390c
full_orchestra,22,case_22_0034_cycle_014,case_22_0034,14,low_shielding_gas,32.62358065814278,29.405010223388672,37.61667906598959,0.7253649023291866,3,-1.7868376193078341,0.586747023453522,0.5848115426597822,False,True,0.20781220879236947,major_maintenance,True,1.0,f0acca9ac313f8df93be25cf770acfd8edbf928484f6c3a1202633cd21af71ad
full_orchestra,22,case_22_0034_cycle_015,case_22_0034,15,low_shielding_gas,38.67484045529775,39.338279724121094,44.15120316749655,0.6920762804022649,3,-1.56417395318039,0.5991691012869855,0.5719125464862846,False,True,0.13455445754801235,major_maintenance,False,0.0,51006aa6ccb4a0a120f1c32bca45a84807ece95e75c454eaadd01cbbf63a8b58
full_orchestra,22,case_22_0034_cycle_016,case_22_0034,16,low_shielding_gas,37.98665998478567,31.814315795898438,40.59733785130244,0.6702392085895812,3,-1.8658553412013208,0.5799625699666149,0.5742897720462683,False,True,0.24197502410308472,major_maintenance,True,1.0,cbd82e6cad9daeb3a7430160a0950a79635a0fef33e3da737faa1abd431ca762
full_orchestra,22,case_22_0034_cycle_017,case_22_0034,17,low_shielding_gas,37.686106247326315,39.77954864501953,44.66654484362941,0.7728493718910575,3,-1.5356540695047587,0.5715057340290441,0.5683033074616595,False,True,0.13119276124090945,major_maintenance,False,0.0,45d8cb8533426c13ac4369ee013859282ddd80bf080e5308c9a8147e52ff96f4
full_orchestra,22,case_22_0034_cycle_018,case_22_0034,18,low_shielding_gas,39.68960677052455,35.40608596801758,39.84145609659292,0.7485229251337177,3,-1.5610271016971873,0.5738429145028467,0.5875896992061657,False,True,0.13494466301978345,major_maintenance,False,0.0,80e01372931eec1fe252b3fe5445b4a28849db8f3d929352737c408e4a3164c1
full_orchestra,22,case_22_0034_cycle_019,case_22_0034,19,low_shielding_gas,40.46898891773571,32.529136657714844,39.86016028494889,0.7240689326997795,3,-1.5678035319777683,0.5863951011385877,0.5750180049666368,False,True,0.1375945623203014,major_maintenance,False,0.0,812611126d6dd1650b0a2990e6d747609d1972291cf62e788f29424e4cfdd90b
full_orchestra,22,case_22_0039_cycle_000,case_22_0039,0,normal,10.66060056361269,16.17258644104004,16.17258644104004,0.46620263432831827,2,-0.7329388532627792,0.26081260002012613,0.25488585951276166,False,True,0.06609572349439867,minor_maintenance,False,0.0,8257788948fcfc9f39fa7c7e851453f535b7c1d13301a58aad00e33536b38b7b
full_orchestra,22,case_22_0039_cycle_001,case_22_0039,1,normal,11.007288543847686,15.170616149902344,15.170616149902344,0.34954788390578234,1,0.5037936607693615,0.09271377083485133,0.06732949390754045,False,False,0.09906559689462918,inspect,False,1.0,5bf9b3293bf6c7e51da91bb64af939d667cc89f33f3648ebb86f50e2d9d1d01c
full_orchestra,22,case_22_0039_cycle_002,case_22_0039,2,normal,11.582467847926006,16.310440063476562,16.310440063476562,0.39818802929756447,1,0.4645600050285671,0.084591767563836,0.0676167388987,False,False,0.11234221063133407,inspect,False,2.0,b009479345b0b77931dacafa267f0752fd9f4d605818eb8791e6c1d4db24b175
full_orchestra,22,case_22_0039_cycle_003,case_22_0039,3,normal,13.927966550389373,15.251291275024414,15.251291275024414,0.40301017060690864,1,0.37034869684908256,0.08983614524975461,0.06838566931201688,False,False,0.14155169895350436,inspect,False,3.0,fb568f35fbffae5f981bf3bab6237f209b9d8f0e1850e10ea1594a9e903da893
full_orchestra,22,case_22_0039_cycle_004,case_22_0039,4,normal,10.725400296966862,15.190570831298828,19.146811149434257,0.6463229354567399,3,-1.2019857257322037,0.5175761242695007,0.5631525976439126,False,True,0.045646361009687324,major_maintenance,False,0.0,026a74888429a562804ac01498051afbb7e274b8c99377fe5f0b4ea6dde38e22
full_orchestra,22,case_22_0039_cycle_005,case_22_0039,5,normal,10.72834405236545,15.419282913208008,15.419282913208008,0.3358109076209048,1,0.516688152239325,0.08756318311038844,0.06963967386660452,False,False,0.09655509647128906,inspect,False,1.0,6d25b1e5c78437ec4c416f246aaff3a239eed5f84a604a55661c9f595ff46725
full_orchestra,22,case_22_0039_cycle_006,case_22_0039,6,normal,11.269689713118131,15.690711975097656,15.690711975097656,0.48721070532133803,2,-0.7428951073895514,0.24351372812171768,0.24992943100704473,False,True,0.07545207622133242,minor_maintenance,False,0.0,42bf2de709f0c4d458d8990ee8178e2be571d814da55b2479ff9a1cf464afdc0
full_orchestra,22,case_22_0039_cycle_007,case_22_0039,7,normal,11.686639763918777,15.287107467651367,15.287107467651367,0.5975275230600855,2,-0.7714806382790612,0.2645567567888678,0.24990406677786414,False,True,0.07245716653629641,minor_maintenance,False,0.0,c15a7de07995cfce06be8cdd2e69c1296ad633f371857b12f4389d089881c661
full_orchestra,22,case_22_0039_cycle_008,case_22_0039,8,normal,12.184920691533275,15.425861358642578,15.425861358642578,0.459474130129448,2,-0.7660025152529798,0.2687056715191514,0.2521702491898653,False,True,0.07554650828750631,minor_maintenance,False,0.0,45b423ca6d84cff1ba956c693a1e8fbe5c795d1624082f8d10b63de1dbb69c90
full_orchestra,22,case_22_0039_cycle_009,case_22_0039,9,normal,13.122657755892162,15.149541854858398,15.149541854858398,0.32756013628142555,1,0.45800351484643165,0.08418984774420946,0.06795107194757098,False,False,0.11810391980302945,inspect,False,1.0,068d72742af144ac121f6e135a9fdadd1992e0a330d55bc391b7b109b76e3019
full_orchestra,22,case_22_0039_cycle_010,case_22_0039,10,normal,13.621589463259095,17.05305290222168,17.05305290222168,0.5575228421627104,2,-0.8164128106541915,0.26501386398495624,0.24708619541026172,False,True,0.0900338546722064,minor_maintenance,False,0.0,b4bebf98647f25a1466bc4731cf8fb79c935fa9e966468d90a4b6603c0815088
full_orchestra,22,case_22_0039_cycle_011,case_22_0039,11,normal,12.2284477179898,15.287107467651367,15.287107467651367,0.4993897415124309,2,-0.7632267375847457,0.2639316568828485,0.24617186490052795,False,True,0.07581637585153676,minor_maintenance,False,0.0,80248d8b85a4fa6ecd04899b380f4805dca4caf55c9774b9fa118e147759bd42
full_orchestra,22,case_22_0039_cycle_012,case_22_0039,12,normal,15.700187230164122,15.518512725830078,15.518512725830078,0.4891933027929986,2,-0.8248354919415676,0.26601796440157943,0.24176881204998216,False,True,0.09734116082701756,minor_maintenance,False,0.0,6ada79af834a686e018209fa69566343ebb7a0dc6b0a91b84299045abf18070d
full_orchestra,22,case_22_0039_cycle_013,case_22_0039,13,normal,13.541000062707834,15.064529418945312,15.064529418945312,0.4319717294451293,2,-0.779762738004499,0.26467236141044587,0.24804002001364753,False,True,0.08395420038878856,minor_maintenance,False,0.0,019665cb7328b31d307955b913db1fa449b69b7ffa195c65c9fb15e075828ce7
full_orchestra,22,case_22_0039_cycle_014,case_22_0039,14,normal,13.006959442486425,15.176721572875977,15.176721572875977,0.3874705587242804,1,0.4494615132782547,0.08916833084032977,0.06507708390704998,False,False,0.11706263498237782,inspect,False,1.0,a4a9ffec146264f17d4df5ab03aa02943d5ed141329d3978f23bdd682819906c
full_orchestra,22,case_22_0039_cycle_015,case_22_0039,15,normal,11.270744025425888,15.170616149902344,15.170616149902344,0.28863058603365566,0,1.491583091332175,0.0,0.0,False,False,0.12170744025425889,do_nothing,False,2.0,933fbfb2e7ef51f04dcbac90c75f8ce33fb88b7d073bacf520dbda49cdd2f5b2
full_orchestra,22,case_22_0039_cycle_016,case_22_0039,16,normal,14.31973756845461,15.41242790222168,15.41242790222168,0.4029044912129587,1,0.314633303530813,0.09428799800545799,0.06863763804188845,False,False,0.1585776381160915,inspect,False,3.0,000e963a22fee77e3395bd5fd0fbb0abe49bf6e8a7a4ff69a451546479959a7b
full_orchestra,22,case_22_0039_cycle_017,case_22_0039,17,normal,16.74162051588626,18.057119369506836,18.057119369506836,0.3058603179970414,1,0.24487580958959132,0.09027442085060564,0.06693370991414717,False,False,0.18847458464297637,inspect,False,4.0,56dca8d7aa956114363598feccca03d052be162d4b612a63bbd8287f72d206e3
full_orchestra,22,case_22_0039_cycle_018,case_22_0039,18,normal,15.10119786341853,15.170616149902344,15.170616149902344,0.32038952289643013,1,0.25397652572206064,0.09875167385287566,0.06722628709787344,False,False,0.1818107807707668,inspect,False,5.0,e47e991560464dbdff317d30fd87f0aefb401e06dc3db54d1e89f3e94aefdb32
full_orchestra,22,case_22_0039_cycle_019,case_22_0039,19,normal,16.27782265729364,15.170616149902344,15.170616149902344,0.30270089557341096,1,0.20433486794251046,0.09509955875659806,0.06707403402243949,False,False,0.20050040391564275,inspect,False,6.0,6722bbcc7849fb2ad9964ada53f0ed87268b6ff131671d3ffb2b0019c10ab613
full_orchestra,22,case_22_0046_cycle_000,case_22_0046,0,motion_instability,23.416564765013792,23.516965866088867,23.516965866088867,0.5315012287526492,2,-0.9965842792332493,0.2784019306204054,0.2536363245883626,False,True,0.14518270154308552,minor_maintenance,False,0.0,453e368c95c54a4f1d933f0989c425564fd0d5f05647a0653fdac53c40509f58
full_orchestra,22,case_22_0046_cycle_001,case_22_0046,1,motion_instability,28.90981673838938,21.353605270385742,27.591835285303112,0.6890550527430783,3,-1.4130539210397695,0.561040491592943,0.5672188010047411,False,True,0.0982933769105239,major_maintenance,False,0.0,6223eddacf168b646594f71e66c65bef688651fb975260a59fec46fc299d46df
full_orchestra,22,case_22_0046_cycle_002,case_22_0046,2,motion_instability,24.379899026913723,27.645832061767578,29.69974244820598,0.7002799027059228,3,-1.3953574452715365,0.5841504727148012,0.5718625213454087,False,True,0.08289165669150665,major_maintenance,False,0.0,48ba021dddc97058a0453cf5b42592b0385ce9f840cb336cd25797bb796aeb3c
full_orchestra,22,case_22_0046_cycle_003,case_22_0046,3,motion_instability,27.793008390125966,27.658601760864258,27.658601760864258,0.4123293586985138,1,0.045190895213306714,0.08906773997143888,0.06685091809634518,False,False,0.25013707551113373,inspect,False,1.0,672462c52bc721a077ca9323882f6828ab1e30bf75ebf574de0cf7a023157f0b
full_orchestra,22,case_22_0046_cycle_004,case_22_0046,4,motion_instability,27.64505528418778,26.28194236755371,26.28194236755371,0.5751678049916713,2,-1.074537290561902,0.2598328318345885,0.24686407461583737,False,True,0.17697934276196425,minor_maintenance,False,0.0,d38cf03b0a9a69a2830e213865c23ba3683d7bf756b05c3b2af9e73ce277d693
full_orchestra,22,case_22_0046_cycle_005,case_22_0046,5,motion_instability,32.603413754297335,25.88042449951172,25.88042449951172,0.6115000342096093,3,-1.4181180828823132,0.541451126691436,0.565483913457004,False,True,0.11085160676461092,major_maintenance,False,0.0,a0a86b1621684a42aa1d8d5d1b2384c12650d7d1c5232543c287aeba7a27c036
full_orchestra,22,case_22_0046_cycle_006,case_22_0046,6,motion_instability,27.41733400846107,27.874540328979492,31.83401687390366,0.7070372806340172,3,-1.3627386883347063,0.5304759237641246,0.5581879569864705,False,True,0.09321893562876762,major_maintenance,False,0.0,5dd917a40d4abb2c8caca99203ed7ed7a0c1d496d0eb51b3958b4a08f6a0d1fb
full_orchestra,22,case_22_0046_cycle_007,case_22_0046,7,motion_instability,27.58681421163252,28.239593505859375,28.239593505859375,0.4783291696326939,2,-1.0411345194279562,0.258728813143056,0.246926983129539,False,True,0.17103824811212162,minor_maintenance,False,0.0,382993a9036b64ad3d39e7ef67cd6ab646b9622f5d392e92fd908e83b83c248d
full_orchestra,22,case_22_0046_cycle_008,case_22_0046,8,motion_instability,34.337424780833594,30.096771240234375,32.715169799107414,0.6636268496740538,3,-1.4286208053463407,0.5275010036713326,0.5641675518242467,False,True,0.1167472442548342,major_maintenance,False,0.0,a97637bba4bbc8d22c8de19ba6b08b61e49721a9890fa35ce84834941b6d2d64
full_orchestra,22,case_22_0046_cycle_009,case_22_0046,9,motion_instability,34.15256898345655,35.04884719848633,35.04884719848633,0.5048917058727453,2,-1.1588329997172888,0.2486193091527672,0.24905268948914747,False,True,0.2117459276974306,minor_maintenance,False,0.0,932a8f5681eef58273aa137989825cc968f2eba21641f39ffb51dfbb1701a491
full_orchestra,22,case_22_0046_cycle_010,case_22_0046,10,motion_instability,34.124385627211815,30.484174728393555,30.484174728393555,0.5076217009981261,2,-1.1737317986175484,0.26482557088172265,0.24756174989995855,False,True,0.21157119088871326,minor_maintenance,False,0.0,790825fe3662fc94cc1e2c5658062ebea1699cd40dfb33ad12a401e74923d257
full_orchestra,22,case_22_0046_cycle_011,case_22_0046,11,motion_instability,34.101538968701306,27.42581558227539,27.42581558227539,0.46111019197206754,2,-1.1663936853561925,0.2606934822421828,0.252806311875444,False,True,0.2114295416059481,minor_maintenance,False,0.0,923eb795a69ad5c276ac9a4f449acc380f2063a549db8de47ac3ceab4ffd0ee7
full_orchestra,22,case_22_0046_cycle_012,case_22_0046,12,motion_instability,32.15611936163531,28.787128448486328,28.787128448486328,0.5814579571276464,2,-1.1434998972678443,0.25501105856283063,0.2539579062618123,False,True,0.19936794004213892,minor_maintenance,False,0.0,0cfd6c6275f82c3279f28e540b71558cbbf0ee22e5c87628a611122020c15e54
full_orchestra,22,case_22_0046_cycle_013,case_22_0046,13,motion_instability,39.79061234655406,29.94655418395996,29.94655418395996,0.6197570382019837,3,-1.4718602747763703,0.5304712644226857,0.5532015108606697,False,True,0.1352880819782838,major_maintenance,False,0.0,e490e7961bedde1ec483664d29969a4a012fb404a7e0594a9b17af3e22b52358
full_orchestra,22,case_22_0046_cycle_014,case_22_0046,14,motion_instability,36.242392523550315,30.500202178955078,30.500202178955078,0.5784714545110231,2,-1.2164689639136987,0.2545129093104912,0.2513460443606477,False,True,0.22470283364601196,minor_maintenance,False,0.0,ffd0f7e47f308b6834dec8510b8a3da7669d7ab52f44f3f8d3ec3b602dda6750
full_orchestra,22,case_22_0046_cycle_015,case_22_0046,15,motion_instability,40.73469316449189,33.500648498535156,33.19884468731973,0.6841431209897684,3,-1.5266155241033506,0.5410810075735382,0.5842739726294125,False,True,0.1384979567592724,major_maintenance,False,0.0,a71469b6701d80ebd1e41ffb0cc504745b4b26f3ed479ca0799ddb3dd211ec98
full_orchestra,22,case_22_0046_cycle_016,case_22_0046,16,motion_instability,44.299138652096644,35.118621826171875,37.93182817518131,0.7058403120391084,3,-1.5411049428816577,0.5432412191796204,0.5501705783059817,False,True,0.15061707141712857,major_maintenance,False,0.0,a72136e341be3935e31c153bf89fbc0c5770a37b308c8be212d3e7ac8e32afe5
full_orchestra,22,case_22_0046_cycle_017,case_22_0046,17,motion_instability,43.86433577981821,38.103145599365234,39.40789501974908,0.6341441391158094,3,-1.5213862672634424,0.5347649240316864,0.5551043717627986,False,True,0.1491387416513819,major_maintenance,False,0.0,2704fe02b4e0d7e894447997bd26b0ab6e54199f84de6425866525a1fa5b7757
full_orchestra,22,case_22_0046_cycle_018,case_22_0046,18,motion_instability,43.82807324719237,37.61961364746094,37.61961364746094,0.60812184182135,3,-1.5425673626661012,0.555417048216962,0.5611071138182179,False,True,0.14901544904045405,major_maintenance,False,0.0,1905698ebb5fbc7069c48e5a5d711a4fb0357336177d3767276a7946e1a7964e
full_orchestra,22,case_22_0046_cycle_019,case_22_0046,19,motion_instability,45.6108460813057,37.884483337402344,39.59693305189788,0.7502036648354358,3,-2.007633893370523,0.5660824633626182,0.571747014586047,False,True,0.2905410895379173,major_maintenance,True,1.0,8bd8d8f3054316e6ffe08f9f1084a2a9c918965236380bce13ef9ab96007cba8
