laser_power_w,welding_speed_mm_s,focal_position_error_mm,shielding_gas_flow_l_min,melt_pool_temp_c,back_reflection_intensity,plume_intensity,spatter_count,vibration_rms,robot_path_error_mm,bead_width_mm,bead_height_mm,porosity_risk,visual_defect_score,lens_contamination_level,cooling_system_alarm,time_since_lens_cleaning_h,case_id,record_id,cycle,timestamp_s,scenario,distribution,seed,provenance_source,provenance_seed,quality_flag,missing_modalities,production_load,resource_availability,maintenance_cost_context,latent_health,latent_fault_severity,failure_hazard,failure_event,process_instability_score,maintenance_urgency_score,maintenance_label,split
1907.5362932562243,33.968585390781655,0.3246271292963928,17.857024974160137,1498.7970369932857,0.4477233771667259,0.48416196791102506,4.0,0.08692523279385111,0.032857933669553974,2.180426551534177,0.6339386478283752,0.16675782036269124,21.40333386731178,0.14816542752755948,1.0,30.317154413783495,case_42_0000,case_42_0000_cycle_000,0,0.0,ood_focus_drift,ood,42,orchestra_phd_latent_simulator_v1,42,ok,,0.5841181007395418,0.5018296727511709,0.6825674475686491,0.4460761915090712,0.38999216531787656,0.06959272749577693,False,30.8292078275031,38.5455754888595,low,ood
1941.9677144126076,31.527349955413534,0.3438059133775607,16.874353916422073,1505.3983661060074,0.3835532267985339,0.5066154381315207,8.0,0.07804658032704266,0.045390694297970526,2.1709117897250816,0.5807837886452185,0.1386645217606462,21.05433136965708,0.16867206561996667,0.0,36.57968120845733,case_42_0000,case_42_0000_cycle_001,1,0.5,ood_focus_drift,ood,42,orchestra_phd_latent_simulator_v1,42,ok,,0.6950747329650275,0.5110584624035135,0.6564061729617505,0.4648038937394958,0.4263420721025665,0.08106482671376725,False,32.38244646335717,41.830301029301744,medium,ood
1922.3439693586924,32.0744423596533,0.3391320309017733,18.453777884707964,1542.9247022265201,0.44646128510487654,0.4104976516505032,4.0,0.12747626818056573,0.038113687527570106,2.0918099585434065,0.5674839767522142,0.16800667054068597,21.585882840133294,0.15902778494188607,0.0,51.399207774168374,case_42_0000,case_42_0000_cycle_002,2,1.0,ood_focus_drift,ood,42,orchestra_phd_latent_simulator_v1,42,ok,,0.6189557626522851,0.6376124058600301,0.6536112009895438,0.4663438110957634,0.428640870975406,0.06805350658660939,False,30.870502713465225,38.075242159127576,low,ood
1822.876945221041,30.349831601928805,0.3469454042481413,16.89170303032258,1511.8113297003715,0.39390098153386066,0.44448220088215573,6.0,0.08934525261967725,0.08728399325577635,2.184642602072092,0.6358605532961455,0.14588849470812157,22.45826860906729,0.12275757090124269,0.0,61.471988731333035,case_42_0000,case_42_0000_cycle_003,3,1.5,ood_focus_drift,ood,42,orchestra_phd_latent_simulator_v1,42,ok,,0.7909205669664299,0.6632008522705143,0.8103943944714393,0.5215813866456122,0.4795040746172864,0.10881978087911796,False,36.08807940740057,48.491348920295884,medium,ood
1997.825766197969,35.77236805418079,0.425886467363681,15.744369307150842,1637.1348512355225,0.4745722104735358,0.4391233599762261,7.0,0.11106521209007758,0.07171574415567583,2.279715386056347,0.6288282415057124,0.1937992224718006,20.52901224517219,0.1442271263256623,0.0,12.916621927416562,case_42_0000,case_42_0000_cycle_004,4,2.0,ood_focus_drift,ood,42,orchestra_phd_latent_simulator_v1,42,ok,,0.6967423038443161,0.39823771794473883,0.6817923031410547,0.5191508681607185,0.5052157116567132,0.1009787148225698,False,34.71965071230481,46.764874576790895,medium,ood
1811.4016248195292,34.749828940936666,0.3921117074894007,18.04635361548187,1480.1077225691492,0.37790990638648103,0.35313443001807404,10.0,0.06817108650551969,0.049087464966123644,2.2501261162095947,0.7247526116001904,0.17200945908963572,26.17936270665464,0.16614459559088335,0.0,18.161872846018962,case_42_0000,case_42_0000_cycle_005,5,2.5,ood_focus_drift,ood,42,orchestra_phd_latent_simulator_v1,42,ok,,0.8108118274025929,0.8957921387755441,0.7401848632650314,0.5227933557722685,0.5177785862026049,0.12307884100886857,False,38.595977734828146,51.37524823809358,medium,ood
1965.5991429516205,33.308267261089995,0.4399280845745067,18.489848162446982,1577.6097795707437,0.48689005914076394,0.40213520566276145,12.0,0.10925296387709804,0.09402883938309625,2.1782628635489383,0.5923524983878495,0.20432066992324363,34.774679513472314,0.05836653310677603,0.0,30.339936247980294,case_42_0000,case_42_0000_cycle_006,6,3.0,ood_focus_drift,ood,42,orchestra_phd_latent_simulator_v1,42,ok,,0.860887302062278,0.7863586901729487,0.7221472013276125,0.5634436014332326,0.5767252659011303,0.13925150174754228,False,42.60471567122616,54.307793502932135,medium,ood
1830.2308440949535,34.5295121756664,0.4807914543741367,16.794345457013335,1638.9176187360194,0.4534180245756151,0.4437046445259518,5.0,0.1387030868550251,0.07083443312781325,2.0417915830518116,0.6443285951275384,0.18857754675774466,31.1477343375085,0.22688503577194244,0.0,27.850646922974818,case_42_0000,case_42_0000_cycle_007,7,3.5,ood_focus_drift,ood,42,orchestra_phd_latent_simulator_v1,42,ok,,0.7725989863798614,0.6065328260391272,0.6876688214453714,0.5734996439460376,0.5870122130431572,0.17897873285097893,False,44.53638011321296,60.344784290377675,medium,ood
1902.699265484914,35.52125381061299,0.4584469484100193,17.906149763321487,1617.1913100728825,0.46591788123840433,0.57963054726259,4.0,0.12596616614423747,0.04944827474945767,2.074273426870777,0.5793406322470982,0.18309013053316678,32.218387745418525,0.16696632883902043,0.0,17.284944466571442,case_42_0000,case_42_0000_cycle_008,8,4.0,ood_focus_drift,ood,42,orchestra_phd_latent_simulator_v1,42,ok,,0.7064903102379945,0.3038008838900903,0.7342821629690234,0.565368981653535,0.6029531710017089,0.15741688038301066,False,43.14909169004155,57.248802069158764,medium,ood
1897.7353712567883,37.04881127432486,0.4115182434219619,16.930702149325537,1578.0746884369794,0.4947841976362718,0.453757626413738,7.0,0.09819485834532679,0.07551923494805333,2.3070771898264524,0.5826209791250712,0.18668426250765363,27.251171722140587,0.16670384978040595,0.0,12.895301463586128,case_42_0000,case_42_0000_cycle_009,9,4.5,ood_focus_drift,ood,42,orchestra_phd_latent_simulator_v1,42,ok,,0.6793201504483366,0.6558469169128593,0.6835961392254551,0.5744648537916368,0.5827599603375637,0.16191870833305086,False,41.98105608920931,57.927829434964465,medium,ood
1978.4808122755046,33.53541889553751,0.5083107179959439,17.04431186008032,1618.8320668054944,0.428240906609441,0.4050146840634666,4.0,0.11925167532265508,0.045570516224640874,2.200167991728548,0.6270276703200491,0.18936884554171393,33.44686418754513,0.20337186312093725,0.0,58.23419554626474,case_42_0000,case_42_0000_cycle_010,10,5.0,ood_focus_drift,ood,42,orchestra_phd_latent_simulator_v1,42,ok,,0.8254386202666736,0.533891028351082,0.6967535346762901,0.6073178432678433,0.6531018721206263,0.1996135353362288,False,46.42815385626739,62.97986955502978,medium,ood
1797.9385461967072,39.9720932316114,0.46713716091846913,16.87224551811257,1457.6747920559596,0.3543850411886241,0.4691745572915688,7.0,0.10836932772654331,0.04751888805324185,2.1744813065383752,0.6187519776546097,0.21070840001638486,37.427396619589814,0.09534668701259064,0.0,65.03749093638613,case_42_0000,case_42_0000_cycle_011,11,5.5,ood_focus_drift,ood,42,orchestra_phd_latent_simulator_v1,42,ok,,0.6405665227965869,0.3588807341898174,0.5033374831597359,0.6129337226023388,0.639837216474773,0.1486375642920586,False,44.047572195791105,55.869608916524314,medium,ood
1867.6201691918022,35.98416812972988,0.5143198716479962,17.212224851157906,1596.4371953410791,0.452647890239126,0.5189698757812224,10.0,0.13009840919816226,0.05687739126223938,2.1668383768300785,0.6158864754530209,0.22223166748199286,33.51380389909157,0.1039389915510016,0.0,48.91429801458495,case_42_0000,case_42_0000_cycle_012,12,6.0,ood_focus_drift,ood,42,orchestra_phd_latent_simulator_v1,42,ok,,0.7219626304258043,0.608062089669158,0.6078861113647965,0.6323599430826723,0.6965644270920264,0.27936153892885446,False,51.03128242351409,71.02956153572208,high,ood
2082.8324176441156,30.654882194284554,0.5635093802485864,16.407027814191814,1546.8076341847093,0.5056931806240518,0.47214696607571943,8.0,0.08018763228243703,0.05787823638725639,2.181004601720576,0.6644525291189685,0.164579647012167,35.13229103827523,0.14558195440884106,0.0,60.63060279317284,case_42_0000,case_42_0000_cycle_013,13,6.5,ood_focus_drift,ood,42,orchestra_phd_latent_simulator_v1,42,ok,,0.7681781140082511,0.7132241756182043,0.6708414332080375,0.6409586142832966,0.7310612644807014,0.2477675307550045,False,50.31266381566481,68.17501092445058,medium,ood
1954.4973029879714,30.977427210711323,0.5034214886600038,17.933832175014718,1589.1763685905653,0.4578625079186388,0.42238993341779435,9.0,0.12738257447183837,0.07007781716565191,2.1878867786557343,0.615038307901961,0.2825310022456759,35.79809376020178,0.11673202897488519,0.0,35.78490884271676,case_42_0000,case_42_0000_cycle_014,14,7.0,ood_focus_drift,ood,42,orchestra_phd_latent_simulator_v1,42,ok,,0.6692501422549045,0.8486768765629995,0.7165046333907702,0.6536943362088338,0.7624641057898387,0.2847446756177478,False,51.86185055293245,71.48071245246433,high,ood
1863.803883225315,36.979065356217646,0.5779311838634942,16.385148355414337,1555.0002148963893,0.49228527547671247,0.47784078375531075,3.0,0.04336797277949821,0.050101708480975705,2.1418785768388875,0.6056266296157478,0.2390180217673831,36.71003657806792,0.1031800600389515,0.0,65.35457334798429,case_42_0000,case_42_0000_cycle_015,15,7.5,ood_focus_drift,ood,42,orchestra_phd_latent_simulator_v1,42,ok,,0.7137808032988059,0.5257433086774108,0.4887423338547088,0.6753157411036067,0.7696480616583568,0.2903905025397239,False,52.343847189077174,71.94391217423038,high,ood
1996.9225693855187,31.47155371956787,0.5605811780063689,17.120652268699285,1568.52447616358,0.4911900019687409,0.5082376280012767,3.0,0.10808983321034529,0.05603890257595684,2.2969623163311863,0.6852433468446648,0.22179786710509375,33.2090718514371,0.19172051075018515,0.0,80.5058050555305,case_42_0000,case_42_0000_cycle_016,16,8.0,ood_focus_drift,ood,42,orchestra_phd_latent_simulator_v1,42,ok,,0.5934348399716183,0.3546758751562547,0.6443089906273967,0.702289957441976,0.8080253528099811,0.3426995963194221,False,53.77111849327789,75.81130931602034,high,ood
2021.955510160358,38.9070785998708,0.5928949208239821,17.086640989460438,1602.3401718611794,0.4879523389724817,0.5066797316496533,4.0,0.12274152843844945,0.10259111381553908,2.2488046648013498,0.6193067959878369,0.22850806695301806,38.809657069918586,0.16094686126936725,0.0,53.36381440168808,case_42_0000,case_42_0000_cycle_017,17,8.5,ood_focus_drift,ood,42,orchestra_phd_latent_simulator_v1,42,ok,,0.6144452441254459,0.8308955660293278,0.5269638895475811,0.7022126657547642,0.8053550408259993,0.3528016375043229,False,55.90365403898006,76.48159610749973,high,ood
1992.2004251794515,34.55463546894105,0.5729992052750754,17.534991543640263,1552.4811671117805,0.5380353827887143,0.4933825025239117,10.0,0.1301986012710683,0.0374965990510981,2.4234693403929706,0.6970108915624434,0.20032071945288304,39.39774897702336,0.12220436282671002,0.0,50.86421461734062,case_42_0000,case_42_0000_cycle_018,18,9.0,ood_focus_drift,ood,42,orchestra_phd_latent_simulator_v1,42,ok,,0.5947601982994959,0.5640441880181026,0.6399281623957176,0.7196828696304935,0.8434434750642076,0.3817158726776027,False,57.19399092595049,78.2858638282536,high,ood
1978.8220760896584,32.570105469691576,0.5900029581311665,16.304849941395318,1551.5060439662707,0.48002295924053884,0.5434203798609578,4.0,0.08105774941793417,0.027142761134335544,2.2167290498777628,0.5631089819612535,0.17978401740196823,39.75881796426366,0.15835953208306477,0.0,57.25715530826878,case_42_0000,case_42_0000_cycle_019,19,9.5,ood_focus_drift,ood,42,orchestra_phd_latent_simulator_v1,42,ok,,0.5734194681373577,0.7089595020428527,0.5390533239037675,0.7392786479893829,0.8444335551669937,0.3959404153187252,False,58.19188366680152,79.11719069521568,high,ood
1811.6519086574672,36.07277097384792,0.35083930253213397,17.33022182922093,1538.3962118346878,0.423988073338581,0.39332925136392227,7.0,0.07580942461907302,0.07485457099962123,2.1009525596472756,0.6253264825368099,0.23709616872384273,21.395464769502436,0.17748864993948052,0.0,25.26661772511486,case_42_0001,case_42_0001_cycle_000,0,0.0,ood_focus_drift,ood,42,orchestra_phd_latent_simulator_v1,42,ok,,0.7039509317375339,0.431067261230739,0.4323303692136682,0.45994601192751705,0.36944560255630204,0.06667188146611656,False,30.37269971433865,37.646541187468,low,ood
1894.8966601441837,31.193188306565236,0.35340083154245977,18.33622608523673,1457.4997238082635,0.4864476526460192,0.4518724219293856,5.0,0.039951535271308,0.05709556584303348,2.137202938812063,0.6616093353989698,0.18029939933824063,21.31843295473096,0.13361704939853922,0.0,34.850809157257906,case_42_0001,case_42_0001_cycle_001,1,0.5,ood_focus_drift,ood,42,orchestra_phd_latent_simulator_v1,42,ok,,0.5734696541610202,0.5117361967965497,0.7264033052263976,0.4413951928311376,0.40566173594511445,0.06682560621639766,False,30.596323216614817,37.694550716025894,low,ood
1981.6238705131402,36.09337666795577,0.32202696849579493,18.202542660236492,1537.8180301579266,0.38624609377382463,0.4352511206388089,3.0,0.09826771642989227,0.02809403718056818,2.124352903596895,0.5512429612110973,0.21765386379143717,22.316089351111412,0.07348346675817653,0.0,12.525427019299688,case_42_0001,case_42_0001_cycle_002,2,1.0,ood_focus_drift,ood,42,orchestra_phd_latent_simulator_v1,42,ok,,0.7991162221783066,0.7797994045327099,0.7484151889838969,0.478488774760179,0.4279053965484199,0.08977803963179759,False,33.931904313034025,44.09617298428299,medium,ood
1973.7632068472328,36.85827063171448,0.371264780819912,18.58120643909279,1569.5895252255996,0.4087191986960973,0.39356426708959,10.0,0.09364135918314836,0.0337994980888635,2.077226435904085,0.645089511616767,0.1956924094315937,30.111586120988147,0.10678942364625295,0.0,20.21194697579081,case_42_0001,case_42_0001_cycle_003,3,1.5,ood_focus_drift,ood,42,orchestra_phd_latent_simulator_v1,42,ok,,0.738756591185059,0.3965982621435337,0.7170480221713688,0.5014292699063774,0.43554308187190505,0.09492998494141182,False,36.44995003717341,45.35535224013404,medium,ood
1791.511064339562,36.73425332334438,0.3400138317286186,16.871392204620555,1517.9400255876137,0.4588908650485637,0.4503209600353071,8.0,0.11243569817454867,0.04610505360770919,2.0589248992399676,0.6488998546440092,0.123954950914979,22.165224511252436,0.2026522839565259,0.0,53.208861075767004,case_42_0001,case_42_0001_cycle_004,4,2.0,ood_focus_drift,ood,42,orchestra_phd_latent_simulator_v1,42,ok,,0.7392418593179219,0.4176005940045098,0.6631471478788779,0.5065766166949626,0.44444352470910425,0.1167719972774204,False,36.84431373672109,50.137540673092154,medium,ood
2019.626234632208,34.98712628917653,0.42639586241377553,16.546454015179023,1504.9743077596443,0.39404099037543155,0.44532140145496685,5.0,0.10004094511199979,0.026311348687165184,2.166554251166249,0.6438814279001989,0.2339039572646325,29.833107153196813,0.1488807479011878,0.0,43.130494052502236,case_42_0001,case_42_0001_cycle_005,5,2.5,ood_focus_drift,ood,42,orchestra_phd_latent_simulator_v1,42,ok,,0.6861458370812317,0.6403344529355928,0.6494152117738723,0.5221664520658754,0.481290682900073,0.0942646548394816,False,36.44238302511118,45.1958770958578,medium,ood
1994.660291076635,37.8509686793564,0.35936096214503394,15.899877026086074,1624.1575398998623,0.37613343102734575,0.45807113192852267,0.0,0.06290560151247424,0.061985743739798344,2.1535215063320154,0.6355482838571482,0.17123738634380628,31.00845652069291,0.17798133526977128,0.0,47.877395964223474,case_42_0001,case_42_0001_cycle_006,6,3.0,ood_focus_drift,ood,42,orchestra_phd_latent_simulator_v1,42,ok,,0.7114574387323638,0.7273395471392519,0.6310296499800498,0.5286414169692024,0.5039470233074368,0.12043325514437052,False,39.94002645590341,50.86300088127127,medium,ood
1825.944381276607,29.72616346627048,0.397827304959866,18.819573122826625,1502.894717108285,0.4899708398863742,0.47419980365048797,6.0,0.07944085520895697,0.012363980937561199,2.1368160971944548,0.6036234427735907,0.21701235503740246,25.607097668539,0.1311884481426218,0.0,46.048116713525154,case_42_0001,case_42_0001_cycle_007,7,3.5,ood_focus_drift,ood,42,orchestra_phd_latent_simulator_v1,42,ok,,0.6690091160479721,0.5245008826858533,0.7130136785308171,0.5350298240304774,0.5168849290595288,0.11123552495839248,False,37.09613924558444,49.00206712914231,medium,ood
1943.4745105840805,37.01299362232077,0.4266130810352591,17.679158209052538,1560.7314495866242,0.4144608827541908,0.48212537989009446,7.0,0.08069925550091887,0.04041381016338607,2.177803015157171,0.6389510069217713,0.20885069759025007,23.07501615748801,0.027093443481431962,0.0,38.541267930840064,case_42_0001,case_42_0001_cycle_008,8,4.0,ood_focus_drift,ood,42,orchestra_phd_latent_simulator_v1,42,ok,,0.7624202375253539,0.5621247555142563,0.48939565610058017,0.5719411383741505,0.5837036825131001,0.1598040407198371,False,40.80904547854634,57.6111534818912,medium,ood
1852.3839818542197,37.79756767724651,0.4885102563538178,17.11024509709028,1418.0034618894297,0.4428633197497998,0.44379696403947044,3.0,0.11102249760756315,0.04929081329815482,2.2693445280620423,0.6152122581488598,0.19269011634261782,30.090497190007376,0.06854805542051064,1.0,53.83285022493842,case_42_0001,case_42_0001_cycle_009,9,4.5,ood_focus_drift,ood,42,orchestra_phd_latent_simulator_v1,42,ok,,0.6985152956506879,0.3251292202051512,0.6221946516871129,0.5878396227760997,0.5450894078346065,0.1528366754113369,False,41.88193929658257,56.53863548503918,medium,ood
2025.0772774597044,35.568696416845945,0.4036957940104408,17.519650188003475,1493.239250160392,0.46818596658667766,0.5521287534951328,6.0,0.07456625029235799,0.09712992998893474,2.2018233856377227,0.5902717853995453,0.16714757388176057,34.68642839983526,0.18399641045198864,0.0,19.205919801056282,case_42_0001,case_42_0001_cycle_010,10,5.0,ood_focus_drift,ood,42,orchestra_phd_latent_simulator_v1,42,ok,,0.7467342514107799,0.35420525968230676,0.7129424882300407,0.6104369729373369,0.6005875566348597,0.20222228259787592,False,47.11223535895595,63.29322102323244,medium,ood
1988.136175539305,30.461076693301045,0.48940907971774317,18.22039129827711,1569.896029780394,0.48972629064752893,0.4024724386075333,3.0,0.08715826101438376,0.06532671700869819,2.272334379572302,0.6758271108526412,0.21482448902073453,32.8943032901712,0.1495453869948548,0.0,20.499608582418695,case_42_0001,case_42_0001_cycle_011,11,5.5,ood_focus_drift,ood,42,orchestra_phd_latent_simulator_v1,42,ok,,0.5888385298388298,0.41821112912890035,0.5933030880148488,0.6304011422348091,0.6280291852238533,0.20213458055864278,False,46.702828239679285,63.28275387122998,medium,ood
1913.5704215884043,34.15869222279315,0.5481705307437208,15.733476149706641,1624.7887494743497,0.45345027376287955,0.4844044425713772,7.0,0.07201466313379862,0.0421489050748389,2.1510320515317143,0.5880486058862255,0.2619583130065079,33.373351313312824,0.2692088985815956,0.0,69.3136499483072,case_42_0001,case_42_0001_cycle_012,12,6.0,ood_focus_drift,ood,42,orchestra_phd_latent_simulator_v1,42,ok,,0.5547431594706534,0.49081054819112413,0.7673143217798292,0.6205910674531344,0.6660868334794622,0.19765701382385722,False,46.20324969307745,62.74210820351944,medium,ood
1997.5095692025523,35.301265320400496,0.4838300868103265,17.713784629864342,1457.9952308551158,0.4963654072837128,0.44512019681029913,4.0,0.08626337785568367,0.05856494245765778,2.1621426891517457,0.6580183013618446,0.1525535060844995,35.425524440189285,0.1043235249405823,0.0,37.406493813739274,case_42_0001,case_42_0001_cycle_013,13,6.5,ood_focus_drift,ood,42,orchestra_phd_latent_simulator_v1,42,ok,,0.5498168552292438,0.7500988963385827,0.44265512599611034,0.6634352924789388,0.6939479011016418,0.2634543480719482,False,51.0786213642106,69.63872954575497,medium,ood
1837.392935950278,36.86163643369995,0.5173912085671212,16.362985443802515,1417.3594478056675,0.4771115655249592,0.5104752098524655,10.0,0.12180616897990898,0.05760430807496832,2.2552315764850652,0.6278529896782296,0.15620268088126943,31.69033776459876,0.1697798967987534,0.0,25.254844298457225,case_42_0001,case_42_0001_cycle_014,14,7.0,ood_focus_drift,ood,42,orchestra_phd_latent_simulator_v1,42,ok,,0.4165077902066664,0.4852183237423108,0.5958057594956966,0.6595357677027633,0.7064839091524139,0.2044914609349827,False,46.52293925501613,63.562441853357946,medium,ood
1917.2944141045723,30.660787298799534,0.5735023303785911,16.562315513517227,1614.5320004822518,0.4189483866616394,0.5128562882629224,6.0,0.09534525225707259,0.04454126967911102,2.29413064010394,0.6005770101114049,0.19147347230128267,35.40624192237401,0.11813403608620615,0.0,57.929163652617824,case_42_0001,case_42_0001_cycle_015,15,7.5,ood_focus_drift,ood,42,orchestra_phd_latent_simulator_v1,42,ok,,0.5139039783000556,0.4783098450822272,0.587544686724228,0.679344270464399,0.7400485122686042,0.256917450488471,False,50.4431331165339,69.04050872010694,medium,ood
1952.6692548352473,31.58988024131849,0.5191006510545711,16.885900090905594,1639.4871461935534,0.5133350686082881,0.47144654662707797,8.0,0.10200362877931557,0.09893969313005224,2.157883708124572,0.6550498139528627,0.22771811000189113,34.40625836613294,0.09990215643036503,0.0,15.899831280964932,case_42_0001,case_42_0001_cycle_016,16,8.0,ood_focus_drift,ood,42,orchestra_phd_latent_simulator_v1,42,ok,,0.5093617553360814,0.9425019976380138,0.7701689338671504,0.7205448544523484,0.7259421289068414,0.2929202784529337,False,52.20907208621332,72.14825107512665,high,ood
1880.8512290788576,34.61169718416685,0.5092742744508121,16.56887712356777,1508.274631233289,0.4649416431058898,0.4159276194083313,7.0,0.07090236904536282,0.09358711899858156,2.1401664110549734,0.6746578516310736,0.20270950297245777,40.17181955533057,0.14274552900796597,1.0,50.111010460151626,case_42_0001,case_42_0001_cycle_017,17,8.5,ood_focus_drift,ood,42,orchestra_phd_latent_simulator_v1,42,ok,,0.4539785594212848,0.6332936747632872,0.5180152878700907,0.7259649052576261,0.803399434425725,0.327176056611145,False,55.34968474124368,74.73658075404695,high,ood
1734.8239396756876,36.080408376834434,0.5116916026131081,15.819471642400813,1580.8067924049808,0.44405291271336106,0.45281929810674815,3.0,0.0796870018506327,0.08826526101741623,2.27804853882382,0.6635224223362785,0.22219637461168382,35.91114233923361,0.18303674494369768,0.0,54.08268397772919,case_42_0001,case_42_0001_cycle_018,18,9.0,ood_focus_drift,ood,42,orchestra_phd_latent_simulator_v1,42,ok,,0.47886040187249035,0.83551708362463,0.5261473872642098,0.7274239583780523,0.7955236699926819,0.30261053792947173,False,53.084905727309064,72.91329285624086,high,ood
1807.8683334298655,37.207841760533896,0.5478291481820513,18.587941452776267,1712.4524295216838,0.45955475635485893,0.4411335828580272,6.0,0.10427572794900133,0.06477612306998078,2.4456107495008643,0.640823716530198,0.21845237184632815,35.50617163626478,0.2719492945240022,0.0,60.589491470498395,case_42_0001,case_42_0001_cycle_019,19,9.5,ood_focus_drift,ood,42,orchestra_phd_latent_simulator_v1,42,ok,,0.3733882249569916,0.6023619627003374,0.49396353444290747,0.7363786060077295,0.8181928097881515,0.3293767592745919,False,53.88429370518721,74.89239160719109,high,ood
1839.069993373178,36.388767005534746,0.3070414807067369,18.531461786613406,1481.4325411202938,0.36556899389847325,0.49052529482861507,4.0,0.08647806479670636,0.04474183268591799,2.131742862345767,0.6490138970053831,0.1418119609487631,11.073999894724071,0.17083623424492975,0.0,34.56425870327316,case_42_0002,case_42_0002_cycle_000,0,0.0,ood_focus_drift,ood,42,orchestra_phd_latent_simulator_v1,42,ok,,0.7092196236493552,0.5314738978624467,0.6700276717244118,0.4752594172784707,0.23173402148661207,0.04389087913043034,False,22.89746541546873,29.505339691868933,low,ood
1904.3193931364895,32.45037293032349,0.22623797884020744,18.41989870296368,1461.8908647600288,0.3776581442003011,0.4351478873157691,1.0,0.07132325280609218,0.04382999819970995,2.1074717769881235,0.6164387702167914,0.07137184211777917,19.070287562387822,0.11566731572534782,0.0,42.206721964545316,case_42_0002,case_42_0002_cycle_001,1,0.5,ood_focus_drift,ood,42,orchestra_phd_latent_simulator_v1,42,ok,,0.6557441816018622,0.33217427453809806,0.7588533897147225,0.4778115424139154,0.2157939511045285,0.03794716843251098,False,23.718158564382662,26.959714949982505,low,ood
1787.2733177035395,36.35883372767257,0.30400167065927836,17.863315260916398,1573.255949705516,0.33554276529574123,0.3951977292921408,2.0,0.07669050525640411,0.010265045618751793,2.0851229738788026,0.5376671277670512,0.12707494468412553,22.49576133082013,0.16365663843187117,1.0,35.892591819690224,case_42_0002,case_42_0002_cycle_002,2,1.0,ood_focus_drift,ood,42,orchestra_phd_latent_simulator_v1,42,ok,,0.7366409636454897,0.8108465369306543,0.5277680711965792,0.49350793582211666,0.27253367629305436,0.05066853354054964,False,27.721899870656742,32.16739584172073,low,ood
1836.7991944728428,36.977115924098015,0.2630443318343449,16.268923630285727,1457.074054362828,0.36437423755070425,0.4747362776105575,7.0,0.06866435691260431,0.021247389610896998,2.032978278606004,0.5591814173979557,0.12934881696689626,16.325152584761863,0.0854316422151794,0.0,30.47841902225995,case_42_0002,case_42_0002_cycle_003,3,1.5,ood_focus_drift,ood,42,orchestra_phd_latent_simulator_v1,42,ok,,0.7352367174343534,0.39785131332890766,0.6464198561685024,0.5184285454126129,0.27249571499374775,0.06274367138170324,False,28.279459977341908,36.392387665500685,low,ood
2047.6010161458967,32.15440483803802,0.2909409732387316,15.871344491356817,1605.9652604675173,0.4318064984230692,0.4509631115960046,5.0,0.10857072577859506,0.05392061868555102,2.019478910144897,0.6046832914486987,0.17242411892521337,21.479665964664477,0.17823158762671693,0.0,32.84165818903366,case_42_0002,case_42_0002_cycle_004,4,2.0,ood_focus_drift,ood,42,orchestra_phd_latent_simulator_v1,42,ok,,0.7293468633146796,0.9846320220515858,0.7309098779609012,0.5437537613043444,0.3001355678589038,0.05995116370948763,False,29.45137085945806,35.4672921074355,low,ood
1974.919397444461,38.41336224173163,0.255291866626272,16.48506050915054,1504.843050371175,0.3956074870415644,0.3908606416293651,6.0,0.11196179367397234,0.03414903599311052,2.1046441399864873,0.6253690118000369,0.17127576747417067,24.743456570952958,0.10471232584804707,0.0,47.27803773394976,case_42_0002,case_42_0002_cycle_005,5,2.5,ood_focus_drift,ood,42,orchestra_phd_latent_simulator_v1,42,ok,,0.7459385040171519,0.7245724702855613,0.6374547777653005,0.5650091588756944,0.3016251062582431,0.06950484941228244,False,31.51671453229642,38.51892537408251,low,ood
1942.759219634249,33.8867758837749,0.2965547200737813,18.595134276384382,1546.5159584185938,0.4106643436224382,0.42790253995856037,1.0,0.0528106883354038,0.0651511993675936,2.114841312424341,0.5986181635552399,0.17216598691950327,22.37870354461399,0.04527435851274929,0.0,41.42272280902161,case_42_0002,case_42_0002_cycle_006,6,3.0,ood_focus_drift,ood,42,orchestra_phd_latent_simulator_v1,42,ok,,0.6690517629652604,0.9504695708043049,0.5064217695847075,0.5947674435206637,0.33368139469682423,0.09256415853880859,False,34.188896004916195,44.784112591636685,medium,ood
1969.2196202422592,34.946350548905656,0.3071267440664541,19.351234041520357,1458.924250201457,0.37265866903277217,0.47346520499696354,3.0,0.10997912751057132,0.0986737921112635,2.0891626663402256,0.6348884078416571,0.16204532225240267,23.90932727813473,0.18281293165851994,0.0,24.760961681012812,case_42_0002,case_42_0002_cycle_007,7,3.5,ood_focus_drift,ood,42,orchestra_phd_latent_simulator_v1,42,ok,,0.7377714730253568,0.708913504428307,0.6743999380139968,0.5881236431178211,0.3311804794481448,0.08694839188111422,False,34.103696084027604,43.37991578071056,medium,ood
1812.1506976341198,33.04894135566882,0.31893339306380053,16.913468902651086,1500.8283325507703,0.3902254743878699,0.4582600400448789,5.0,0.11957064158905606,0.05267681456843622,2.1057441245291084,0.6069160538431214,0.22492651162448726,24.364309417261936,0.22365861438911974,0.0,80.84524221271386,case_42_0002,case_42_0002_cycle_008,8,4.0,ood_focus_drift,ood,42,orchestra_phd_latent_simulator_v1,42,ok,,0.8367379985235368,0.9648959659411043,0.5872918602133662,0.6269030363147506,0.34633792359618915,0.07913948650103388,False,33.217787402092014,41.30443363525651,medium,ood
2012.3365421834767,36.97574789525153,0.3632029937395658,16.57314398802128,1536.6278815107926,0.4049064669332849,0.3413535049268848,7.0,0.12279862380131241,0.0434749164876479,2.0734431163172893,0.6260659918109699,0.18244397167347318,23.603947262890188,0.19825621833164472,0.0,60.10076843320087,case_42_0002,case_42_0002_cycle_009,9,4.5,ood_focus_drift,ood,42,orchestra_phd_latent_simulator_v1,42,ok,,0.6953704468802838,0.7538783796423527,0.7017232424612581,0.633499641673493,0.4107446224727336,0.14366448470708504,False,39.59962919224014,55.0539194171931,medium,ood
1781.0689166419595,35.37442711459549,0.322274549009061,17.03090317850165,1520.7573151263025,0.4051845995443567,0.4001250566776499,3.0,0.07730490624801961,0.04920299187755361,2.125144379851822,0.6757468110214506,0.16149335854132005,23.554939855138095,0.1604340952984444,0.0,56.93091359615577,case_42_0002,case_42_0002_cycle_010,10,5.0,ood_focus_drift,ood,42,orchestra_phd_latent_simulator_v1,42,ok,,0.6259117303956496,0.34688460919239295,0.6821622570877685,0.6659244041989013,0.3731846774364462,0.11228634536899315,False,36.81787288224421,49.22126867266357,medium,ood
2027.3441352635116,33.370811805664566,0.3371494908181404,18.257369040453185,1557.5879586771193,0.43558757741146115,0.4977014513781281,6.0,0.12322434384913694,0.09888939536894492,2.1097618684533233,0.6765479400116324,0.21427281707116108,32.518469755327054,0.121355442436502,0.0,39.441526905919574,case_42_0002,case_42_0002_cycle_011,11,5.5,ood_focus_drift,ood,42,orchestra_phd_latent_simulator_v1,42,ok,,0.6699460660718226,0.48432209757953987,0.6838743152462943,0.6487385078878696,0.38206108397215466,0.11176401540794273,False,39.19248415370741,49.1125313740159,medium,ood
1981.6838156013503,35.796367865930726,0.4185831182185116,17.67667154540744,1407.9260674921536,0.49821682658111677,0.47721278937785927,4.0,0.10756301039043062,0.07454626604980483,2.294587743059907,0.6563879821034719,0.20305285921063423,27.856467950330963,0.2399138013540241,0.0,14.737714032699046,case_42_0002,case_42_0002_cycle_012,12,6.0,ood_focus_drift,ood,42,orchestra_phd_latent_simulator_v1,42,ok,,0.6302329057056474,0.9523610584609974,0.7592046863674571,0.6936602817933668,0.4429660566423384,0.1555794681220139,False,42.18437023583909,56.966301974798306,medium,ood
2053.677051572068,38.21814933393597,0.3519451318174949,16.764743059253426,1550.0102018891725,0.39499954896281886,0.4325555529473727,6.0,0.08314385576445128,0.0515519955044598,2.1521528370922054,0.5708867155236939,0.19437516292213497,29.710000910522407,0.15233515097907008,0.0,57.58144696662542,case_42_0002,case_42_0002_cycle_013,13,6.5,ood_focus_drift,ood,42,orchestra_phd_latent_simulator_v1,42,ok,,0.6028025344404323,0.7373324442792142,0.6673399301313161,0.7116329504682974,0.48115968075176907,0.14376498271388372,False,41.54149433638448,55.07066240080072,medium,ood
1714.9293357205536,33.157695506461984,0.3708646144554938,18.249097632475763,1433.4089447535994,0.38909101513467625,0.5050844389743219,8.0,0.10936074543517013,0.08702752762737671,2.2369025111105985,0.6238315453553891,0.2098963269097536,33.81468474065575,0.08419659199453074,0.0,33.49938386193133,case_42_0002,case_42_0002_cycle_014,14,7.0,ood_focus_drift,ood,42,orchestra_phd_latent_simulator_v1,42,ok,,0.519231350600995,0.8804053432420251,0.5408471355003108,0.7256369265347887,0.4444621817276067,0.15378164349220208,False,43.0378310062093,56.6867956351995,medium,ood
1836.2326606279753,38.01553723678088,0.39983756714826707,15.74174700883106,1484.404724637657,0.3650143448156249,0.4036854357087778,4.0,0.1300431414222577,0.0695794675065992,2.1055282707647427,0.61617047744277,0.20072833199919976,29.110096066167618,0.19768693061412856,0.0,52.14349024104692,case_42_0002,case_42_0002_cycle_015,15,7.5,ood_focus_drift,ood,42,orchestra_phd_latent_simulator_v1,42,ok,,0.5912889010469639,0.5237658973389608,0.5551206835649745,0.737658177896574,0.45871450681958226,0.1425701516573068,False,40.98064515099063,54.8708953756084,medium,ood
1922.5877296527206,38.58499436073921,0.3460081828973503,18.11738072589234,1613.6559224158073,0.4387113330087029,0.5069306358278991,6.0,0.1315453552190504,0.06398853374077246,2.1461120764693287,0.6199414450790304,0.2030778410352668,31.518834324863317,0.19622378619469377,0.0,50.332750103746896,case_42_0002,case_42_0002_cycle_016,16,8.0,ood_focus_drift,ood,42,orchestra_phd_latent_simulator_v1,42,ok,,0.6392537300797247,0.3621141451055224,0.6868193883672741,0.7634267261798149,0.44189769679504054,0.14345469872207245,False,41.96206902586279,55.01893391153904,medium,ood
1969.8704482795176,36.12567292795899,0.41420020614132497,17.447309115044536,1669.8214502084816,0.37132291073017765,0.49206491346101816,9.0,0.1008975418432012,0.04776534708030364,2.2807149658237456,0.7038126845354762,0.22237563988034806,26.554369493210125,0.1823928564803045,0.0,27.443638115629618,case_42_0002,case_42_0002_cycle_017,17,8.5,ood_focus_drift,ood,42,orchestra_phd_latent_simulator_v1,42,ok,,0.5339140391760523,0.503735246715455,0.5968787737782786,0.7824241115038899,0.4908531138452194,0.18768456848423412,False,43.57862312576618,61.49193804133816,medium,ood
1983.7768701744872,35.56489138516372,0.41538548743259784,16.21735380762486,1499.2484677731331,0.5086290851817797,0.4644436412772944,6.0,0.08161823283011974,0.08079265360717156,2.1353226579073192,0.6436238880270152,0.16578739839912515,24.899441171941795,0.24374271806714015,0.0,49.58721261468565,case_42_0002,case_42_0002_cycle_018,18,9.0,ood_focus_drift,ood,42,orchestra_phd_latent_simulator_v1,42,ok,,0.4988751680059278,0.6578006344009601,0.49559461676133965,0.8013751746807356,0.4968834750333462,0.18579215148911069,False,42.91635686058991,61.247162728385575,medium,ood
1830.2933076095303,33.46922429882848,0.4358836517598704,16.25956363677912,1570.7064189965752,0.4455722539636977,0.41721447859168076,8.0,0.1091670789271854,0.08064415268204365,2.1009952624664,0.6414781390150244,0.22520685135105126,31.76515756540578,0.13991060348530548,0.0,64.46796805143873,case_42_0002,case_42_0002_cycle_019,19,9.5,ood_focus_drift,ood,42,orchestra_phd_latent_simulator_v1,42,ok,,0.4583864405531899,0.7946871449192581,0.5969666616903834,0.8225320473166156,0.5488752132163396,0.22538944336098313,False,47.664568441699956,65.90589042530543,medium,ood
1854.9738571346186,37.29281446031355,0.31809274423453526,16.407738274691294,1448.695455771665,0.3851620311452986,0.42397506164133025,7.0,0.12320534964599658,0.04941504854442255,2.09872751643994,0.6439685465035567,0.13637057286364013,11.594088055566951,0.13127990816209217,0.0,23.08549887721201,case_42_0003,case_42_0003_cycle_000,0,0.0,ood_focus_drift,ood,42,orchestra_phd_latent_simulator_v1,42,ok,,0.23779526916900626,0.5697899620089948,0.6043083202802051,0.3891984189444493,0.3429661191640702,0.04233518574757538,False,22.678222522718787,28.859567854601327,low,ood
1769.788594534839,33.76974338728304,0.3490669054435451,16.226829985944274,1513.3511330678843,0.4939936096646614,0.5192281380984697,2.0,0.07319201349418399,0.054469292656556104,2.1471633824874825,0.6493422066565037,0.1687605255797331,22.270997040420713,0.15172607064980578,1.0,19.232998584518715,case_42_0003,case_42_0003_cycle_001,1,0.5,ood_focus_drift,ood,42,orchestra_phd_latent_simulator_v1,42,ok,,0.25929859257087584,0.615850705910086,0.5282760451588753,0.3894214399694765,0.4297721924635497,0.07471657718831874,False,31.983143440583746,40.0588031394249,medium,ood
1871.9611672659632,42.017153914779556,0.34233725389788366,16.905377760489017,1552.6645183821242,0.35424307906722147,0.5063793351406629,3.0,0.10975777252852656,0.07116703919017617,2.0210743960112945,0.5946885221375239,0.1558430295904481,28.178389457510338,0.08953499197183223,0.0,19.93385403682859,case_42_0003,case_42_0003_cycle_002,2,1.0,ood_focus_drift,ood,42,orchestra_phd_latent_simulator_v1,42,ok,,0.3484162767752671,0.4517559020120113,0.4776330511037309,0.4120166380544329,0.4198268725967843,0.05440358080482024,False,30.044918831562505,33.53933897452458,low,ood
1751.3001595992612,36.52336282726279,0.3532467328439951,18.390622378772967,1421.6545116069594,0.41257829549993574,0.4950821747799938,2.0,0.13479442265867997,0.09186088526042503,1.9955234690910029,0.6836984335207825,0.13289174751725905,26.224709691780586,0.19352908612773023,0.0,37.41335775456634,case_42_0003,case_42_0003_cycle_003,3,1.5,ood_focus_drift,ood,42,orchestra_phd_latent_simulator_v1,42,ok,,0.3120594180071559,0.4708833525599036,0.5999042896044305,0.42377166873992705,0.43723598943837355,0.06696712893224965,False,32.01393764957766,37.73868018719494,low,ood
1901.6862185110433,33.70008525070879,0.37266727466287297,16.191333959099687,1570.6918147693198,0.38771826145881666,0.5784991956125363,8.0,0.05227798470167926,0.04287409944777575,2.041547725633421,0.5869115289163965,0.1486384236252863,22.125449675032844,0.13172790949551993,0.0,45.35007089849429,case_42_0003,case_42_0003_cycle_004,4,2.0,ood_focus_drift,ood,42,orchestra_phd_latent_simulator_v1,42,ok,,0.31558094677310317,0.6800591940406852,0.5566952460160578,0.4474555123771395,0.4698682404859526,0.0794676051523738,False,32.62168540654098,41.39473503274973,medium,ood
1845.3870648914763,33.22212126910525,0.3843985974138202,17.03851947145168,1475.5495488849472,0.4561280784987254,0.4464070763538025,6.0,0.06073962724718639,0.017978862617290252,2.044634374338437,0.6608609155427863,0.1337988166563539,23.207532999915497,0.13020977473421325,0.0,45.98198187642481,case_42_0003,case_42_0003_cycle_005,5,2.5,ood_focus_drift,ood,42,orchestra_phd_latent_simulator_v1,42,ok,,0.3083721398543177,0.505055134552686,0.47819936590939294,0.4537852026711816,0.485394770159014,0.08336690198684332,False,33.48307086750212,42.44667157018555,medium,ood
1974.3939000151254,31.24007831892511,0.3906995647262085,16.983182265956437,1407.728108111082,0.336859756009871,0.4046162431528141,5.0,0.08777281862879975,0.08919605525819663,2.19524255663455,0.6091828939385022,0.22499221807975026,25.184146617890164,0.21364487608654018,1.0,49.75401163119467,case_42_0003,case_42_0003_cycle_006,6,3.0,ood_focus_drift,ood,42,orchestra_phd_latent_simulator_v1,42,ok,,0.46508011054931236,0.45089949723115286,0.5770446719612923,0.46549517614358205,0.5322270017326486,0.10421499144361826,False,36.407701652350035,47.49061793788955,medium,ood
2020.5301468517928,33.98223457283949,0.4158712553114528,15.976906606418332,1672.9131722187392,0.4572926152180228,0.4523263447932721,10.0,0.06346575948611811,0.036945523235282524,2.199650654490662,0.6573629717507042,0.18239673584067134,25.175800945744832,0.1975427085964879,0.0,5.970441541204303,case_42_0003,case_42_0003_cycle_007,7,3.5,ood_focus_drift,ood,42,orchestra_phd_latent_simulator_v1,42,ok,,0.4453046832959584,0.5112553379724154,0.5427164192779035,0.4854577409294652,0.542191682393193,0.11445264337113463,False,37.66322600546977,49.667648458836474,medium,ood
1826.2583747792053,32.854068025692925,0.4012973494133041,16.91074514622128,1564.3019523491644,0.4888644605109506,0.48069314760923576,4.0,0.10200588230445856,0.0474116948773073,2.1016324602716754,0.6295848489745407,0.19537547025064395,27.099615217446626,0.19795583614402615,0.0,73.05149451490001,case_42_0003,case_42_0003_cycle_008,8,4.0,ood_focus_drift,ood,42,orchestra_phd_latent_simulator_v1,42,ok,,0.43824134891463395,0.3866511317819964,0.5098952865309905,0.49328419375137544,0.5652078923526218,0.10146870779831722,False,36.84717691065891,46.87598805603895,medium,ood
1946.245006892857,31.325363430913423,0.4482993619677476,17.26869044023446,1556.7042158421689,0.4652043958488744,0.43127198229234015,2.0,0.09604257965040103,0.10231531666991645,2.202983781224659,0.695828927129341,0.22608622780310264,25.675880461763928,0.11010217780462113,0.0,55.06576430905836,case_42_0003,case_42_0003_cycle_009,9,4.5,ood_focus_drift,ood,42,orchestra_phd_latent_simulator_v1,42,ok,,0.47804167248999846,0.7535142366195493,0.5799598171472787,0.49143549221995275,0.5829715787982044,0.10744660584783182,False,37.025408907006444,48.1967276145969,medium,ood
1910.372149905123,36.38731017930347,0.4496491880810877,17.889289153242522,1582.8184824069,0.42703851559124084,0.44640708456433453,2.0,0.12581776571556605,0.06812614898240255,2.1872218301430535,0.6761992204110968,0.24428846545123456,39.52552233434264,0.10359979258736285,0.0,35.47652466581261,case_42_0003,case_42_0003_cycle_010,10,5.0,ood_focus_drift,ood,42,orchestra_phd_latent_simulator_v1,42,ok,,0.5193415340128482,0.9678757953490054,0.6280874120438068,0.5100166744132224,0.6255614317871,0.1442772768711479,False,44.51206648412538,55.155841797856574,medium,ood
1805.7559255883773,31.199294721330972,0.45332056846252317,17.920884742306605,1539.2691871398652,0.47792666823614344,0.48158663090902476,5.0,0.05484592428470403,0.03632997521382331,2.2143540876661336,0.6403987857649094,0.21290206327395608,27.124487379610198,0.0879412798206482,0.0,39.086563251410546,case_42_0003,case_42_0003_cycle_011,11,5.5,ood_focus_drift,ood,42,orchestra_phd_latent_simulator_v1,42,ok,,0.4931920936599431,0.7652481336483533,0.6103116845947768,0.5208990467962232,0.6238692246176537,0.15342656931579823,False,41.29067358832921,56.63122561026347,medium,ood
1891.1395647276963,37.30749274493189,0.503367742577949,18.030359116244288,1595.737386777537,0.3871776686024521,0.53807963901902,6.0,0.070415249449015,0.05190650846615018,2.1862482025357703,0.658894541720683,0.17086952961607202,30.265271525396823,0.19460234645848826,0.0,59.43900082544001,case_42_0003,case_42_0003_cycle_012,12,6.0,ood_focus_drift,ood,42,orchestra_phd_latent_simulator_v1,42,ok,,0.595560341328701,0.8941404595423337,0.614423518862886,0.528386881031628,0.6644759673404533,0.17314083952823128,False,43.98432416169854,59.544095388791895,medium,ood
1855.1509114650223,40.9013593909364,0.5084520078518272,16.496967915905817,1585.4465830063627,0.40877384238385445,0.49911961112932074,6.0,0.09209046018818662,0.07394578787346254,2.135255445823704,0.6023852960096662,0.1518621886166696,29.932304854046826,0.1841511437441175,0.0,36.1250804767181,case_42_0003,case_42_0003_cycle_013,13,6.5,ood_focus_drift,ood,42,orchestra_phd_latent_simulator_v1,42,ok,,0.6200440371731563,0.8986147625389496,0.6643975816908483,0.5416828432297461,0.6939862835387026,0.17771000811653617,False,44.01568509213944,60.17298939781595,medium,ood
2090.828341494085,37.56012461632689,0.5013898974445561,19.271022535040533,1596.7297656060866,0.4827082410789126,0.46616028644571833,8.0,0.07856382855627747,0.07352421869985061,2.226480798156823,0.5800736883644279,0.2173839964726411,34.053817160534294,0.1563049827940863,0.0,52.97711717287395,case_42_0003,case_42_0003_cycle_014,14,7.0,ood_focus_drift,ood,42,orchestra_phd_latent_simulator_v1,42,ok,,0.5827708567507663,0.8951985796087689,0.6748171446654241,0.5555688065763044,0.7218307518464707,0.2211572210809396,False,48.22913148300611,65.45007237309514,medium,ood
1964.4173110071933,32.295694802147615,0.4640484880687487,16.743452864476286,1586.6697142873372,0.4420118898218605,0.44357432539392483,5.0,0.10867785329095644,0.027078985081928807,2.2209879526419165,0.6001547934668275,0.23992859082868132,31.26882839824966,0.18354568646404149,0.0,54.721733999955205,case_42_0003,case_42_0003_cycle_015,15,7.5,ood_focus_drift,ood,42,orchestra_phd_latent_simulator_v1,42,ok,,0.6169519330379877,0.5017395108403949,0.6257545331310291,0.568621126346818,0.7392187877432288,0.21935193276794068,False,47.031640215234866,65.25285734246653,medium,ood
1790.2232761995583,33.360619287695826,0.5273741006129603,17.293197659814783,1602.7780656071668,0.4215957999084661,0.509249659014157,14.0,0.10464002079765815,0.03981849616694617,2.144581458392895,0.6707086724886705,0.2253083061321868,30.786839604843312,0.1772068139231635,0.0,66.3879363236885,case_42_0003,case_42_0003_cycle_016,16,8.0,ood_focus_drift,ood,42,orchestra_phd_latent_simulator_v1,42,ok,,0.5807912108011196,0.7266005579478771,0.6534522063104155,0.5722309829653823,0.7407914673764238,0.2233848262187547,False,47.45033938852538,65.69111688089558,medium,ood
2109.1558959671243,35.39488135101637,0.5083588054960475,16.054244504417888,1598.3004768037995,0.48397565489552447,0.4941330455988493,2.0,0.09548041161764673,0.034032429203269224,2.4191468813132353,0.672903980447756,0.24923500152611827,35.0122617080157,0.18214303501115242,0.0,51.50991268408704,case_42_0003,case_42_0003_cycle_017,17,8.5,ood_focus_drift,ood,42,orchestra_phd_latent_simulator_v1,42,ok,,0.6760782120572334,0.9480895252142154,0.483235147739308,0.5883951458568151,0.8188643044033296,0.24615852912568537,False,49.76925487680043,68.0192719809093,medium,ood
2064.3946911543558,38.07819952745141,0.5771840825866884,17.643378157054165,1598.7354931648758,0.5185217043191034,0.4621815930049151,7.0,0.10700730208553355,0.09241778267456126,2.2079719811834337,0.6464282990394834,0.23265305685124507,41.181004625984144,0.18451289059153533,0.0,59.32660311324868,case_42_0003,case_42_0003_cycle_018,18,9.0,ood_focus_drift,ood,42,orchestra_phd_latent_simulator_v1,42,ok,,0.741476219400425,0.30280221370994537,0.658682843161659,0.6041192552992144,0.7993291612395091,0.2603762506666984,False,52.32753994566362,69.35906316353838,medium,ood
1823.8854870121197,30.712139003713283,0.5568093333354618,18.147623978113607,1521.957860890534,0.5510582215677419,0.4965888359750322,11.0,0.10753233502589193,0.07015100389551462,2.3037404889713797,0.6820042614876995,0.22939739943534754,34.46980043835134,0.21550368529149538,0.0,73.00406636157781,case_42_0003,case_42_0003_cycle_019,19,9.5,ood_focus_drift,ood,42,orchestra_phd_latent_simulator_v1,42,ok,,0.6648882644124101,0.3580553560077211,0.6782607653253869,0.6248524081445048,0.8393310199680984,0.32766484472221474,False,53.77970140101377,74.77128869842332,high,ood
2021.3611681825025,35.18095262329483,0.20084816495136484,18.316386104103618,1651.2130866727553,0.33192915480813945,0.4520503010508464,6.0,0.1192508662642142,0.03851966572531585,2.0304620234441284,0.5380131402781579,0.20040146068852974,20.560935048015175,0.23185123911042843,0.0,46.16007547276507,case_42_0004,case_42_0004_cycle_000,0,0.0,ood_focus_drift,ood,42,orchestra_phd_latent_simulator_v1,42,ok,,0.40487326494805126,0.7690652219039993,0.48198678992974076,0.36320964166962727,0.261962109428678,0.036126199701981325,False,23.599336936298894,26.1346749409411,low,ood
1887.801086124375,31.88364779371017,0.3293575808152511,17.74496427223721,1545.9284691498945,0.4197361260116915,0.4129700827217783,12.0,0.10753434124824339,0.05577336634114784,2.196027488655976,0.5984046413150279,0.1937464319949414,19.24458716886191,0.13860061625889816,0.0,35.225411932084256,case_42_0004,case_42_0004_cycle_001,1,0.5,ood_focus_drift,ood,42,orchestra_phd_latent_simulator_v1,42,ok,,0.4493553358279901,0.9494935312794697,0.597583557684171,0.39298272366270476,0.3028542724710541,0.04832392073474949,False,26.48707893473146,31.2729404895776,low,ood
1880.4174100439059,31.91825892765585,0.2475364561618439,17.0169369019639,1534.1842861765942,0.38738217011633436,0.4111217765063631,8.0,0.06240780414653156,0.07947038422597763,2.082745825192723,0.601016428649682,0.14460642191735618,14.50012782480165,0.05409133354737028,0.0,14.402682794588296,case_42_0004,case_42_0004_cycle_002,2,1.0,ood_focus_drift,ood,42,orchestra_phd_latent_simulator_v1,42,ok,,0.3648369819461954,0.4102133260656341,0.5366449897738297,0.4243505420992797,0.2637110560089896,0.044886696174745805,False,24.23524154093798,29.91154944783298,low,ood
1813.7075084930048,39.246993817460734,0.25752588305046087,18.443459347219257,1516.758054161973,0.37967571137663275,0.4013804108072377,5.0,0.13335028665841359,0.043785883611381665,2.0117130245673316,0.5743414330285268,0.11026733555875506,14.69533054807837,0.13201367072441073,0.0,23.67743200037079,case_42_0004,case_42_0004_cycle_003,3,1.5,ood_focus_drift,ood,42,orchestra_phd_latent_simulator_v1,42,ok,,0.4829576039072563,0.4943885513242464,0.6145565675971765,0.4382042871085221,0.31506742011849254,0.057857225284887986,False,26.87553151284187,34.7541790087873,low,ood
2007.6019439314005,36.776001540284206,0.296854678900603,15.992234268596018,1538.2143038595539,0.3741092711890853,0.4690456325672374,6.0,0.09098222922312948,0.0717674908168152,2.173518393869237,0.5757341019874618,0.1446073271759833,20.403957848068064,0.24169277272925294,1.0,22.870352036585913,case_42_0004,case_42_0004_cycle_004,4,2.0,ood_focus_drift,ood,42,orchestra_phd_latent_simulator_v1,42,ok,,0.5308610336432459,0.5800465894925132,0.5809784158624778,0.45782445528219023,0.32280035643620364,0.05195243154656782,False,27.447427576714233,32.64611930347213,low,ood
1882.8800375094106,37.99392578225844,0.28841997796348323,17.40281240766931,1482.7723220145256,0.43801403935713107,0.43100565361126675,6.0,0.1307439030528711,0.06101015230667444,1.914071070794164,0.594940040840353,0.27251056437059296,19.97026965633813,0.08253112383992962,0.0,37.57003021984866,case_42_0004,case_42_0004_cycle_005,5,2.5,ood_focus_drift,ood,42,orchestra_phd_latent_simulator_v1,42,ok,,0.5175170796623367,0.7258105298799553,0.5550131367893257,0.4655477050616853,0.32139096316666105,0.052986728071195005,False,27.466370646446226,33.026284297414165,low,ood
1828.392103805555,36.59001732770885,0.33075262709479425,18.43928571993824,1426.171480523786,0.448882536661514,0.3463263413926151,5.0,0.06780053569788061,0.04626076493240093,1.9981182714571775,0.5658697510992,0.1495546856063755,17.013556203598473,0.1338929093723545,0.0,39.62515042718131,case_42_0004,case_42_0004_cycle_006,6,3.0,ood_focus_drift,ood,42,orchestra_phd_latent_simulator_v1,42,ok,,0.4487126950570909,0.9933095252477255,0.6951925984743241,0.4744120448270723,0.3471648631663973,0.051314747332644337,False,26.55748922153474,32.409303933266884,low,ood
1778.2898148269683,34.97117646089467,0.3709817236212194,18.885046661497885,1383.7444609372897,0.3472865363090228,0.3786079376136294,5.0,0.10475956316659439,0.06030668315605639,2.120355097615056,0.6403781751370009,0.18510640769276326,23.88625902893984,0.13399042003462028,0.0,46.57082969427544,case_42_0004,case_42_0004_cycle_007,7,3.5,ood_focus_drift,ood,42,orchestra_phd_latent_simulator_v1,42,ok,,0.5746864572893826,0.7482625069423656,0.5842616573867885,0.511179762648448,0.37500879569986256,0.08994648526169122,False,34.271515570683356,44.13824481761581,medium,ood
1858.544551128833,38.068640691774746,0.3732018190940928,17.01606428020696,1478.6864377387167,0.38210529692282486,0.5584068042108079,5.0,0.14483413141252224,0.038683336265819684,2.043557703466598,0.6719801989015274,0.21010155759930135,25.35825347268765,0.1348499602072881,0.0,26.408262655470672,case_42_0004,case_42_0004_cycle_008,8,4.0,ood_focus_drift,ood,42,orchestra_phd_latent_simulator_v1,42,ok,,0.5957890978655346,0.7544463186073442,0.5086847821357258,0.5304308462159051,0.40145473745164856,0.08311561779224613,False,33.89941100297875,42.380032941621984,medium,ood
2026.391666557127,32.75892510540431,0.33109972339933996,16.75806433177743,1564.320999295341,0.38300450975855216,0.4721939543194786,4.0,0.12838697850028097,0.08649470036213372,2.1494011143382084,0.6943548189895256,0.2213423712150518,22.784632868667227,0.1036934568211223,0.0,26.770474486926812,case_42_0004,case_42_0004_cycle_009,9,4.5,ood_focus_drift,ood,42,orchestra_phd_latent_simulator_v1,42,ok,,0.5845087782120056,0.6384849877015202,0.5615230290776023,0.5334468819031651,0.40321096143354673,0.07785406118266404,False,32.472487193993324,40.94792051625407,medium,ood
1861.5185254902144,37.185956683089074,0.323671253070055,16.995516174606635,1541.2494900263478,0.49548117989973167,0.4595132210435442,3.0,0.10821265634077501,0.03999702495146358,2.0488362233021546,0.6415158285293554,0.15885327271575006,21.462828630372577,0.14204660523790402,0.0,55.64882923316562,case_42_0004,case_42_0004_cycle_010,10,5.0,ood_focus_drift,ood,42,orchestra_phd_latent_simulator_v1,42,ok,,0.6290618448466777,0.5774518837736942,0.6255579282427022,0.5635959948218281,0.3893593709870927,0.08181284043531944,False,32.732843422252735,42.032036414575444,medium,ood
2030.687081013247,32.02895243968956,0.346811592386477,15.76623883455103,1505.3156792518628,0.410617069083688,0.383871212501273,10.0,0.12306023033897599,0.07674086533109317,2.0881005797454146,0.6540897682009259,0.1385046624458534,26.06825283390924,0.2002732255330746,0.0,39.801405323595134,case_42_0004,case_42_0004_cycle_011,11,5.5,ood_focus_drift,ood,42,orchestra_phd_latent_simulator_v1,42,ok,,0.6491259701118937,0.6145477587231924,0.7200793018063684,0.579495364350174,0.4246160617317238,0.09616872975672634,False,35.9066342849132,45.64987263751396,medium,ood
1770.0139358054353,36.363729589998364,0.411614455012729,17.191735675506482,1531.3928292956855,0.3996025716225851,0.46953309933250065,6.0,0.1313365808977742,0.04715829447102199,2.0380164328621047,0.6271248066862753,0.18879956360383768,37.1539843232978,0.1844213131645397,0.0,67.3221994566602,case_42_0004,case_42_0004_cycle_012,12,6.0,ood_focus_drift,ood,42,orchestra_phd_latent_simulator_v1,42,ok,,0.6461716382578633,0.9693311905375441,0.6834373989131396,0.5935125572253417,0.4567933492336016,0.09947492131672582,False,39.25330150382928,46.421058976251345,medium,ood
1808.6429684598174,36.55756638262494,0.3791148894198221,18.443442263060795,1575.4110334123977,0.3998789608025741,0.44234999913274187,4.0,0.07170925833989832,0.08006716933244792,2.0714112430456346,0.5484847854904698,0.2629730901145975,25.153855509091215,0.13787848014533913,0.0,42.155486411076794,case_42_0004,case_42_0004_cycle_013,13,6.5,ood_focus_drift,ood,42,orchestra_phd_latent_simulator_v1,42,ok,,0.6867229410313562,0.5452084895741354,0.6384398926428566,0.6205566538584971,0.4392336474553791,0.14904542063224077,False,40.63660491392476,55.935366841559606,medium,ood
1964.2258865799627,36.954001383732084,0.3844983821216162,17.242075160819173,1530.6777165572198,0.48236761830293534,0.5109413870293382,7.0,0.09463507553284245,0.047077241119641317,2.2119500877902163,0.6122126489652162,0.2193188165558087,30.483026887461293,0.20193542205065468,0.0,69.37668082662806,case_42_0004,case_42_0004_cycle_014,14,7.0,ood_focus_drift,ood,42,orchestra_phd_latent_simulator_v1,42,ok,,0.7517510706594478,0.7591671770872801,0.6536138230142309,0.6474032836316026,0.46963119876772946,0.16151360268541978,False,43.039507628788584,57.86747333785232,medium,ood
1765.9085506320473,37.71756700351467,0.4596950998716331,16.148303006022434,1564.928458116729,0.46097254025068096,0.4300716268650846,5.0,0.1294604395450583,0.03304705017797354,2.0289692350808606,0.6384594706583168,0.26051461817986077,29.124419406340863,0.10987643054910329,1.0,46.513355258614226,case_42_0004,case_42_0004_cycle_015,15,7.5,ood_focus_drift,ood,42,orchestra_phd_latent_simulator_v1,42,ok,,0.6410991203411561,0.8295611073517386,0.6745815868498259,0.6462559902609322,0.5095786544177298,0.16906982412983335,False,43.285034659893526,58.969881092185936,medium,ood
1885.5643891092136,37.53126792907268,0.41033458477947393,16.467744296818708,1528.53348032938,0.4500202044241189,0.4799229315159378,4.0,0.11532287123160936,0.03322438029716869,2.1838705396822338,0.6058493741272877,0.2462013364381072,27.280277963812445,0.12535023101241274,0.0,41.248984458064605,case_42_0004,case_42_0004_cycle_016,16,8.0,ood_focus_drift,ood,42,orchestra_phd_latent_simulator_v1,42,ok,,0.7028231464576159,0.5202815043024345,0.6685935816263505,0.6861879870187273,0.504636392949042,0.16345815753138535,False,42.109118353067814,58.15586942133558,medium,ood
1799.653507277211,34.281474508819535,0.4138192347842564,16.42902141784628,1413.8204658110162,0.4627418220933256,0.4567371089784981,4.0,0.08075891881588408,0.052118490139096876,2.2166014130260323,0.6315247714101782,0.2225530881654862,29.356478146796942,0.1783019329415325,0.0,45.08875761981658,case_42_0004,case_42_0004_cycle_017,17,8.5,ood_focus_drift,ood,42,orchestra_phd_latent_simulator_v1,42,ok,,0.6462055334295133,0.9051152673501497,0.6657956831618872,0.6977869128185497,0.5226684198927576,0.14716901143943725,False,41.88383697605115,55.63142518436016,medium,ood
1894.7730944847685,36.080349579656946,0.48303207512788504,18.41343802460223,1576.6997033047949,0.4694469620411595,0.4113679559774898,5.0,0.06733842462562759,0.08453641586379476,2.1217309437263974,0.6154263307892268,0.2771715031175389,30.00800871118029,0.2430555122493669,0.0,58.3497204217105,case_42_0004,case_42_0004_cycle_018,18,9.0,ood_focus_drift,ood,42,orchestra_phd_latent_simulator_v1,42,ok,,0.7088438692304607,0.46405664274654257,0.7271824366437712,0.7148099991880624,0.5333850613476545,0.17033177639757216,False,43.38606859778338,59.14931234700561,medium,ood
1994.6292222762306,30.398794069105787,0.4129680839045681,17.307893704662295,1658.7653048986583,0.47441910685394534,0.44286847848119637,8.0,0.13341032546209447,0.05223629425851592,2.3259948457446726,0.6392132000201206,0.18329202100895856,28.70542742537081,0.14339618176837562,1.0,65.86468021980623,case_42_0004,case_42_0004_cycle_019,19,9.5,ood_focus_drift,ood,42,orchestra_phd_latent_simulator_v1,42,ok,,0.6760202329518411,0.8749618954293725,0.7970587647180329,0.7243998496837295,0.5294433313370773,0.18869159371258404,False,44.47538108025184,61.62118486651511,medium,ood
1892.9240491689586,36.47725315743941,0.31538188017445395,16.597352297228262,1588.3392828583205,0.37126776077168333,0.45821230966361226,5.0,0.0664808182910764,0.07427990521965283,1.9535099515327614,0.6355374302551395,0.17016723610504325,18.0962712282827,0.18959279082860248,0.0,35.76718274583034,case_42_0005,case_42_0005_cycle_000,0,0.0,ood_focus_drift,ood,42,orchestra_phd_latent_simulator_v1,42,ok,,0.5116773320681558,0.7359956760993224,0.6430822520331867,0.4848779057939305,0.3796307802351481,0.05782627722323341,False,27.843485714866567,34.743509935457176,low,ood
1987.2740741020516,31.581019823227702,0.2745183151903188,17.919137065884662,1495.1446954319458,0.4383581856289709,0.5047996596977009,3.0,0.08940715093221446,0.03413760418345983,2.188238547156286,0.6260103947324553,0.22259931969680632,26.670306373922575,0.16196074565266344,0.0,11.448384671883138,case_42_0005,case_42_0005_cycle_001,1,0.5,ood_focus_drift,ood,42,orchestra_phd_latent_simulator_v1,42,ok,,0.5359249459437687,0.9124280403308125,0.5666291842525579,0.5001761144745105,0.4062032545301384,0.06877396053549556,False,32.29285118711653,38.29632890512252,low,ood
1977.751931596881,34.05341417847959,0.4256610328074258,17.757090284001904,1607.2316077469802,0.4275931776408748,0.43814592342019276,8.0,0.10106031129697554,0.08277817291332419,2.0914283763276043,0.6574649199090429,0.2024536349303908,28.969122068173732,0.14105491046338858,0.0,35.195163700314986,case_42_0005,case_42_0005_cycle_002,2,1.0,ood_focus_drift,ood,42,orchestra_phd_latent_simulator_v1,42,ok,,0.5159807175220501,0.6127574412833983,0.5729374954865665,0.5204071379432199,0.42522938189745063,0.08658645865187894,False,35.24428510376595,43.28698260392888,medium,ood
1805.350382566405,34.55316087771684,0.3814470227041699,17.09218114873065,1454.5514755451773,0.3346205809491649,0.505427128119634,5.0,0.09001809143517361,0.05790410362164072,2.300396533038712,0.6282383312000126,0.1794905398165619,27.022739800807894,0.10983959906660053,0.0,2.925131731255979,case_42_0005,case_42_0005_cycle_003,3,1.5,ood_focus_drift,ood,42,orchestra_phd_latent_simulator_v1,42,ok,,0.5283720803911155,0.6068849633711042,0.6013693813163675,0.5459476580987529,0.43326970618414273,0.09385304981900942,False,35.834880577894666,45.096762056240216,medium,ood
1876.2915959256497,35.85456178332949,0.34712573902022964,16.233009737470045,1577.1824371199968,0.4014761327553959,0.39983539820541963,6.0,0.1012230746120913,0.06959706414908014,2.0683646955542296,0.5286338568824284,0.1475372693573399,28.13332680385109,0.1443283059903,0.0,51.9873499205664,case_42_0005,case_42_0005_cycle_004,4,2.0,ood_focus_drift,ood,42,orchestra_phd_latent_simulator_v1,42,ok,,0.5595572492553446,0.6622536710754844,0.542351129560549,0.5618760255722355,0.48594539199164094,0.11745118892818529,False,38.701814818154496,50.27360681333434,medium,ood
1976.2054808139058,35.44315192530147,0.4185925463819777,16.741063224270942,1417.4386667001459,0.44043351568110356,0.48202194658249137,8.0,0.08568110044417022,0.07388200774194616,2.28832454149586,0.5777453735142277,0.19295624483123,27.69542973789276,0.0,0.0,32.70595990524096,case_42_0005,case_42_0005_cycle_005,5,2.5,ood_focus_drift,ood,42,orchestra_phd_latent_simulator_v1,42,ok,,0.643118945088847,0.7411648464810918,0.6177496248624857,0.5798732855440638,0.501041442552361,0.13775946087338475,False,40.368929148451116,54.050582756774055,medium,ood
1984.2118259858405,37.50204592239515,0.37844584334208053,16.254645469501117,1461.3086738432141,0.4561738556906994,0.4812937736719727,7.0,0.08746821853017515,0.0705537749984899,2.1487704007381163,0.6779781912189226,0.225055624587561,29.83886179215927,0.08614102652079676,0.0,12.334325605678968,case_42_0005,case_42_0005_cycle_006,6,3.0,ood_focus_drift,ood,42,orchestra_phd_latent_simulator_v1,42,ok,,0.6452991537945322,0.7971168583490874,0.5348622045140585,0.5908712321236145,0.5238167436808255,0.13789483237439426,False,40.8293199165557,54.074024606118535,medium,ood
1695.3345819413648,36.170088973473426,0.4213534366350015,18.06533612200431,1483.0182275897537,0.41828019691658497,0.4876161435121236,7.0,0.06485894606212506,0.11061460485562621,2.0701135284418695,0.6257548874295069,0.18318399062880386,28.22005102375171,0.13033810375212185,0.0,36.76019359583951,case_42_0005,case_42_0005_cycle_007,7,3.5,ood_focus_drift,ood,42,orchestra_phd_latent_simulator_v1,42,ok,,0.7602803773145199,0.8192746395010424,0.5363417565363486,0.6174349070845696,0.5206085327339609,0.12071247530190125,False,39.078551003756466,50.9175301544708,medium,ood
1800.40681013923,31.560963693542266,0.43548330479007236,17.29196912158074,1530.8669479793639,0.37492807194776684,0.40215532807398646,2.0,0.12890682469674034,0.07705362425165703,2.116770247837388,0.6322011609734675,0.17619848332802918,28.820980477804422,0.29422931378442957,0.0,34.85557330444034,case_42_0005,case_42_0005_cycle_008,8,4.0,ood_focus_drift,ood,42,orchestra_phd_latent_simulator_v1,42,ok,,0.653357922661495,0.7926388654362347,0.535867391112608,0.6134208020613593,0.5629245322259364,0.13971704941521754,False,40.92194856045816,54.38752945611641,medium,ood
1961.421506395883,36.84146146939796,0.5116077593511956,16.989612217983222,1591.0885606879647,0.4112595173287075,0.4433684304642837,8.0,0.08530119413112351,0.036791214240167576,2.182100920283988,0.6557312207640245,0.22931082193796862,33.282160145532245,0.13638910328852621,0.0,39.882944741205,case_42_0005,case_42_0005_cycle_009,9,4.5,ood_focus_drift,ood,42,orchestra_phd_latent_simulator_v1,42,ok,,0.659132012027708,0.8340931885331246,0.7244327943273279,0.6402624590218934,0.6174738656640424,0.19070210948677077,False,45.719542839173336,61.87716358251515,medium,ood
1820.8525620411183,39.38802869729082,0.49190768113873257,17.075644976577347,1619.4245622148023,0.4529560801133963,0.5161090797464319,7.0,0.12330606431432267,0.06753873571920685,2.0303886660942108,0.6336122253589672,0.1722412473732361,30.53344705745185,0.26566711793358516,0.0,47.42824497455323,case_42_0005,case_42_0005_cycle_010,10,5.0,ood_focus_drift,ood,42,orchestra_phd_latent_simulator_v1,42,ok,,0.756440207822433,0.5895221982050205,0.7004649779377614,0.665998046803995,0.6014066728591967,0.1895056137091834,False,45.13847164285213,61.725154898242074,medium,ood
1923.283205819266,31.963860125052715,0.48653315104758355,15.009857322058433,1530.2781820982927,0.42193154752344625,0.47104395424651485,7.0,0.10598124348361394,0.054050160213419,2.267029875795785,0.6209259330839301,0.2152730250948363,27.738867896636243,0.16552337340309892,0.0,33.032760594918344,case_42_0005,case_42_0005_cycle_011,11,5.5,ood_focus_drift,ood,42,orchestra_phd_latent_simulator_v1,42,ok,,0.6793595635423415,0.4226297780757411,0.554035576601609,0.6764207723257624,0.6556595551189028,0.2326154836155652,False,47.04060965825192,66.66375486480776,medium,ood
1840.661232104607,34.638930706789786,0.4754020532157866,17.00598852836623,1546.2281682485957,0.517694074348224,0.43389023169003116,8.0,0.12767255266907873,0.08031335162406043,2.2838182403079137,0.5902605629556873,0.2637823043330768,31.169245521294773,0.08244654950675054,0.0,45.542015054533,case_42_0005,case_42_0005_cycle_012,12,6.0,ood_focus_drift,ood,42,orchestra_phd_latent_simulator_v1,42,ok,,0.8114512389881248,0.7605242469841963,0.7209825165709354,0.7037952420994503,0.666469788158627,0.24558191361097226,True,48.652240419344714,67.96319479831537,medium,ood
1978.4171245042646,34.71260910178491,0.4963996822832637,14.890738027146798,1607.141163422752,0.45223198349359783,0.5227472819065802,9.0,0.107675209456179,0.0969627367888713,2.1772631455935034,0.6069618893682958,0.23139523792639338,39.56487416783994,0.13643139474154206,0.0,25.656823718749003,case_42_0005,case_42_0005_cycle_013,13,6.5,ood_focus_drift,ood,42,orchestra_phd_latent_simulator_v1,42,ok,,0.6923769515730255,0.4350821092374907,0.7327718008273162,0.7205076324729848,0.6809104183173895,0.2607529291519885,False,51.51535125337238,69.39347867110273,medium,ood
1895.460553392374,35.291313930054756,0.531692133163144,18.363171302625823,1578.189884832736,0.5115874411012877,0.4632810463177129,6.0,0.08189230103503042,0.06047054225802952,2.3378225776311434,0.6102946981146686,0.2367251894617058,34.11337841912837,0.15540357337922692,0.0,28.547027573165558,case_42_0005,case_42_0005_cycle_014,14,7.0,ood_focus_drift,ood,42,orchestra_phd_latent_simulator_v1,42,ok,,0.7278810324202414,0.9017970452775441,0.6708798544293795,0.737484415613227,0.7195706752501204,0.26066200225001923,False,49.92478434908971,69.3851759947041,medium,ood
1855.490568707823,37.276625981599814,0.5374600576682705,15.181942150182419,1562.6604882218417,0.4077455875096898,0.5517801430974688,11.0,0.11368809623056694,0.09522456394412386,2.3052939712773264,0.6060803092539764,0.23231891124863166,34.611833325239516,0.14582896969998274,0.0,94.75119712948008,case_42_0005,case_42_0005_cycle_015,15,7.5,ood_focus_drift,ood,42,orchestra_phd_latent_simulator_v1,42,ok,,0.7971297365351994,0.4024728802203451,0.6704417605208881,0.7576078186597394,0.7316624990291135,0.3105374292690112,False,52.79416211619492,73.51916434978179,high,ood
1807.9740204274794,32.93603417571041,0.5073473005588589,15.598576784150598,1635.6983260758914,0.49963700005004713,0.4501957013975258,6.0,0.10838231191303,0.04612146017165532,2.3062601889322214,0.6419317519379775,0.2852637500709252,38.373495622687564,0.18689843864855224,0.0,58.99920544391122,case_42_0005,case_42_0005_cycle_016,16,8.0,ood_focus_drift,ood,42,orchestra_phd_latent_simulator_v1,42,ok,,0.6759454998798705,0.40173639785899956,0.9134762011040845,0.7521433105647538,0.7676639356245489,0.3578354593120603,False,56.21097571072805,76.80753334220068,high,ood
1976.0884920048136,40.32249157382365,0.5815173811316087,17.26972859411604,1569.6627396830427,0.48103412119394096,0.4329901566686608,7.0,0.06384812935700726,0.05674965669752627,2.242472883748074,0.6182196942749736,0.25436149278193765,41.583916272628166,0.1590432711419466,1.0,45.92222866686846,case_42_0005,case_42_0005_cycle_017,17,8.5,ood_focus_drift,ood,42,orchestra_phd_latent_simulator_v1,42,ok,,0.7339943169818124,0.971959693541079,0.707412524438781,0.7776552353406713,0.7946152161051928,0.378587850309102,False,58.094028235245624,78.09830649520468,high,ood
1878.80044353996,36.64357966446597,0.5470430624157396,16.15286679405904,1576.2558567751892,0.5666788806349352,0.5231559640935983,7.0,0.12897401927373264,0.07325168797097105,2.235347506049504,0.6735697326426231,0.27791719528717956,44.928580037207546,0.10080658027700011,0.0,65.35935287662059,case_42_0005,case_42_0005_cycle_018,18,9.0,ood_focus_drift,ood,42,orchestra_phd_latent_simulator_v1,42,ok,,0.7108330559150097,0.8179604942272694,0.6950722581338974,0.812824902808695,0.8075055838642669,0.41540639495714976,False,60.064619501563065,80.20109620471324,high,ood
1794.0432774413928,36.305747963917895,0.5825784612846999,16.263538927699166,1642.337645602406,0.5534173965491034,0.4991835392142462,5.0,0.13213239856889206,0.04107625970857556,2.22503992228046,0.6234012088911751,0.2675382186640747,39.47908988960498,0.17953222232066102,0.0,52.90127913209015,case_42_0005,case_42_0005_cycle_019,19,9.5,ood_focus_drift,ood,42,orchestra_phd_latent_simulator_v1,42,ok,,0.6986306028302111,0.7140413718557168,0.6110117301721253,0.8195850212617473,0.8474830743319868,0.4537571535781265,False,60.39150781835099,82.17572657573746,high,ood
1737.112926798339,31.350341203138615,0.2780686971346766,17.75331290204725,1496.1409417856123,0.40282201758591885,0.4647927491959483,7.0,0.059609431031853476,0.05532396757195367,2.078074557670392,0.6283940263021379,0.15835998441043175,21.572949508428195,0.12261397202571152,0.0,46.24221068347204,case_42_0006,case_42_0006_cycle_000,0,0.0,ood_focus_drift,ood,42,orchestra_phd_latent_simulator_v1,42,ok,,0.6747947957575517,0.422278803444449,0.5667348559921549,0.42708680119978965,0.25616551404063415,0.03874416181915777,False,24.74777715387278,27.31381520587628,low,ood
1907.302151341302,37.03335295498753,0.26440250082450967,17.75815354841372,1456.1688385012603,0.3866911080869537,0.4215371497590318,11.0,0.06727531892231645,0.06441737492845984,2.10194460915611,0.6319463528187733,0.14630284829653598,16.723903501296515,0.09598121938292155,0.0,10.962913914415987,case_42_0006,case_42_0006_cycle_001,1,0.5,ood_focus_drift,ood,42,orchestra_phd_latent_simulator_v1,42,ok,,0.6851947302127543,0.7561937313171756,0.6596580426917642,0.4431519461115247,0.23130000411803867,0.0488320738603586,False,25.66740394072819,31.469073434031035,low,ood
1863.4037607412783,33.39950018575407,0.2868120803996568,17.353458781524445,1340.6724094458286,0.3612753070104335,0.405854993664277,4.0,0.0727512379075756,0.05235555973742415,2.0228972859028174,0.6070175235836901,0.11580040391498186,19.770945430632406,0.10148281526533387,0.0,9.065517066896364,case_42_0006,case_42_0006_cycle_002,2,1.0,ood_focus_drift,ood,42,orchestra_phd_latent_simulator_v1,42,ok,,0.771286575662592,0.3932828011017216,0.5842826798470107,0.47688755512784475,0.29088585150260887,0.06548325032329827,False,29.677377395831066,37.27265089652658,low,ood
1846.8285450513033,37.64817940194203,0.2509600952466922,17.875168132739546,1510.7615105889186,0.3116850891536975,0.4257886697076931,7.0,0.16921527913514614,0.08579717722072773,2.064604359604173,0.6209676282452151,0.1330142332699181,21.400585195770635,0.10869168278541547,0.0,19.83128744166183,case_42_0006,case_42_0006_cycle_003,3,1.5,ood_focus_drift,ood,42,orchestra_phd_latent_simulator_v1,42,ok,,0.748879130085571,0.5901836168632232,0.6595075209864766,0.48687313037092433,0.27047421498987684,0.05810616919129149,False,28.812637913849287,34.83986131578931,low,ood
1933.4699362780668,34.12193015979609,0.28981089957051764,18.274244794271237,1587.6711087906542,0.42177011481696375,0.5178729227845794,3.0,0.11677456089610541,0.05410079560845479,1.9839742826946534,0.6230854217021559,0.1651634891619677,22.39376151216335,0.1701863758130822,0.0,36.55866625293405,case_42_0006,case_42_0006_cycle_004,4,2.0,ood_focus_drift,ood,42,orchestra_phd_latent_simulator_v1,42,ok,,0.767816706566451,0.9677847275869589,0.8115860523343557,0.5173139670785512,0.2842824696773562,0.058571508031230186,False,29.318994991818276,34.999363989389884,low,ood
1927.1854362725862,36.74367863584008,0.3181572352985312,17.913590026351695,1602.8281301477564,0.3448620624238781,0.38249349427024326,6.0,0.03304198188426559,0.061123441637503356,1.8484974357921926,0.6541897086869647,0.16749120908578075,12.65510571098091,0.17926260626307364,0.0,38.82121791078697,case_42_0006,case_42_0006_cycle_005,5,2.5,ood_focus_drift,ood,42,orchestra_phd_latent_simulator_v1,42,ok,,0.7195942066484635,0.39271597870094305,0.517833298939566,0.5247283552843733,0.29854101041781383,0.06205911336050106,False,27.140858971913207,36.16826965149627,low,ood
1891.467921992088,33.895367240591014,0.31443752243879663,18.75910372504581,1533.7352658901905,0.3840930978516932,0.4666746175538385,6.0,0.08183831730372096,0.03406564101014865,2.174486125779478,0.6444710101666512,0.23052388690850642,19.51171878168898,0.23317968306043982,0.0,21.372215434112743,case_42_0006,case_42_0006_cycle_006,6,3.0,ood_focus_drift,ood,42,orchestra_phd_latent_simulator_v1,42,ok,,0.7314383014514948,0.6588292736375401,0.7707147027593632,0.5463088014918623,0.3218303913435179,0.05985542682685842,False,28.68641061328261,35.43505878788341,low,ood
1963.8359709058334,37.652959690972956,0.26555490937240134,16.195466365065815,1578.8751637650798,0.30691252934612434,0.46157468653139505,4.0,0.11038699757605783,0.031107881321561164,2.1073585648832283,0.6616945139692553,0.13613281542695185,31.67587422686523,0.1680278758863439,0.0,11.090829615039057,case_42_0006,case_42_0006_cycle_007,7,3.5,ood_focus_drift,ood,42,orchestra_phd_latent_simulator_v1,42,ok,,0.7226526783075455,0.5180906968757726,0.7168513771345346,0.5556500811454075,0.3337150667205769,0.08369587179898635,False,35.78099781616711,42.53367766363568,medium,ood
1891.013391603471,37.180956369103434,0.3054448369992923,18.3672769112067,1615.0923367996454,0.4070732164506845,0.46032255629234575,3.0,0.14386531191935675,0.0690488104459813,2.0979811991465325,0.6728612030459676,0.15284344166303357,21.31993554196771,0.10240155825052606,0.0,36.398577884951,case_42_0006,case_42_0006_cycle_008,8,4.0,ood_focus_drift,ood,42,orchestra_phd_latent_simulator_v1,42,ok,,0.6273794920166601,0.8228003361954559,0.6752001958015149,0.5672247524827246,0.33100395566212454,0.07672949353346728,False,32.101659637159926,40.63236740288301,medium,ood
1931.2224424648546,33.917256781801605,0.35640772303780144,16.542463589453245,1562.424228182372,0.4890089541392363,0.4510334798812769,6.0,0.06980068307926617,0.051352633444712914,2.1052665526699617,0.5757753202546837,0.15677429191730918,29.724014808865224,0.22207898273265597,0.0,52.98054567260194,case_42_0006,case_42_0006_cycle_009,9,4.5,ood_focus_drift,ood,42,orchestra_phd_latent_simulator_v1,42,ok,,0.6609964725408859,0.734604595309091,0.6641397651623592,0.6103660445118293,0.3791518296100588,0.09195103332027235,False,36.264482920540125,44.63415614694516,medium,ood
2007.2312149756715,33.975991199408554,0.3147042893099734,16.69423158595087,1472.6958142849182,0.39458221649626013,0.43482692988362825,5.0,0.07046404388797796,0.06733884618484834,2.2359157493628445,0.6536969772007919,0.165763426416829,19.78250685005148,0.18425686605975322,0.0,41.70738709706359,case_42_0006,case_42_0006_cycle_010,10,5.0,ood_focus_drift,ood,42,orchestra_phd_latent_simulator_v1,42,ok,,0.6390678641356297,0.38433726289738235,0.7264255580844549,0.616159347471709,0.3378776067999177,0.08813314635162758,False,32.949426676740956,43.682013719340105,medium,ood
1973.4814490570577,34.13743279396366,0.3349692742118964,17.859707345811994,1578.0453400428455,0.4661577658209127,0.4530155592712734,4.0,0.1511837762300729,0.1000005290188241,2.1941931603257134,0.6243575010475265,0.21232632630289072,29.81629355048323,0.18874930914541296,0.0,44.7064111243224,case_42_0006,case_42_0006_cycle_011,11,5.5,ood_focus_drift,ood,42,orchestra_phd_latent_simulator_v1,42,ok,,0.6258519456916777,0.7445792413824799,0.6677871582327468,0.6463043066682415,0.4089623423114462,0.11380553364966736,False,38.84522673513667,49.53507570797381,medium,ood
1752.5767560238098,32.161635030185984,0.3719257656672351,17.549017438537174,1667.9584356910318,0.39989513030440405,0.475896336582822,5.0,0.05069057178355267,0.07856398414973928,2.1752453330323203,0.6486147564263667,0.12039873073896683,22.354174180957774,0.16731198628432872,0.0,65.26998461865244,case_42_0006,case_42_0006_cycle_012,12,6.0,ood_focus_drift,ood,42,orchestra_phd_latent_simulator_v1,42,ok,,0.621343476586074,0.9767202333589629,0.7571995103309892,0.6685137946247567,0.4515249215815467,0.1264418295453951,False,37.68541294355646,52.012498874716684,medium,ood
1921.1395315385298,35.761037743734406,0.37647266620111824,17.788777647826766,1530.861365355422,0.36645410104885895,0.46756127190559693,1.0,0.10157007349132345,0.04972780396238598,2.042861907186201,0.5585722947932348,0.16863534335739286,30.43334759729935,0.15566073340197936,0.0,9.830876806900031,case_42_0006,case_42_0006_cycle_013,13,6.5,ood_focus_drift,ood,42,orchestra_phd_latent_simulator_v1,42,ok,,0.693634478946984,0.8413100056065774,0.7312590056120812,0.6861141654084624,0.40298920252534887,0.1266606648885216,False,39.96420849858238,52.05344049955228,medium,ood
1785.0160501696791,33.82300883736958,0.3406573759659323,15.964116290975195,1576.110638311238,0.4262105512706287,0.46988013250127575,10.0,0.11889411111656861,0.06714603386165126,2.0876656349203544,0.5837668115183847,0.22854578471742587,18.859823364059928,0.19604324166356507,0.0,69.97313890597884,case_42_0006,case_42_0006_cycle_014,14,7.0,ood_focus_drift,ood,42,orchestra_phd_latent_simulator_v1,42,ok,,0.44759392727744296,0.5909159383211946,0.49281694284893335,0.6910520674768889,0.41391394130962395,0.13053787171013073,False,37.10192441508085,52.76850106333079,medium,ood
1938.6666268243634,31.677169823893887,0.4303709776256444,16.853853698261222,1663.9631542303111,0.37727375423959386,0.4036117363072416,4.0,0.07288834416266828,0.07733222392791173,2.1508389606754945,0.5739251147739534,0.14192435375454976,23.90408393069632,0.1130121565927616,0.0,56.993060520041105,case_42_0006,case_42_0006_cycle_015,15,7.5,ood_focus_drift,ood,42,orchestra_phd_latent_simulator_v1,42,ok,,0.5012867746111618,0.7480508687151549,0.4724322327828666,0.7234424887427338,0.4448624435058376,0.13023994567150776,False,38.48387836094331,52.714237869581595,medium,ood
1999.8231133297368,32.912654572199784,0.404899355440576,17.139394456407732,1492.2961841976617,0.417857735449128,0.44354393175617074,8.0,0.13228926636238011,0.051048162342553875,2.1909550292366236,0.67506309386804,0.1772166714473831,23.99482797902664,0.15672856629622747,1.0,82.57809110615486,case_42_0006,case_42_0006_cycle_016,16,8.0,ood_focus_drift,ood,42,orchestra_phd_latent_simulator_v1,42,ok,,0.5044558909454614,0.5341540319584696,0.5660872539751894,0.7303123637816842,0.47952445413461064,0.13886902610837465,False,39.546971851779695,54.24210161745159,medium,ood
1952.4798894296716,38.02789405691286,0.42056110623426335,15.996558153108063,1507.488746949672,0.4010655913444867,0.5445390408931371,6.0,0.11198497146383073,0.03820021484986394,2.0599715394363503,0.6287654213827797,0.24036412104150334,29.718105131161742,0.1388933318841519,0.0,45.041750241320045,case_42_0006,case_42_0006_cycle_017,17,8.5,ood_focus_drift,ood,42,orchestra_phd_latent_simulator_v1,42,ok,,0.5756926717661535,0.5653329495823347,0.6767157317710348,0.7508912939117454,0.5111549090374364,0.15982459275278138,False,42.845034683009416,57.61425052862633,medium,ood
1879.2565934840434,34.3318116750915,0.45295308710871746,17.408640489971187,1541.12938496845,0.4713210763880818,0.3956735080102075,10.0,0.1352220954836734,0.04238675441448559,2.18578248985036,0.6098960074426788,0.22669189339621443,22.91609196410939,0.24341472981703383,0.0,72.57947647261992,case_42_0006,case_42_0006_cycle_018,18,9.0,ood_focus_drift,ood,42,orchestra_phd_latent_simulator_v1,42,ok,,0.45601471935487004,0.4930034285326774,0.5528047478850138,0.7708952745760799,0.4643333927187499,0.16055362475392243,False,40.77298854726939,57.7238638378916,medium,ood
1971.158974684445,34.69466513988301,0.44559789252598636,17.166219803492087,1565.8752367003444,0.4091095378166853,0.40448623336748796,3.0,0.08018725338179031,0.0614988992774895,2.231037308053168,0.6751422975895531,0.1764450763489045,27.55552065883369,0.2651424557750714,1.0,52.87104367074668,case_42_0006,case_42_0006_cycle_019,19,9.5,ood_focus_drift,ood,42,orchestra_phd_latent_simulator_v1,42,ok,,0.4169040224987324,0.6266946270574644,0.5312704868453887,0.7793972509957178,0.5052654591187362,0.18631369974527376,False,44.02284910894228,61.31487101697722,medium,ood
2007.0733816074203,29.207851464962364,0.18878364636214898,19.667778277683706,1541.5391285877354,0.34305946113939617,0.3894865707822877,5.0,0.1011659731154413,0.07433061258831347,2.02129098754844,0.5958434711988778,0.06286934097235632,8.208946030570823,0.12105352629004598,0.0,16.089021888853477,case_42_0007,case_42_0007_cycle_000,0,0.0,focal_drift,in_distribution,42,orchestra_phd_latent_simulator_v1,42,ok,,0.6564264713627026,0.8301610065825165,0.6028016841692775,0.21292357450753913,0.4383644790716035,0.03921103764836689,False,20.871255905308256,27.51932702138119,low,train
1861.0383369652932,34.710757900258194,0.1662916194362964,19.69595916509971,1497.774640274552,0.33587102136663755,0.44969109339454444,2.0,0.08736153973901575,0.028899756937501634,1.9769010023758797,0.5502257770444288,0.1451071319605783,7.625779643591191,0.19547683519855863,0.0,22.05144720140021,case_42_0007,case_42_0007_cycle_001,1,0.5,focal_drift,in_distribution,42,orchestra_phd_latent_simulator_v1,42,ok,,0.6836720050950881,0.6140694341084187,0.7494005427047933,0.20574727514574906,0.43049592094197886,0.033388986873122584,False,19.05615341515474,24.85024625023728,low,train
1851.9872777926062,34.63887461653113,0.1709086976077257,19.54760792746763,1472.2527175276493,0.34227976372824337,0.45498237700331384,1.0,0.06421099172387848,0.06009157312230854,2.022971751566067,0.5991097321303472,0.05288106187347096,14.471763307554122,0.15938397502770082,0.0,21.624464332212156,case_42_0007,case_42_0007_cycle_002,2,1.0,focal_drift,in_distribution,42,orchestra_phd_latent_simulator_v1,42,ok,,0.6641657188778132,0.3826883586301665,0.5666338296632952,0.23960344581846538,0.4566795425812475,0.03935335300385296,False,22.792057255618797,27.581694102775874,low,train
1736.890152783052,35.83258279801577,0.20957272956366133,17.364655309868184,1453.154015790253,0.3071067801186746,0.40751977799339006,8.0,0.12141875337516127,0.053184893360244324,2.09172916545984,0.6588985138819325,0.03193432613876581,13.572538943196113,0.1155175518913953,0.0,43.97090490022141,case_42_0007,case_42_0007_cycle_003,3,1.5,focal_drift,in_distribution,42,orchestra_phd_latent_simulator_v1,42,ok,,0.6390891824971114,0.47963172215697936,0.640249853431273,0.2250882738499558,0.4880631721060916,0.040392927353634825,False,22.69162670866734,28.03339111924053,low,train
2010.200929009794,37.88764732191597,0.2480781261837605,18.20790318914998,1523.3537523344914,0.35625574172742874,0.38270754231981013,0.0,0.0687809233180553,0.015228338988327983,2.0567481175370625,0.657806065442262,0.09050874342100193,12.029521565064544,0.14230132004183083,0.0,12.572762150795873,case_42_0007,case_42_0007_cycle_004,4,2.0,focal_drift,in_distribution,42,orchestra_phd_latent_simulator_v1,42,ok,,0.6367697143513915,0.7624611705819923,0.7744578777080351,0.24139399523876584,0.5057596129796604,0.034399730353771474,False,20.697552929453362,25.33096054809881,low,train
1782.599091102819,32.48513018970787,0.24068107280247722,17.620386442378454,1357.3583894374412,0.32773247818374346,0.3944722834020206,5.0,0.09245311983235929,0.09219355201003515,2.1424445667993135,0.6440671349285667,0.1423879243309246,11.938214176580262,0.1257733714935618,0.0,39.064018914846116,case_42_0007,case_42_0007_cycle_005,5,2.5,focal_drift,in_distribution,42,orchestra_phd_latent_simulator_v1,42,ok,,0.5113482037785622,0.619375801309507,0.6101943211046723,0.24531603393790935,0.5397076639112012,0.043904934707475196,False,23.105364331554394,29.51111150273728,low,train
1925.8770771315667,38.92545496294858,0.24158519815675955,19.151131732001357,1432.352225998353,0.3131131345198208,0.391241971842046,3.0,0.09841689730394472,0.04587864033942918,1.9640945355579384,0.6273951555762237,0.14240650843044095,5.2709576990193385,0.07261874608675338,0.0,18.841936895829758,case_42_0007,case_42_0007_cycle_006,6,3.0,focal_drift,in_distribution,42,orchestra_phd_latent_simulator_v1,42,ok,,0.4035214375780941,0.3103232128309301,0.43218796791354963,0.24855834145536676,0.5610068381529912,0.03438941828304477,False,18.596060091779975,25.326094786099357,low,train
1856.1076165712118,35.70296077933005,0.21728293363207873,16.435599986945117,1377.205774891962,0.3741379813018614,0.3052002547750514,1.0,0.11408309225783134,0.06610686209363852,2.0389001842960948,0.6568879174737438,0.11467124195866182,12.27230996568042,0.09084293546108058,0.0,62.136530413041875,case_42_0007,case_42_0007_cycle_007,7,3.5,focal_drift,in_distribution,42,orchestra_phd_latent_simulator_v1,42,ok,,0.5381171955117533,0.5764534801899753,0.5418777298857184,0.27628599042025004,0.5721384298100224,0.04393898125155671,False,23.23440126528574,29.52508785915101,low,train
1968.6044266102926,36.047304812911236,0.2234916339688336,18.216090817725394,1566.6560204264376,0.3523191354972191,0.4000783706849871,5.0,0.08237175137671696,0.029902895346501947,2.0111858031898686,0.6007254911329284,0.09746211908500278,13.452592052360897,0.07210351150572014,0.0,38.30001894260658,case_42_0007,case_42_0007_cycle_008,8,4.0,focal_drift,in_distribution,42,orchestra_phd_latent_simulator_v1,42,ok,,0.40638303514148494,0.7607682140677743,0.46590967355575696,0.2680801537189251,0.6202485077573431,0.050172995421839575,False,25.020782431305566,31.98056103145324,low,train
1824.4822494042521,38.167016713203424,0.31826773757476357,19.777818892161385,1563.4126789879665,0.24590649881788662,0.40002424638381096,3.0,0.07763711613416423,0.01031977660335514,2.071602702572306,0.6158897570670057,0.09455430356720412,10.30615023705545,0.20994834937723528,0.0,38.34558095793637,case_42_0007,case_42_0007_cycle_009,9,4.5,focal_drift,in_distribution,42,orchestra_phd_latent_simulator_v1,42,ok,,0.44839658676089633,0.5273296506286641,0.5119230701676537,0.2898314410237371,0.6381370247819528,0.04320060932734356,False,22.416344720706935,29.22051536942944,low,train
1903.1636346261923,32.514790057004355,0.2543308539410294,16.925818162553306,1612.8293168226219,0.351979557198641,0.4006981870891074,0.0,0.05276554145864738,0.06994141730934292,2.107774834050144,0.6756985152345575,0.08656392764931649,16.21360576036782,0.04364201536841088,0.0,25.108434757575296,case_42_0007,case_42_0007_cycle_010,10,5.0,focal_drift,in_distribution,42,orchestra_phd_latent_simulator_v1,42,ok,,0.3920547462730638,0.7870485644326117,0.4168371586059071,0.28192739826837804,0.6658332476077762,0.05023872217701042,False,25.714615821544534,32.00540933698724,low,train
1792.4188558140675,31.66909682466888,0.3141113967685596,19.056432241571628,1411.601482319466,0.45827130125564386,0.43514848272668954,6.0,0.10293467884213314,0.034763391386199174,2.137012659845291,0.6719467871386332,0.09167659596712642,12.285955875806655,0.18286948107978096,0.0,58.05031917747259,case_42_0007,case_42_0007_cycle_011,11,5.5,focal_drift,in_distribution,42,orchestra_phd_latent_simulator_v1,42,ok,,0.41300922489038805,0.9232506011579735,0.4370939688172657,0.30946097892365604,0.7161247841751148,0.054559391898191804,False,25.579773521540343,33.59522558227982,low,train
1960.5410223809542,34.00245077450444,0.2888714063452766,16.45519536713412,1480.6200302470804,0.30689397074338803,0.39812637086818836,2.0,0.0651443965224468,0.05966812971626012,2.19843408408565,0.6104449852039119,0.09648938160057718,11.128900699253768,0.19325216480377494,0.0,60.63634769968747,case_42_0007,case_42_0007_cycle_012,12,6.0,focal_drift,in_distribution,42,orchestra_phd_latent_simulator_v1,42,ok,,0.41420544904938583,0.4803567439434415,0.48708388781101464,0.30376231378049046,0.7034989611848399,0.05731610606269938,False,25.722365549749465,34.567079274838484,low,train
1845.4226565114286,37.90488306589443,0.31826587154325053,15.189421189695379,1375.19604259186,0.35260164408913125,0.4245992172343138,3.0,0.12060841850016484,0.057043236745526624,1.9927634504106773,0.6539415450281456,0.10330400900891999,21.66400072968313,0.10946035310738063,0.0,48.237278805852064,case_42_0007,case_42_0007_cycle_013,13,6.5,focal_drift,in_distribution,42,orchestra_phd_latent_simulator_v1,42,ok,,0.29910020075700183,0.7381387817557713,0.38099773206269627,0.3275453398163518,0.7696315404909323,0.06997874853547026,False,31.149025771043497,38.662354360511046,low,train
1791.9163206748228,34.09737193071558,0.30643511209995833,19.207310735083276,1436.6829683006956,0.4124807998650003,0.37873683591889257,3.0,0.09401093208198613,0.05126094835528164,2.075784990782482,0.5704778725960443,0.07672567567243502,18.833763591007,0.0727726779942633,0.0,50.50003454226571,case_42_0007,case_42_0007_cycle_014,14,7.0,focal_drift,in_distribution,42,orchestra_phd_latent_simulator_v1,42,ok,,0.33263923152386504,0.9691222352439295,0.5369856639978575,0.3164331938149207,0.7855223007851069,0.07872360680581234,False,31.559060145171447,41.18957113245866,medium,train
1799.539711025786,41.52161286468651,0.2849537179524941,17.585562991758792,1552.7302343497113,0.4472637324126413,0.3264009252779815,5.0,0.05053236223589314,0.04713149919246936,2.1005601994421976,0.6041418950267925,0.03980114014826746,12.865037259117535,0.11337465175669328,0.0,54.05281990244934,case_42_0007,case_42_0007_cycle_015,15,7.5,focal_drift,in_distribution,42,orchestra_phd_latent_simulator_v1,42,ok,,0.3512171160628085,0.9079090818771032,0.5687944039449413,0.3199812463743198,0.8038610324704573,0.08100221916717863,False,30.010805493869054,41.813351589745096,medium,train
1961.4994012696739,35.583438991670945,0.2782043764904299,18.43400760372762,1417.092995346477,0.4183711040315777,0.39117785565957075,2.0,0.11899545529565594,0.030732734232744037,2.245047366308142,0.6189383297465552,0.14331283371144674,13.95492065134108,0.22233053219606624,0.0,56.17469349166749,case_42_0007,case_42_0007_cycle_016,16,8.0,focal_drift,in_distribution,42,orchestra_phd_latent_simulator_v1,42,ok,,0.34254276572920256,0.9522001360344725,0.45110696082056084,0.3503586615882148,0.8627640577697688,0.07341396770826479,False,29.32670648998333,39.68149599139797,low,train
1814.133207266919,37.02309054254073,0.31992276286427257,17.494023034914665,1421.3667251620486,0.3902519943629377,0.4568813412501913,5.0,0.04759712282143918,0.04850367427672973,2.0772366386651657,0.6415786131718821,0.08727097663086222,16.054005778744383,0.09673809195440045,0.0,57.21631026004416,case_42_0007,case_42_0007_cycle_017,17,8.5,focal_drift,in_distribution,42,orchestra_phd_latent_simulator_v1,42,ok,,0.27859393339069377,0.7363519474743818,0.4816448762799731,0.3459280833637,0.850750096219548,0.07766886777338863,False,30.4546876118792,40.89619191360514,medium,train
1753.703622865484,38.19348965586534,0.3273014429468785,18.44753061377275,1513.4927574846351,0.3244166145085779,0.4999585336127902,3.0,0.12046948434634357,0.07342340074250822,2.1564560557059083,0.6338730505144539,0.12151754596792472,24.308326199504464,0.1701610522055206,0.0,97.02716889027687,case_42_0007,case_42_0007_cycle_018,18,9.0,focal_drift,in_distribution,42,orchestra_phd_latent_simulator_v1,42,ok,,0.2793665165982411,0.6597570106056978,0.5702130736224078,0.3423503489810257,0.8920542818217666,0.08127820650620143,False,33.38794783352537,41.88799322664707,medium,train
1858.8366784630464,38.00570742038581,0.34196250809317724,17.463753805527453,1544.2291956738968,0.43829589505892513,0.4071082499605549,2.0,0.0847607418360572,0.048974617182442455,1.9952272857100437,0.6554372904954996,0.10248918537523415,19.05792055152854,0.2029943751640536,0.0,58.526841219030636,case_42_0007,case_42_0007_cycle_019,19,9.5,focal_drift,in_distribution,42,orchestra_phd_latent_simulator_v1,42,ok,,0.32770607728018697,0.880251687041226,0.48828807829607684,0.3598686070992368,0.8919082538559019,0.09135271702905162,False,33.24796238018051,44.487047660236726,medium,train
1925.790768027858,33.3351190649857,0.13792006984857932,17.51941059582848,1437.5921175509175,0.3278404984192282,0.44136580039183104,4.0,0.1487383487752614,0.16671340747074953,2.076584524967774,0.5824162659187782,0.1356909584364288,9.03656514415577,0.1417561543877303,0.0,17.37484668109475,case_42_0008,case_42_0008_cycle_000,0,0.0,motion_instability,in_distribution,42,orchestra_phd_latent_simulator_v1,42,ok,,0.27374520789777723,0.6827718077902396,0.5001995050503754,0.3235448094848774,0.2193103739735407,0.024465268870292958,False,16.24697674160312,20.23144009971685,low,test
1723.5381779321972,39.10570815190738,0.07972535151732883,18.263182409049175,1421.7196086689194,0.2873531471994186,0.5057023903368092,4.0,0.14933655942908355,0.0993115153364633,1.8935800773846636,0.6425610496573113,0.12861275894014026,14.2009766221982,0.09958600719778854,0.0,12.210954572500711,case_42_0008,case_42_0008_cycle_001,1,0.5,motion_instability,in_distribution,42,orchestra_phd_latent_simulator_v1,42,ok,,0.3668937520178497,0.3438932111822231,0.6182946305489659,0.3405609847006501,0.2375094104913517,0.02488345818322213,False,17.92083313150704,20.464804134141275,low,test
1783.4231544537515,33.94958289705162,0.09675030654187092,17.3561684848798,1414.784179590188,0.292469796795779,0.3977935823626441,5.0,0.20851425859563916,0.09241471032412127,1.994966217459954,0.6064642691888908,0.07720970808828316,13.363394057546166,0.05424340295252846,0.0,22.6911330122683,case_42_0008,case_42_0008_cycle_002,2,1.0,motion_instability,in_distribution,42,orchestra_phd_latent_simulator_v1,42,ok,,0.28808355923409307,0.4130653522392188,0.5521542513203309,0.34407917906617813,0.24327169592935297,0.022428059771058117,False,16.83784592607053,19.067078204687267,low,test
1790.9426122989626,33.98519205139423,0.1446710531766402,19.25132429742504,1416.7183747771112,0.3869695210975904,0.3501043470375356,4.0,0.16559847620069978,0.11640293539009786,2.045030900316527,0.6477660183492937,0.13197943045517313,14.030195457865991,0.1833799718358104,0.0,35.876016396194046,case_42_0008,case_42_0008_cycle_003,3,1.5,motion_instability,in_distribution,42,orchestra_phd_latent_simulator_v1,42,ok,,0.266016132357897,0.5474324102640239,0.401631801656128,0.35045746806858846,0.24546226214602648,0.030328180428562043,False,19.990508438916564,23.34555725021201,low,test
1805.773486317074,33.58717601462872,0.07589526797542369,18.001816784504047,1459.7497203965706,0.2920763066774461,0.3433615688460518,1.0,0.1500284463735312,0.13781040638517733,1.9336236510873577,0.6218287202792055,0.12542673733846219,10.675288291253278,0.19657664830932695,0.0,33.1782001865179,case_42_0008,case_42_0008_cycle_004,4,2.0,motion_instability,in_distribution,42,orchestra_phd_latent_simulator_v1,42,ok,,0.32072684350637487,0.6587362535869192,0.6938489048884212,0.3605698658808899,0.2818853092203414,0.03445161447841703,False,20.232851870304042,25.35543016262113,low,test
1937.1862880051597,31.775961456981264,0.10845934051475015,16.758537671735244,1443.119010869542,0.33219165685203444,0.39902999331338407,2.0,0.204704175809806,0.13244114802570436,2.0635049556904317,0.6400451819466811,0.14357863772367446,13.640280026669874,0.04368513943953715,0.0,36.37729498566891,case_42_0008,case_42_0008_cycle_005,5,2.5,motion_instability,in_distribution,42,orchestra_phd_latent_simulator_v1,42,ok,,0.38902119793416245,0.5093973637364775,0.41464012760547997,0.37982739599643,0.3152419912185157,0.03728020321409068,False,21.945272501188782,26.660148514411425,low,test
1671.2518532557162,30.40522169073167,0.110605294867843,18.444181097581726,1382.0032752704492,0.30551866405685585,0.44628271296774996,4.0,0.1741939903691083,0.06009155354090463,2.0181710489292644,0.5478063574967208,0.12644526770750994,9.52020966910613,0.11029987431106672,0.0,47.94109804329964,case_42_0008,case_42_0008_cycle_006,6,3.0,motion_instability,in_distribution,42,orchestra_phd_latent_simulator_v1,42,ok,,0.29144789755376826,0.998707100428885,0.37542585692323205,0.38312254848443666,0.2862045663105098,0.03527217662666765,False,20.12751508367749,25.739794360440776,low,test
1866.0192484991926,32.99002578767417,0.11696242480139316,18.516343028657758,1498.1116598763847,0.29168862359235437,0.4584560278185929,5.0,0.19851850668464882,0.05748950919146021,1.844711474733187,0.666105061450719,0.0872061573757286,11.416685904807963,0.1924244648855798,0.0,30.961892918313364,case_42_0008,case_42_0008_cycle_007,7,3.5,motion_instability,in_distribution,42,orchestra_phd_latent_simulator_v1,42,ok,,0.27067124330657527,0.7859660414780254,0.4676063981683188,0.3971141387616422,0.296791843295059,0.03078905459987411,False,19.35203528612567,23.577027579747174,low,test
1861.0454630874005,36.08015481242169,0.11225516666570988,18.616092385178252,1454.7137973112144,0.3449440411806753,0.4028389968794077,5.0,0.16319462884095196,0.0681616696625594,2.014156566651588,0.6439607286713581,0.11382875115382708,14.530591582404877,0.0,0.0,44.120993761124296,case_42_0008,case_42_0008_cycle_008,8,4.0,motion_instability,in_distribution,42,orchestra_phd_latent_simulator_v1,42,ok,,0.304801579336531,0.5580362077067711,0.4827915202334341,0.420316578509266,0.3193278763381225,0.02830304965969328,False,19.43910078773113,22.30655637389486,low,test
1833.6099437785206,31.810837626551695,0.12298923840923483,16.569900081906514,1532.405913738945,0.3335231226615475,0.46769344241795996,4.0,0.20571808975747116,0.12893855404834956,2.0077420654918194,0.6307388056446829,0.07934166924935866,18.74952616168213,0.09871308844047813,0.0,48.50678890331653,case_42_0008,case_42_0008_cycle_009,9,4.5,motion_instability,in_distribution,42,orchestra_phd_latent_simulator_v1,42,ok,,0.28951771566495277,0.46864783636621465,0.5041908156043002,0.4079466006409347,0.33346590235885565,0.030977368108064104,False,21.634915253104396,23.671091876226157,low,test
1911.2182155138642,34.845569810333124,0.12403871750925588,18.568256737068314,1497.3506995013424,0.3385101541173169,0.48613375521153956,5.0,0.2201511808836801,0.12516708970030044,1.9859276892087308,0.5958275507767027,0.17331717036265734,16.80081953890024,0.015765578681769643,0.0,32.93562957871219,case_42_0008,case_42_0008_cycle_010,10,5.0,motion_instability,in_distribution,42,orchestra_phd_latent_simulator_v1,42,ok,,0.36985517627240183,0.9115478225050622,0.43987618397553163,0.44049343784113054,0.36702113109850903,0.037660653623363176,False,23.074621340531408,26.831392583936804,low,test
1787.0017063132261,34.90668952996958,0.1377251226233643,18.120759779218016,1544.3558915856029,0.32630781182653673,0.3480837475125104,4.0,0.1972915279185861,0.13463535470276614,2.00520974789126,0.6231116844285727,0.0730170472610352,18.92393601065399,0.1016044553181755,0.0,34.12404547860855,case_42_0008,case_42_0008_cycle_011,11,5.5,motion_instability,in_distribution,42,orchestra_phd_latent_simulator_v1,42,ok,,0.357517995063209,0.7537512281899663,0.472342725989277,0.44419493384883246,0.3754248942794671,0.0355129460444066,False,23.079602435590118,25.851647037513516,low,test
1842.9730393417653,34.75501023577904,0.1040973926101852,18.505069763668978,1436.2403021275588,0.29246025306912266,0.4269487620013565,6.0,0.23873912734010283,0.17106037802479349,2.0441969297409073,0.625724548968749,0.10329610416024304,14.771124423610242,0.13899180575907397,0.0,32.85969470654407,case_42_0008,case_42_0008_cycle_012,12,6.0,motion_instability,in_distribution,42,orchestra_phd_latent_simulator_v1,42,ok,,0.36927572490296207,0.4289889990667752,0.48394319963228216,0.4735989680410244,0.40232477135998446,0.04905432133003689,False,25.23489147723696,31.554453637497897,low,test
1698.8570733853746,31.01627613081862,0.1552560539760579,18.225081462729207,1487.2936125464607,0.36434633023844004,0.36264701856408205,1.0,0.1918999384481592,0.12595449723410926,2.053730800543515,0.6670322995654379,0.1263633258937305,19.479218279832022,0.09932056905980721,0.0,38.77467774884448,case_42_0008,case_42_0008_cycle_013,13,6.5,motion_instability,in_distribution,42,orchestra_phd_latent_simulator_v1,42,ok,,0.37968362714898024,0.8802152243133994,0.5123790882179381,0.4751151449602356,0.40242719238600827,0.05915331182683583,False,28.65194581195285,35.197590148546695,low,test
1713.8519514099182,33.90453607004164,0.14153864219320725,17.450684914318852,1531.9326795788245,0.3502033373759022,0.3339404904136278,6.0,0.22320465095431413,0.143806932102709,2.0379849623938333,0.6114990172378146,0.13967990399871866,10.443086067675786,0.1250575705520775,0.0,45.75955604112607,case_42_0008,case_42_0008_cycle_014,14,7.0,motion_instability,in_distribution,42,orchestra_phd_latent_simulator_v1,42,ok,,0.35715881889881795,0.8863756584053062,0.5490514059415149,0.4826967468001375,0.42863924559422373,0.04805682233474982,False,23.702559526937204,31.16933200260706,low,test
1891.226026934197,34.380807290538066,0.14662715382995803,17.423614009256973,1435.706555093498,0.3591622931326941,0.40852831540866713,2.0,0.24513337538975666,0.11743263313823792,1.9991786225965245,0.5981357604782346,0.14041468366477558,15.55763864423716,0.09431262580803029,0.0,48.37246721654077,case_42_0008,case_42_0008_cycle_015,15,7.5,motion_instability,in_distribution,42,orchestra_phd_latent_simulator_v1,42,ok,,0.4392251103295482,0.6353945647240384,0.4385189909472015,0.49989934610440356,0.40692365120969337,0.05414710287343745,False,26.53766701491895,33.44711664076267,low,test
1947.47154919032,37.33587098274954,0.14864155315158134,17.390857515689127,1563.6321782604712,0.2820462753312652,0.27298162950331345,4.0,0.2797120327787646,0.14983838874630445,2.0771211371273486,0.5883370061891477,0.07751342789684278,19.228370999006053,0.11798750656185573,0.0,46.9136442522851,case_42_0008,case_42_0008_cycle_016,16,8.0,motion_instability,in_distribution,42,orchestra_phd_latent_simulator_v1,42,ok,,0.4104240055186257,0.41923594926431323,0.5663274943873129,0.5088577976486338,0.4491556796154747,0.06807329133019144,False,30.02167375567899,38.08133585469603,low,test
2040.219940049828,29.899984861497813,0.13984775700757351,17.22449560660044,1540.916572412467,0.32786072176720543,0.43787873708504715,8.0,0.24602752596853986,0.12276180736584152,2.086912370341295,0.5892255073992494,0.09645545159857939,16.491880550832104,0.14267824420964145,0.0,47.83442724698944,case_42_0008,case_42_0008_cycle_017,17,8.5,motion_instability,in_distribution,42,orchestra_phd_latent_simulator_v1,42,ok,,0.5207672905277956,0.4210907656346378,0.7163748141630315,0.5258815793153627,0.48368397969479976,0.06666063821919282,False,28.90128148180645,37.643026746573895,low,test
2007.6403268985819,34.04523637222921,0.12831247499442575,18.296973495421554,1469.389444501326,0.27206005154573437,0.4550826263763642,4.0,0.2289594142650749,0.11088434978790004,1.9745951465474831,0.5773808185714234,0.07909811612083664,16.149168769728448,0.1371477916764632,0.0,92.02578209634517,case_42_0008,case_42_0008_cycle_018,18,9.0,motion_instability,in_distribution,42,orchestra_phd_latent_simulator_v1,42,ok,,0.46213272421274004,0.7548194282105539,0.5855462626538966,0.5364253868857396,0.47156002699496047,0.06275580635482807,False,28.13074369792501,36.3963452575683,low,test
1888.0820095458773,36.81815465328688,0.1026648822891032,16.788445644169574,1549.256375721464,0.3139552842306693,0.431841322927229,4.0,0.2512172117401393,0.14174684332608434,1.9731121116437436,0.6418993123730914,0.17229336038807097,17.798391050254466,0.06689032969130879,0.0,87.80293655033817,case_42_0008,case_42_0008_cycle_019,19,9.5,motion_instability,in_distribution,42,orchestra_phd_latent_simulator_v1,42,ok,,0.5836254994121959,0.6777522359809428,0.5271449089208986,0.5448540959836955,0.4991318454914624,0.08359111969333241,False,31.8069117649736,42.5060015119782,medium,test
1840.9166629623257,34.23545369989991,0.16199477464217624,15.114891932910664,1478.8713303316592,0.30842332092381836,0.588395074181723,5.0,0.1355017884180369,0.03344830713202586,2.074705812103899,0.5218343880209664,0.21645012598906602,11.964567477805096,0.09123572787262504,0.0,30.405706374941442,case_42_0009,case_42_0009_cycle_000,0,0.0,low_shielding_gas,in_distribution,42,orchestra_phd_latent_simulator_v1,42,ok,,0.7368195279583649,0.9446168304829146,0.6987575786928475,0.31083543115132134,0.31726898406498066,0.03952974474484008,False,22.117833775665105,27.658815635568306,low,train
1949.9932983534547,39.45599068787965,0.17398776155360232,16.074583250017366,1382.2238247430255,0.3487686254655689,0.5674493818748072,7.0,0.11182849062418378,0.053679849754343575,2.003652500290662,0.6092075813368731,0.22996395249654253,17.396552109304178,0.13221260384246047,0.0,16.511848811970676,case_42_0009,case_42_0009_cycle_001,1,0.5,low_shielding_gas,in_distribution,42,orchestra_phd_latent_simulator_v1,42,ok,,0.7610949460293223,0.40987580180419203,0.863667265237812,0.32197057911790017,0.35446685575014675,0.03348358159115378,False,21.866137597967096,24.895564344790376,low,train
2120.016357749471,33.76639510443065,0.10657781711262689,17.584663076675305,1434.480268313858,0.27887881453838564,0.4986769559854888,4.0,0.17776989489313497,0.018050384802171852,1.98740678665445,0.560242651935441,0.21404479620411987,15.119052355884664,0.07871391808993285,1.0,54.95925867135065,case_42_0009,case_42_0009_cycle_002,2,1.0,low_shielding_gas,in_distribution,42,orchestra_phd_latent_simulator_v1,42,ok,,0.7288109794606564,0.9431210948275082,0.5890436883593282,0.33685403615683607,0.3766657346251082,0.04022870125402029,False,23.25707407377774,27.96248375609171,low,train
1866.6990630765076,34.39486906528962,0.11802321842425884,14.814713998228871,1545.067352800175,0.3586132488063218,0.5407197340823372,3.0,0.08089142489263224,0.06818898043002594,2.0444415850121387,0.555119793735928,0.26778486052151795,17.891379604299456,0.17743866269192207,0.0,45.089388337960216,case_42_0009,case_42_0009_cycle_003,3,1.5,low_shielding_gas,in_distribution,42,orchestra_phd_latent_simulator_v1,42,ok,,0.7562494795159136,0.9268788398686967,0.7308809082688239,0.3356616617854689,0.40299640061622,0.03678551351925963,False,23.08211635334282,26.436016113243493,low,train
1897.799369455859,42.35682241873754,0.1363979264162887,16.29430162295483,1468.8514557785777,0.2799836436496096,0.46274453307662833,7.0,0.10393544760221135,0.06445045445393038,1.9510724160095019,0.5289959858641132,0.21794537996290286,17.891114401437868,0.12248032765788333,0.0,55.76586095231426,case_42_0009,case_42_0009_cycle_004,4,2.0,low_shielding_gas,in_distribution,42,orchestra_phd_latent_simulator_v1,42,ok,,0.6840433352476142,0.9526898445517327,0.7601945421151197,0.35092640263053787,0.38641629665639476,0.04697166264126106,False,25.66137293071657,30.74468043213677,low,train
1968.9906961390766,35.73631148076946,0.10117772184788137,16.449329863693944,1428.1546607381583,0.2644363462355319,0.5186482325701564,5.0,0.07835700447878649,0.07850104252834098,2.0051255475488805,0.5688154675903183,0.2555038144494141,12.942740973824563,0.09046195126113502,1.0,39.436422961948885,case_42_0009,case_42_0009_cycle_005,5,2.5,low_shielding_gas,in_distribution,42,orchestra_phd_latent_simulator_v1,42,ok,,0.6440000886832702,0.3772908207977654,0.5643271064075339,0.3445898376046005,0.41156971417892035,0.046731274234119324,False,24.027788047321472,30.64979267878295,low,train
1865.1271757535076,34.907630431739044,0.14881243303020886,15.85560324324417,1484.129694548608,0.33114252007150885,0.4650298229653409,9.0,0.09467235729131354,0.07702778786829519,1.9973520833666816,0.625662003282492,0.3104131766055632,19.29897790789537,0.1757888053940599,0.0,20.402419866826072,case_42_0009,case_42_0009_cycle_006,6,3.0,low_shielding_gas,in_distribution,42,orchestra_phd_latent_simulator_v1,42,ok,,0.7354102770085755,0.4116667537271856,0.7294620772586132,0.35581082454694524,0.4368465877507321,0.04836807094052867,False,26.347849710123246,31.29003214994678,low,train
1826.5751452761579,39.103711268544764,0.11265355223680747,16.312403375776373,1474.5227420458139,0.28448604480855205,0.5083254899884015,8.0,0.13642477597278269,0.09994916925976072,1.8700939237550231,0.6803966602435544,0.260993805169404,20.281802054809646,0.11386303563983877,0.0,45.342737815502694,case_42_0009,case_42_0009_cycle_007,7,3.5,low_shielding_gas,in_distribution,42,orchestra_phd_latent_simulator_v1,42,ok,,0.6527317592024177,0.5393323140665495,0.6412221630286531,0.35642695784924927,0.460483048277399,0.06237833505491149,False,29.25812091032698,36.27299132794966,low,train
1761.8464935078403,35.594083567912485,0.13261295270001,14.299840507427172,1484.0876087966958,0.33070462635836173,0.5501876797958585,6.0,0.10570182847073582,0.011595602729837354,1.953104123204822,0.6213267202681595,0.2794237333910573,18.67672358250062,0.11957348872966468,0.0,31.22059882517258,case_42_0009,case_42_0009_cycle_008,8,4.0,low_shielding_gas,in_distribution,42,orchestra_phd_latent_simulator_v1,42,ok,,0.6070113923245024,0.7461818973473322,0.6496942453504692,0.34952557306497617,0.5075780197160147,0.05107267996174941,False,26.987090374714406,32.31891537695844,low,train
1823.9973094396237,34.04125412500731,0.10017718623864486,14.747734223687308,1502.195075515216,0.323783320553809,0.49954339299738254,7.0,0.0972833511209404,0.05662846016033562,2.028604802766296,0.5648043590049349,0.3000666184947012,19.40024571117484,0.16559271365505157,0.0,28.569750861072578,case_42_0009,case_42_0009_cycle_009,9,4.5,low_shielding_gas,in_distribution,42,orchestra_phd_latent_simulator_v1,42,ok,,0.6794607706170049,0.635123890277438,0.6621096519933096,0.37735357012346854,0.5353013498783316,0.07940993450895655,False,31.66104058145806,41.378884024820834,medium,train
1943.3959543736166,36.94621499703076,0.1389581461930078,15.80840303346058,1476.8434293487,0.2970766141365894,0.5936069346243725,7.0,0.09374355808150532,0.027233039662293592,1.9157221848281598,0.6183527196922152,0.27029047684451246,20.307575995552067,0.16753640814047216,0.0,25.83331756354056,case_42_0009,case_42_0009_cycle_010,10,5.0,low_shielding_gas,in_distribution,42,orchestra_phd_latent_simulator_v1,42,ok,,0.5516387706265986,0.7257553282349549,0.6144934738300207,0.3750435509316678,0.5378054713251352,0.06379594023133164,False,29.687520202331662,36.7336097230132,low,train
1818.3468068822135,34.817213486433,0.13898956755947076,15.351528516877565,1511.2761601286384,0.3143073048325146,0.5035891876500772,5.0,0.06055123046756313,0.04495331397002306,2.041833871921284,0.6417114833528108,0.3365729630040303,21.454175182672067,0.09184612404777617,0.0,32.38351591617434,case_42_0009,case_42_0009_cycle_011,11,5.5,low_shielding_gas,in_distribution,42,orchestra_phd_latent_simulator_v1,42,ok,,0.49852562787650306,0.9477540133774263,0.5312186518820987,0.38194147425873515,0.5489971467448664,0.06439243960690554,False,30.302528603366994,36.925300514175554,low,train
1823.1294523179527,36.33920501339421,0.18700891793320518,15.446275099062436,1515.5645653837253,0.346370365526098,0.5632339388527022,4.0,0.14279990789654462,0.0936273239508936,1.9809663661142811,0.6092395168425403,0.28185300358199455,20.071714320421005,0.1648754504373278,0.0,34.526908537091536,case_42_0009,case_42_0009_cycle_012,12,6.0,low_shielding_gas,in_distribution,42,orchestra_phd_latent_simulator_v1,42,ok,,0.5287953414327573,0.695547448277949,0.6049472258837764,0.3863658055143568,0.6018253432134318,0.08270725285606557,False,32.37439486946829,42.27140542915136,medium,train
1785.3599282551552,32.72078243432885,0.1342967278069651,15.457810432770485,1366.1906799986468,0.29410048164248037,0.45374350133411007,7.0,0.06318854593017253,0.060761493219724794,2.126448104629838,0.5982159875187909,0.26772172267722355,23.458459470681564,0.0,0.0,36.038654073947555,case_42_0009,case_42_0009_cycle_013,13,6.5,low_shielding_gas,in_distribution,42,orchestra_phd_latent_simulator_v1,42,ok,,0.4613518935472643,0.9641909627509992,0.48159315234618794,0.3956665454367844,0.5953062534962512,0.061202225488430656,False,29.989202351359296,35.88531823320481,low,train
1868.6471363780113,34.29109005177053,0.10891114690723597,12.090858773235771,1509.170053958167,0.35166643924341373,0.5739063107959828,5.0,0.03551465699117248,0.06169738248868161,2.0826626707831246,0.5926251983251761,0.3493739643204721,18.751207847590244,0.17524935284767112,0.0,52.338070241888474,case_42_0009,case_42_0009_cycle_014,14,7.0,low_shielding_gas,in_distribution,42,orchestra_phd_latent_simulator_v1,42,ok,,0.45180811881648725,0.4772509501723112,0.4544597670022224,0.3974677758704808,0.6089023273910799,0.08753264664474217,False,32.63055305569391,43.52929555630982,medium,train
1890.9954685889566,35.838789041631905,0.11683287972601204,15.357281451276144,1516.1489458720457,0.3662077316458434,0.5643851267237916,3.0,0.12364225961777325,0.05961005000600517,1.9798850242469563,0.5818960024788054,0.33298768193914247,24.804929995731662,0.10498045728776005,1.0,8.043867220759102,case_42_0009,case_42_0009_cycle_015,15,7.5,low_shielding_gas,in_distribution,42,orchestra_phd_latent_simulator_v1,42,ok,,0.4542452062853308,0.848725530370924,0.6193235733627763,0.3996596928371597,0.6082892153355481,0.07276532872950242,False,32.31333102954893,39.491771672939244,low,train
1744.4847175449559,31.54674803405428,0.15651579463556664,15.096715599940984,1519.791241746377,0.30535319133554695,0.5095378563561935,7.0,0.08937228066687472,0.06976853238345533,2.014897537084282,0.6260198199699439,0.3543707532436134,22.527334155501038,0.06896981004291974,0.0,60.007788562634744,case_42_0009,case_42_0009_cycle_016,16,8.0,low_shielding_gas,in_distribution,42,orchestra_phd_latent_simulator_v1,42,ok,,0.4751202207862619,0.41052609535562345,0.5983787893266372,0.4139128545598994,0.6788910477080298,0.08390020703696258,False,33.36052309477138,42.58758725248784,medium,train
1708.1883233395533,38.12300316116541,0.08675324407617477,14.341664410303919,1301.2411756335653,0.2676983742878444,0.5283004143408996,9.0,0.11545361617323265,0.04944054488302294,2.0493820914926113,0.6028989744089298,0.3277565263061564,21.647422850408443,0.0978859099511121,0.0,48.14782158806303,case_42_0009,case_42_0009_cycle_017,17,8.5,low_shielding_gas,in_distribution,42,orchestra_phd_latent_simulator_v1,42,ok,,0.330092240594173,0.6248627463833598,0.3894894671805573,0.40820761155175,0.6640227497598239,0.0986455535384564,False,35.103571571514934,46.229601803420316,medium,train
1888.5942699419961,33.98131943876621,0.15570555965159105,15.722256072587191,1499.2430254578758,0.3501669039576224,0.5150643239967222,14.0,0.08165441479887682,0.03392488999028209,1.97756250462221,0.5581439713567798,0.2557395288519566,26.019633588586466,0.14600332329338164,0.0,53.22262343579279,case_42_0009,case_42_0009_cycle_018,18,9.0,low_shielding_gas,in_distribution,42,orchestra_phd_latent_simulator_v1,42,ok,,0.30636968722434066,0.36243679312321075,0.40496708144430327,0.4370844952521402,0.7171467100174106,0.10250942295813904,False,36.49071920925817,47.110516669995576,medium,train
1883.4824246222072,28.507699508025837,0.08444184273396994,15.781017114224124,1547.2970030097108,0.3198766356888839,0.5169224455568402,7.0,0.07627950264960423,0.04315880828421746,1.9746935618477137,0.6354459415553493,0.3354970878347261,27.918772721907402,0.2064546692239837,0.0,50.75255415284616,case_42_0009,case_42_0009_cycle_019,19,9.5,low_shielding_gas,in_distribution,42,orchestra_phd_latent_simulator_v1,42,ok,,0.39323455491012715,0.5713095437925975,0.48305235272578856,0.44546474561493615,0.7396002521128175,0.12925406387607588,False,39.85588813313266,52.53387153629823,medium,train
1898.6855733585062,34.348300088222665,0.11419534945171024,20.00481608755305,1397.0891209825677,0.23552212672829462,0.4430433510727473,5.0,0.09050562073551156,0.020985491548864556,1.9230520858491398,0.6229961269378153,0.13822685127032092,5.671157906952485,0.10618527741452392,0.0,20.645690379888705,case_42_0010,case_42_0010_cycle_000,0,0.0,normal,in_distribution,42,orchestra_phd_latent_simulator_v1,42,ok,,0.3279354583081725,0.4669060307610451,0.3663036919788996,0.1296616586301163,0.0549307723213559,0.01301307917533426,False,8.858895220489446,12.958436844056859,low,train
1786.52797960801,38.861343623801176,0.1453343429222237,17.198881498103074,1549.7027068043415,0.2342752645199699,0.3677302374693299,5.0,0.09075305656106558,0.0038830661475097727,1.8477733797731852,0.6301053917031998,0.06372290971868948,2.369037724581487,0.08453457030660504,0.0,24.638347415478425,case_42_0010,case_42_0010_cycle_001,1,0.5,normal,in_distribution,42,orchestra_phd_latent_simulator_v1,42,ok,,0.36072405780612293,0.504782433803647,0.5492227955091031,0.11564250537434578,0.0,0.0074508288007823055,False,2.1707508381820433,8.538513355929988,low,train
1924.3447834411525,31.3248785913083,0.17239755808838908,18.047246633661562,1423.210011333733,0.32063651818566075,0.23716559749464242,0.0,0.0716247068642979,0.07621443371332678,2.0453269953671027,0.5640710221231101,0.05378536998890664,10.84983963629362,0.09654198547092022,0.0,10.7279392326961,case_42_0010,case_42_0010_cycle_002,2,1.0,normal,in_distribution,42,orchestra_phd_latent_simulator_v1,42,ok,,0.20481713790098383,0.3461449723109598,0.3962621757920063,0.12561484803338877,0.050513990946727504,0.0101253627379114,False,7.745014078512039,10.765151265382356,low,train
1917.710016442444,31.741931924393928,0.15515273481467648,17.553109313154227,1475.1198632830833,0.30822362727046526,0.4023597405658837,4.0,0.03467282098498371,0.07359067681541842,1.9940047592218548,0.5947327987465489,0.14451138963067464,10.057288701035136,0.03808204828480952,0.0,31.1861152014816,case_42_0010,case_42_0010_cycle_003,3,1.5,normal,in_distribution,42,orchestra_phd_latent_simulator_v1,42,ok,,0.31524067196014033,0.7206132423349432,0.5261380207015223,0.14925532575895628,0.05431819179010069,0.012390110493521693,False,9.673772550877704,12.50111555778848,low,train
1927.4958248682299,29.1574285527888,0.0753611846646619,18.130764345718102,1300.5815974344378,0.3276709817571794,0.47277770303615874,2.0,0.035596413009621304,0.032777906876633144,1.9647670648847417,0.5931126669720612,0.10266446357832631,5.534650482288462,0.18999742385083243,0.0,37.271521972342654,case_42_0010,case_42_0010_cycle_004,4,2.0,normal,in_distribution,42,orchestra_phd_latent_simulator_v1,42,ok,,0.28545207408990636,0.9588627897325204,0.49116665620731587,0.14288445297811755,0.065207018401308,0.011636400916926972,False,7.654734970857821,11.936662594722197,low,train
1836.0578197584196,34.03458795734428,0.10439263016071837,18.985190188238235,1494.16440064014,0.28204408589598673,0.4396015822737228,1.0,0.03125807478556637,0.02942976336251498,1.953877521096912,0.624986720511754,0.030695527794280454,4.437955525989434,0.08771778952643551,0.0,39.45258913508112,case_42_0010,case_42_0010_cycle_005,5,2.5,normal,in_distribution,42,orchestra_phd_latent_simulator_v1,42,ok,,0.3459760169393024,0.988127210048517,0.5352033004967834,0.14616077144191048,0.026815999697350552,0.01202976519409633,False,7.673336027056106,12.232817266742547,low,train
1815.061328580579,35.07985915571872,0.08140415835305234,17.692745104219995,1464.894745668802,0.32619377846341496,0.4258308255214011,5.0,0.11859016999617067,0.056823437417022164,2.0166548847375636,0.6398097085013313,0.09741528918805742,3.878818147624448,0.10682070737829602,0.0,47.90657278017946,case_42_0010,case_42_0010_cycle_006,6,3.0,normal,in_distribution,42,orchestra_phd_latent_simulator_v1,42,ok,,0.3685535607102104,0.7653310683162529,0.46600639072617767,0.14387481772618665,0.03694492025863892,0.00971995742085051,False,5.3040138908685694,10.441030626447487,low,train
1705.7698175577789,35.92710768889632,0.11442998419169936,18.17427381457715,1381.3999269263122,0.3557456619090031,0.49599434516369495,7.0,0.07166251186460217,0.04114837851519363,2.038219840019901,0.5178910796860682,0.064707035808164,6.206449273486438,0.05002912226342615,0.0,53.427425751742945,case_42_0010,case_42_0010_cycle_007,7,3.5,normal,in_distribution,42,orchestra_phd_latent_simulator_v1,42,ok,,0.39864075265731597,0.6798821862788833,0.5390451670300291,0.14828832833511682,0.021053171994340085,0.010271402854956457,False,6.622896007607008,10.880849528500928,low,train
1851.740066845027,36.083779408969676,0.0959747563435627,17.611887906118387,1410.9698703301956,0.33961718415933606,0.3224661259894312,2.0,0.0991379817008437,0.021600358071616674,2.1540861931230864,0.689320945913203,0.09260022437776734,4.864989009360239,0.1098624003940826,0.0,24.421330376315293,case_42_0010,case_42_0010_cycle_008,8,4.0,normal,in_distribution,42,orchestra_phd_latent_simulator_v1,42,ok,,0.27970629465815705,0.6577043760236712,0.40847495002042833,0.1566130824020569,0.05904938042325063,0.011121215152021212,False,6.983874023413074,11.5434402145288,low,train
1744.7208573438288,30.131169577665915,0.08095668555780611,16.69632530853304,1393.5835450955021,0.3257640550718444,0.31547371191312146,4.0,0.07919495746395463,0.03868092469029436,2.0580534881429577,0.5620897596384242,0.021037132673622904,3.3421860779426615,0.10340653513377404,0.0,54.81440006875492,case_42_0010,case_42_0010_cycle_009,9,4.5,normal,in_distribution,42,orchestra_phd_latent_simulator_v1,42,ok,,0.3870681646471615,0.6790390549166893,0.5390297547065012,0.16982525400228174,0.058190096192132626,0.011646238148349934,False,6.990733584544803,11.944111307669273,low,train
1900.4700540805702,29.00239489276192,0.11815928234867891,17.539657045142697,1570.134658193623,0.36738253330914594,0.4336208939431102,5.0,0.05906208931553971,0.08832133233827269,1.9548313532298232,0.6153615224831663,0.06992481929388036,5.3788357220878,0.10787780441863296,0.0,44.10265375060218,case_42_0010,case_42_0010_cycle_010,10,5.0,normal,in_distribution,42,orchestra_phd_latent_simulator_v1,42,ok,,0.39966093629494837,0.3365345417338543,0.4893984051237007,0.17090310305571138,0.020798533495421698,0.009771791842682672,False,5.859681282244302,10.48271744163469,low,train
1717.8198935194753,30.364859923399216,0.0935644529906893,19.201503254234282,1412.1762185638613,0.3489529253611354,0.48938015220478814,4.0,0.039852820356988124,0.06503189356277173,2.1330186391280863,0.6298979327270668,0.16789560747507065,8.418905121298362,0.10401008340044768,0.0,57.12705507898124,case_42_0010,case_42_0010_cycle_011,11,5.5,normal,in_distribution,42,orchestra_phd_latent_simulator_v1,42,ok,,0.42527893528008165,0.8071302831511191,0.49861316599097305,0.1947658665621107,0.05451568525016966,0.011539134524713645,False,8.46614617210626,11.862893911625179,low,train
1732.20542977167,38.10902076240632,0.10625135144516387,16.899602156481954,1450.1002319714037,0.28005818105672786,0.32048120743315855,3.0,0.1033430540623792,0.04047329228416447,1.880426673351132,0.6031517439225899,0.10392350000017486,8.888634388189015,0.03907960250393952,0.0,33.2066933640792,case_42_0010,case_42_0010_cycle_012,12,6.0,normal,in_distribution,42,orchestra_phd_latent_simulator_v1,42,ok,,0.41763636784245917,0.8184978405013477,0.6424844634228943,0.16075091487370036,0.06482400893997685,0.010401056293292472,False,7.5023924326898515,10.983105226724788,low,train
1775.595811672266,31.61356238577439,0.10548824058175728,17.437863181826813,1580.6928567225382,0.3729844419354049,0.45387506383427184,3.0,0.1033250439729962,0.03079372438527312,2.025664549403686,0.6701446051278059,0.16030029622973327,2.4482153411552146,0.1820382664145448,0.0,26.150839661635313,case_42_0010,case_42_0010_cycle_013,13,6.5,normal,in_distribution,42,orchestra_phd_latent_simulator_v1,42,ok,,0.5155310236329975,0.9468999671310974,0.6243936962965392,0.17611883068649448,0.06129002958009982,0.013001185607045425,False,7.841698347957959,12.9497811402504,low,train
1903.2771414840886,34.62990917082483,0.0919883582377935,18.294145081272063,1384.4231414383935,0.3355376476683692,0.38913406351299795,6.0,0.06893173052215401,0.054284235723043674,2.000274349166953,0.6261140952661809,0.09001672555252889,10.388343082668023,0.11689085975322372,0.0,72.72424734837834,case_42_0010,case_42_0010_cycle_014,14,7.0,normal,in_distribution,42,orchestra_phd_latent_simulator_v1,42,ok,,0.4890463637233336,0.5246490256555718,0.5886883284018399,0.18942631023173648,0.05291614821263231,0.013235772596462478,False,10.349085080833223,13.119974843939922,low,train
2003.309724599449,34.29863521878529,0.09754228687104673,19.73332005188268,1432.4390309797222,0.28421283263100533,0.37549856044852375,3.0,0.1201300280073823,0.029724645575499562,1.9095349914628534,0.6014340886789667,0.07437646688667153,9.962648299440712,0.24760243865770803,0.0,44.407582152955,case_42_0010,case_42_0010_cycle_015,15,7.5,normal,in_distribution,42,orchestra_phd_latent_simulator_v1,42,ok,,0.513217527759874,0.7257459579148666,0.5615509757060431,0.1755411209771658,0.07330257523653433,0.01457932799816178,False,11.320751459412884,14.074017619874843,low,train
1974.1871103971826,33.42608043059144,0.12651652099062324,17.367588062977077,1446.0555161899958,0.3385695691527545,0.35771208894383033,4.0,0.10260443942745573,0.062219070694224915,1.9975431377321802,0.6624924907252331,0.09250772444142931,5.69382569346456,0.11246898597176556,0.0,46.632408442602774,case_42_0010,case_42_0010_cycle_016,16,8.0,normal,in_distribution,42,orchestra_phd_latent_simulator_v1,42,ok,,0.6291540171525792,0.7164080302755809,0.7887571041878259,0.2055104464192615,0.09051819969404058,0.018102021675383956,False,12.215310969444843,16.425959211911373,low,train
1796.513327451973,36.42370566851064,0.08143109727958273,18.25820675874514,1445.90090059707,0.3514757624741018,0.2992333564250982,1.0,0.09297066278198667,0.03543473278809368,2.1262010728907343,0.6003156815799675,0.10539510679360556,8.76802604559191,0.13216821207700657,0.0,47.31260437871527,case_42_0010,case_42_0010_cycle_017,17,8.5,normal,in_distribution,42,orchestra_phd_latent_simulator_v1,42,ok,,0.6220807920026981,0.9061984414513833,0.4431847033697125,0.19318083133736175,0.08700637922153452,0.015685611470220916,False,11.564001360073217,14.834711688404054,low,train
1872.290312016491,36.006725234173935,0.09081830770547357,17.944210537464897,1422.2586992007975,0.28915364559669515,0.37926840004499435,3.0,0.01301186190025587,0.0447240488667432,2.2094876786614988,0.6684099536059943,0.09875027639749864,8.444445598773695,0.18469725087475314,0.0,75.94220927100935,case_42_0010,case_42_0010_cycle_018,18,9.0,normal,in_distribution,42,orchestra_phd_latent_simulator_v1,42,ok,,0.6741776694611625,0.3234956239324988,0.7299240528507128,0.20776570587056334,0.10627963176303756,0.01637127544500063,False,11.948155923614639,15.295672506722962,low,train
1960.9660285297766,35.50548597006199,0.06860697461395818,18.15705713902584,1530.9664639130524,0.2806585770937721,0.4189865337492397,4.0,0.0772205538177031,0.06195776186581463,1.843634842458856,0.617993544019776,0.10840505902813552,7.0882916681944135,0.22359890157928416,0.0,27.021291925501977,case_42_0010,case_42_0010_cycle_019,19,9.5,normal,in_distribution,42,orchestra_phd_latent_simulator_v1,42,ok,,0.7357447051674411,0.8059403775744352,0.826225507993226,0.212752235454088,0.11179488027884651,0.01527301026321473,False,10.922299210680334,14.553508501453171,low,train
1754.672534126352,39.22955138338997,0.12028065184810532,18.357680916583995,1406.104238808547,0.36240920887023104,0.3736877072091195,2.0,0.07476467562908398,0.022629384806251485,1.8961091293701238,0.6201262262756573,0.11648317353218643,2.698352562416883,0.08662919193069243,0.0,29.84188004217054,case_42_0011,case_42_0011_cycle_000,0,0.0,normal,in_distribution,42,orchestra_phd_latent_simulator_v1,42,ok,,0.29844256425099797,0.744564951046794,0.5029296961942471,0.13678218978462178,0.01697842661365085,0.012789489943467887,False,7.7499999255565335,12.795231006309246,low,train
1844.6666890361753,29.53721461136035,0.14754324430657312,18.0814267502283,1475.7882071811127,0.32753805240173706,0.4019470192015539,4.0,0.024334724526333108,0.044987838678978834,1.9203258202395852,0.5932811867150616,0.12038307949295345,7.158748148843792,0.07078394111827775,0.0,3.18961144406654,case_42_0011,case_42_0011_cycle_001,1,0.5,normal,in_distribution,42,orchestra_phd_latent_simulator_v1,42,ok,,0.39592746104373105,0.6388522283559972,0.49714448739208295,0.14918206351989044,0.01750153944262329,0.010611149461089703,False,7.200366724893051,11.147897039740029,low,train
1832.916743354466,30.516312837185804,0.06762455252591781,17.839807130772467,1445.0978852259943,0.33070837465346015,0.39799365142836696,3.0,0.056734244845293734,0.06590028981562154,2.0504641728034994,0.600769405052612,0.09327095351742587,7.23647657969674,0.1047004516424452,0.0,36.29850945253068,case_42_0011,case_42_0011_cycle_002,2,1.0,normal,in_distribution,42,orchestra_phd_latent_simulator_v1,42,ok,,0.4076663750107774,0.8646337849656207,0.5519478054984115,0.14574160487851473,0.006678373181625036,0.009086969652572824,False,5.733203713488915,9.925952947771156,low,train
1764.768944007583,29.484273649533446,0.09741818858257413,18.74861130208127,1576.9070396008963,0.33552881385539823,0.3841271317191096,4.0,0.057377933931989346,0.01391411900030953,2.0616700506432246,0.6506910564588353,0.051750966371510304,6.79024610102289,0.12249504434592219,0.0,27.12970863804306,case_42_0011,case_42_0011_cycle_003,3,1.5,normal,in_distribution,42,orchestra_phd_latent_simulator_v1,42,ok,,0.3688849139912984,0.3393004784734901,0.5506243636795591,0.15893994031500575,0.0,0.010972012435831471,False,7.432338530032406,11.42839117324365,low,train
1971.5879608933365,38.59834808304841,0.155693096699819,16.99674547984758,1474.9114117223016,0.3199718345798485,0.4455370245304134,2.0,0.078457448283744,0.0,1.978561612295599,0.6332338106423735,0.09844224617119636,7.261423067542359,0.12675397828254942,0.0,43.57198216968038,case_42_0011,case_42_0011_cycle_004,4,2.0,normal,in_distribution,42,orchestra_phd_latent_simulator_v1,42,ok,,0.3399858929813593,0.4701748841771287,0.6416754949169805,0.15777752981226784,0.0021694007054714227,0.01196877764862317,False,8.450805895533108,12.187127461077813,low,train
1833.9261410007655,34.427909977865696,0.11617085616652796,19.1703296970278,1483.8055322320445,0.3050824904081613,0.4429989912323523,5.0,0.06425505935793258,0.05489977103049208,1.8954195816392279,0.6065946517189806,0.08529101411039586,6.474993015986944,0.07653174845006719,0.0,51.22941434806147,case_42_0011,case_42_0011_cycle_005,5,2.5,normal,in_distribution,42,orchestra_phd_latent_simulator_v1,42,ok,,0.5496867483629948,0.5342954731537087,0.5827310449786043,0.1611134950115818,0.0,0.011504814470444014,False,7.83049286757472,11.836813155758486,low,train
1922.5467842127841,34.85979727359542,0.14967106212475675,16.576779419248954,1373.3954308233613,0.3062121679594477,0.4324521367481135,1.0,0.10062319229567404,0.04496452540626943,1.976634585974361,0.6356094665229811,0.1573736771688537,3.0446046220928467,0.05996122459951683,0.0,40.23080278573489,case_42_0011,case_42_0011_cycle_006,6,3.0,normal,in_distribution,42,orchestra_phd_latent_simulator_v1,42,ok,,0.5055112384662305,0.43152386953765587,0.584972925121392,0.15840194648411657,0.007294393998706527,0.010317923803040615,False,5.690832621116221,10.917589407422646,low,train
1810.8885400600082,31.05469580691157,0.1013034736474542,16.235200154177353,1428.53822899326,0.3696686216901064,0.41609625916977033,3.0,0.08183747729818758,0.046009670806581644,1.9063609951153384,0.5755100358377866,0.06101506486531647,8.08002440339321,0.08913025129062135,0.0,43.12932206281345,case_42_0011,case_42_0011_cycle_007,7,3.5,normal,in_distribution,42,orchestra_phd_latent_simulator_v1,42,ok,,0.5613231776582894,0.9819882934632989,0.5850514331261749,0.18052214829667776,0.05154956953461633,0.013157956787731667,False,9.575975132997904,13.063642538700229,low,train
1899.123725367474,35.00684799672063,0.11466980573019389,17.142123186673494,1424.4937007735318,0.3456149810379699,0.3969289051610077,2.0,0.09516923497333789,0.03206267798112892,2.149475700299564,0.5901958183563294,0.08173861861377213,3.6395071119254676,0.13094857494863518,0.0,43.05421010459767,case_42_0011,case_42_0011_cycle_008,8,4.0,normal,in_distribution,42,orchestra_phd_latent_simulator_v1,42,ok,,0.5253764065350226,0.7966090923704706,0.6687016417666064,0.17506652256229216,0.0,0.010285093877947113,False,5.834316299376493,10.891667777873419,low,train
1746.717280188301,33.451680558079595,0.09215421472197173,18.919317443840267,1606.3076748623196,0.3313139000452068,0.4119675269554765,1.0,0.03358895055230088,0.07334668854354522,1.9825549003541836,0.6318531440188271,0.10264314448756992,7.784916185826983,0.1725593478204125,0.0,43.24953694853185,case_42_0011,case_42_0011_cycle_009,9,4.5,normal,in_distribution,42,orchestra_phd_latent_simulator_v1,42,ok,,0.510812123901633,0.8634627602740839,0.5075354312309552,0.1898286446227892,0.0,0.011845807543034312,False,8.454146140466527,12.094751366923063,low,train
1780.600279379025,34.507582461400126,0.06344841835644215,18.00590422286371,1441.906692094873,0.29949670831549674,0.452879320670518,3.0,0.06766675091490612,0.05186837422957611,2.0073927773190494,0.5858706799604191,0.09475868058143902,6.3843878320270155,0.15363614395770783,0.0,23.753357816934553,case_42_0011,case_42_0011_cycle_010,10,5.0,normal,in_distribution,42,orchestra_phd_latent_simulator_v1,42,ok,,0.5715095836601084,0.6813461664744469,0.562859236976357,0.17597580094265372,0.02963411078487058,0.010774846332807017,False,7.138727750386862,11.275532602771415,low,train
1945.5879736903514,35.488357434311865,0.10977528655519991,17.041766956566715,1415.123460992434,0.3219882673842445,0.4287936705532297,4.0,0.06782568029379968,0.07699008719573655,2.0406313121183253,0.6012579493284161,0.10727667713936195,5.883449101227899,0.1210879582497673,0.0,24.732042173920743,case_42_0011,case_42_0011_cycle_011,11,5.5,normal,in_distribution,42,orchestra_phd_latent_simulator_v1,42,ok,,0.6795207689123708,0.3485845558082481,0.4680104477435134,0.19162443738888402,0.010879589808026023,0.012922027915928789,False,8.821697593048373,12.892099349377103,low,train
1800.3041322496506,34.87884349605266,0.13468407228243748,18.66142952301264,1481.765129491853,0.34315423091230407,0.3951146948043707,1.0,0.09068157729801907,0.06503624957437015,2.0120357499058183,0.5657460104391018,0.0710842243692772,8.129308358781328,0.07368408294621709,0.0,51.54768984188625,case_42_0011,case_42_0011_cycle_012,12,6.0,normal,in_distribution,42,orchestra_phd_latent_simulator_v1,42,ok,,0.6214244301555972,0.3766199892799559,0.6424338927154198,0.18938996998474136,0.02798302322882658,0.012359106465649111,False,9.044637393078816,12.478141721220442,low,train
1916.9982198498722,37.53216946454367,0.11061258701629384,18.15167129427214,1459.291816812606,0.31548958149279227,0.41342055031019886,3.0,0.10422358235335785,0.04588202750035934,1.9483548112760176,0.6086281031468114,0.11388899167047822,5.536931320464271,0.10391073874215656,0.0,55.57813484121047,case_42_0011,case_42_0011_cycle_013,13,6.5,normal,in_distribution,42,orchestra_phd_latent_simulator_v1,42,ok,,0.6705251801648556,0.6982537088738614,0.6231015107383735,0.2039608105744115,0.00944169240724721,0.011490033957332339,False,7.489396176797099,11.825572681515233,low,train
1839.0606177309048,37.84002970302765,0.045709572428696985,17.51267443627885,1458.1875581479362,0.35442624226229325,0.3708721754297743,5.0,0.05383221226877015,0.02334716038542083,1.9459508733101338,0.6511611238493332,0.131952851987435,4.800009339906309,0.012408458887698441,0.0,42.181270118385235,case_42_0011,case_42_0011_cycle_014,14,7.0,normal,in_distribution,42,orchestra_phd_latent_simulator_v1,42,ok,,0.6619471873711082,0.5114077055728236,0.5878123724536347,0.21713760509962088,0.026773386112280598,0.014031467272456834,False,9.315655877335136,13.689141451299863,low,train
1882.56934866364,33.18252493039282,0.1219375095870393,16.934792590508263,1409.6116889625598,0.2637871212633841,0.47807588218927555,2.0,0.04722776299470342,0.02576530465248823,2.0157459348680855,0.6369433423145116,0.14948009971772988,6.748073614804829,0.15420797534409078,0.0,59.217566546044324,case_42_0011,case_42_0011_cycle_015,15,7.5,normal,in_distribution,42,orchestra_phd_latent_simulator_v1,42,ok,,0.661048377259532,0.8315304493286546,0.7058258764813632,0.2323070769746812,0.029016316603702307,0.013673184543398099,False,9.633729771376261,13.434384515063794,low,train
1827.2752730460052,29.006621859034983,0.15471990624535395,19.04803395947808,1390.382701872715,0.248348580970919,0.44031170269817016,4.0,0.11561692404078085,0.05903333663656564,2.030734443059975,0.6635168533513877,0.09366978844756901,1.6099521346007148,0.056628628444361374,0.0,43.361707635324,case_42_0011,case_42_0011_cycle_016,16,8.0,normal,in_distribution,42,orchestra_phd_latent_simulator_v1,42,ok,,0.6988788000340717,0.39957447803960794,0.6235034425271853,0.2073094009088047,0.0,0.01297862605277207,False,7.569270388809213,12.933355183602787,low,train
1931.5322818536945,34.688525895156864,0.11771749422591093,18.112002279964685,1593.3504264570988,0.35367604702236316,0.44281531631595245,3.0,0.11134605189058738,0.08963601413662774,2.008567430266549,0.6137364285239443,0.08974068434337118,3.3029396502108703,0.18782621803608354,0.0,69.66163058530478,case_42_0011,case_42_0011_cycle_017,17,8.5,normal,in_distribution,42,orchestra_phd_latent_simulator_v1,42,ok,,0.7295112119501641,0.841000195707061,0.6644106969467223,0.23420137853120532,0.04282962762266662,0.014426003184438931,False,9.1700423419244,13.966866137468365,low,train
1844.57129765071,35.226078150084184,0.09663722190885128,18.097335186309,1481.1322806545634,0.3317988816006144,0.4865279738828854,5.0,0.037828997527903134,0.0826651552783871,1.9425924039846194,0.5869728735450402,0.15561905983488272,7.645759755303912,0.17237054740925808,0.0,39.92377348277088,case_42_0011,case_42_0011_cycle_018,18,9.0,normal,in_distribution,42,orchestra_phd_latent_simulator_v1,42,ok,,0.6460743644865277,0.956411675155264,0.5370997359390092,0.23136277920647585,0.014792562348283028,0.013040041447142707,False,9.465037323854855,12.97804831530904,low,train
1962.2621344974393,39.27478187000309,0.09879165091981554,17.169611715710893,1458.3119398486797,0.3177943630238779,0.41503464208118407,3.0,0.07428386056871568,0.026420155201893395,1.8608313024828202,0.6258757040073515,0.13840426163536074,5.175854361687019,0.15083237170296532,0.0,50.12785283050507,case_42_0011,case_42_0011_cycle_019,19,9.5,normal,in_distribution,42,orchestra_phd_latent_simulator_v1,42,ok,,0.7589110365404041,0.5307515755127677,0.8142876419055555,0.23393231764444708,0.001925898873839666,0.016026858058760467,False,10.783823259783599,15.065100865405007,low,train
1928.496541860625,32.37590315074691,0.09739591431313449,16.336804656721192,1491.4583630653171,0.3423452704149196,0.4864482005309152,8.0,0.10745797563323509,0.06436670726494428,1.9185593439853392,0.6193052284865525,0.22196398630578748,16.436004161008647,0.1117602603155106,0.0,10.107404267036468,case_42_0012,case_42_0012_cycle_000,0,0.0,low_shielding_gas,in_distribution,42,orchestra_phd_latent_simulator_v1,42,ok,,0.2751188054518332,0.564171580481278,0.41444581490647237,0.20042337361490611,0.38871637769689477,0.04012250894739254,False,23.54019408486169,27.91654438974617,low,train
1825.489731372673,38.83882630227019,0.0675167879143492,15.970670323009575,1488.0462151514291,0.3450919021144159,0.4978319877116384,4.0,0.10728535155879967,0.06719641301641888,1.9931263671338244,0.6327385962377228,0.21484084637992681,21.52616361876669,0.1268518477640123,0.0,28.35481811529626,case_42_0012,case_42_0012_cycle_001,1,0.5,low_shielding_gas,in_distribution,42,orchestra_phd_latent_simulator_v1,42,ok,,0.4176352686075089,0.8521556758695439,0.6149871487273832,0.2184396264044748,0.4143903623222484,0.03217066116507559,False,22.736917844220336,24.260361072124525,low,train
1873.0134535589575,33.31511751924846,0.1137127310046699,15.011397750950726,1453.7787402524414,0.2788432489479994,0.4729237492905935,11.0,0.046666415254675894,0.06949538154504903,2.1203679224296095,0.6040469678712068,0.16592709792028618,13.332618431539755,0.12085512587701651,0.0,30.046957847696465,case_42_0012,case_42_0012_cycle_002,2,1.0,low_shielding_gas,in_distribution,42,orchestra_phd_latent_simulator_v1,42,ok,,0.30715223991301704,0.3976805663443118,0.3983199427103845,0.2338844076583229,0.41268941040564633,0.03233715537291988,False,20.483840266064167,24.341662909459096,low,train
1965.8652474722187,38.958559378444974,0.1242147335673939,16.071455872835998,1413.2774990215428,0.24014994329495265,0.450834707450092,8.0,0.08294261088425096,0.052238780821581426,1.8792935103644817,0.6084602251494816,0.19493764107174516,20.895579342533512,0.08746736719238073,0.0,46.93314288114916,case_42_0012,case_42_0012_cycle_003,3,1.5,low_shielding_gas,in_distribution,42,orchestra_phd_latent_simulator_v1,42,ok,,0.21858031496185548,0.484221523138691,0.5229264864509239,0.20014211918103259,0.4337131881067818,0.02961041205813479,False,21.7013307260781,22.98144349580116,low,train
1721.2364440539404,35.08075142996882,0.11134771701220934,14.440362698055507,1505.4197222752412,0.20957133507533718,0.4855634125128784,6.0,0.11984882700230039,0.02615597959162349,1.968163031255986,0.6082099915634569,0.2431172774671109,19.524230637707916,0.09369421212151773,0.0,22.944172319567954,case_42_0012,case_42_0012_cycle_004,4,2.0,low_shielding_gas,in_distribution,42,orchestra_phd_latent_simulator_v1,42,ok,,0.24524806165970695,0.3580120542794243,0.4795355672345721,0.24018077683392422,0.4558912359209995,0.03930763821352549,False,24.40819841898237,27.56167452205424,low,train
1744.1446533515398,37.373185539306576,0.11879415056372769,17.093774716576878,1460.1977039197463,0.33912041178576097,0.45834561044653804,5.0,0.09223184876963295,0.033022285219357295,1.9601364637145975,0.5837530117104764,0.25275063327997094,21.39976744530348,0.07569647612274255,0.0,16.077772360301957,case_42_0012,case_42_0012_cycle_005,5,2.5,low_shielding_gas,in_distribution,42,orchestra_phd_latent_simulator_v1,42,ok,,0.3005352592840694,0.6852628588114729,0.580386838562103,0.2540236228590339,0.49248163705560966,0.040114141953272,False,25.203467187728908,27.912921802020087,low,train
1884.9170335058816,29.912533934655922,0.1047912645569218,15.05717551102134,1448.1308902380551,0.33781742350130034,0.41811534917988435,7.0,0.05266623547088471,0.04469264886228531,2.080993764256859,0.5667126219772624,0.18614951571410623,14.8768404825587,0.16612877020857023,0.0,33.842421063766245,case_42_0012,case_42_0012_cycle_006,6,3.0,low_shielding_gas,in_distribution,42,orchestra_phd_latent_simulator_v1,42,ok,,0.250129096336778,0.9185685844916667,0.3019062688875329,0.2625766149494244,0.45482716216819163,0.03669645513344624,False,22.129949177502965,26.395487767610586,low,train
1872.0274072824598,30.938716599525378,0.06132904700080087,16.28740098616143,1419.7645393536393,0.35680434533608524,0.5880950934337748,2.0,0.08112428192599214,0.10060272368961787,2.0528696506444746,0.5868568202835167,0.24045076872744006,19.47882724610699,0.1347484959607615,0.0,24.761815751090637,case_42_0012,case_42_0012_cycle_007,7,3.5,low_shielding_gas,in_distribution,42,orchestra_phd_latent_simulator_v1,42,ok,,0.31933618930736496,0.38999354382524143,0.5613675510936402,0.2834017172479317,0.5403648709904437,0.03734112255867193,False,23.644600728837567,26.687634488319773,low,train
1999.6863614025597,35.31999575837175,0.09171157675439995,14.898593067456119,1491.0798481416007,0.23364248224243275,0.5092479330510581,3.0,0.076961375812518,0.02280411596939134,1.9293939593005023,0.6842600529260094,0.278821721972698,11.676776508461415,0.17139691588857695,0.0,62.08812959619382,case_42_0012,case_42_0012_cycle_008,8,4.0,low_shielding_gas,in_distribution,42,orchestra_phd_latent_simulator_v1,42,ok,,0.3613656817393027,0.4680630794097702,0.39027609438711075,0.29017679643862127,0.5421175506512154,0.05266781485652526,False,25.006747246569233,32.9095790631514,low,train
2034.40220427668,34.42534434311579,0.13308483976061172,15.162270897472267,1432.5329564021383,0.3588753386027721,0.5787739239147144,4.0,0.082166858516109,0.08301758825665131,2.0516563131049725,0.5893268714682799,0.29489629042747073,24.336684206593358,0.11763007476017921,0.0,38.00638627351823,case_42_0012,case_42_0012_cycle_009,9,4.5,low_shielding_gas,in_distribution,42,orchestra_phd_latent_simulator_v1,42,ok,,0.34199486265171297,0.8950125151697694,0.6185011503527772,0.29486015424539935,0.6067423868859392,0.07674047059661467,False,32.949335709655415,40.63546427605777,medium,train
1707.5857572389934,35.24167102919963,0.10391975359173863,15.289823195261654,1512.731935830097,0.31514304559497586,0.5162934715669977,1.0,0.0971107094059838,0.026298082966731036,1.9325417159485887,0.6328006213334992,0.3369464285684652,24.031812168660153,0.19738286802561755,1.0,53.04595480451857,case_42_0012,case_42_0012_cycle_010,10,5.0,low_shielding_gas,in_distribution,42,orchestra_phd_latent_simulator_v1,42,ok,,0.2742458414336033,0.32481285449983877,0.22678621720921638,0.29751183475583776,0.6007304358885774,0.06574930161930201,False,31.026022250438196,37.356752558215184,low,train
1872.320331785306,36.096626359285736,0.10657237384614564,14.072898075213555,1516.3218878692692,0.377032176384507,0.5099880183002247,4.0,0.0987039830109431,0.05666710811648408,1.9835135769446586,0.5941467566735142,0.28995234762913186,24.113171041666977,0.1974119827289474,0.0,57.66962487493065,case_42_0012,case_42_0012_cycle_011,11,5.5,low_shielding_gas,in_distribution,42,orchestra_phd_latent_simulator_v1,42,ok,,0.35367661688985724,0.717914022993005,0.4688348689313517,0.31420240703222013,0.6437609781547252,0.0681266575645194,False,31.589083608682227,38.097766327568486,low,train
1819.0065403057574,34.12583593718295,0.11328025335184125,13.82758374688606,1459.4879778234433,0.3109147056564911,0.4994427798371,11.0,0.13373301944392685,0.09022982593598311,1.969176528970589,0.6227435877094232,0.24074149940000583,21.842185581519182,0.021014326380822287,0.0,31.703620511828106,case_42_0012,case_42_0012_cycle_012,12,6.0,low_shielding_gas,in_distribution,42,orchestra_phd_latent_simulator_v1,42,ok,,0.32300876497664527,0.9205660259344306,0.4998315645257909,0.3240569591247166,0.6421811636005167,0.05509245097328676,False,28.397300386767014,33.785636871546764,low,train
1954.9619921105786,30.33681618100517,0.10911231062470163,14.780001408507436,1502.1407683141422,0.3590010043309442,0.5406601970655566,3.0,0.07397604081847843,0.04440009847366832,2.0395312348499837,0.5484643457941695,0.2874690621685835,23.26619148094312,0.0,0.0,30.403795065491806,case_42_0012,case_42_0012_cycle_013,13,6.5,low_shielding_gas,in_distribution,42,orchestra_phd_latent_simulator_v1,42,ok,,0.4331346953196593,0.33774291888796426,0.5689017396730945,0.3301069874090835,0.677112605621663,0.07999992127516899,False,32.91806731347251,41.54063340366883,medium,train
1728.2233014537032,39.2197521979364,0.12360581898991022,14.052415987887649,1418.8125769872665,0.2811526649683396,0.6051993416675576,4.0,0.07824640751525831,0.05091469751478166,1.7875865043426067,0.5732661367922735,0.29133205694675135,15.172495475982638,0.0917190932159006,0.0,44.20082224832317,case_42_0012,case_42_0012_cycle_014,14,7.0,low_shielding_gas,in_distribution,42,orchestra_phd_latent_simulator_v1,42,ok,,0.5049384177879341,0.46109379180496635,0.6676254837077279,0.3449483824033377,0.675921228469235,0.08820693193947649,False,31.589295595116628,43.7007221449031,medium,train
1847.9366623375086,39.1403020988156,0.10724798544802118,14.687594700616167,1485.1547162576355,0.3399693335602584,0.5469939224014764,3.0,0.08110194636427445,0.08006792479364992,2.0413779828261713,0.5897841367386868,0.2748373664574107,23.06460491224375,0.16484255553906577,0.0,61.39576019220847,case_42_0012,case_42_0012_cycle_015,15,7.5,low_shielding_gas,in_distribution,42,orchestra_phd_latent_simulator_v1,42,ok,,0.44882821951079416,0.6090294286330327,0.5700185785581432,0.3413512319997074,0.7125426269197652,0.07566602253866915,False,32.06292420180153,40.33075574258832,medium,train
1917.8857630281636,39.69660457024307,0.11291038282664984,12.382494750054114,1407.9021105947907,0.3247706288219886,0.5514270635681994,5.0,0.07901529234718929,0.05082932984169293,1.9009003274933767,0.522073890730412,0.290618195784619,22.72634662990362,0.2116413573542212,0.0,33.378629679982076,case_42_0012,case_42_0012_cycle_016,16,8.0,low_shielding_gas,in_distribution,42,orchestra_phd_latent_simulator_v1,42,ok,,0.42111181488679145,0.7468837113431588,0.5617721939688819,0.3538264343652517,0.7621597699599533,0.10537447424728585,False,35.85550929524815,47.74605782071507,medium,train
1845.2631512518349,35.401776490778,0.11143061961514475,13.712194378081445,1542.1094779908983,0.3044265236393224,0.5154961413456626,8.0,0.06601888933681212,0.07693442814124288,1.9006660802478377,0.6115136092323783,0.2797085963384751,23.51317574651812,0.08525126819471562,0.0,47.2849537266205,case_42_0012,case_42_0012_cycle_017,17,8.5,low_shielding_gas,in_distribution,42,orchestra_phd_latent_simulator_v1,42,ok,,0.48223740822998107,0.6940977458961313,0.660612512934418,0.3661997406834497,0.7670847600347772,0.08310546663683878,False,33.38178871519214,42.37733766727284,medium,train
1794.3408848716513,32.330225666867435,0.11420789154060937,14.413111353915136,1518.136517934341,0.3454860666854679,0.5364265730128224,8.0,0.0870073040534541,0.017532556403919774,2.088228733843318,0.5917292964324946,0.28201522764188947,26.071363749051606,0.0891643313637312,0.0,39.52589382861777,case_42_0012,case_42_0012_cycle_018,18,9.0,low_shielding_gas,in_distribution,42,orchestra_phd_latent_simulator_v1,42,ok,,0.5547839975599411,0.5728831671641064,0.5666842650864852,0.38647745565129915,0.7913471525276559,0.08868592778372963,False,34.826552480854424,43.82187270233503,medium,train
1795.2700439592468,36.600643420200385,0.10642861528574554,13.902939196807385,1329.6298506477337,0.2695405785202321,0.634625958922389,10.0,0.11657354380962234,0.042922769258129115,2.0550810902507184,0.6054787835926259,0.3273432143229415,22.010433662694805,0.19209631596491086,0.0,34.840749829865715,case_42_0012,case_42_0012_cycle_019,19,9.5,low_shielding_gas,in_distribution,42,orchestra_phd_latent_simulator_v1,42,ok,,0.5363754462761703,0.38011149133565275,0.5048311920477382,0.4094729161315083,0.8214527118764222,0.16361231293283846,False,40.63998387630719,58.178590279630505,medium,train
1927.4674698452166,36.514649558243455,0.11255704393685528,16.304387201846954,1557.4691418316609,0.3222518826301291,0.5181732716799775,5.0,0.09356048988504165,0.04559061616195585,2.1244965599687466,0.6076700629983968,0.23889166066591053,19.62498197950198,0.15867449162428107,0.0,16.242557128985833,case_42_0013,case_42_0013_cycle_000,0,0.0,low_shielding_gas,in_distribution,42,orchestra_phd_latent_simulator_v1,42,ok,,0.7742268797053378,0.8346798537167646,0.7288076074737385,0.33875149722760606,0.43375429283160283,0.04643659188929575,False,25.95375288126632,30.53306353622206,low,test
2018.2095379627835,36.40177839021,0.12194326541875244,15.62653051337639,1604.028210485021,0.3768571151553962,0.5238881412194825,5.0,0.06772245422365128,0.07270423076512719,2.0806609258676185,0.5943109163213369,0.2308887256100882,18.729871979597554,0.08832194839500011,0.0,43.35361229793205,case_42_0013,case_42_0013_cycle_001,1,0.5,low_shielding_gas,in_distribution,42,orchestra_phd_latent_simulator_v1,42,ok,,0.77925108330353,0.6375223920367821,0.6779542419412882,0.34631909657148097,0.42923351257855674,0.044114691119626626,False,25.184799272270027,29.597115051219287,low,test
1866.3856424685787,32.52296532529239,0.10062440284928742,14.132818948303123,1594.6118591600844,0.35682623746104974,0.513684367162252,10.0,0.06201367351119448,0.07246944454972401,1.9056716471507975,0.6333337742635977,0.24936093201144016,18.542208843181456,0.1257676718968668,0.0,17.381986088814475,case_42_0013,case_42_0013_cycle_002,2,1.0,low_shielding_gas,in_distribution,42,orchestra_phd_latent_simulator_v1,42,ok,,0.731571480701299,0.47905927609897175,0.6718715517329586,0.3434955467080641,0.47234771703522715,0.053814531371316844,False,27.186394482925554,33.3271076853849,low,test
1873.7446575263557,35.46812975262734,0.13543746966265693,13.936917036657077,1424.9561662426693,0.2985511854506635,0.48288650944966655,14.0,0.03829544898727779,0.042267822576465296,1.9250984148095858,0.6061427723277577,0.2600931540960601,16.260229104932442,0.08137503223383344,0.0,30.447569652367513,case_42_0013,case_42_0013_cycle_003,3,1.5,low_shielding_gas,in_distribution,42,orchestra_phd_latent_simulator_v1,42,ok,,0.7459354767448931,0.3579824650750118,0.6747386538064705,0.36258831303912276,0.48032481321946335,0.07055058523940966,False,29.52268362212061,38.83449311035586,low,test
1912.4221112839732,36.72009604549086,0.10695257617052177,14.118320446162565,1470.8257973585542,0.23978238949959305,0.500523152647632,6.0,0.11479491065564483,0.04366396659808786,1.888567470326329,0.656391673184733,0.2631627562332869,19.64622929979644,0.1009711971030632,0.0,54.81774994973354,case_42_0013,case_42_0013_cycle_004,4,2.0,low_shielding_gas,in_distribution,42,orchestra_phd_latent_simulator_v1,42,ok,,0.6733620743750096,0.7320294478125564,0.6753046989432164,0.35946500418837685,0.510781294609244,0.07392572925525852,False,30.96246616045774,39.830315334685025,low,test
1816.9033672682503,28.486269974684824,0.07910530423721247,14.90949170342802,1411.9308774572328,0.3508345719061732,0.4945014521719651,3.0,0.1349314371879658,0.06620522894363919,2.0972118927505052,0.6609091419624569,0.2751002204361801,24.19034818723741,0.1411049388541839,1.0,38.07985793658959,case_42_0013,case_42_0013_cycle_005,5,2.5,low_shielding_gas,in_distribution,42,orchestra_phd_latent_simulator_v1,42,ok,,0.6319375182097535,0.8627731983041249,0.5705884685604375,0.35850662738091393,0.5351993073303423,0.0697194684693965,False,31.689875606026618,38.58396854301047,low,test
1802.534712108982,36.89328367276834,0.11512802652338908,14.900963070150791,1488.467001076633,0.37808168096077915,0.4974574262479842,8.0,0.0943295561648265,0.06462257391707701,1.9505851512001169,0.5826174329754992,0.2119356911484178,23.98682625274841,0.1538229858109941,0.0,25.96005091495167,case_42_0013,case_42_0013_cycle_006,6,3.0,low_shielding_gas,in_distribution,42,orchestra_phd_latent_simulator_v1,42,ok,,0.5825433857293341,0.3511018847993944,0.6653619431049947,0.3634035188068183,0.5546770348635551,0.06516795950407211,False,31.000661395887374,37.1726719847856,low,test
2105.502346462903,35.51764611490779,0.09492552721907005,14.31014050019884,1621.627573514772,0.2635301941645596,0.5829496128924899,7.0,0.11191807637264006,0.05679351449988994,1.9741223585956753,0.4974824497812501,0.3196938833918608,20.44544975038617,0.13038127539461883,0.0,12.224449870029165,case_42_0013,case_42_0013_cycle_007,7,3.5,low_shielding_gas,in_distribution,42,orchestra_phd_latent_simulator_v1,42,ok,,0.7171076801687691,0.6637993708540963,0.6178147075031922,0.3770357311642882,0.6125958484726254,0.06978118633562336,False,30.71557584508291,38.6026462176195,low,test
1833.9878522735276,31.378644980325976,0.15093653231456666,15.423410992427923,1563.803504702941,0.3444968523657073,0.5182898762148311,5.0,0.12018475534168295,0.1167205982264984,2.0817485144682903,0.6262564539807054,0.27527163597666565,17.663256792114932,0.09479571060438245,0.0,35.17633000446069,case_42_0013,case_42_0013_cycle_008,8,4.0,low_shielding_gas,in_distribution,42,orchestra_phd_latent_simulator_v1,42,ok,,0.6205235150054352,0.5664716352436708,0.7175305154285652,0.38446642866574643,0.6358643008176896,0.07570547926410646,False,30.56754285077249,40.34200240720987,medium,test
1904.6214651708353,35.01647558361575,0.16272724161116034,14.322053890876685,1380.027819105409,0.30349537268924137,0.5270975821687012,3.0,0.1062475700884543,0.043569853578543156,1.9539387532183417,0.5726221526727091,0.28071731038046666,22.260739671290004,0.12141145813144852,0.0,44.81433094582371,case_42_0013,case_42_0013_cycle_009,9,4.5,low_shielding_gas,in_distribution,42,orchestra_phd_latent_simulator_v1,42,ok,,0.5982308698110838,0.7965899781094675,0.6792803958141224,0.39033379508937877,0.7024717439430815,0.09499677365172374,False,34.7546109238443,45.37131102654262,medium,test
1873.8212256018314,39.16420665975467,0.09707129811145211,14.368201820637333,1467.0952018687187,0.25916762344193695,0.5940971918445707,12.0,0.12320585290111524,0.03991815351933145,1.9941505341401506,0.5789682510304297,0.31833987001232694,23.555981279513663,0.12104476438875805,0.0,57.14938431238556,case_42_0013,case_42_0013_cycle_010,10,5.0,low_shielding_gas,in_distribution,42,orchestra_phd_latent_simulator_v1,42,ok,,0.6065015243016242,0.39666635175428433,0.5328492774809971,0.3958051269125654,0.6886489925768977,0.08843567267480702,False,34.09927531053205,43.758641277896004,medium,test
1882.8731915224519,37.55486666297479,0.1476965437332019,13.343737697497719,1538.1817350582978,0.29993935747017175,0.4943852133651933,11.0,0.08553213280483152,0.06692538754805023,2.0169532218256307,0.5424897734901157,0.2883741063209433,20.548974489170377,0.13550857536533353,0.0,56.0665083969559,case_42_0013,case_42_0013_cycle_011,11,5.5,low_shielding_gas,in_distribution,42,orchestra_phd_latent_simulator_v1,42,ok,,0.47555062703340306,0.5779338103941571,0.5189175998334434,0.3953967030870825,0.7195148336423308,0.07401034306186093,False,31.126659328350293,39.854847609175856,low,test
1834.4425209934095,35.75017454416964,0.10587372441342656,14.73006899007923,1475.0270825249713,0.2839679995542732,0.5797577409835619,8.0,0.1266064820050553,0.08716749180025578,1.9434254411812877,0.6035012126322147,0.35693111244297443,20.58983110505792,0.17341257396508356,0.0,36.86666904107379,case_42_0013,case_42_0013_cycle_012,12,6.0,low_shielding_gas,in_distribution,42,orchestra_phd_latent_simulator_v1,42,ok,,0.48156799585452814,0.40777123868643983,0.5480569317362645,0.408682467891764,0.7222793699944097,0.08408388116408097,False,32.73710276411707,42.63595914458854,medium,test
1840.6069073396236,33.82148427151751,0.11323547124270439,14.26008033990097,1512.399691594206,0.3759400986810058,0.5326792874963536,8.0,0.07593545632675022,0.06465981544840546,2.0736223499135016,0.6468477367353047,0.4036269280999771,20.3118805704112,0.15136178101456046,0.0,51.61708085507388,case_42_0013,case_42_0013_cycle_013,13,6.5,low_shielding_gas,in_distribution,42,orchestra_phd_latent_simulator_v1,42,ok,,0.42361717368106017,0.5066348581209489,0.5573220101057116,0.400358366468405,0.7393857665523399,0.0946310897780852,False,33.8944610477464,45.28382132693904,medium,test
1854.51101863807,34.51713144547975,0.1479668356900159,14.681486564253433,1477.6715102554138,0.27630202828072054,0.5907734802426245,4.0,0.07204547051028691,0.048737773005902624,1.9736124526047956,0.562187300471462,0.3357771798331028,19.788165043083765,0.16293051931992966,0.0,38.069310056984875,case_42_0013,case_42_0013_cycle_014,14,7.0,low_shielding_gas,in_distribution,42,orchestra_phd_latent_simulator_v1,42,ok,,0.4095458024798049,0.8901201031276138,0.5551765321557602,0.4104536584262728,0.7971112227929621,0.09990764957964435,False,34.26049594770234,46.520431854227354,medium,test
1688.2544964880722,30.1302758508142,0.10893625454066629,13.515856410795234,1498.364087928969,0.3318278592375364,0.5806615186851086,9.0,0.08593373099758508,0.04263717884089086,1.9404341011553219,0.569912319193101,0.3665640721677153,31.18668354186533,0.022934398136834018,0.0,70.27218222185935,case_42_0013,case_42_0013_cycle_015,15,7.5,low_shielding_gas,in_distribution,42,orchestra_phd_latent_simulator_v1,42,ok,,0.3379720779500543,0.48057459039546147,0.4533018000184346,0.43163919492391567,0.8386419665337014,0.13911707666536674,False,41.61944077457051,54.28472435560357,medium,test
1739.1747041800718,32.39045634190155,0.10109073837183022,14.971822067613326,1543.4157438410812,0.2730229469798429,0.5607436278952723,4.0,0.07061863987331451,0.07826422613968324,2.0987643288141236,0.5455605776824448,0.36922619162211584,29.79103534865271,0.11013277614742772,0.0,43.122775729760676,case_42_0013,case_42_0013_cycle_016,16,8.0,low_shielding_gas,in_distribution,42,orchestra_phd_latent_simulator_v1,42,ok,,0.27907002187006336,0.586573786323715,0.4524821698479774,0.42464036909565905,0.8417873215964838,0.109565470990575,False,38.38150753615069,48.650019837480116,medium,test
1961.1375424961955,29.521265068175474,0.18775278602423678,13.009600176938374,1549.6547370463306,0.30369482005368775,0.580819982275112,11.0,0.05801550241433755,0.06874992254022654,2.1123379428037405,0.578539534768099,0.40215520998913074,21.80963369994493,0.11865627953751201,0.0,54.66372414317769,case_42_0013,case_42_0013_cycle_017,17,8.5,low_shielding_gas,in_distribution,42,orchestra_phd_latent_simulator_v1,42,ok,,0.3979262282365266,0.828450615552859,0.5259746284351501,0.4374798689638289,0.8718012639723179,0.12462534733684251,False,37.40517953628603,51.67019361426295,medium,test
1900.6286014083807,34.03891812984883,0.10472841774963287,14.222152073205292,1437.2017516457092,0.33865107941374567,0.6868001755660574,12.0,0.07432487720089449,0.07477344434924875,1.9108092857449976,0.5206586884327782,0.41633229846943814,26.676021656094747,0.16919743273030888,0.0,35.54009743557569,case_42_0013,case_42_0013_cycle_018,18,9.0,low_shielding_gas,in_distribution,42,orchestra_phd_latent_simulator_v1,42,ok,,0.2927070216142831,0.439991573202279,0.45645630571343593,0.44936656613666065,0.8962893205574775,0.15102791386041423,False,41.50306937204823,56.25260703808448,medium,test
1831.8573331123062,32.4055589924794,0.12914337819416336,14.366114648329239,1573.8838058278864,0.35933262055531534,0.6090971245258329,7.0,0.10998877846611284,0.07948128296096696,1.9775718236519828,0.518801271831919,0.4140274707879895,25.00468694083502,0.11553503099151559,0.0,45.46043398319764,case_42_0013,case_42_0013_cycle_019,19,9.5,low_shielding_gas,in_distribution,42,orchestra_phd_latent_simulator_v1,42,ok,,0.3557831992052201,0.7690403648207795,0.505165851812441,0.4375163209643943,0.9130179490586624,0.1354264486147714,False,39.45792943091288,53.643229362693305,medium,test
1793.9976176908615,35.52197162558236,0.08480638060946981,16.74144227275825,1436.2376022942553,0.33162684767503037,0.3951900677440217,1.0,0.09270637067097787,0.009021818284145867,2.008177976530546,0.5850528814787452,0.08921863336126837,4.0996867222682285,0.042667060263616385,0.0,2.8133422672738027,case_42_0014,case_42_0014_cycle_000,0,0.0,normal,in_distribution,42,orchestra_phd_latent_simulator_v1,42,ok,,0.23607126948198937,0.9380359332253811,0.45292474355848705,0.06512729332430404,0.029638725251948078,0.0073951803271551,False,2.5924423537360606,8.489767803259278,low,test
2066.279893707113,35.95517393073319,0.047650690129030907,17.397583988393194,1429.351875403715,0.3060335977470133,0.4137074680349677,2.0,0.08571179093062067,0.08846283861200818,1.9578412107894934,0.6002683936533143,0.08514360817340834,8.043294903227947,0.06473454764835262,0.0,9.471465287280283,case_42_0014,case_42_0014_cycle_001,1,0.5,normal,in_distribution,42,orchestra_phd_latent_simulator_v1,42,ok,,0.30283864521711057,0.6467937295173869,0.484322491558394,0.06034085759330194,0.03508265963569689,0.008314118259351518,False,5.024354766608669,9.281198278064805,low,test
1825.0338242825428,32.63976875071852,0.09309823278983226,17.144089574368767,1480.5777207919182,0.3150045248782895,0.5111775100952458,6.0,0.07233502817082872,0.07495882198042157,1.9441496947520625,0.6582397802387264,0.05616256011062748,8.239509266695874,0.07522350706905773,0.0,19.735737209997808,case_42_0014,case_42_0014_cycle_002,2,1.0,normal,in_distribution,42,orchestra_phd_latent_simulator_v1,42,ok,,0.31211907888194534,0.6508201651562395,0.2549425720022769,0.07843560973127005,0.042000987427219444,0.010248076319949161,False,7.146022748772713,10.862406456547657,low,test
1799.9143674005197,31.738153143984707,0.09365476072159387,17.534540864905267,1477.1652095973225,0.37866641549230856,0.44703225865762153,2.0,0.075509223584872,0.026254885652413344,2.0404096309672433,0.6075904367995097,0.10084953865391816,8.174028572106018,0.15223670469339695,0.0,11.621909190602038,case_42_0014,case_42_0014_cycle_003,3,1.5,normal,in_distribution,42,orchestra_phd_latent_simulator_v1,42,ok,,0.28979801438354214,0.5194698301863441,0.5765830129870657,0.06505786108604596,0.013119584904377073,0.008257808774544946,False,4.98123119752618,9.233502386526144,low,test
2004.2207042309324,36.615662481348416,0.09210715786353466,17.414572012004434,1528.7330383801443,0.356449644191481,0.3420877745225602,1.0,0.05720753885890248,0.03595002666417551,2.0040514530915092,0.7063325568510961,0.16828934489064803,1.6045662580492346,0.12258201860909271,0.0,25.92305779812774,case_42_0014,case_42_0014_cycle_004,4,2.0,normal,in_distribution,42,orchestra_phd_latent_simulator_v1,42,ok,,0.3208570394037557,0.42550889878969467,0.6485774880511904,0.09432605919112995,0.024076951022288302,0.01003051243105525,False,4.967051079428616,10.68970958716291,low,test
1957.8714664545716,36.96166943519552,0.08102087673246897,18.521869177857084,1572.2880423160611,0.2524781776803367,0.4933711934187136,2.0,0.08045266515087116,0.033857020516613254,1.9478587458274317,0.6242940929904792,0.036598381377134795,7.9147369514172805,0.07424408096559024,0.0,28.82394848029324,case_42_0014,case_42_0014_cycle_005,5,2.5,normal,in_distribution,42,orchestra_phd_latent_simulator_v1,42,ok,,0.37789164056615326,0.8376072389591662,0.6435822783513007,0.08087487245288208,0.04689416634940954,0.00973284021856384,False,6.590995210351746,10.451398167910217,low,test
1717.5208791760072,34.44557886929307,0.07516822527332687,17.642729014625427,1572.6178311922558,0.31660623357041384,0.4230582927705522,3.0,0.0754314403588502,0.0043500787157270265,1.9211924230850648,0.6149195051536833,0.11493136463506691,4.850504108995964,0.07889977373828318,0.0,53.819240878586214,case_42_0014,case_42_0014_cycle_006,6,3.0,normal,in_distribution,42,orchestra_phd_latent_simulator_v1,42,ok,,0.365261518572524,0.7096143649540028,0.5074139283954644,0.10030456879398017,0.029545904478710333,0.010998238551162599,False,6.874238586729624,11.448652642837162,low,test
1844.1157019958496,41.33909712671814,0.0828257020120361,16.912052425010298,1384.006363670994,0.2702389655942205,0.4768335988783538,3.0,0.11221757723727091,0.01344306157290966,1.8879499352166516,0.5729953916171322,0.17050654087612513,7.9633663611623895,0.06647709804492649,0.0,67.42405636850117,case_42_0014,case_42_0014_cycle_007,7,3.5,normal,in_distribution,42,orchestra_phd_latent_simulator_v1,42,ok,,0.2745640338777746,0.3511835357738386,0.4470216339172025,0.09496159286316504,0.0777672026470527,0.011873550025999949,False,8.589837514982031,12.115621180117257,low,test
1643.0423948774917,33.32450562001397,0.08965595216542634,18.47869200336682,1464.770592756165,0.2626792415123582,0.38902292529198296,3.0,0.06806663277196644,0.03843577625091066,2.0268471671415393,0.6398623983036784,0.08745566957406549,6.873808863124099,0.15801654139619903,0.0,42.20947394306355,case_42_0014,case_42_0014_cycle_008,8,4.0,normal,in_distribution,42,orchestra_phd_latent_simulator_v1,42,ok,,0.3169114871076259,0.7832462022583995,0.6105307876082191,0.08702466990486332,0.036021059291643356,0.007622515627660679,False,3.769391769110114,8.68821861432079,low,test
1784.6900197863113,35.94969499753532,0.0789901891272913,18.431939407454543,1454.964544273282,0.2794492727876592,0.3173694813661227,5.0,0.03149198209421125,0.029325823027659795,1.9865230003799865,0.6349404658081163,0.11697199306619448,2.985954608936628,0.04145216014970013,0.0,31.38707455643654,case_42_0014,case_42_0014_cycle_009,9,4.5,normal,in_distribution,42,orchestra_phd_latent_simulator_v1,42,ok,,0.3430767057243313,0.9514820980409193,0.354747945650966,0.08545142080298433,0.035995786554254304,0.011501692011476229,False,6.746383311608387,11.834438967607564,low,test
1858.0886257164248,32.50851575460186,0.05828607695458124,17.53046195044807,1427.9272437991024,0.24477354681061744,0.3876620827265572,4.0,0.06073456218097397,0.08710581227100994,2.06749058483086,0.6454634197306183,0.12606435516819628,6.334931266545073,0.09003281526342934,0.0,60.51077662736345,case_42_0014,case_42_0014_cycle_010,10,5.0,normal,in_distribution,42,orchestra_phd_latent_simulator_v1,42,ok,,0.31872741311659436,0.46422160937909557,0.5153664281182738,0.09718363450730813,0.03352143620874445,0.012043540267355848,False,8.23108117072516,12.243125717989226,low,test
1976.3761931950633,34.60766078114031,0.07598362140601259,19.174745243734705,1411.3039252242959,0.29826195032459896,0.4380683653483408,3.0,0.04255777748242958,0.09253485755631875,2.1214046617845272,0.6344240922748542,0.09203555551720091,4.027324758131021,0.07417493120899725,0.0,41.44411081496924,case_42_0014,case_42_0014_cycle_011,11,5.5,normal,in_distribution,42,orchestra_phd_latent_simulator_v1,42,ok,,0.3283753020501756,0.6881475339314422,0.45106792390491307,0.08788391289755956,0.07074817352600564,0.009583494076106779,False,5.24296161005271,10.330932467478075,low,test
1850.2278373173278,30.93361009253738,0.09331780933811895,15.502309133281994,1400.5171201520384,0.337834409725735,0.36560923311330157,3.0,0.031434096369236296,0.052665169539603485,2.005774009227665,0.5924076135343793,0.06006138753830144,0.0,0.07564125355621086,0.0,53.599782645970734,case_42_0014,case_42_0014_cycle_012,12,6.0,normal,in_distribution,42,orchestra_phd_latent_simulator_v1,42,ok,,0.2862815697595025,0.45782514722132256,0.3910799315045281,0.09286062186418154,0.0705483342764038,0.01053464402122683,False,4.975045037924251,11.08801667594727,low,test
1787.7836048452943,34.2494908352379,0.07754877844000671,16.784620007013878,1431.9496361027316,0.27214475835541047,0.4457519083356629,5.0,0.06771355242452305,0.011018953012960393,1.935655320990755,0.6829378273333034,0.10182063671365271,5.058072155522366,0.05796106581289947,0.0,51.24659427024799,case_42_0014,case_42_0014_cycle_013,13,6.5,normal,in_distribution,42,orchestra_phd_latent_simulator_v1,42,ok,,0.4081629632861874,0.4059991677573256,0.5174514478176111,0.10174490959893767,0.06380269265029433,0.00962653614143247,False,5.551214049419254,10.365713728277573,low,test
1788.1790339206068,37.768741218936334,0.09270287612262942,19.305622131763478,1463.2002521742477,0.30933520337717135,0.3464133923546746,0.0,0.10151781830023976,0.02440717302365907,1.9554012097903042,0.5979022676778454,0.06840561124722057,6.282755078094879,0.07338860447693343,0.0,50.29825551093364,case_42_0014,case_42_0014_cycle_014,14,7.0,normal,in_distribution,42,orchestra_phd_latent_simulator_v1,42,ok,,0.4768653730900175,0.8064454872495441,0.49915341186876316,0.10904362705636235,0.06891753370399854,0.01469337821337444,False,10.207356211879336,14.153443747558637,low,test
1802.0294047664001,33.089090258814714,0.0875311543942495,17.29776900093796,1593.2909929959574,0.29674710870679244,0.3795182036504356,3.0,0.08765788051957474,0.03267754277198469,1.9880268039288067,0.6158655642935126,0.1199600911823422,5.564452859632354,0.13910031489393818,0.0,59.912560670595774,case_42_0014,case_42_0014_cycle_015,15,7.5,normal,in_distribution,42,orchestra_phd_latent_simulator_v1,42,ok,,0.5691833158365813,0.9084478398151439,0.6195864301089687,0.1283721177498725,0.07813172775024216,0.011522735677595458,False,7.568842392166256,11.850435355473182,low,test
1737.4455668434919,30.35936382238572,0.10927041322757412,19.196835651400917,1367.504707113116,0.31031056171591564,0.39560515355413683,1.0,0.0947050780296867,0.04855901100559401,2.111333870002398,0.6313514611001102,0.027126043314835195,4.493456296510465,0.11514985327964156,0.0,20.981571616612104,case_42_0014,case_42_0014_cycle_016,16,8.0,normal,in_distribution,42,orchestra_phd_latent_simulator_v1,42,ok,,0.48236322714741237,0.6489724925984692,0.46464901175630174,0.11571953017407711,0.09102645585994903,0.008838822852585485,False,4.537494990093479,9.720897981319862,low,test
1949.5338135934344,35.39197312053032,0.05796410684594579,18.051341335205212,1383.5903666862623,0.34494907365549743,0.39517968490371835,1.0,0.10735606005324647,0.057239102566412646,2.027843330389619,0.5634516297807307,0.10239700192903817,6.439376424459788,0.12838346979349508,0.0,82.89351187533839,case_42_0014,case_42_0014_cycle_017,17,8.5,normal,in_distribution,42,orchestra_phd_latent_simulator_v1,42,ok,,0.5405166018850676,0.8291950345653711,0.6931035569281261,0.0968292129081425,0.05311727660508782,0.009951934455313585,False,6.304363806554666,10.627031050912544,low,test
1878.9630223270885,33.49106811307033,0.07497941269044368,18.41007019829671,1426.9374928566876,0.3821583764584911,0.4501101802109141,5.0,0.08166200736434236,0.03180443476063159,1.9156409187174197,0.5664530059851284,0.05952151442993856,4.120482670270025,0.14355297486779595,0.0,47.00579751719717,case_42_0014,case_42_0014_cycle_018,18,9.0,normal,in_distribution,42,orchestra_phd_latent_simulator_v1,42,ok,,0.575093695400531,0.6789847766554322,0.5811520651172507,0.12058305675194457,0.06403645653339451,0.010275587288021044,False,5.9466494116246364,10.884156458024066,low,test
1759.3656143964276,33.324152936460514,0.11338941814723713,17.821173254311503,1515.9811574323187,0.2998510472962408,0.48182906093786476,5.0,0.07622755645725639,0.08548093093788882,1.9479023113364826,0.6529018581261851,0.04828620920588515,0.8395754653363312,0.14701566148863052,0.0,54.53929438378319,case_42_0014,case_42_0014_cycle_019,19,9.5,normal,in_distribution,42,orchestra_phd_latent_simulator_v1,42,ok,,0.622751402383893,0.5955289242675623,0.5932053527344644,0.13671218638477398,0.09822752453783407,0.014756333762081218,False,8.643649644991948,14.197185952572497,low,test
1756.1964092410437,37.01728924361037,0.0813570387158771,17.231201789715243,1431.0848413713613,0.3051331009207069,0.41819888183905435,6.0,0.16169740945613922,0.10348082048284768,2.1540072884163215,0.6176227122258194,0.06802643198189492,9.411155506173042,0.019432238128204354,0.0,37.01086253090699,case_42_0015,case_42_0015_cycle_000,0,0.0,motion_instability,in_distribution,42,orchestra_phd_latent_simulator_v1,42,ok,,0.33644294827739557,0.795736327530518,0.3450018431842038,0.2362113222455541,0.23008040319129816,0.019887287232292758,False,14.266116499288644,17.545789163748324,low,train
2000.0808968010463,36.91429888805673,0.12168662060758827,17.572301819110898,1549.8603445136964,0.2941778331854299,0.4427956364799399,3.0,0.13308378199288085,0.09664889627475266,1.911002775249789,0.6418663454322836,0.12790180688556635,7.596596640914096,0.05990559485537066,0.0,53.56477431747859,case_42_0015,case_42_0015_cycle_001,1,0.5,motion_instability,in_distribution,42,orchestra_phd_latent_simulator_v1,42,ok,,0.28576631549549353,0.6887258852459246,0.42314829926903985,0.2781804211217211,0.21721993806071074,0.017131058961016327,False,12.114406939864775,15.797558870895326,low,train
1764.984600283472,34.23911530605943,0.15383009947282217,17.274907718728763,1396.0820344186427,0.2648405349286691,0.4700683392387254,5.0,0.14112117442175676,0.11753282633409266,1.9246466965604123,0.7009807606045466,0.06958829725629673,11.525139848600894,0.1683709093108804,0.0,29.11025482113784,case_42_0015,case_42_0015_cycle_002,2,1.0,motion_instability,in_distribution,42,orchestra_phd_latent_simulator_v1,42,ok,,0.2940302354248388,0.8411652410197927,0.4247248035420255,0.26953659780658723,0.21772651379476882,0.016069131030433677,False,12.752473194828893,15.093505748849593,low,train
1922.4050687733193,31.952082244770832,0.10757488900501855,18.733407005166143,1453.0369088889133,0.2686781227620938,0.39901108932336316,2.0,0.13750462649234924,0.08020157028062991,1.8873628306216748,0.5718022076831837,0.15849225354208435,11.542299684338856,0.09996368558570166,0.0,19.06943545698042,case_42_0015,case_42_0015_cycle_003,3,1.5,motion_instability,in_distribution,42,orchestra_phd_latent_simulator_v1,42,ok,,0.32506091557345784,0.4179752784878756,0.5607361431653294,0.2744517808663316,0.28543951122517014,0.028834006454212413,False,18.72396830213242,22.5824996547413,low,train
1954.5179584308655,27.534759332103448,0.125402503887477,17.494918136598184,1486.1615974509493,0.32524467946105545,0.32331179654412884,4.0,0.19918813373902602,0.11168224386001176,2.1004030270721565,0.7137603641505079,0.15003090657105617,13.71864796199524,0.14032644923984772,0.0,31.41545169235466,case_42_0015,case_42_0015_cycle_004,4,2.0,motion_instability,in_distribution,42,orchestra_phd_latent_simulator_v1,42,ok,,0.2812261182842098,0.9031342185617908,0.48695651760548125,0.2869546483181308,0.3031062743079508,0.02837539846995115,False,19.06688958829251,22.34430816744455,low,train
1822.0600233535001,34.95513106844542,0.1444061137732701,17.379384732541297,1443.3315551038409,0.25178524311403816,0.38415357460164923,1.0,0.177911638994823,0.123243984463632,1.9536680455957625,0.6525668539167064,0.15079098727616147,9.791202136987957,0.18021836181247103,0.0,30.52446617126026,case_42_0015,case_42_0015_cycle_005,5,2.5,motion_instability,in_distribution,42,orchestra_phd_latent_simulator_v1,42,ok,,0.23818888335969945,0.3296703630008212,0.43137103451514036,0.3005603830307287,0.2783241407201647,0.030927566199454828,False,18.879655299436138,23.646244206146033,low,train
1833.9556631162577,34.49633271316459,0.18207581684994437,16.05447438270032,1522.5931794204864,0.2552524554648982,0.4382489905747017,2.0,0.17079044082948713,0.1457021798104653,1.9822839232220943,0.5551388367981572,0.07297460319069565,18.105346939652712,0.14914881031136082,0.0,39.624723640038965,case_42_0015,case_42_0015_cycle_006,6,3.0,motion_instability,in_distribution,42,orchestra_phd_latent_simulator_v1,42,ok,,0.3434888898877347,0.49373546111733857,0.4572178001388027,0.31024209850711415,0.29173398833802333,0.0286568041687615,False,20.535326875242834,22.490691026918704,low,train
1745.7305312238877,40.15387951941551,0.09916632576665695,17.726881883155635,1534.387497937104,0.27282424649115544,0.3831046157952328,6.0,0.1980305238205105,0.08384959887614545,2.006430526432253,0.6145824344059341,0.11239452396784676,7.87466778819026,0.03471270975351508,0.0,34.923333591397736,case_42_0015,case_42_0015_cycle_007,7,3.5,motion_instability,in_distribution,42,orchestra_phd_latent_simulator_v1,42,ok,,0.30001212678933403,0.6008441796552322,0.6439031824362593,0.3424948916753554,0.3305413859658348,0.03164408467186709,False,18.58549946887959,24.001760088800957,low,train
1949.073900409493,39.152636554829826,0.13642671754613253,19.169582959772622,1515.5310929232267,0.3203195931910963,0.4050893872387411,6.0,0.16489591300236386,0.11762545762856635,1.868642622035302,0.6649601370943524,0.06773510162137782,12.018111750610554,0.08883644565434015,0.0,30.20557977591144,case_42_0015,case_42_0015_cycle_008,8,4.0,motion_instability,in_distribution,42,orchestra_phd_latent_simulator_v1,42,ok,,0.33923474152226035,0.7876231786425325,0.41932867610794405,0.3348822617384569,0.33598028500292443,0.03439054317734299,False,20.716399812591334,25.326625607071417,low,train
1789.213596274461,32.10664539333469,0.15212377911394726,17.51893630612213,1572.376289439526,0.27423050286889994,0.41204561865626954,6.0,0.16791778724663414,0.15471626046162987,1.995276367999274,0.6104210495897049,0.12867978363837024,19.52527956467749,0.12376403990711335,0.0,47.085022623620596,case_42_0015,case_42_0015_cycle_009,9,4.5,motion_instability,in_distribution,42,orchestra_phd_latent_simulator_v1,42,ok,,0.31958210295337125,0.9687341795797024,0.5305059667629299,0.35055685692841665,0.33886184796221613,0.035949696530695664,False,23.35680898134667,26.053488355768256,low,train
1871.8500304586953,31.967655879262765,0.10394746998166954,18.253725581312043,1374.8495205796787,0.30551374828996014,0.5051476886413756,5.0,0.1953671478973374,0.1540549286027406,1.937234948073027,0.5954362677855856,0.17618079918682095,12.766274165169566,0.13657146586740906,0.0,57.107605494229034,case_42_0015,case_42_0015_cycle_010,10,5.0,motion_instability,in_distribution,42,orchestra_phd_latent_simulator_v1,42,ok,,0.37068761497287667,0.3740973424723738,0.5291504625091313,0.3645349953999538,0.37750408705428806,0.03295269243236733,False,20.35305005323,24.640335974586844,low,train
1723.576984640716,38.894983227694354,0.03031423438723542,18.309068178747264,1398.652117480335,0.28654655272228674,0.4738046934774644,4.0,0.23652006005458168,0.1262951354216072,2.03387223309626,0.6584099508544383,0.12356445581073003,18.537265413488992,0.14846862917252054,1.0,65.71686039921254,case_42_0015,case_42_0015_cycle_011,11,5.5,motion_instability,in_distribution,42,orchestra_phd_latent_simulator_v1,42,ok,,0.3914907928800915,0.8381733087570689,0.6053956872619048,0.3756267503720467,0.3428544889615252,0.04068892443805034,False,24.304802567527005,28.16077259811388,low,train
2092.3521937573837,29.635022075095286,0.17046251841030752,18.416524858660647,1554.1097040862587,0.2892588143987952,0.380113438690403,3.0,0.20472476847302973,0.12763549572179905,2.1087199095112954,0.5852464509045503,0.049695379328354404,15.729972724263463,0.15089483085451386,0.0,54.557266032287906,case_42_0015,case_42_0015_cycle_012,12,6.0,motion_instability,in_distribution,42,orchestra_phd_latent_simulator_v1,42,ok,,0.4995611311130524,0.7538240699904291,0.6204198565244219,0.39918194951410696,0.3725321653003048,0.0393878878163198,False,23.22443759975728,27.59680888539384,low,train
1826.395713566562,35.89939067965406,0.12005614796780972,19.602844115823313,1595.629514913736,0.26015587820229336,0.45911921465217814,4.0,0.17491231869511287,0.1425308084277462,1.968656829386488,0.6081763892732375,0.1565705809113944,14.84477407611655,0.21250272002541254,0.0,70.21332260825,case_42_0015,case_42_0015_cycle_013,13,6.5,motion_instability,in_distribution,42,orchestra_phd_latent_simulator_v1,42,ok,,0.4883704340312795,0.9262566133682715,0.601580932517733,0.39432545410746694,0.37727166945558965,0.04346472433542944,False,23.883056420266232,29.329815044788628,low,train
1942.520997036076,36.252060150905585,0.14680312594514736,18.363506135637316,1555.930695345325,0.3169667888758911,0.3387127637256908,1.0,0.23421196278349113,0.1504742009757527,1.9771918096294434,0.5631571496019641,0.10659205228597281,17.616851326634052,0.1257322009794808,0.0,70.35509992829854,case_42_0015,case_42_0015_cycle_014,14,7.0,motion_instability,in_distribution,42,orchestra_phd_latent_simulator_v1,42,ok,,0.48659910433035924,0.612024550868292,0.6706736862460765,0.4026197402954527,0.422720336759038,0.04999145054969763,False,26.151712428308272,31.911819979898205,low,train
1849.4880431368485,39.70985369335723,0.16048649625171396,18.396955673033414,1371.4279236603525,0.2993586909804625,0.43093918326549596,0.0,0.23904611853089575,0.1554152410030059,1.9882571405216154,0.6416764800301167,0.13230520041022395,15.932978660492774,0.23908923019900397,0.0,42.12236186610024,case_42_0015,case_42_0015_cycle_015,15,7.5,motion_instability,in_distribution,42,orchestra_phd_latent_simulator_v1,42,ok,,0.4886064874075706,0.7816474706621048,0.6231965107870873,0.4237798500062975,0.41073449840767645,0.052058145065179064,False,26.173008770115576,32.68519756148932,low,train
1973.1243384284346,35.508684242178816,0.12750839097875824,19.231500816276775,1452.7377847550856,0.29056032237894114,0.3539124891677765,6.0,0.24361924099484744,0.15833987187801776,2.001827357805459,0.5530047616362405,0.11703367886619964,17.421994730869837,0.12830952059237097,0.0,45.358764826813385,case_42_0015,case_42_0015_cycle_016,16,8.0,motion_instability,in_distribution,42,orchestra_phd_latent_simulator_v1,42,ok,,0.5884381346574162,0.9042844805462704,0.6373649779128313,0.44734149540153334,0.46451930261445534,0.06044486356046749,False,28.04334076239985,35.63296038049564,low,train
1998.5891190727166,37.326004868708836,0.15647715101863563,19.891749861700973,1433.3749831948314,0.3014563177109039,0.38452825703859017,3.0,0.23551385830272573,0.1209518973308233,2.052649972589615,0.6355807231980926,0.10463230335016985,17.4332344707497,0.13096059190816145,1.0,52.58998661797424,case_42_0015,case_42_0015_cycle_017,17,8.5,motion_instability,in_distribution,42,orchestra_phd_latent_simulator_v1,42,ok,,0.540588051061045,0.48142244238510173,0.5554976680643878,0.4360254097013137,0.44600762359619994,0.058874813497560415,False,27.88045083620119,35.102868102942,low,train
1855.3132014093746,37.664896527568,0.09453602651655826,20.11568709129847,1531.4528047026374,0.274597712584911,0.40836027674106523,6.0,0.25456688423671503,0.15249947988555784,1.9301559654905913,0.6346432149491827,0.08595780815622035,18.656870481022583,0.10905626210085502,0.0,61.46609569145052,case_42_0015,case_42_0015_cycle_018,18,9.0,motion_instability,in_distribution,42,orchestra_phd_latent_simulator_v1,42,ok,,0.5894196628422438,0.7879730321382767,0.5433942180277681,0.46745351868324286,0.47281705700618365,0.061655562290352,True,28.78235414952629,36.03535068535887,low,train
1809.4989636945893,30.017714325990617,0.14193292273970398,18.10327126506309,1443.8046351687822,0.3445633940691512,0.3454608898273132,4.0,0.23289671914564147,0.1588678476262604,2.0685212112952684,0.6219261076031982,0.09902763147641205,16.614640257787784,0.12943895085884266,0.0,76.38943784540506,case_42_0015,case_42_0015_cycle_019,19,9.5,motion_instability,in_distribution,42,orchestra_phd_latent_simulator_v1,42,ok,,0.6528120564428219,0.8241437835342806,0.7577158384569758,0.47994719324002005,0.47468176756064856,0.05755538803265315,False,27.392309611297588,34.64995957536688,low,train
1811.394542992309,34.154465394234734,0.07649919917934431,18.562926506555684,1370.5502384788354,0.3147004424791049,0.4330339127377428,1.0,0.0768338240355771,0.0,2.035371989865791,0.6398697733244884,0.06895867147953456,4.520041558801326,0.053711205931414686,0.0,44.48802197285712,case_42_0016,case_42_0016_cycle_000,0,0.0,normal,in_distribution,42,orchestra_phd_latent_simulator_v1,42,ok,,0.3532454301633274,0.937116455248356,0.2509639452918261,0.1286188680983308,0.03689939653365601,0.009227149536467267,False,4.988758333859921,10.04099664530445,low,train
1812.1231502316411,34.363507727986025,0.11147239755379287,17.652081580971277,1420.4137348918484,0.3436896207736333,0.432518732012181,5.0,0.08640559464322269,0.06426944852009639,2.1288406339931543,0.6229008279157262,0.04815624053380347,7.771546874737069,0.05683080154987841,0.0,18.908142470588384,case_42_0016,case_42_0016_cycle_001,1,0.5,normal,in_distribution,42,orchestra_phd_latent_simulator_v1,42,ok,,0.27297587057940875,0.9160138945322982,0.5270715866318711,0.127661048875644,0.06680994407198164,0.01196552561456916,False,8.604184512674342,12.184688836329466,low,train
1866.901949784809,32.126358181892606,0.10222158859322458,18.280417869990604,1387.5126884426832,0.2711963633993971,0.3907801278943065,0.0,0.07795461725790144,0.008825558805828505,2.10541896021656,0.6184425119247093,0.08193148555841372,2.3788341905105987,0.11487281704410944,0.0,23.933007024651374,case_42_0016,case_42_0016_cycle_002,2,1.0,normal,in_distribution,42,orchestra_phd_latent_simulator_v1,42,ok,,0.3446149075458508,0.6295717475986962,0.4711992600581555,0.13952829904911074,0.04417107478549534,0.00971072642131384,False,4.852330036681635,10.433599127012817,low,train
1834.6046613662131,33.558842574650484,0.07572162377859375,19.18915299743067,1486.028000708785,0.288273086080749,0.4023596924094104,2.0,0.10095096132922499,0.016866451429432796,2.083174616002947,0.6375676160893599,0.07717024599821568,2.9891612631550566,0.12654052870274035,0.0,49.58685054022924,case_42_0016,case_42_0016_cycle_003,3,1.5,normal,in_distribution,42,orchestra_phd_latent_simulator_v1,42,ok,,0.35144139286408926,0.8239683533848463,0.7375856295369763,0.13356680613348815,0.029461958943356122,0.00871455432900935,False,3.9504366186252415,9.617522118072197,low,train
1804.358566276598,37.90416147604523,0.0657544546883661,17.08111829692106,1429.101307355456,0.3052938098452199,0.42087765068968946,6.0,0.09925076716735509,0.04654650392985678,1.8675944382734604,0.6104281975213978,0.03839431428497737,6.034199686857654,0.14219954386445613,0.0,60.11636747041655,case_42_0016,case_42_0016_cycle_004,4,2.0,normal,in_distribution,42,orchestra_phd_latent_simulator_v1,42,ok,,0.32169798015158996,0.3795606594892904,0.7098130696972492,0.14613025736674493,0.011527480509766229,0.012198609180275656,False,8.27634193661753,12.358882933392874,low,train
1954.5150567403468,36.05984353039688,0.10621287784285241,17.66981751444285,1465.3527330303916,0.2940407759426326,0.46754655265657374,4.0,0.09757820347917892,0.05327784811686094,1.9556781118461382,0.6844576959852041,0.12567585561248776,5.183665668253846,0.10534192390345935,0.0,27.246570740888185,case_42_0016,case_42_0016_cycle_005,5,2.5,normal,in_distribution,42,orchestra_phd_latent_simulator_v1,42,ok,,0.3388345042050606,0.42950549931144555,0.5400969642708039,0.15562904198611574,0.03024710181425016,0.012568123385867618,False,8.287952741085105,12.632625390950977,low,train
1846.1878129057902,33.09124312292266,0.10992894929273446,16.679382220325373,1566.3470232214722,0.29696967049525225,0.37784562863648874,3.0,0.13543526709863293,0.007117037770757097,1.9648815277570475,0.5884547268911176,0.0515972844694925,7.272396198912102,0.02642483751508912,0.0,51.891041510800875,case_42_0016,case_42_0016_cycle_006,6,3.0,normal,in_distribution,42,orchestra_phd_latent_simulator_v1,42,ok,,0.2813680364415528,0.8616381685618195,0.46240323803712946,0.13958547017833622,0.035957427070468215,0.008952328311344694,False,5.506235198720985,9.814917629743903,low,train
1843.5683053989553,40.6486813479982,0.11590873440934882,19.140237301715512,1450.6965338699122,0.2704599436561129,0.45629511829515784,3.0,0.11679190188667107,0.05915272507189365,1.9649761054146118,0.5889292567210993,0.056342613226960755,0.24963424843219784,0.0,0.0,23.691005618050834,case_42_0016,case_42_0016_cycle_007,7,3.5,normal,in_distribution,42,orchestra_phd_latent_simulator_v1,42,ok,,0.3213906138186181,0.4981707251279712,0.4280618581057951,0.16201250387812027,0.0436544447056433,0.011988600976162124,False,6.351592577465355,12.201987448041054,low,train
1806.5191686711576,35.60216536909086,0.11600170952204882,18.108606839014918,1550.3408112081038,0.3018584321560194,0.3797672510105915,5.0,0.08320633545870973,0.038915488321196595,1.9547967973071645,0.6552772606795021,0.11297992736411709,12.240717424482817,0.14210494292864514,0.0,35.52940681630303,case_42_0016,case_42_0016_cycle_008,8,4.0,normal,in_distribution,42,orchestra_phd_latent_simulator_v1,42,ok,,0.3651447260506897,0.4467143258880545,0.39733441407471215,0.16125801347610594,0.04734599824032455,0.010727343762070659,False,8.892958704640302,11.23856276730682,low,train
1947.3549364018784,33.54371357409434,0.09181061686609246,16.384749819682025,1600.0176973561445,0.31389077913038765,0.3305709954088928,3.0,0.08286771964891644,0.0456675119084655,2.0162968428788166,0.5984781063580491,0.11079385394944732,4.231694915159109,0.08400605294745679,0.0,29.527312548993297,case_42_0016,case_42_0016_cycle_009,9,4.5,normal,in_distribution,42,orchestra_phd_latent_simulator_v1,42,ok,,0.32101927682739284,0.8959579575206342,0.6009421919153934,0.14827935913680676,0.07548512193802867,0.012794614073460506,False,8.200669812779793,12.798982843013276,low,train
1899.8401547120718,39.44912040951,0.1440685349663858,18.344197581088636,1392.4439687705687,0.31287476021011823,0.3745145198261075,1.0,0.06014956655667889,0.045073878244773206,1.9580927082197555,0.6997563514677402,0.09308811632081504,7.7616893785578345,0.08878583873600265,0.0,76.41998824986821,case_42_0016,case_42_0016_cycle_010,10,5.0,normal,in_distribution,42,orchestra_phd_latent_simulator_v1,42,ok,,0.36981667123776535,0.5903674725803885,0.5502189049608284,0.16541736564665702,0.06399084662880247,0.014160605683557457,False,10.273995042903335,13.780366083439791,low,train
1812.768783285733,33.50691409552256,0.09348002512240002,17.923989160838776,1525.5373748746545,0.31815710700952443,0.4664536745462439,4.0,0.09984867138827572,0.07761262938460499,2.0969275789940025,0.6295407045115283,0.04477150562867819,7.515741907882902,0.08150533242680455,0.0,19.20756733745216,case_42_0016,case_42_0016_cycle_011,11,5.5,normal,in_distribution,42,orchestra_phd_latent_simulator_v1,42,ok,,0.37405121532956903,0.602563650607414,0.48319155933496216,0.18936573435661933,0.05646031444219854,0.01109145953663188,False,7.761840183128433,11.520538443958548,low,train
1761.9607957019512,34.8519581537584,0.089784726587844,18.684399960520008,1460.653329250635,0.33525149172910496,0.3932047304282299,5.0,0.09073810051859761,0.06538027018465675,2.0004335996660267,0.5878895158745029,0.10441389303513118,8.66584518129618,0.1698635305694982,0.0,52.105001476727935,case_42_0016,case_42_0016_cycle_012,12,6.0,normal,in_distribution,42,orchestra_phd_latent_simulator_v1,42,ok,,0.40197165170311244,0.5430612031607975,0.6424945662520635,0.17149744400100048,0.04896537240265988,0.011561768878038326,False,8.524879877342464,11.880079570797013,low,train
2004.798124344556,34.70805842508039,0.1446465525262939,18.108221587448252,1542.5867384586095,0.33540705879803784,0.39206166309836676,2.0,0.05567582413407639,0.02558836448192371,2.0581194286564757,0.6581085387470897,0.11294990111027714,3.6780181306956656,0.07126832411829646,0.0,51.02965336871942,case_42_0016,case_42_0016_cycle_013,13,6.5,normal,in_distribution,42,orchestra_phd_latent_simulator_v1,42,ok,,0.3526629010375698,0.5048475638334796,0.40758118206172533,0.17926865816029472,0.037418392216447355,0.01337783716396279,False,8.512562316964182,13.222505143587155,low,train
1746.100747874812,37.529548682167075,0.0843828999636722,17.721024742264913,1446.7738303213307,0.32172453323970834,0.4257249455740105,6.0,0.06493793070788989,0.09229682673485677,1.988432056487559,0.6657798564428847,0.11957270908287713,9.436790563036672,0.07357018906988566,0.0,43.046855666032904,case_42_0016,case_42_0016_cycle_014,14,7.0,normal,in_distribution,42,orchestra_phd_latent_simulator_v1,42,ok,,0.42370751873268986,0.7561913312830434,0.44774317277069503,0.1892896417387278,0.05193729971701002,0.011011830460179091,False,8.265555699261988,11.459146804881428,low,train
1939.706679835892,29.913817929895828,0.08858830136638893,17.33003399019247,1442.6488280101062,0.2732635885335566,0.3601921476756396,3.0,0.10571378253483901,0.06869904352776268,1.9986719011886862,0.6163001515068823,0.1072654047396179,7.907133047450433,0.04569139903889965,0.0,42.3550053701193,case_42_0016,case_42_0016_cycle_015,15,7.5,normal,in_distribution,42,orchestra_phd_latent_simulator_v1,42,ok,,0.42537362411380336,0.962701627482355,0.6190652081991876,0.21194611113772382,0.03986450422472188,0.011895625672543039,False,8.648534091594758,12.132215724781295,low,train
1838.0208278314083,36.210758847456944,0.1128073733413842,17.461974363869196,1484.4438665786197,0.30091271524165897,0.292539883029884,2.0,0.0954360268226848,0.05546407177494313,2.0813020352610456,0.6243459204020397,0.057952654488460195,6.74088104860121,0.04001210154488729,0.0,56.90137184053861,case_42_0016,case_42_0016_cycle_016,16,8.0,normal,in_distribution,42,orchestra_phd_latent_simulator_v1,42,ok,,0.3901509004066055,0.5283112769379315,0.476215017333507,0.20945187071492835,0.08882968787659937,0.012617931412820305,False,8.871995033024692,12.66930164468467,low,train
1866.4394899154884,41.732080485931455,0.12450812549883776,19.18818542638622,1571.5896636090297,0.3010335607005295,0.3870851628338063,5.0,0.07158161142798171,0.04863868782358062,1.8960696987937338,0.6109752140053044,0.07462098251501423,7.013520347371609,0.11730058581367879,0.0,59.68621880798264,case_42_0016,case_42_0016_cycle_017,17,8.5,normal,in_distribution,42,orchestra_phd_latent_simulator_v1,42,ok,,0.44946866161732774,0.4990301997315551,0.3995299124251828,0.192705945576812,0.08161329877158806,0.012438789785901416,False,8.73129363954653,12.537145165593685,low,train
1787.7832299583097,32.384613825280574,0.07031826090081877,19.068388596610973,1419.8003777324566,0.2891205371106805,0.37258363371087677,2.0,0.09543379407000056,0.044700595346774674,2.04425295102291,0.6217186909598448,0.10127315349760477,4.092799265885335,0.1138889896695688,0.0,59.947214217624555,case_42_0016,case_42_0016_cycle_018,18,9.0,normal,in_distribution,42,orchestra_phd_latent_simulator_v1,42,ok,,0.4109759252608931,0.8659845506134107,0.6111458531381956,0.19792239343661033,0.06998281686304557,0.011071536379497733,False,6.726304591813093,11.5051925299103,low,train
1855.6526308151922,33.04140076891877,0.09395429706260823,18.54083223981038,1378.4999688662788,0.31035668677865846,0.4564162005727486,3.0,0.09050194383831472,0.017863955651848847,2.0062247174375463,0.6155843572449772,0.06095080459338856,12.335556084685331,0.16775268780694352,0.0,55.009421677049524,case_42_0016,case_42_0016_cycle_019,19,9.5,normal,in_distribution,42,orchestra_phd_latent_simulator_v1,42,ok,,0.468142992218634,0.9480617234209423,0.4815019956928155,0.2197141765640659,0.084132025520864,0.01340112215447329,False,11.174381549412034,13.2392719672071,low,train
1834.8274839682335,39.91273639797499,0.09623302443429652,17.698984617382255,1423.7287412652913,0.2882155621226564,0.3570155662287061,4.0,0.08313902395239593,0.05058919975350695,1.9347592635850592,0.6394879059554257,0.08042685661259352,7.182086478940878,0.0262620292497222,0.0,29.483724123485423,case_42_0017,case_42_0017_cycle_000,0,0.0,normal,in_distribution,42,orchestra_phd_latent_simulator_v1,42,ok,,0.317118307233186,0.9590057936677767,0.4405098843032242,0.1230949939814091,0.0,0.008249099295070622,False,4.682977442886537,9.226116175456287,low,train
1866.03039695984,35.60546116799385,0.0870622239400745,18.183268654519303,1362.618261862333,0.27227811300427407,0.3629723685912521,2.0,0.06988705053500543,0.03549400108846926,1.9848777508160933,0.6240866672659422,0.15594662082184388,6.877085721339048,0.041258808479872434,0.0,35.2434027408678,case_42_0017,case_42_0017_cycle_001,1,0.5,normal,in_distribution,42,orchestra_phd_latent_simulator_v1,42,ok,,0.3529212614694428,0.39845964661416555,0.5774893241249678,0.13978879995845292,0.0308241168655278,0.012702591775143041,False,8.976481889164722,12.731521874959558,low,train
1878.774704190066,33.08070274148718,0.09433252611387116,18.503499516665407,1491.1430992997164,0.2993244433864122,0.3592628090852687,0.0,0.11159378741954237,0.04011363453513821,2.0161853050230123,0.6689693488589538,0.11368022508309598,3.306300359524662,0.10551220380938253,0.0,29.016817969110875,case_42_0017,case_42_0017_cycle_002,2,1.0,normal,in_distribution,42,orchestra_phd_latent_simulator_v1,42,ok,,0.2324591074147721,0.9636241377389605,0.40777761396840684,0.13463717718856405,0.03146130866936607,0.012158890985633579,False,7.391100609114915,12.32928382359167,low,train
1917.893297081682,35.896334746413345,0.08102944144453168,17.127472909223115,1427.0050802677358,0.325843251926271,0.459789183894855,1.0,0.0774796735556049,0.005420705171600711,2.012183774964953,0.6238861096540413,0.05665580575852519,5.184789362660316,0.11515797857832175,0.0,59.25142498510809,case_42_0017,case_42_0017_cycle_003,3,1.5,normal,in_distribution,42,orchestra_phd_latent_simulator_v1,42,ok,,0.20146891146951035,0.7709474150940059,0.32283500228370476,0.14514261797793995,0.015636981395429746,0.01127222009257744,False,7.19466251762296,11.65933909628519,low,train
1760.7019283490258,32.78468638692909,0.09705369001114172,17.62459365955613,1472.4841171738267,0.280512932162081,0.4485716660537026,1.0,0.06385940465575848,0.06791166245242262,2.131308410965528,0.6776585204003498,0.09809205524592664,4.171625349637643,0.06481480454303457,0.0,31.477276947984286,case_42_0017,case_42_0017_cycle_004,4,2.0,normal,in_distribution,42,orchestra_phd_latent_simulator_v1,42,ok,,0.22786736774496305,0.6635276902965501,0.4800985136232376,0.1491079186638815,0.05221817151582335,0.010153662573295898,False,5.873513216988691,10.787614679999882,low,train
1845.309405388463,33.32456664902771,0.10683372184896786,16.216692290393876,1495.8211304798592,0.37761674767933046,0.36180283393316803,6.0,0.039241831138009456,0.035588047740280786,2.084382962755071,0.6629544542610937,0.14629161894014486,7.823073363755549,0.0,0.0,54.12020680099775,case_42_0017,case_42_0017_cycle_005,5,2.5,normal,in_distribution,42,orchestra_phd_latent_simulator_v1,42,ok,,0.25742100156591047,0.4498673440707485,0.31298515492436374,0.1603839467283395,0.02885589590107552,0.008744720262051319,False,5.472714455491016,9.642659081887839,low,train
1883.3923882119325,35.6865428558571,0.08643764465140719,17.04298317955981,1444.1031424421492,0.2823980114672658,0.5095357949027187,1.0,0.0708893697763193,0.07589866866297,1.9649199600261777,0.6307160186854005,0.06472591469276223,2.358295701278647,0.08074679682813374,0.0,21.862032910118884,case_42_0017,case_42_0017_cycle_006,6,3.0,normal,in_distribution,42,orchestra_phd_latent_simulator_v1,42,ok,,0.35543087449633193,0.5848000145850105,0.49305750842898693,0.15805142366025926,0.0061265133399734766,0.010343008057657886,False,5.482617488126598,10.93737663794607,low,train
1773.3922216779251,34.284671231946874,0.08401941398842584,18.68089575235608,1435.2981543722922,0.32148937911336717,0.4371609020421414,3.0,0.028300613947653742,0.04983952516591615,1.923472451044379,0.6159146400507515,0.09632319867430893,6.165876369726653,0.09400709478573235,0.0,57.379391737749756,case_42_0017,case_42_0017_cycle_007,7,3.5,normal,in_distribution,42,orchestra_phd_latent_simulator_v1,42,ok,,0.347503721215556,0.8595157256562711,0.6016400204547304,0.16974352109456495,0.05714686027470252,0.011115732477418093,False,7.387482187236694,11.539221993927857,low,train
1778.4836536720518,33.55170339803132,0.08711136597334676,17.55923923378275,1496.6025841010337,0.2762528732021559,0.3683430257124419,4.0,0.04987664731675918,0.04252987159162489,2.056670873261864,0.5846388249994973,0.08103684773063533,6.43050681807953,0.09131178570109719,0.0,44.85408067015413,case_42_0017,case_42_0017_cycle_008,8,4.0,normal,in_distribution,42,orchestra_phd_latent_simulator_v1,42,ok,,0.25697710608156094,0.5156658343040061,0.46701095117455854,0.17392562970291542,0.029135164779932096,0.01263230962684185,False,8.742934394899649,12.679879360207458,low,train
1982.4258838523408,32.07154900848031,0.13756994854816562,17.476410781103375,1328.1207031165436,0.30109547338332293,0.5122779285648767,0.0,0.014835224799570855,0.028748622734304632,2.0066752777327075,0.6413937429715738,0.06508408244428196,7.744906683785083,0.02993389149375235,0.0,48.20215313617073,case_42_0017,case_42_0017_cycle_009,9,4.5,normal,in_distribution,42,orchestra_phd_latent_simulator_v1,42,ok,,0.3643537824523609,0.7861833207443931,0.4826683820419897,0.17729868285397304,0.008993707276169376,0.010345458750757826,False,7.067473601512026,10.939308956452479,low,train
1857.5201875846865,33.38102544778603,0.16950990242034658,18.292023160059024,1439.324200989716,0.28243657414615775,0.44681975155944903,3.0,0.042337414005778846,0.08876966662536517,2.0567987829317156,0.6390133119334838,0.11029721322232339,6.93324175633332,0.12235313866171099,0.0,56.011127231603524,case_42_0017,case_42_0017_cycle_010,10,5.0,normal,in_distribution,42,orchestra_phd_latent_simulator_v1,42,ok,,0.33164420673800715,0.9589280158065856,0.4533071653451934,0.18311430882003152,0.04882431962672354,0.012267774807325375,False,8.572632578782763,12.41034527015541,low,train
1864.031731539645,36.0298863072321,0.1419465768857353,17.08950193213228,1463.4638266983106,0.3463797448878872,0.5114191998568883,2.0,0.0434159449556746,0.022101575702721428,1.9516466032195283,0.6654668688866592,0.027442230378129037,11.136864850601807,0.052713964943146785,0.0,69.34602900456393,case_42_0017,case_42_0017_cycle_011,11,5.5,normal,in_distribution,42,orchestra_phd_latent_simulator_v1,42,ok,,0.4284880029708954,0.7223598958446373,0.5626866840381645,0.1782298396210811,0.01890260287677955,0.010337786655708907,False,8.167611249805518,10.933259163152897,low,train
1857.247828294374,35.88200749917352,0.10615945947687529,18.045674485479626,1403.6216615732794,0.3140470392152082,0.507201407256651,4.0,0.09021059850115706,0.031564834498562275,2.0031497336095776,0.697351436850864,0.07098904142835898,7.74447165029341,0.041960773682643726,0.0,26.790257259835993,case_42_0017,case_42_0017_cycle_012,12,6.0,normal,in_distribution,42,orchestra_phd_latent_simulator_v1,42,ok,,0.41061185631831965,0.929302767628698,0.4458749950473425,0.18867589503536053,0.06136189602822709,0.012158895413783007,False,8.688363403503155,12.329287125488788,low,train
1803.659983321773,35.966706865610355,0.1052525673701799,18.539503689521812,1490.0302709286261,0.3315653982607556,0.43739141275272847,2.0,0.06337482104485663,0.06505898078867009,2.0140345245245936,0.6380024931564892,0.07884829861432407,10.516267041225401,0.042878639614499156,0.0,45.55415604420962,case_42_0017,case_42_0017_cycle_013,13,6.5,normal,in_distribution,42,orchestra_phd_latent_simulator_v1,42,ok,,0.4644442084423108,0.45182828899989735,0.5402400743020633,0.19745262290167107,0.046367117307508955,0.015231437309292262,False,11.874866164908275,14.525011985637807,low,train
1916.701952965988,31.98152240503082,0.12222501631010262,18.23089759597919,1496.3903160134137,0.3097790860736674,0.34048139533739047,2.0,0.05280878866865037,0.026539759677430774,1.9820674354834265,0.5938549535653939,0.09456180016020281,10.308589258253257,0.11408317901859731,0.0,53.91380719814112,case_42_0017,case_42_0017_cycle_014,14,7.0,normal,in_distribution,42,orchestra_phd_latent_simulator_v1,42,ok,,0.4658315997527583,0.4970384145254972,0.7094948311538176,0.19307349844253832,0.017508050142861904,0.011585335916172822,False,8.995549475944365,11.897960912048386,low,train
1869.0948141326044,40.0748726481295,0.07828348626449691,17.21742905738693,1433.3241302003353,0.2647212922482452,0.3578194305139738,5.0,0.08326075083825238,0.030409885507288487,2.0696083700377352,0.6254104103890386,0.15105969366136107,6.743144132958202,0.08722647255996836,0.0,41.699887075858086,case_42_0017,case_42_0017_cycle_015,15,7.5,normal,in_distribution,42,orchestra_phd_latent_simulator_v1,42,ok,,0.5518505004005604,0.4714714749797051,0.6362956599913705,0.22166800761910932,0.056065559622085474,0.013130606789938333,False,9.252160537074959,13.043814381855197,low,train
1720.7064263414686,34.95919574862294,0.064889394962544,18.33834386465965,1488.2257054309096,0.3584883299714099,0.47719907881851187,9.0,0.0664025713318656,0.021106571441065543,1.9258595149520987,0.6423018865943694,0.11070684698814345,13.279946375241408,0.1483448076840468,0.0,50.44723498090904,case_42_0017,case_42_0017_cycle_016,16,8.0,normal,in_distribution,42,orchestra_phd_latent_simulator_v1,42,ok,,0.4622867516094641,0.9723864306120196,0.6037802579184651,0.21536998283148004,0.02617905930859799,0.01350682516755657,False,11.526343695126634,13.315250701779108,low,train
1847.9063313466309,31.356573339864756,0.13152200911828396,16.984102121878692,1560.6759880229129,0.32801284987251983,0.43752197761378636,1.0,0.0826001555422431,0.048709920394503156,1.9636021620696957,0.6860534909735941,0.07416704208208338,4.155299416843486,0.08867024851366334,0.0,22.159390407771077,case_42_0017,case_42_0017_cycle_017,17,8.5,normal,in_distribution,42,orchestra_phd_latent_simulator_v1,42,ok,,0.565624690879591,0.514204705439504,0.6070685615324408,0.22418212499051765,0.04439626481646723,0.013066990974548574,False,8.433148069173983,12.99763572502594,low,train
1935.5677000862572,41.28419610791613,0.15935203937067496,17.899421981189768,1502.0882843443692,0.3260081268600509,0.45629629755307277,5.0,0.0610534559545632,0.030854956612642967,1.8662495272301949,0.6146191922759665,0.11686488539266607,7.5947352856865535,0.16841260674227898,0.0,52.88382271955466,case_42_0017,case_42_0017_cycle_018,18,9.0,normal,in_distribution,42,orchestra_phd_latent_simulator_v1,42,ok,,0.6296061042003023,0.6856251134144973,0.6994039386897759,0.2117510231837466,0.03427765148117875,0.014855010865887749,False,10.685270567451328,14.26560436593705,low,train
1910.436673716596,33.49741662932942,0.13266972626732046,19.36157823899709,1535.248079482035,0.3372541437969727,0.41781093109875733,7.0,0.07494015151215502,0.012833260415112053,1.974077531528731,0.6068705066641289,0.0466379663647657,0.0,0.05418633659986154,0.0,48.880889988969,case_42_0017,case_42_0017_cycle_019,19,9.5,normal,in_distribution,42,orchestra_phd_latent_simulator_v1,42,ok,,0.5357924606964755,0.7170352855851403,0.5173570029643404,0.23941745545013135,0.025332353266742342,0.01454201720321241,False,8.23935706961876,14.04798248923095,low,train
1859.0232385852087,29.797717821113608,0.09714622341562205,17.302262110433265,1407.7440118244165,0.3052732987582761,0.4989842917086047,5.0,0.05631651148588478,0.04880676127477443,2.0349360863486794,0.6294991810703539,0.11998197644847262,6.993874592469413,0.12391311868161259,0.0,25.349699420228852,case_42_0018,case_42_0018_cycle_000,0,0.0,normal,in_distribution,42,orchestra_phd_latent_simulator_v1,42,ok,,0.37349546810836765,0.36793425558656123,0.41511773610614455,0.07616721217281358,0.02277278826236966,0.011358770950988754,False,7.88184992171198,11.725526278891467,low,test
1833.1695292109841,29.618114625544212,0.06322043955871896,18.481522168940746,1496.407429132818,0.30288861305135634,0.42218060804228996,3.0,0.1110872287280178,0.09347869307009958,1.9950085212139137,0.6788338512018032,0.14065907280391565,1.014711243853668,0.14505845517832253,0.0,42.214464207331034,case_42_0018,case_42_0018_cycle_001,1,0.5,normal,in_distribution,42,orchestra_phd_latent_simulator_v1,42,ok,,0.18227203381460555,0.9555060672498836,0.36756790015597013,0.09041617019994415,0.016480702595573195,0.00891224082193274,False,3.587493115321779,9.781755670339752,low,test
1798.8768562541977,40.01915778901433,0.10283429532280051,17.076211072895955,1434.9816365417003,0.23881538005739714,0.4170008955171818,2.0,0.07688939925575428,0.05379302351025207,1.9891321369782264,0.628616069920039,0.047886840404775796,10.165246564557785,0.04068832353233932,0.0,45.87032762097517,case_42_0018,case_42_0018_cycle_002,2,1.0,normal,in_distribution,42,orchestra_phd_latent_simulator_v1,42,ok,,0.2514986193332891,0.5354729255802262,0.4899465689372047,0.09438108622413952,0.0,0.007965116339273721,False,5.268270367060185,8.983938903195536,low,test
1728.6134392876208,31.933882252222837,0.05757824699506689,18.0598885805524,1531.8640516260232,0.31406088828098505,0.48071473241002755,4.0,0.06991978179944844,0.008653245237039336,1.891907846222976,0.6158988450330568,0.10230621825245295,8.846074789312949,0.08510149274438672,0.0,24.35808641272379,case_42_0018,case_42_0018_cycle_003,3,1.5,normal,in_distribution,42,orchestra_phd_latent_simulator_v1,42,ok,,0.2702031304055528,0.9199153887688716,0.3843299404682299,0.11722613526794837,0.004561604990788636,0.008218559351757287,False,5.127752950487858,9.200197151987163,low,test
1860.652441812536,33.93673773067549,0.11416278220047911,17.64782579598132,1407.7888851108978,0.29403104188154733,0.4393716093262377,3.0,0.0496837192815827,0.02917046964036833,1.928839651476942,0.6494307010963023,0.029251925981802054,9.546504369163706,0.056699057182739966,0.0,0.0,case_42_0018,case_42_0018_cycle_004,4,2.0,normal,in_distribution,42,orchestra_phd_latent_simulator_v1,42,ok,,0.3633787428051107,0.5095893979378283,0.5647826436309399,0.10379881339378239,0.005401851717118781,0.007723991521428952,False,4.729047228617218,8.776222875961814,low,test
1830.1061573967247,33.75147276260109,0.07561403590629204,18.413284762159915,1415.7441847203002,0.26694869891513484,0.45421153028758,4.0,0.0565930754422943,0.05385135492590668,1.9892633673235045,0.6460606872188329,0.1312144551585921,5.32144107716343,0.10137404920406544,0.0,47.61833950479677,case_42_0018,case_42_0018_cycle_005,5,2.5,normal,in_distribution,42,orchestra_phd_latent_simulator_v1,42,ok,,0.3711818504549107,0.49705640494096875,0.538922621913992,0.11830845071328419,0.0021268858725555133,0.009694944589703528,False,5.740059519287137,10.420888450488446,low,test
1678.7376416139418,36.63886357776795,0.07837098068194585,18.572624894857203,1443.8857153642527,0.2960363468323454,0.4423715634391505,1.0,0.0526980153806932,0.061264089737882804,2.0808068583483914,0.6793182617259403,0.11994303354780238,7.10700330649329,0.061344469770805966,0.0,7.80246634475769,case_42_0018,case_42_0018_cycle_006,6,3.0,normal,in_distribution,42,orchestra_phd_latent_simulator_v1,42,ok,,0.3370629538425705,0.5628390624482227,0.33868340877392045,0.11228687231751311,0.0,0.00939687007105189,False,5.914499019696643,10.17953258022094,low,test
1799.2125140962714,38.72620171905059,0.08722861270578539,16.50511285026209,1452.2729808848253,0.37799614191512015,0.4222366650522099,3.0,0.10422587262720943,0.07571062794621279,1.9677434812376697,0.5519357058541569,0.09354826727343107,5.594812492989144,0.043482934298432765,0.0,12.997240373933112,case_42_0018,case_42_0018_cycle_007,7,3.5,normal,in_distribution,42,orchestra_phd_latent_simulator_v1,42,ok,,0.4752236027886923,0.4088322273882241,0.6473876991120651,0.1220723816888036,0.01919768973468293,0.009619169366919086,False,5.778175571546459,10.359764426072669,low,test
1843.7299622613598,32.97617093475366,0.1484987659544184,16.081556953823203,1330.8813212811451,0.33016319067459277,0.38555686587391047,3.0,0.1023496517857763,0.06564090651113877,1.9488814372658172,0.582949227560775,0.03131510063911638,10.211729970545083,0.12268136679382345,0.0,42.14458067510841,case_42_0018,case_42_0018_cycle_008,8,4.0,normal,in_distribution,42,orchestra_phd_latent_simulator_v1,42,ok,,0.47286935187433954,0.33621941637370356,0.6162260617178953,0.12863122526943202,0.01749125454554999,0.011998569365641823,False,9.336897754937654,12.209456678581967,low,test
1896.2892429353226,36.543907004306654,0.09815484037016248,17.98945036769577,1405.5226326188463,0.386544330029951,0.3491772691456754,4.0,0.10741616565569222,0.011352034067073663,2.0058629004068376,0.6428622729347354,0.09162499213148555,10.226064385074066,0.045414184573008075,0.0,39.39404234107651,case_42_0018,case_42_0018_cycle_009,9,4.5,normal,in_distribution,42,orchestra_phd_latent_simulator_v1,42,ok,,0.45984123248294534,0.8454947608038241,0.5912242205078053,0.13347147438480617,0.0329803559391518,0.009266052470524108,False,6.675758640552004,10.072823762625653,low,test
2055.5810954315734,33.718029841352696,0.09164519464783806,19.756512648686403,1422.3234454366316,0.31775709762491333,0.43027840840462006,0.0,0.06808678556555703,0.0657500152503246,2.041979407317187,0.6703172690244943,0.1622937526408481,7.196944249504245,0.11107377950750325,0.0,25.46668998061434,case_42_0018,case_42_0018_cycle_010,10,5.0,normal,in_distribution,42,orchestra_phd_latent_simulator_v1,42,ok,,0.4679740539578194,0.7386551627925455,0.47291343360128024,0.13795040051639942,0.008396967430147523,0.011477526062536342,False,7.943342998025638,11.816056581010619,low,test
1917.3411901446937,38.79973631548754,0.13443452163397474,17.31271625881795,1570.310343647438,0.3317597216389699,0.36468347633022347,3.0,0.06272207388285031,0.0,1.94462687116041,0.607217091730195,0.07577357038969945,5.5169036913342016,0.06286730196122442,0.0,33.3014899092589,case_42_0018,case_42_0018_cycle_011,11,5.5,normal,in_distribution,42,orchestra_phd_latent_simulator_v1,42,ok,,0.5713256152570326,0.37057615561770013,0.5826914022292692,0.16030231042847912,0.0037467113475789945,0.013021519537124084,False,8.78702338977551,12.96457767951003,low,test
1929.2675186832616,37.96811552890873,0.10668098113601716,17.693408859627553,1425.0607779414283,0.32303259966263886,0.5448923226507294,2.0,0.08045130854090198,0.053334044282602446,2.034136238405294,0.6557290949359307,0.0716583102545785,7.256102589189898,0.14212151125974137,0.0,32.65207405789311,case_42_0018,case_42_0018_cycle_012,12,6.0,normal,in_distribution,42,orchestra_phd_latent_simulator_v1,42,ok,,0.5278938280473042,0.7293868408641443,0.5302065285689701,0.14576704406795202,0.03082736588578403,0.011264970522120285,False,7.8594349735702576,11.653787230773696,low,test
1814.8093151640117,32.364318811801546,0.08195799860903205,18.774045328450583,1434.341131382497,0.29142877652340526,0.33820430295885845,6.0,0.09200196516098172,0.08989930896517588,2.0278071179342865,0.6186630995995138,0.11618095562490906,7.764611667104021,0.1472057449061554,0.0,59.41295870599667,case_42_0018,case_42_0018_cycle_013,13,6.5,normal,in_distribution,42,orchestra_phd_latent_simulator_v1,42,ok,,0.5115982915937486,0.4700475827716001,0.59591440391681,0.16357677328250708,0.012711083542416245,0.01249527243784278,False,9.003706286995232,12.578887026518219,low,test
1789.4442570593567,30.465419120298648,0.12828665559840022,18.393452819173742,1517.3196605774583,0.2712114152833382,0.4351066028510192,2.0,0.09155539289756778,0.0547253873716292,2.0413873978358374,0.5991499797662482,0.06323672295065765,4.613910387770834,0.21390717199040724,0.0,65.14314012914934,case_42_0018,case_42_0018_cycle_014,14,7.0,normal,in_distribution,42,orchestra_phd_latent_simulator_v1,42,ok,,0.6264018441194562,0.8768260391381646,0.5316456204854326,0.1747208107126476,0.002432398166522268,0.012184791521238513,False,7.852030413313236,12.348589524374486,low,test
1952.6760762075285,34.898513876262506,0.07277125807531346,17.360454501779905,1467.6503466623278,0.30308367961705307,0.4020543149577175,1.0,0.09285707920533201,0.015040777471214045,2.0195765292263177,0.6188742276893585,0.10452580827572283,6.7395189581304535,0.10261764393305176,0.0,24.962883830233125,case_42_0018,case_42_0018_cycle_015,15,7.5,normal,in_distribution,42,orchestra_phd_latent_simulator_v1,42,ok,,0.6219104513832704,0.9726166920280419,0.7118287525401411,0.17679930912065306,0.0,0.014325231776086123,False,10.116037641003262,13.896206184933416,low,test
2014.138710592615,38.618135781747895,0.11378123971270317,19.58454651227607,1487.1447685567084,0.3243904204637815,0.43486785838740255,4.0,0.0939973646841533,0.09105788237458397,1.8635354746758492,0.664790445051495,0.13264843819302344,7.630202375314923,0.015893400169252243,0.0,68.3108488758781,case_42_0018,case_42_0018_cycle_016,16,8.0,normal,in_distribution,42,orchestra_phd_latent_simulator_v1,42,ok,,0.637506304771305,0.48733219780006587,0.6526689128520049,0.18315038813758555,0.024573815215689982,0.011603619757362666,True,8.217824489995927,11.911824906075955,low,test
1769.5002949044742,37.93714578003923,0.1281644527776024,19.21174491341787,1531.132992323678,0.29439664823237804,0.4048463576739209,2.0,0.025468057205898516,0.05750971506600698,2.0756886922433493,0.5786678726688957,0.11873621790463007,8.699525850734085,0.17855981928001638,0.0,34.14409041186657,case_42_0018,case_42_0018_cycle_017,17,8.5,normal,in_distribution,42,orchestra_phd_latent_simulator_v1,42,ok,,0.6175216253332362,0.6315896687574629,0.6695023899456942,0.18619017450774814,0.0,0.01297682459267897,False,9.677564828791299,12.93204306430352,low,test
1910.3226787840852,43.007925736424376,0.18559460695534968,17.961820399895625,1461.611158349856,0.2890932496958525,0.3887470111228262,5.0,0.09743565648932967,0.0431697388940859,1.9296656485391743,0.6415009873721613,0.08783243098624346,3.9428511687558148,0.08102057398380441,0.0,44.739127489167345,case_42_0018,case_42_0018_cycle_018,18,9.0,normal,in_distribution,42,orchestra_phd_latent_simulator_v1,42,ok,,0.6696731326844636,0.9696945615246515,0.6387446703166391,0.19797061526897616,0.0,0.013384065124619043,False,8.567149920778396,13.226990765082574,low,test
1817.0805304411097,33.62255709503275,0.06168215663174916,18.705620335531968,1498.902619038392,0.3359790531716718,0.4274148945130001,5.0,0.048540828656313734,0.021582235225184442,2.0833606579659567,0.632917557088538,0.07880403849531341,11.002133517772807,0.16830876298963016,0.0,70.07525976333116,case_42_0018,case_42_0018_cycle_019,19,9.5,normal,in_distribution,42,orchestra_phd_latent_simulator_v1,42,ok,,0.731002799221724,0.5697028185413903,0.6541200513612759,0.1897038761807135,0.005947810330881742,0.012238279821494596,False,9.80806292916481,12.388412360064285,low,test
1928.0627950192143,40.56491603298604,0.07245046193405501,17.7426443830737,1402.9591952034416,0.29018939752598544,0.38723788445119306,2.0,0.060778166574071465,0.06547430675116286,2.051648577653481,0.6414278297652607,0.11456443259872108,5.580137419268009,0.11987153413605796,0.0,29.959126643462074,case_42_0019,case_42_0019_cycle_000,0,0.0,normal,in_distribution,42,orchestra_phd_latent_simulator_v1,42,ok,,0.7468176292971904,0.9082922943851897,0.8531920598460416,0.15251178944403718,0.02831297143410603,0.013621151277469608,False,9.224010287412803,13.397180378559929,low,calibration
1861.3656724524185,37.658733127382526,0.13204039053060576,19.461431855871307,1394.3312396963777,0.33897973294963896,0.2803557165696374,0.0,0.07876452329149092,0.07463699362702729,2.0009694756605247,0.6672275522846136,0.06327009200245931,5.721570193075402,0.0719557471887646,0.0,31.096403487901323,case_42_0019,case_42_0019_cycle_001,1,0.5,normal,in_distribution,42,orchestra_phd_latent_simulator_v1,42,ok,,0.7459924520476497,0.3723147781501985,0.7217091889375101,0.1523502758907836,0.04660033723480356,0.010848260273330086,False,6.974855148690966,11.332559523222981,low,calibration
1740.5186202627776,27.031286770681913,0.08973378778716475,17.434481594640634,1526.8528457467992,0.3223982281608491,0.46905958712965695,2.0,0.1257364289161236,0.1092376879570558,2.1016185065349653,0.5730490993963667,0.1457096832600058,7.18454139970478,0.17590756721960785,0.0,42.02115548323762,case_42_0019,case_42_0019_cycle_002,2,1.0,normal,in_distribution,42,orchestra_phd_latent_simulator_v1,42,ok,,0.7518071249093343,0.5514376349750258,0.7388188293111153,0.17666674316852632,0.04418404034079758,0.01106923877647544,False,7.562114466322386,11.503422179037383,low,calibration
1939.5201225796384,31.187424410025134,0.09751776795201762,18.26635215866986,1456.2682782717845,0.3271849405216266,0.3983666917034815,1.0,0.07648335590901482,0.05759351625703461,2.0686839540014743,0.6550834604326642,0.08102587044843583,8.787499186575793,0.035336054112606305,0.0,32.517225656048396,case_42_0019,case_42_0019_cycle_003,3,1.5,normal,in_distribution,42,orchestra_phd_latent_simulator_v1,42,ok,,0.6602372426936155,0.8757018699617551,0.7395488624960876,0.17055180024838767,0.0,0.014284272224113038,False,10.652725865497317,13.86743196618538,low,calibration
1904.480211377285,29.630456479742623,0.07475526094860523,18.53832525005921,1548.6636612775847,0.2792129372061689,0.42892217743376493,5.0,0.026432946781557304,0.01889418465798623,2.1245546973813734,0.6026482812975946,0.09495509651978198,0.024072144682192983,0.20523737062935335,0.0,49.434569175645564,case_42_0019,case_42_0019_cycle_004,4,2.0,normal,in_distribution,42,orchestra_phd_latent_simulator_v1,42,ok,,0.7260668919382584,0.5229524994392031,0.796353674907338,0.1708152252711717,0.04790897609034696,0.011871454430406565,False,6.183239349204564,12.114045328913221,low,calibration
1939.1392998107633,37.53455896583629,0.0758755164913949,19.274787203219503,1550.330683238009,0.3336854352024482,0.39048524107472043,2.0,0.10071368648671435,0.044939698820355235,2.0160958575410626,0.6137759602609386,0.0829014228210471,9.709843561454662,0.06792874154622341,0.0,3.217578424650126,case_42_0019,case_42_0019_cycle_005,5,2.5,normal,in_distribution,42,orchestra_phd_latent_simulator_v1,42,ok,,0.8005364403614625,0.5220084452710005,0.7856998199274883,0.1850567669443079,0.02944047781192117,0.014390853919524152,False,11.055401185233126,13.94224111938051,low,calibration
1954.4196843841269,36.57709793600609,0.1080579783582955,17.286282093189136,1530.2572710757954,0.3459640122741065,0.41867975738422,1.0,0.054128472878427716,0.029295090862784697,1.8701014077719966,0.6326642614972011,0.08843565186930571,9.284820057703582,0.10649937556401307,0.0,35.42410397381831,case_42_0019,case_42_0019_cycle_006,6,3.0,normal,in_distribution,42,orchestra_phd_latent_simulator_v1,42,ok,,0.67218286222767,0.7592294170019064,0.605410818169875,0.19191108214504987,0.04486996201715776,0.01342396205208181,False,10.118082138843722,13.255707853183887,low,calibration
1870.4749565505272,36.80231885210147,0.11747276179254536,18.58342679681951,1633.9803139785768,0.32214188509543407,0.4839513010739934,1.0,0.051710849892927416,0.06611659088298813,2.0179653268562037,0.6219800832842588,0.07441814428955203,4.469715099879448,0.09459397392235794,0.0,42.430156620388146,case_42_0019,case_42_0019_cycle_007,7,3.5,normal,in_distribution,42,orchestra_phd_latent_simulator_v1,42,ok,,0.70624720369776,0.7214622157073829,0.7712777077285877,0.18606994806208288,0.04011306951877081,0.014504062461421156,False,9.560719995547434,14.021471914418118,low,calibration
1829.3928945526807,37.05190308152551,0.11026868714460308,18.86479436346333,1395.6619712014049,0.3889376844670538,0.4784814387864496,3.0,0.058751003933394934,0.09008940651884234,1.876610773412856,0.5790825772846381,0.08328403242316276,10.971312819607409,0.1801557502544244,1.0,53.956228400119215,case_42_0019,case_42_0019_cycle_008,8,4.0,normal,in_distribution,42,orchestra_phd_latent_simulator_v1,42,ok,,0.7758504855114471,0.4182668594668437,0.7798407857017613,0.19478847186067377,0.02982658455856947,0.013423757865674756,False,10.702311764565735,13.255560963751458,low,calibration
1933.6274213347153,36.910752499145104,0.04374826482188074,18.65449918469727,1587.038065020248,0.35197385778016366,0.43364782166038796,3.0,0.0989220959359291,0.053943087204567364,2.01512766004936,0.6506117342877045,0.08044685537444357,4.349728812408437,0.08488237559801357,0.0,65.50638743227064,case_42_0019,case_42_0019_cycle_009,9,4.5,normal,in_distribution,42,orchestra_phd_latent_simulator_v1,42,ok,,0.7033346497678513,0.7332069277129054,0.6435063768040162,0.17844986682102024,0.0,0.012468353103806286,False,7.972372669563837,12.559001545128826,low,calibration
2023.0135007207025,36.15688645004831,0.15404423465764674,18.010436453648087,1362.006402172538,0.26296296277087244,0.39826510716560537,5.0,0.0850264637353561,0.07426298244561896,1.9662136688825917,0.5952181338858203,0.08940022650866816,5.34305604018496,0.22595416296084714,0.0,57.08828700686156,case_42_0019,case_42_0019_cycle_010,10,5.0,normal,in_distribution,42,orchestra_phd_latent_simulator_v1,42,ok,,0.6125833716229953,0.3057387821494949,0.5947319784812263,0.16874991737120754,0.024094806769353744,0.011709551097888704,False,7.66593478177425,11.991998994257381,low,calibration
1855.9183110551212,33.56091597434886,0.06513650801107487,17.738024529028344,1547.9032196858193,0.3459035908723916,0.4462175386091028,2.0,0.07481674850836767,0.07946482186272931,2.0058285111902694,0.609300773721557,0.09394139839924885,3.043398744359803,0.12333649311817067,0.0,34.75257635646561,case_42_0019,case_42_0019_cycle_011,11,5.5,normal,in_distribution,42,orchestra_phd_latent_simulator_v1,42,ok,,0.5492858228945723,0.9156936745076261,0.43942632879447807,0.19919728103388878,0.059397433046326636,0.012812243530322944,False,7.868089476204417,12.811886795010578,low,calibration
1947.68465465509,32.762966718975626,0.11904550735907211,18.040360905031623,1630.2041467777387,0.25915901152723775,0.46002640891584284,0.0,0.113466920598705,0.06487830362926914,2.121368295759233,0.6496537791569393,0.10340910408848458,7.582900149192682,0.06312767219564978,0.0,59.59418334449673,case_42_0019,case_42_0019_cycle_012,12,6.0,normal,in_distribution,42,orchestra_phd_latent_simulator_v1,42,ok,,0.6991278821891709,0.3791972164304017,0.549588282684502,0.20225219451635332,0.053289714000017856,0.013304460460739248,False,9.650241551712165,13.169598286168934,low,calibration
1787.689406348802,34.1426328318243,0.09231708351208179,18.079482889147915,1421.5889330512543,0.3513794153295699,0.37670778106910785,4.0,0.08941577757436758,0.06949397473668126,2.033950850457103,0.6735976889048906,0.14358797713798138,7.998360599523157,0.09399835837087465,0.0,39.59991254891294,case_42_0019,case_42_0019_cycle_013,13,6.5,normal,in_distribution,42,orchestra_phd_latent_simulator_v1,42,ok,,0.5998250320343782,0.8587378904103733,0.6542133616701321,0.2006935652844951,0.03383278889009665,0.012150123268708379,False,8.789799374191412,12.322745242230583,low,calibration
1792.524640473599,37.74206252948678,0.09826873948547227,17.809250890197593,1512.339324149783,0.3710604420082913,0.4687685356252376,2.0,0.09165168034548898,0.059772345166563726,1.9040840457262083,0.5924674527044169,0.09153734947560083,5.38464906440597,0.1668917198125403,0.0,45.55785728886393,case_42_0019,case_42_0019_cycle_014,14,7.0,normal,in_distribution,42,orchestra_phd_latent_simulator_v1,42,ok,,0.49788550666265063,0.9848818281175953,0.6557913956107541,0.2109218711189264,0.06300564984636381,0.013506043576133253,False,9.097056131338885,13.314689706675406,low,calibration
2027.273497200378,34.84553143637399,0.08550756200360107,19.08619479278172,1539.863388041366,0.30317507339949645,0.3382857588259515,4.0,0.01739476734417105,0.02589517639483073,2.040710403487066,0.6483964312351639,0.12613135164417916,4.202711724581626,0.22559507761537748,0.0,29.941119129895753,case_42_0019,case_42_0019_cycle_015,15,7.5,normal,in_distribution,42,orchestra_phd_latent_simulator_v1,42,ok,,0.5502741685654132,0.9934149172686471,0.8502438705604489,0.21760027848267607,0.05251721423448978,0.015173003733073013,False,9.953453544618618,14.484907212348002,low,calibration
1911.5470222985603,35.11032159556739,0.07474558573186939,17.767611239692414,1478.7843721556706,0.3303801259364494,0.4359617286494767,4.0,0.0742255276008506,0.06012435968913774,2.0609342764929184,0.6426813646103934,0.05337763375760877,5.75944564550706,0.11798020426892758,0.0,60.23049450572881,case_42_0019,case_42_0019_cycle_016,16,8.0,normal,in_distribution,42,orchestra_phd_latent_simulator_v1,42,ok,,0.48506613520297637,0.5237639183927215,0.6280763174207128,0.20178589202858785,0.0650817674336851,0.010400426872168798,False,6.5698147295443405,10.982609848856969,low,calibration
1931.5440394603686,34.61214004469743,0.07243038588367995,17.579947897580347,1510.9936482810992,0.3413150246420458,0.3935914548060464,2.0,0.08882953361947618,0.007372973192819439,1.9575812127624357,0.6760842170463901,0.13999994962134782,8.961966740880104,0.09421331874061174,0.0,23.916928686567516,case_42_0019,case_42_0019_cycle_017,17,8.5,normal,in_distribution,42,orchestra_phd_latent_simulator_v1,42,ok,,0.46077976860997477,0.5840263487056021,0.6407996097050932,0.20343509011725677,0.013605149106442685,0.015179711594087177,False,11.340799815707602,14.489514059904183,low,calibration
1874.423161817178,34.47872592837139,0.10076298010468976,17.73885902986904,1429.9842944853708,0.3034766308407587,0.43666141982008744,1.0,0.07863424444965655,0.009185469625540659,2.1360101645851017,0.6783648838699348,0.09067479291961723,5.86117224952191,0.08328688046892603,0.0,44.47089573674879,case_42_0019,case_42_0019_cycle_018,18,9.0,normal,in_distribution,42,orchestra_phd_latent_simulator_v1,42,ok,,0.45748855965639734,0.3062033061228426,0.571549460906734,0.1937201026931013,0.033203726132567515,0.010811484613609933,False,7.0580138112934065,11.304009202744169,low,calibration
1914.002151749695,34.94888775331398,0.10762066793305293,17.76957730902607,1517.5307051880748,0.2819039329235001,0.4775142320949459,1.0,0.060488856268581775,0.0171531027627057,2.1076551691804988,0.6231013213697554,0.08108226027894248,5.207884541594344,0.10226839820547919,0.0,42.134529245580175,case_42_0019,case_42_0019_cycle_019,19,9.5,normal,in_distribution,42,orchestra_phd_latent_simulator_v1,42,ok,,0.4974288901566875,0.8411446146769728,0.5683657098848962,0.2232925084658058,0.07361814785661172,0.012893330136164057,False,8.591477541944037,12.871155673673087,low,calibration
1861.963582946704,35.79470247431871,0.09191194719724444,14.702680254342644,1406.7423791094031,0.38287716067554545,0.43636047729171723,10.0,0.11194796288132826,0.06261335606024371,1.9453344140974798,0.5466276687729114,0.2357032719770037,18.009733478661797,0.13070625865443536,0.0,23.101246493238374,case_42_0020,case_42_0020_cycle_000,0,0.0,low_shielding_gas,in_distribution,42,orchestra_phd_latent_simulator_v1,42,ok,,0.3033847363957128,0.8412423717843711,0.62700907714997,0.32280609679219907,0.42233111807796536,0.03477577151516758,False,22.474401392282623,25.50785909319276,low,train
1923.523768337078,33.62969753766209,0.11897956044580951,16.38006752826829,1524.2136516774026,0.3332082745961619,0.48899156669310834,10.0,0.05518836060170215,0.07168165890486222,2.000114975474134,0.5636805659965697,0.2620812523198416,19.080368661067528,0.01761076330578075,0.0,26.1874440677597,case_42_0020,case_42_0020_cycle_001,1,0.5,low_shielding_gas,in_distribution,42,orchestra_phd_latent_simulator_v1,42,ok,,0.32037141174373984,0.5970607336066505,0.6154095039469576,0.3451796587683713,0.4282074705448168,0.04616495975858481,False,25.65706944809959,30.42506211538954,low,train
1804.7993454927241,33.29801232225017,0.12725165598087015,15.308573669973711,1457.8742267663358,0.3069223655415186,0.5434247635266265,9.0,0.1052458180938233,0.07506576203274988,2.2117820863773052,0.5915337828804862,0.2484190313982223,18.221470570783186,0.1178338145293679,0.0,0.01183256687175541,case_42_0020,case_42_0020_cycle_002,2,1.0,low_shielding_gas,in_distribution,42,orchestra_phd_latent_simulator_v1,42,ok,,0.31401912249562297,0.6067525065003101,0.5304361810614147,0.37508422595628144,0.4805615742792393,0.056552333327582076,False,27.760157363138894,34.30097638088177,low,train
1813.8379754668258,37.47309896237222,0.1357004412015875,16.28296085349442,1436.8054406763858,0.2794035611234654,0.5237245643603643,8.0,0.09815691361517956,0.031454195767487945,2.086471385238794,0.6073926363003851,0.23259825955869157,19.514055087783184,0.10188647051390871,0.0,33.310655165417764,case_42_0020,case_42_0020_cycle_003,3,1.5,low_shielding_gas,in_distribution,42,orchestra_phd_latent_simulator_v1,42,ok,,0.23660666973338684,0.44569536533789567,0.47876424319667893,0.36332810668120086,0.4646582516915173,0.04694767320347428,False,26.138855668943105,30.735224600953813,low,train
1994.0828061124787,31.970708580242903,0.127774581301226,16.481822608403828,1591.0184976619676,0.28185738388636267,0.542006913603434,6.0,0.08649389561475622,0.03303128437138451,2.0857746810787585,0.6083352401087059,0.2718185768176722,21.07189180818526,0.07328998332509092,1.0,41.513107963455795,case_42_0020,case_42_0020_cycle_004,4,2.0,low_shielding_gas,in_distribution,42,orchestra_phd_latent_simulator_v1,42,ok,,0.3673306940825118,0.9066869892218954,0.41295326689010264,0.3907681237226928,0.5411904398420825,0.07782620420317805,False,31.949882361993776,40.940145369419525,medium,train
1816.9440536820916,32.25485459865919,0.14764700525132082,16.06994612768365,1515.6146115945771,0.30778034336031174,0.5847478021999506,6.0,0.07315257476500664,0.07741829305835003,2.0474028762003322,0.6252449602138799,0.31146707509712346,20.43209588959476,0.18018196453884833,0.0,7.570606329371744,case_42_0020,case_42_0020_cycle_005,5,2.5,low_shielding_gas,in_distribution,42,orchestra_phd_latent_simulator_v1,42,ok,,0.34038193808170486,0.5074786570157195,0.4772187221026033,0.39321999526775603,0.5790056496923683,0.06702952061936701,False,30.27604651741252,37.75811406158109,low,train
1888.0520629459545,36.13631901568878,0.11834944623055116,15.256393911432927,1495.7805419427282,0.2862497082833286,0.43857905357538973,2.0,0.08116716247109744,0.038318687711109294,1.9538922088581785,0.5161194969681794,0.286151546068339,22.269457507929733,0.1369074091199477,0.0,18.903920201927477,case_42_0020,case_42_0020_cycle_006,6,3.0,low_shielding_gas,in_distribution,42,orchestra_phd_latent_simulator_v1,42,ok,,0.3085243312575925,0.7488931713047812,0.40075494628558833,0.40630454038310265,0.5477272970462603,0.06514496110407024,False,30.237721567842772,37.16536587649249,low,train
1731.5373592543244,32.75455543901874,0.09383156094098014,15.01690038710226,1416.3203172445878,0.3250360990528172,0.534689530937172,5.0,0.05909975281146283,0.05227539252570878,2.1459383559187817,0.6104913385110238,0.2924788926773757,21.30507411669505,0.2187507474385166,0.0,22.111429292024315,case_42_0020,case_42_0020_cycle_007,7,3.5,low_shielding_gas,in_distribution,42,orchestra_phd_latent_simulator_v1,42,ok,,0.40055160845994564,0.5320219990998537,0.44592064001595666,0.40470149043682013,0.5662531593737006,0.055974328472737395,False,28.377477719552104,34.098004110379115,low,train
1771.8858816124848,36.2937639538008,0.09740985993782153,13.251156271714514,1401.794953247676,0.32169823920653984,0.578953063941319,7.0,0.05730894076382656,0.057633501447639415,2.085045373130902,0.5682155340692874,0.26149536692055075,19.96877627530504,0.08373295903454231,0.0,41.627784054861955,case_42_0020,case_42_0020_cycle_008,8,4.0,low_shielding_gas,in_distribution,42,orchestra_phd_latent_simulator_v1,42,ok,,0.35827949167615586,0.689346018614645,0.5379635782254658,0.43142383419251606,0.5939828827399448,0.07905921935138553,False,31.88217495576224,41.282300161467774,medium,train
1626.18638906883,33.33706900938926,0.1769430170315581,15.39900996865525,1522.3506082576696,0.3336894864791113,0.5011378042931737,8.0,0.09974242926816046,0.09041943237632621,1.9909867192133472,0.613399828876769,0.31534590621957764,25.22945043892461,0.15346985267841595,1.0,13.612773927245394,case_42_0020,case_42_0020_cycle_009,9,4.5,low_shielding_gas,in_distribution,42,orchestra_phd_latent_simulator_v1,42,ok,,0.35334854449550984,0.3147611147198974,0.47402165336078517,0.4250690259568948,0.6765081278916264,0.09710594408271513,False,35.75806949265068,45.87065797065264,medium,train
1891.5152210396986,35.661693355388216,0.1560275481640111,14.401016017475692,1498.0381102233541,0.347919958250783,0.5612110623758262,5.0,0.11522950215140515,0.07034200067336263,2.040053256882999,0.6357696327802885,0.2893387967496007,22.79478302732493,0.0808710065430156,0.0,31.18320065917609,case_42_0020,case_42_0020_cycle_010,10,5.0,low_shielding_gas,in_distribution,42,orchestra_phd_latent_simulator_v1,42,ok,,0.3913679153844143,0.32094605646427077,0.47897368212527935,0.43248394636158893,0.6817288175398709,0.09508240907673943,False,34.616085201687085,45.391759832989045,medium,train
1951.319061216526,35.42688164851306,0.07834006266379136,14.808408336064838,1440.2932209368576,0.36328104016038826,0.5842983140699922,7.0,0.07088567919161332,0.043729606416785305,2.063667224104892,0.6171950166620656,0.30577130102110023,25.310460391485726,0.17491875571542553,0.0,41.86011148363917,case_42_0020,case_42_0020_cycle_011,11,5.5,low_shielding_gas,in_distribution,42,orchestra_phd_latent_simulator_v1,42,ok,,0.4365621276853713,0.3611821522753215,0.43459353275713636,0.4603128697859691,0.6985526127351438,0.10010466608325089,False,36.189482126588864,46.56555769705207,medium,train
1845.9127172141907,35.272754109855235,0.16513986448017404,14.177735120827487,1478.4082411205936,0.3332029341162659,0.4425698848406752,9.0,0.09803939696053421,0.06447331572057513,1.9915001178805456,0.5986839280457014,0.36031392014535113,26.52090104203695,0.2368011390766019,0.0,38.39468625078388,case_42_0020,case_42_0020_cycle_012,12,6.0,low_shielding_gas,in_distribution,42,orchestra_phd_latent_simulator_v1,42,ok,,0.422607660986512,0.8319184931170522,0.5883363674401311,0.46219934815303476,0.7468505555431466,0.11129831473543723,False,37.569700831076624,49.01521485794427,medium,train
1969.1906280188884,36.95290721131272,0.10991959331267886,15.064489626141583,1502.9398964452075,0.34194793837073917,0.6187165367448414,6.0,0.10170582849325545,0.07722059007556845,1.9699803488121594,0.6152361613904113,0.4253458715152309,19.965700349009907,0.2398939183517194,0.0,54.863147028717705,case_42_0020,case_42_0020_cycle_013,13,6.5,low_shielding_gas,in_distribution,42,orchestra_phd_latent_simulator_v1,42,ok,,0.4955312640406007,0.5875977507948494,0.6833267690121742,0.4767614976795674,0.7629996839608407,0.12205710815427541,False,36.66165710642022,51.1785795866706,medium,train
1831.7609510002205,35.29076466039563,0.09381278186676856,13.15482142281938,1515.8545945035175,0.4059641814805528,0.5400410262662126,8.0,0.0857258936249159,0.06276665227616238,2.0293817610749096,0.6041989998017819,0.3339768624092121,27.27353673188388,0.1305256035807921,1.0,38.79654617276772,case_42_0020,case_42_0020_cycle_014,14,7.0,low_shielding_gas,in_distribution,42,orchestra_phd_latent_simulator_v1,42,ok,,0.5302675696754506,0.8007400802976432,0.5116273784268379,0.4941727550325185,0.8105504476075109,0.14462976483165071,False,40.82192194833133,55.21428674432266,medium,train
1847.714901319483,37.3292923560768,0.14242170458136824,13.845957794215405,1425.6406022387075,0.32370874033010494,0.5836384749825986,4.0,0.11262956583979819,0.06608834037715403,1.9096791152746944,0.5123574256244419,0.3166671882150087,21.450218655404814,0.16753443314497485,0.0,55.418915631748334,case_42_0020,case_42_0020_cycle_015,15,7.5,low_shielding_gas,in_distribution,42,orchestra_phd_latent_simulator_v1,42,ok,,0.5349339203823604,0.7674885970090564,0.6483263894584247,0.5010739715800816,0.8011115087937043,0.13540290148596468,False,38.50360710544464,53.639085312119896,medium,train
1774.2235774879064,38.334292742902015,0.1386696562088519,13.867747628078545,1429.9997869943684,0.38651920461122563,0.5356946906037758,12.0,0.08816648229498508,0.031900815636978955,1.955529399444494,0.595462325896326,0.3894918599069121,23.986855519799814,0.1102918074117627,0.0,57.52860598055616,case_42_0020,case_42_0020_cycle_016,16,8.0,low_shielding_gas,in_distribution,42,orchestra_phd_latent_simulator_v1,42,ok,,0.5521392775102284,0.7869527633616045,0.6480392483839524,0.5053433778867109,0.8059087960941849,0.13258101578707657,False,38.85209843182527,53.13764424502935,medium,train
2007.4816244074882,35.295308385450404,0.1047993329889156,15.63992594697711,1534.5622224436347,0.32181541510657685,0.5779745456883087,10.0,0.0592642559632257,0.052246333460926775,1.8862277896612105,0.5683310624678728,0.3829389874149498,26.69961993728689,0.1374247593693272,0.0,52.65288754803386,case_42_0020,case_42_0020_cycle_017,17,8.5,low_shielding_gas,in_distribution,42,orchestra_phd_latent_simulator_v1,42,ok,,0.6709435021518505,0.9439406219511903,0.6257906842815328,0.5152734491485522,0.8491484103001664,0.19144119877543614,False,44.25616409652142,61.97058182691296,medium,train
1885.8831808487405,31.86709805272151,0.12411807668244389,13.58911568852715,1460.1448609215831,0.3806971237302236,0.6235076526224164,10.0,0.09507759048097243,0.07372697307507992,2.0310741165523267,0.5691330155715788,0.341256753686919,24.807747494519607,0.1548500740930539,0.0,39.078077595091166,case_42_0020,case_42_0020_cycle_018,18,9.0,low_shielding_gas,in_distribution,42,orchestra_phd_latent_simulator_v1,42,ok,,0.6263575374326074,0.34164097383126035,0.658527786264503,0.5352223088704402,0.8911060056524136,0.20775691122360798,False,44.59080313313867,63.94453212814091,medium,train
1856.2644054899904,32.616336832987194,0.12374315085988519,13.443830854462972,1461.5590583846424,0.33802752249256507,0.6660358200066033,10.0,0.12031943423272713,0.05968708961473688,1.9462652606186874,0.5314114967786229,0.3976559441327426,29.24326291768038,0.12000075466003281,0.0,65.64208165794437,case_42_0020,case_42_0020_cycle_019,19,9.5,low_shielding_gas,in_distribution,42,orchestra_phd_latent_simulator_v1,42,ok,,0.6676609705360719,0.5073475678882213,0.7693724970601515,0.5421390023473627,0.9198400469762535,0.2362557893312622,False,47.30159611990476,67.03619034228403,medium,train
1824.3640056513366,36.123844385294035,0.1617240346561313,16.25116810229893,1423.5326709538415,0.31842993550492343,0.4920914580351149,2.0,0.09253289904932095,0.020092705568814255,2.06041085492725,0.5671987412216766,0.18564572263571813,17.950621758980514,0.06017881753026126,0.0,57.24563350686402,case_42_0021,case_42_0021_cycle_000,0,0.0,low_shielding_gas,in_distribution,42,orchestra_phd_latent_simulator_v1,42,ok,,0.3858605387965197,0.9927460056091981,0.4667939783767599,0.3534632222212051,0.35130950065569577,0.03907606183288181,False,23.724557585150492,27.46005672432064,low,train
1847.0336543725687,30.99510618698606,0.14761517299324162,17.398869138898537,1443.9358983805585,0.3092328903846021,0.5380817796391446,7.0,0.11100191670919748,0.028766899404562295,1.8788826320137868,0.611855080341626,0.19762252808294695,19.199842943290985,0.1694078891420618,0.0,0.022249438349899914,case_42_0021,case_42_0021_cycle_001,1,0.5,low_shielding_gas,in_distribution,42,orchestra_phd_latent_simulator_v1,42,ok,,0.4919103650346963,0.5740123667416939,0.6234804514384393,0.3557081913910404,0.35835920692787093,0.03654858082069864,False,23.4247619392534,26.328072788607255,low,train
1908.689172343872,34.24101103813749,0.11769029050556334,16.537871701348468,1443.1311686843342,0.28871635247261956,0.4220935798428551,2.0,0.0957271509172683,0.03729064005735,2.0360928566810954,0.5843293525213537,0.14117825214299218,13.650695590421334,0.12208397952727046,0.0,30.218031665073507,case_42_0021,case_42_0021_cycle_002,2,1.0,low_shielding_gas,in_distribution,42,orchestra_phd_latent_simulator_v1,42,ok,,0.5616874836873275,0.3499148555144349,0.5217593740153385,0.3716827322930696,0.34358044675993976,0.05423943774959888,False,25.95321668706853,33.48035050637075,low,train
1689.9123857442198,36.24139655386713,0.08757707404335423,16.70770250958058,1562.0693363741814,0.26206277841796977,0.5343220212491997,4.0,0.10359462575406235,0.02629092944225163,1.9327667689165875,0.562755434707419,0.21051805427031975,14.581726304174982,0.1711903801926515,0.0,52.42474676687549,case_42_0021,case_42_0021_cycle_003,3,1.5,low_shielding_gas,in_distribution,42,orchestra_phd_latent_simulator_v1,42,ok,,0.5560652565116161,0.8820669981418092,0.632246984571869,0.3735887629103655,0.38314655794402097,0.04590236857310686,False,24.439643063284024,30.32028533601355,low,train
1850.1327540290001,35.73355971232799,0.16342312145107615,16.06948777042333,1457.5317697505618,0.28925781378179566,0.5235329528984572,6.0,0.0893133303260596,0.06973933150015808,1.9794228776358849,0.5870954458118364,0.21584632063940346,20.300768373126196,0.1636014523992144,0.0,21.781478635342992,case_42_0021,case_42_0021_cycle_004,4,2.0,low_shielding_gas,in_distribution,42,orchestra_phd_latent_simulator_v1,42,ok,,0.5448455405199761,0.6061172114511728,0.6960378758723182,0.39245060892321626,0.3737007921448894,0.044910431638368886,False,25.996763953035206,29.921164930928878,low,train
1931.5570166491966,40.32050004893258,0.1396084202689478,16.653922153091237,1349.7497114454407,0.3410608417664929,0.4782749719353576,5.0,0.11307190226790492,0.06997245132615339,1.7592526108635456,0.6046214316176353,0.2220102550959912,15.900041285157243,0.07426874448713394,0.0,24.678047399506767,case_42_0021,case_42_0021_cycle_005,5,2.5,low_shielding_gas,in_distribution,42,orchestra_phd_latent_simulator_v1,42,ok,,0.6648730032378916,0.5203559482904797,0.7149360053716982,0.39240086105625155,0.38931352388254004,0.04406879215449739,False,24.45765291473808,29.57831672081358,low,train
1912.8662048516092,36.42727505701474,0.12973564619716885,16.611986222120716,1499.5726086396842,0.28037860009868537,0.5849855267686678,5.0,0.0720040644004069,0.06017810710606493,2.0070910749387303,0.57002897346488,0.1971429435154761,19.994621906964074,0.1431594661869384,0.0,20.252879806713132,case_42_0021,case_42_0021_cycle_006,6,3.0,low_shielding_gas,in_distribution,42,orchestra_phd_latent_simulator_v1,42,ok,,0.614453539277517,0.8896058418031014,0.5644853161681558,0.4050044089687075,0.4150182721273974,0.05963929159937479,False,28.77538759134478,35.3621599453802,low,train
1825.6926154346922,35.16819627854998,0.14600439466760778,17.042581535764544,1585.2094606758997,0.3264247628422053,0.5080239663378373,9.0,0.090677481664458,0.04509670106209194,1.9960029161086126,0.6101576578536793,0.32795167475120635,20.847733701683776,0.15622820659000974,0.0,60.69733773033787,case_42_0021,case_42_0021_cycle_007,7,3.5,low_shielding_gas,in_distribution,42,orchestra_phd_latent_simulator_v1,42,ok,,0.6567563431130508,0.9366626938657057,0.6672798057089451,0.4104743103966282,0.4640010117618221,0.05140705662048179,False,27.49100853468804,32.44370075198703,low,train
1844.4999706346418,38.795472656190334,0.13557155415355263,16.06479054534896,1504.0434826244668,0.2875004801710977,0.4182819355702755,7.0,0.09133579650940023,0.05178193023495894,2.0190424459409075,0.6505357976914639,0.3012187417357911,14.969208491615895,0.11257995133836952,0.0,56.88562039242971,case_42_0021,case_42_0021_cycle_008,8,4.0,low_shielding_gas,in_distribution,42,orchestra_phd_latent_simulator_v1,42,ok,,0.6052789474700996,0.6965475741320459,0.6492281791205237,0.4157579618307474,0.44904501675706787,0.056253642799965406,False,26.705798623239218,34.19626078245182,low,train
2011.41982912235,34.491684423814384,0.15581506434233336,16.800434291276254,1421.9928010505112,0.3965058133418189,0.5262801726208951,1.0,0.056906101705894975,0.056445466767879954,2.043216326403431,0.5815504934875305,0.24503429906996024,24.296966402109273,0.13641112244672696,0.0,17.743430900810363,case_42_0021,case_42_0021_cycle_009,9,4.5,low_shielding_gas,in_distribution,42,orchestra_phd_latent_simulator_v1,42,ok,,0.7446499670234082,0.9375127985170557,0.7423768412965002,0.4296302965554405,0.48388218720774595,0.057076489142059775,False,29.678262818783473,34.48385104822449,low,train
2035.2600207033565,37.13888042642436,0.1519041270188296,16.448998770289027,1534.847850432029,0.2903647001396028,0.5244608604155243,5.0,0.08142292256999081,0.03432834591169404,1.8804147620440905,0.6692325522617477,0.31855084215236174,20.125517502481,0.15190421569711743,1.0,23.33987153349545,case_42_0021,case_42_0021_cycle_010,10,5.0,low_shielding_gas,in_distribution,42,orchestra_phd_latent_simulator_v1,42,ok,,0.7894469080078639,0.6044302197402891,0.7620138590611049,0.4557655405719012,0.5312971158941642,0.07855304194665448,False,31.766727087924725,41.142329801239846,medium,train
1910.9201624612901,39.28605255543312,0.12766767717707878,13.895739412368037,1471.6183611313397,0.31508421170444445,0.5505604601053654,8.0,0.07387955673318286,0.054953604128299756,1.9496247702943739,0.5296218552895753,0.2734436112019848,20.877487544907613,0.10872704647294597,0.0,82.5658185649249,case_42_0021,case_42_0021_cycle_011,11,5.5,low_shielding_gas,in_distribution,42,orchestra_phd_latent_simulator_v1,42,ok,,0.753138913741354,0.6246666766203539,0.7511439214986632,0.46016903962761296,0.5687753957682168,0.0865475339945666,False,33.02712115356247,43.27696984221402,medium,train
1986.168860498669,38.152898974195416,0.11162531103679525,16.206066064054284,1483.2538601588728,0.3358959896233593,0.5276267984990294,8.0,0.13159326907796715,0.05395425224984771,1.9442185171498199,0.6164217700392914,0.2378808802217362,19.049990193679665,0.051135533208501,0.0,48.153940456470714,case_42_0021,case_42_0021_cycle_012,12,6.0,low_shielding_gas,in_distribution,42,orchestra_phd_latent_simulator_v1,42,ok,,0.6846184889094784,0.4501402904395413,0.6387537484132166,0.4605619784313484,0.5681757406176369,0.09989659191497671,False,34.105941682705,46.51789696484357,medium,train
1824.4701699483012,36.425665162472846,0.09513563642317088,16.26575859373305,1431.2459459533222,0.32631874308766223,0.5925231380332876,8.0,0.058910183764866474,0.09403962812206075,2.097760900990168,0.6480272458073365,0.20849161140981853,23.005669598838406,0.19219373509282997,0.0,69.76565371089681,case_42_0021,case_42_0021_cycle_013,13,6.5,low_shielding_gas,in_distribution,42,orchestra_phd_latent_simulator_v1,42,ok,,0.7006214272409571,0.7772001709323073,0.616209787588954,0.4692520183147571,0.5759186608451503,0.10210509018635691,False,35.756656314345356,47.019635023265735,medium,train
1898.433521496073,37.360486165762886,0.1225114553226143,16.667018682158126,1483.1455714621466,0.30022229908226433,0.5952013322700952,9.0,0.09103881986307064,0.03044462966702675,1.8648670867217112,0.5769911293596697,0.24893909956893243,17.42626727302259,0.1188685547884107,1.0,53.89458528314873,case_42_0021,case_42_0021_cycle_014,14,7.0,low_shielding_gas,in_distribution,42,orchestra_phd_latent_simulator_v1,42,ok,,0.7278848938804994,0.9577014569204552,0.5766196522684948,0.4831373980083806,0.5811013616834576,0.10899248291271527,False,34.627278420119964,48.52817925982097,medium,train
1847.4396987557352,39.01423001942356,0.12266885162384052,13.981873107794794,1538.7349663158343,0.310511236603136,0.5328194556697868,4.0,0.11787111858357881,0.06056924983977518,2.1176716374861204,0.5733156673494728,0.2832113459134059,20.67895675661973,0.11159549133294924,0.0,40.36565144542859,case_42_0021,case_42_0021_cycle_015,15,7.5,low_shielding_gas,in_distribution,42,orchestra_phd_latent_simulator_v1,42,ok,,0.7579195388830371,0.5041132599440559,0.5995552380494574,0.481229271157411,0.6025666424545597,0.10127641179340523,False,35.07482319748988,46.83243509329585,medium,train
1786.7228839630159,36.65951202087612,0.13985392836333033,16.104571098005085,1455.0225197821314,0.3402333019646079,0.6464315324505495,7.0,0.0890947882275278,0.05274339555346269,2.10750323525442,0.6383360964767731,0.3227574787176876,18.29681065181821,0.22836780643500115,0.0,77.64786453446577,case_42_0021,case_42_0021_cycle_016,16,8.0,low_shielding_gas,in_distribution,42,orchestra_phd_latent_simulator_v1,42,ok,,0.7681864756717985,0.3353963688093079,0.5822624354070602,0.4922178933339234,0.6308390734242455,0.10545723809946916,False,34.698816418171916,47.76420074183873,medium,train
2078.036543564575,38.11464929169867,0.1126330922758374,14.909919206174457,1569.872867574986,0.3605096870550692,0.6197433684655809,5.0,0.08833478396588076,0.08474708367560453,1.9763485123110325,0.5581075939307711,0.30498531216488634,23.908081280933292,0.15037450851341858,0.0,73.42587422435892,case_42_0021,case_42_0021_cycle_017,17,8.5,low_shielding_gas,in_distribution,42,orchestra_phd_latent_simulator_v1,42,ok,,0.826693816947409,0.38981977206614854,0.6006882102873297,0.5030524831011394,0.6713158655044036,0.1261858190092422,False,38.12324909585644,51.96452176336883,medium,train
1983.0269355416235,39.89582854063415,0.16935855867237698,14.682929535139875,1492.5467243203925,0.3294278814742107,0.5244026829538726,4.0,0.10229067493633119,0.06484249299727037,1.9014956314032387,0.5600531720083466,0.3238303773080491,23.28269894360443,0.11150844713104446,0.0,41.77253588665306,case_42_0021,case_42_0021_cycle_018,18,9.0,low_shielding_gas,in_distribution,42,orchestra_phd_latent_simulator_v1,42,ok,,0.6911734879751321,0.4808504670033698,0.540022220974575,0.4971379736346642,0.6713953741245327,0.13376518800721438,False,38.722069454724846,53.3492397371772,medium,train
1928.9638537178585,32.93213026727428,0.08717680499348879,12.986957468805215,1607.4824298745564,0.35089407102054176,0.6154880706738546,4.0,0.10475682237757247,0.06801841333896992,1.9827603304056305,0.6174117230095425,0.3138387376383534,26.73105868251454,0.17514997067136795,0.0,47.14267579769641,case_42_0021,case_42_0021_cycle_019,19,9.5,low_shielding_gas,in_distribution,42,orchestra_phd_latent_simulator_v1,42,ok,,0.7904693754847746,0.7904260160488921,0.7538859484777822,0.5249967041629121,0.7192666168589135,0.13511722202952406,False,39.95433705747053,53.588756207776214,medium,train
1878.6353674017528,33.06674961399662,0.12769048179515158,17.991925393328728,1482.530602656463,0.4082350984651505,0.4524439748199508,2.0,0.07666996911286189,0.08801668090888046,1.9889870456340606,0.627289654592738,0.12702973087994893,10.314434034045433,0.34126065967734187,0.0,67.5669660610077,case_42_0022,case_42_0022_cycle_000,0,0.0,lens_contamination,in_distribution,42,orchestra_phd_latent_simulator_v1,42,ok,,0.281100808178953,0.3483207027694597,0.5683172357283223,0.30291677546341855,0.40488191613399316,0.029611355783844124,False,18.616276336642983,22.981925171041933,low,train
1835.593518977775,42.72101329678706,0.1107106104052444,18.927377428884736,1427.8773730779963,0.38933746232408584,0.44896059560237445,5.0,0.08911206556442966,0.024916329315486117,1.8471436182453609,0.6434736458274151,0.16852201732487837,16.760877651979648,0.40169279236014316,0.0,57.732669309156556,case_42_0022,case_42_0022_cycle_001,1,0.5,lens_contamination,in_distribution,42,orchestra_phd_latent_simulator_v1,42,ok,,0.42860961589158136,0.7450800550043843,0.7028482305193604,0.3270430641809863,0.439056882832062,0.03377452570581715,False,21.851911297995976,25.034520796754773,low,train
1935.482346404353,34.97790235248302,0.11568975056943043,18.364927330119645,1459.2316247340225,0.40951712372240345,0.4870095817224859,7.0,0.06840305301334543,0.038946554678957176,1.9327125693212115,0.588492396261204,0.1668374705465492,15.793956981857765,0.33776876499843794,0.0,68.47892833522296,case_42_0022,case_42_0022_cycle_002,2,1.0,lens_contamination,in_distribution,42,orchestra_phd_latent_simulator_v1,42,ok,,0.5425228513710539,0.7710224614002079,0.6234763601578001,0.32532103695150605,0.4700119077682499,0.034492305416479595,False,21.778401396655696,25.374606887344157,low,train
1713.376826022691,30.87248026156882,0.12429608182962351,16.94344330713113,1559.1810549489185,0.5015283749914858,0.5273075808971684,1.0,0.0877000343704202,0.01993150278282017,2.031161577555558,0.6300008476568236,0.07700961476768121,16.361798268408073,0.31654307178496843,0.0,93.01588546200774,case_42_0022,case_42_0022_cycle_003,3,1.5,lens_contamination,in_distribution,42,orchestra_phd_latent_simulator_v1,42,ok,,0.4263840894456432,0.6052386566123633,0.6077922523572338,0.3317224371336955,0.4700100744045335,0.04925206958882898,False,25.64131700614249,31.630218390970715,low,train
1902.2043024947304,33.501266988421854,0.1219732065163934,18.145090754529075,1418.7438647108504,0.3807107578876024,0.5224556129798829,7.0,0.06596348681526239,0.049352939033954726,2.0934658611862367,0.5775841034554516,0.12193454981781422,23.545043757971168,0.43604659782354765,0.0,78.14729803409008,case_42_0022,case_42_0022_cycle_004,4,2.0,lens_contamination,in_distribution,42,orchestra_phd_latent_simulator_v1,42,ok,,0.48749939431353345,0.7803594316525079,0.5535875647549058,0.3371544419103149,0.482367119173926,0.04632066396271295,False,27.118256180463753,30.4870178290034,low,train
1823.626837318317,36.19445093828706,0.1115099974642166,17.51507169962342,1398.9443469846603,0.49050660168753857,0.4394115905748641,7.0,0.06882776111968439,0.07672555087895504,2.0697165183082777,0.6418680385295387,0.10736118809608092,20.525076965808903,0.403736981470123,0.0,97.44717977633225,case_42_0022,case_42_0022_cycle_005,5,2.5,lens_contamination,in_distribution,42,orchestra_phd_latent_simulator_v1,42,ok,,0.537638213861867,0.7851050863030629,0.5627426670788882,0.34359826604643723,0.5277676193282144,0.04839239807509409,False,26.536708208590515,31.299445643316133,low,train
1656.3218055760137,31.67075253310102,0.12420897657643076,17.236798342887298,1457.2895778427517,0.510919288589277,0.5186811921512767,2.0,0.1307118447306782,0.07588674085885909,1.9484749330038078,0.6213845168017413,0.14427284470312332,18.665815547335594,0.34206918041061196,0.0,75.19264070162527,case_42_0022,case_42_0022_cycle_006,6,3.0,lens_contamination,in_distribution,42,orchestra_phd_latent_simulator_v1,42,ok,,0.5383639459385529,0.45831669339571446,0.5184728322655754,0.3484143397586648,0.5493578491521236,0.059346351475103996,False,28.302917992894656,35.26306940022532,low,train
1914.7892306802314,37.24512347156162,0.1657489580228892,18.33006509573503,1483.912758540955,0.42604285777285156,0.4756052934554242,4.0,0.1005614506911177,0.05809860535348834,1.9351267075396896,0.6190656473565385,0.08671009505182521,20.42267421529045,0.32087438364234744,0.0,60.07798226535753,case_42_0022,case_42_0022_cycle_007,7,3.5,lens_contamination,in_distribution,42,orchestra_phd_latent_simulator_v1,42,ok,,0.48045313570643655,0.5632124152347808,0.7873896600162321,0.33972230555286337,0.56887935639514,0.05983144003788732,False,29.15927103617568,35.42697726967614,low,train
1930.9890251309007,37.68180549291843,0.08713031175466023,19.950318476573567,1554.618621664681,0.4285023555015024,0.49558861347046146,3.0,0.10615415312567417,0.0,2.1334693846631074,0.6682525938263816,0.11665168753243284,23.571164786316068,0.5474586632171763,0.0,94.65662764631519,case_42_0022,case_42_0022_cycle_008,8,4.0,lens_contamination,in_distribution,42,orchestra_phd_latent_simulator_v1,42,ok,,0.6135028982054564,0.5296238580888895,0.769162945695444,0.3762352367910537,0.6183783411650905,0.06616816251239988,False,30.92816523163326,37.4886737077415,low,train
1833.3722859493125,36.43448927315818,0.10543256320729585,18.223099000014702,1527.1130905107113,0.4346332113985249,0.44722520995234216,7.0,0.12919034762143758,0.04645097936356406,1.9434367390495555,0.6553662313396881,0.1255351265694078,16.163891643325524,0.5181773497309492,0.0,119.42752954870741,case_42_0022,case_42_0022_cycle_009,9,4.5,lens_contamination,in_distribution,42,orchestra_phd_latent_simulator_v1,42,ok,,0.6447097600783473,0.9781637203420952,0.541563603594495,0.3772871789945645,0.6265015989755193,0.06545693558143632,False,28.698130265329553,37.26431944972765,low,train
1852.9221600866313,34.79385655450819,0.07177129258761711,19.029985293736868,1461.2691875780095,0.48400771149699895,0.5804274917254776,3.0,0.12303574744664718,0.07692775201058462,1.9643138810016165,0.6047910340611146,0.09480945777086726,19.322428362603873,0.40580881133904334,0.0,110.54081444666289,case_42_0022,case_42_0022_cycle_010,10,5.0,lens_contamination,in_distribution,42,orchestra_phd_latent_simulator_v1,42,ok,,0.6327411784305575,0.3439716197121773,0.5784870842185448,0.38837021344192907,0.6657969567122627,0.07825888181791593,False,31.39491185713269,41.060673954603274,medium,train
1865.9077402836615,40.76790776197304,0.08440952753351774,18.58769049413554,1571.1821071765055,0.5068801932022665,0.4348800676817437,3.0,0.12111951131366332,0.04415700165029242,1.9430209473828226,0.5896141378702485,0.16904886946383196,21.99481586000998,0.39239359468412593,1.0,90.84851369265786,case_42_0022,case_42_0022_cycle_011,11,5.5,lens_contamination,in_distribution,42,orchestra_phd_latent_simulator_v1,42,ok,,0.725904569474064,0.8757837328252887,0.6806730038974561,0.4016359259634678,0.6819008786032388,0.09072904806583784,False,33.73406186090981,44.33288406300705,medium,train
2000.6450447903494,37.96790832886537,0.09299566719481311,18.927350744116538,1373.8101677784944,0.5736535083427519,0.43466483283783847,4.0,0.05804030139438325,0.06404685390106357,1.8598456137091368,0.636542543638169,0.07503538607179343,22.870471768174692,0.46187597985097817,0.0,104.65218980706425,case_42_0022,case_42_0022_cycle_012,12,6.0,lens_contamination,in_distribution,42,orchestra_phd_latent_simulator_v1,42,ok,,0.6379265662148472,0.7401603007626731,0.633429603661521,0.40306187807441246,0.7004267874541539,0.09875011230828541,False,35.36376665020413,46.253811633498934,medium,train
1781.173881830306,35.166496394505124,0.19190632702554658,18.965141944011926,1484.5399600055525,0.5652157967989629,0.4405182682100278,1.0,0.11096158854924633,0.07124426375703437,1.9210875537184406,0.6713171418630401,0.11310384444041938,20.328761597566242,0.48787299904937576,0.0,123.22870350023346,case_42_0022,case_42_0022_cycle_013,13,6.5,lens_contamination,in_distribution,42,orchestra_phd_latent_simulator_v1,42,ok,,0.6740573005794819,0.505273537788614,0.6443574130084668,0.3998515309121941,0.7246764644993944,0.08177020833395318,False,32.31628887904348,42.02057681890634,medium,train
1986.7693597008986,35.54421297861935,0.14319231176320263,19.99555816982073,1430.9670779246276,0.5482349814642451,0.5537269776681969,4.0,0.12381594119997746,0.07362518679397768,2.0471842932928546,0.6474992309455194,0.17978853852052185,20.56040920960483,0.48425025133908334,0.0,131.205384423632,case_42_0022,case_42_0022_cycle_014,14,7.0,lens_contamination,in_distribution,42,orchestra_phd_latent_simulator_v1,42,ok,,0.6878665848333255,0.8448748423026193,0.7673500032800968,0.4213148782556103,0.7766960670403975,0.10161017787160331,False,34.69011580406999,46.90798580867774,medium,train
2140.1114902300405,35.83011743229654,0.15915086918207288,17.722426950583838,1456.3764622360854,0.5372603813681168,0.5200746409303336,3.0,0.09551091694774967,0.054429714800588766,2.0228225432000757,0.6092576278178388,0.16028665863001554,24.868333238874094,0.49018361482600753,0.0,94.5221950193541,case_42_0022,case_42_0022_cycle_015,15,7.5,lens_contamination,in_distribution,42,orchestra_phd_latent_simulator_v1,42,ok,,0.7406756373449795,0.7939058567413511,0.7616447810655442,0.4163566201529067,0.8226817944952344,0.11837179336302502,False,37.957408635018375,50.456945034627154,medium,train
1738.9194676298089,35.457204875250234,0.11401414667829798,18.51275589943314,1417.082084606891,0.5790176910477394,0.5583241353744101,4.0,0.0884753228522218,0.04168981827524848,1.919195795255805,0.6046106925706168,0.14460744456303865,22.111249410065202,0.6193041843288707,0.0,147.77864566947605,case_42_0022,case_42_0022_cycle_016,16,8.0,lens_contamination,in_distribution,42,orchestra_phd_latent_simulator_v1,42,ok,,0.7636088473165789,0.8885338217391932,0.595439848798665,0.4332743085838711,0.8478882607465071,0.13383643999421055,False,38.3729596077759,53.361917130289505,medium,train
2204.4359150974005,35.27883480422188,0.13295663281947748,17.352443467889426,1614.5362422340781,0.5479631666293033,0.49097944492863593,2.0,0.08684819739456112,0.08409643416252507,2.121131923701241,0.6132576820021228,0.1492790197174521,28.529822041191583,0.46269693638497067,0.0,123.56187655696158,case_42_0022,case_42_0022_cycle_017,17,8.5,lens_contamination,in_distribution,42,orchestra_phd_latent_simulator_v1,42,ok,,0.7260767576457106,0.9980842106626648,0.5493104266572376,0.44581234688479693,0.8308089186182122,0.14016229231506172,False,40.59861715215671,54.463558878890375,medium,train
1933.6238509483103,34.637728733276006,0.1719471720275379,18.129478465086724,1557.619683708897,0.5143610683833707,0.47492402241819043,6.0,0.07832063210181157,0.04992861025773469,1.8858485352015102,0.5765609662093665,0.11422116003672467,26.92114921423141,0.6270733735912477,0.0,146.96696058160921,case_42_0022,case_42_0022_cycle_018,18,9.0,lens_contamination,in_distribution,42,orchestra_phd_latent_simulator_v1,42,ok,,0.7445668808679005,0.6042945472180543,0.6250850457295991,0.4359884313532934,0.8576745636936335,0.17188031145678417,False,42.65363761734578,59.36772406888099,medium,train
1886.7020678764131,39.06771773898032,0.12463173999932271,18.85877766574648,1553.022490998966,0.4788073407273382,0.5627601243125867,1.0,0.11972481669178635,0.061439156898582814,1.778404992752538,0.6394007439303542,0.1304049563987275,21.532121657312505,0.4593577410568281,0.0,144.4860222688991,case_42_0022,case_42_0022_cycle_019,19,9.5,lens_contamination,in_distribution,42,orchestra_phd_latent_simulator_v1,42,ok,,0.8441222356473642,0.5014133682162654,0.6464200988974791,0.4592939149168637,0.8689387394537325,0.1273718075654305,False,37.508597004807946,52.186051869730434,medium,train
1767.188389251007,38.45322282592083,0.0738291725271508,18.08009195590539,1417.8806568184525,0.36106177371896064,0.26872962393510585,5.0,0.11215781092520564,0.04849889429852961,1.9227724397706698,0.5852894261202434,0.07905641859075002,10.556439203937018,0.09357175639033129,0.0,62.41842973036169,case_42_0023,case_42_0023_cycle_000,0,0.0,normal,in_distribution,42,orchestra_phd_latent_simulator_v1,42,ok,,0.607253677432936,0.5347642156997161,0.7051361498116622,0.07059455981030988,0.04882525691947061,0.009153295104798256,False,6.74784738200408,9.980455913088234,low,train
1854.6931566982541,38.40488723174564,0.0978695617377595,18.44004791742258,1483.5038328294904,0.2974643122081268,0.4007459330756461,9.0,0.054834299097761226,0.05271984059457309,2.070113741830467,0.5802700183546226,0.07198872983766472,6.685366436126471,0.0643262442967924,0.0,10.655106740304683,case_42_0023,case_42_0023_cycle_001,1,0.5,normal,in_distribution,42,orchestra_phd_latent_simulator_v1,42,ok,,0.48939608026897685,0.8765897824399278,0.5820429923946038,0.07452931698349013,0.021395155583603036,0.011419607207445446,False,7.842116935968965,11.771944324982911,low,train
1935.438898984025,37.901394754204475,0.14002735525140994,17.59055137093657,1472.1266722937169,0.288003912694182,0.330040356961337,1.0,0.13280405669617398,0.07886437984347844,2.0315711086822574,0.5597189199785014,0.11661462326747513,12.05316544254536,0.12405686733574366,0.0,33.458875475867266,case_42_0023,case_42_0023_cycle_002,2,1.0,normal,in_distribution,42,orchestra_phd_latent_simulator_v1,42,ok,,0.6030448314239664,0.935306008643827,0.6326127785146082,0.09360469363488894,0.04113000304334717,0.011867250514404593,False,9.755761619941778,12.110883761879917,low,train
1922.4262828319936,32.20882796690472,0.04609877436734206,16.67766923995456,1383.0885878451681,0.29310817453693516,0.4311320241414209,3.0,0.059823426010371696,0.028248511282396072,2.0340302032457984,0.5999156929877232,0.05456321158272322,10.898759320352822,0.017007065008447154,0.0,30.78457634048659,case_42_0023,case_42_0023_cycle_003,3,1.5,normal,in_distribution,42,orchestra_phd_latent_simulator_v1,42,ok,,0.5501142480028639,0.9997627141093619,0.5067353840684133,0.08495948378148753,0.032703772044341495,0.008489546747820511,False,6.103122605313324,9.429150906788998,low,train
1703.4217943910537,36.964275015257826,0.08534583120034217,18.78179235851577,1477.6387745168342,0.29025696762244846,0.35439019040193104,3.0,0.0881908134355132,0.053655138599437296,1.9358919589507562,0.6358624913205885,0.07755304937793077,4.452267551253748,0.08504461414740558,0.0,36.10484654370206,case_42_0023,case_42_0023_cycle_004,4,2.0,normal,in_distribution,42,orchestra_phd_latent_simulator_v1,42,ok,,0.6704962793327455,0.44078448124927316,0.6770840266313118,0.09590548988293647,0.05617648814165356,0.011745725031120428,False,7.409736746571887,12.019318912932796,low,train
1842.1761114984615,40.437075520180414,0.08187975332528408,17.201467585200607,1450.8965568528788,0.28659572933074356,0.3789114587542817,2.0,0.061554221094710995,0.07456536768946892,2.045857889842405,0.6570909768477942,0.11771415452154949,8.695593159677797,0.07029528901304116,0.0,28.698102875616055,case_42_0023,case_42_0023_cycle_005,5,2.5,normal,in_distribution,42,orchestra_phd_latent_simulator_v1,42,ok,,0.697663370621429,0.6514755782328465,0.7893267618746754,0.10618258783304255,0.08600667423578487,0.011853251532330808,False,8.838018082212374,12.100352939708086,low,train
1773.9111413840492,30.128047509314243,0.10921729900497776,18.098818133594452,1414.222993982215,0.24513682939763204,0.42996753487596895,3.0,0.07071812246961907,0.03792549173511485,1.9513183551632267,0.6634618836526854,0.13849809108522965,6.235593014337642,0.12116093954921113,0.0,21.869231776129602,case_42_0023,case_42_0023_cycle_006,6,3.0,normal,in_distribution,42,orchestra_phd_latent_simulator_v1,42,ok,,0.7051878542296087,0.8389841653340515,0.6660285826586371,0.10960037901801999,0.044002737188039376,0.009579376711767434,False,5.879870004770258,10.327602652120543,low,train
1974.9089458713474,31.478375869838715,0.09577763577171595,16.418156378061425,1456.7852915272063,0.3167594506365748,0.4631039061623344,2.0,0.08511077675792614,0.026470272910731476,2.0814795659126992,0.6585828528312151,0.059834784362613774,11.622975085429122,0.1288173336411452,0.0,23.889104091707196,case_42_0023,case_42_0023_cycle_007,7,3.5,normal,in_distribution,42,orchestra_phd_latent_simulator_v1,42,ok,,0.6781399700746956,0.5615185932526745,0.6868196939951016,0.11017426889869429,0.053892781902821985,0.011399713924431476,False,9.219755840039538,11.756775228193646,low,train
1969.8336495448211,35.88234249541699,0.08121658994204345,18.323483456379645,1313.9578229480535,0.26987504424955033,0.453760851582002,5.0,0.0453351717483786,0.05329032162096413,1.9698282471082191,0.6466044039557334,0.1189051150248649,2.7399907019857523,0.09569437576229149,0.0,27.114456804116948,case_42_0023,case_42_0023_cycle_008,8,4.0,normal,in_distribution,42,orchestra_phd_latent_simulator_v1,42,ok,,0.764038713292687,0.8676060939710322,0.6339179992908024,0.11897419123214371,0.08626342597769296,0.011198507188470522,False,6.410301934086933,11.602830574410136,low,train
1857.6792258133232,37.1400418076338,0.09840749150121844,17.622416397954314,1532.209662041263,0.2844390268662827,0.4078644810412014,4.0,0.06858513445432082,0.05331695170139971,2.038771755566929,0.61027066039456,0.07107024110079997,4.008972546939667,0.0,0.0,32.36996489307744,case_42_0023,case_42_0023_cycle_009,9,4.5,normal,in_distribution,42,orchestra_phd_latent_simulator_v1,42,ok,,0.7291465309849551,0.35363796351338594,0.6996524028250847,0.13047994947296412,0.04107086950680709,0.010994972725625609,False,6.611093433072333,11.446130472581812,low,train
1938.5641362285776,35.5840306138303,0.08793170956107663,18.81777841376765,1477.800318805771,0.351198292616924,0.37938008343565144,6.0,0.07869959159723791,0.05159444522848677,1.9505412726276306,0.5574224343278635,0.10786794449230784,8.45460238172362,0.06527652384087368,0.0,62.63705960775445,case_42_0023,case_42_0023_cycle_010,10,5.0,normal,in_distribution,42,orchestra_phd_latent_simulator_v1,42,ok,,0.7083383287132932,0.6717599785703914,0.6332037732136861,0.12515590474259333,0.06975948756170734,0.011954809445689874,False,8.82318410069565,12.176651371210534,low,train
1878.8380495161266,35.13664269877787,0.09906635352634502,18.820429562444534,1441.3726147926736,0.1905574976712172,0.4016927287562946,3.0,0.09691615733146834,0.0581156609591783,1.989160137348213,0.5742550282952783,0.08161617100164097,7.842356237272029,0.06723780749467169,0.0,76.51880647299257,case_42_0023,case_42_0023_cycle_011,11,5.5,normal,in_distribution,42,orchestra_phd_latent_simulator_v1,42,ok,,0.7949903741453921,0.4033960647561758,0.7741841411354252,0.1346140674737635,0.07096495391496425,0.015882317404841178,False,11.51654550760014,14.967753888487975,low,train
1846.7189040445219,32.83210151329619,0.07565185867834072,18.33157370211648,1410.6903126360203,0.3167083299524309,0.3635702038340985,1.0,0.1152407710648126,0.06987858368110589,1.9724268370744966,0.6036533237370835,0.0694696602653873,5.44855743005404,0.017408148259484054,0.0,24.949764692847918,case_42_0023,case_42_0023_cycle_012,12,6.0,normal,in_distribution,42,orchestra_phd_latent_simulator_v1,42,ok,,0.7637513332666233,0.9520873623890393,0.7091008719895199,0.13796640674157468,0.06879918890082105,0.013559378291622754,False,9.179635251669147,13.352943709857506,low,train
1842.6540113596814,39.33730611369974,0.053954359034440735,17.89027138101413,1405.584332393549,0.23458558411638913,0.3268975502400698,3.0,0.026058307826401353,0.047654566183312284,2.033348515169446,0.6515408761900661,0.05208146553073889,6.211658421988965,0.10929154754356506,0.0,72.81866859703975,case_42_0023,case_42_0023_cycle_013,13,6.5,normal,in_distribution,42,orchestra_phd_latent_simulator_v1,42,ok,,0.7211949796198294,0.9844117782520732,0.7632766048321855,0.12761751900839546,0.07146763694635869,0.012253070098429786,False,8.34142077613678,12.399412984421405,low,train
1771.9376039699787,37.346921035906895,0.12424690274674698,18.750141323697342,1528.5772129848176,0.21541439364706366,0.3737128550878244,3.0,0.042573606190485946,0.09451686400107102,1.924794721293733,0.6175491604452022,0.13717700536787059,9.271275589219018,0.1319119852950396,0.0,56.100583288513455,case_42_0023,case_42_0023_cycle_014,14,7.0,normal,in_distribution,42,orchestra_phd_latent_simulator_v1,42,ok,,0.7494368755224601,0.48525234753940416,0.6538481408832858,0.15733849329295513,0.07911010202564807,0.014591157184051793,False,11.077479809940291,14.08226661616353,low,train
1930.9126477919644,39.313106012919505,0.056508406876261366,17.584609650288463,1391.5424611033438,0.3030084743120383,0.513478029864524,4.0,0.0969615773974908,0.02788136915884346,1.8867837706239428,0.6057247620693642,0.12431841697394291,6.256127775681059,0.0687850296254697,0.0,84.00607458376473,case_42_0023,case_42_0023_cycle_015,15,7.5,normal,in_distribution,42,orchestra_phd_latent_simulator_v1,42,ok,,0.6589952385623916,0.9850247839607751,0.6969611139319987,0.14840844822469088,0.09596000105446936,0.013728536772691822,False,9.527538658546959,13.473903996233116,low,train
1791.8356919860587,37.12862556278723,0.11228608110137939,18.36043444640953,1454.2354932187388,0.33452722963701975,0.4166587450363263,4.0,0.06447621601846179,0.05759498907619303,2.042422803607113,0.6529270052928943,0.11897978197685123,5.64325878746378,0.08184411674224065,0.0,37.4578402036523,case_42_0023,case_42_0023_cycle_016,16,8.0,normal,in_distribution,42,orchestra_phd_latent_simulator_v1,42,ok,,0.718250491079486,0.7489536843345664,0.7457790107894569,0.1552311292945049,0.07297977459610157,0.013932286937158714,False,9.479442591244922,13.618865242566185,low,train
2034.975947847226,36.29891216875287,0.08938166621333943,17.1363390511713,1542.3886783857583,0.3333353981055521,0.37986240416078215,3.0,0.07099300233078656,0.057902888568570926,2.0466541039694888,0.6455934001728098,0.07673714900012597,6.555399343447962,0.03119881970854652,0.0,72.19016921905607,case_42_0023,case_42_0023_cycle_017,17,8.5,normal,in_distribution,42,orchestra_phd_latent_simulator_v1,42,ok,,0.7653643315292963,0.5846094160735451,0.7595530212185754,0.15869455749403463,0.10900008329337535,0.015572501112440722,False,10.9089280260129,14.757913017929175,low,train
1969.9653373074943,41.37002902396244,0.15572570589162768,17.41862228492095,1365.715361302476,0.34182558203724117,0.34273975058661427,2.0,0.08284786417792346,0.047431945106868906,1.9168789474310812,0.5879076249693991,0.0856387803618795,1.204776493735194,0.05629740151430364,0.0,51.580916824822,case_42_0023,case_42_0023_cycle_018,18,9.0,normal,in_distribution,42,orchestra_phd_latent_simulator_v1,42,ok,,0.7406025639542962,0.3646539135893746,0.8363383333121956,0.17816066893845708,0.09780721739259339,0.01588058257092581,False,9.485176140157186,14.966583374574846,low,train
1798.1831806270725,37.293467886001565,0.15190858549999223,17.11277190641578,1518.0705838301315,0.2965101375574539,0.38112349946975843,3.0,0.06286716631633602,0.07415974822960239,1.9513935139209784,0.6435008915868861,0.11727667644160142,6.743717227454544,0.05959039301196975,0.0,69.51337087709763,case_42_0023,case_42_0023_cycle_019,19,9.5,normal,in_distribution,42,orchestra_phd_latent_simulator_v1,42,ok,,0.5947639369101062,0.8495989514335145,0.4996416154944294,0.160525272198521,0.13465089958959278,0.01308481992968741,False,9.184576707293859,13.010586022726214,low,train
1805.7610047759877,35.99448665079889,0.14306243034951047,17.96641180152147,1489.0420996370372,0.36738866741637105,0.41774709391482256,10.0,0.07794683955171779,0.03868747561155242,1.975602391442818,0.5905984289930234,0.13702221495249048,12.206475840258054,0.17566105882976482,0.0,0.0,case_42_0024,case_42_0024_cycle_000,0,0.0,focal_drift,in_distribution,42,orchestra_phd_latent_simulator_v1,42,ok,,0.4540743719862361,0.3882369517748361,0.6232137839476841,0.31532567088073593,0.369922747194505,0.03347369472581084,False,20.42158816057082,24.890830987430657,low,test
1951.554351718272,38.54150036921935,0.18806172112848465,16.81846350516347,1459.7990456126836,0.3373452834433501,0.4900240122714025,5.0,0.10301400542466864,0.049811467376218076,2.0368212539399515,0.6047928773449301,0.14819375216719843,9.934266481852315,0.21119927376855765,0.0,49.28387792824449,case_42_0024,case_42_0024_cycle_001,1,0.5,focal_drift,in_distribution,42,orchestra_phd_latent_simulator_v1,42,ok,,0.5475699426678328,0.9061327798867911,0.44651425169050774,0.33299570397537026,0.42833010891714823,0.03926966067777447,False,21.370190993820554,27.545033136229453,low,test
1946.5344631733644,29.014434316867476,0.21417429813558056,18.017933206611456,1419.8937837902467,0.3233387226501739,0.3464089811370032,1.0,0.07160535954221009,0.0374858293278919,2.034234815416333,0.6444195669407307,0.08426781126255527,10.40340035555354,0.044729240437191495,0.0,34.12085766745607,case_42_0024,case_42_0024_cycle_002,2,1.0,focal_drift,in_distribution,42,orchestra_phd_latent_simulator_v1,42,ok,,0.5044884066402611,0.7099646554178595,0.5245568071031614,0.33156279245330766,0.44236301969686537,0.04017494201712136,False,21.778067067830666,27.939235980049148,low,test
1772.0456067990287,32.27091422475226,0.18887766108724421,19.818167511298395,1470.8194063961912,0.3434600131518258,0.4337413258296013,2.0,0.10436322975259549,0.05563931615141965,1.9424225575014944,0.6775892838254916,0.04086951871197242,8.354927824315432,0.15106595173993892,0.0,41.869059015451526,case_42_0024,case_42_0024_cycle_003,3,1.5,focal_drift,in_distribution,42,orchestra_phd_latent_simulator_v1,42,ok,,0.6175147632375602,0.8968954183163054,0.7707918582573533,0.36017176271226425,0.46534095522530505,0.039068120876727286,False,20.809771470294823,27.456566070547666,low,test
1931.436382414767,35.632677499917826,0.21843044006610607,18.856852239357533,1491.6251789951814,0.30160374637059306,0.4900039480204108,3.0,0.10321831830284563,0.062492326518362305,2.1142528248621435,0.6183707154182035,0.12452308379920828,20.72150520331966,0.06775688981902159,0.0,25.321900582902472,case_42_0024,case_42_0024_cycle_004,4,2.0,focal_drift,in_distribution,42,orchestra_phd_latent_simulator_v1,42,ok,,0.5627552727159133,0.3077814035194644,0.518010409728239,0.36676872561457924,0.483469742229899,0.03775007032174526,False,24.179632106482945,26.87149873241309,low,test
1878.2062763395927,34.59173551603516,0.24712006092640604,19.596815642130398,1548.8788527089841,0.3499974195349681,0.4928502433261594,2.0,0.10324692371242218,0.06406864205109727,2.080049489806819,0.5590802301044688,0.08360652072806427,14.664668084286868,0.1620208292282676,0.0,36.987736230801374,case_42_0024,case_42_0024_cycle_005,5,2.5,focal_drift,in_distribution,42,orchestra_phd_latent_simulator_v1,42,ok,,0.6355030539868944,0.549044157994338,0.595087982342696,0.37393723329519485,0.48045484520802034,0.050353310846909055,False,25.428622245411574,32.048680934870546,low,test
1773.5559881465756,37.51189662356819,0.22658989527453846,18.69556056734869,1499.8177620384472,0.4155550198062591,0.3780135464879826,7.0,0.06551740426284428,0.007160366138619714,2.085116547731675,0.6409019825487065,0.08222395020728018,13.369373433940776,0.052193370303565884,0.0,47.52824780820524,case_42_0024,case_42_0024_cycle_006,6,3.0,focal_drift,in_distribution,42,orchestra_phd_latent_simulator_v1,42,ok,,0.602525695526169,0.8442111463465576,0.6453566992505316,0.37568197154503075,0.48810864081689465,0.04768470643151244,False,24.48208320185286,31.024388428435085,low,test
1855.4591661437992,29.402447283293544,0.2525398141217468,17.76318285539635,1547.9391369076238,0.3573983850066919,0.4023693134323916,1.0,0.055410878938860916,0.07565479461102351,2.1932190232812796,0.608308126685368,0.06758503294734734,17.21909968413601,0.15082417515141672,0.0,49.02466342275808,case_42_0024,case_42_0024_cycle_007,7,3.5,focal_drift,in_distribution,42,orchestra_phd_latent_simulator_v1,42,ok,,0.6969368871386621,0.5984485231567559,0.7530590104944574,0.4088826112751841,0.5322210636355966,0.059585913909734105,False,28.003508137567913,35.34412892456205,low,test
1959.6057378542155,36.27997528578111,0.24234714462992865,16.1953057170255,1482.3980580539055,0.3774899333486002,0.405019111224937,7.0,0.10147210961481958,0.07297302442174178,2.155073055068912,0.6009313627951216,0.12457549750978462,18.48517053710971,0.07678672979461998,0.0,68.28578242663254,case_42_0024,case_42_0024_cycle_008,8,4.0,focal_drift,in_distribution,42,orchestra_phd_latent_simulator_v1,42,ok,,0.6546998258136275,0.8603259200675626,0.6463166310641422,0.4113863025399764,0.5695245736050065,0.06860345160810455,False,29.823583590105102,38.244155064151855,low,test
2008.0637624114677,34.30571035818419,0.28274012822938355,17.796580022366772,1542.5227573583618,0.3799002910120414,0.4054992910691533,3.0,0.06517642767950657,0.08404190970454031,2.111533621378196,0.5929037016204662,0.12386538814518983,15.344414086638242,0.10264273633599225,0.0,45.77503581976445,case_42_0024,case_42_0024_cycle_009,9,4.5,focal_drift,in_distribution,42,orchestra_phd_latent_simulator_v1,42,ok,,0.6908704150512414,0.6717214860586527,0.6886260935279015,0.42128784818833037,0.6006234272224549,0.0565894982881685,False,26.87967379246364,34.313980049720186,low,test
1807.4801954887732,31.4538975195751,0.24409896850857057,17.345283893462767,1511.8330005437376,0.3897000811783446,0.3681130747183001,4.0,0.033936647682409976,0.03643067350128741,2.1965283646823774,0.706147326700522,0.07564524532818608,12.17578385980077,0.11338543645962912,0.0,31.048389244471814,case_42_0024,case_42_0024_cycle_010,10,5.0,focal_drift,in_distribution,42,orchestra_phd_latent_simulator_v1,42,ok,,0.7530171248181783,0.35473067792350516,0.7430101628945508,0.42965907020209276,0.5818161821625395,0.06540384563877134,False,27.391231751565314,37.24750359034268,low,test
1953.8903877019816,37.62345778095741,0.2859947194584866,18.37746517893735,1558.2264129989226,0.4016143451887304,0.5129246333144986,4.0,0.12066423815030579,0.1018199418304944,2.09235145402815,0.6720580780755301,0.07599043810124188,13.583368090128722,0.21600360100325192,0.0,34.06042700886788,case_42_0024,case_42_0024_cycle_011,11,5.5,focal_drift,in_distribution,42,orchestra_phd_latent_simulator_v1,42,ok,,0.7162437906695905,0.513826939564913,0.7104569948165038,0.4436685486241351,0.6110825665796131,0.09669447524837044,False,32.06479961632487,45.77394063173602,medium,test
1867.6092796110331,34.92807036971574,0.32036755041261833,18.975499761152562,1482.9329862185477,0.4330391779989547,0.39828705570795386,3.0,0.07937665475117714,0.07204873351788561,2.147785341213714,0.6425149163322185,0.06929229199508383,15.69458465397208,0.06356494927200093,0.0,67.20043451322672,case_42_0024,case_42_0024_cycle_012,12,6.0,focal_drift,in_distribution,42,orchestra_phd_latent_simulator_v1,42,ok,,0.737988875483397,0.4531727880716504,0.7026460085690532,0.44891643584784807,0.6777144489215031,0.08024289563391093,False,30.86499962074962,41.606983098980535,medium,test
1820.8529460271363,33.75412073621611,0.3099740165379168,16.465705126706077,1452.2766210489833,0.3250822473664513,0.5302475884660033,4.0,0.0973508344269968,0.03570532159211438,2.0832123474477764,0.6315925512802186,0.1015499591980806,21.586343677654554,0.15738516642575517,0.0,63.93890384271292,case_42_0024,case_42_0024_cycle_013,13,6.5,focal_drift,in_distribution,42,orchestra_phd_latent_simulator_v1,42,ok,,0.7857610978607753,0.3281038303091474,0.6199224027821946,0.48060737705505086,0.6641878052320508,0.09956278484845145,False,34.88432026632131,46.44126497959406,medium,test
1725.0389437864749,38.27207910390642,0.3069137634862101,17.88375294093122,1600.3229394661312,0.3621485408387794,0.4664723786187559,1.0,0.12978307451364865,0.06593602260018791,2.088870787079258,0.594098161231397,0.10878459187278589,17.16919496371537,0.13055131749837348,0.0,69.79934583711498,case_42_0024,case_42_0024_cycle_014,14,7.0,focal_drift,in_distribution,42,orchestra_phd_latent_simulator_v1,42,ok,,0.7837724272299724,0.5092074833940679,0.5945237751075502,0.49008696218708137,0.7197856325666558,0.10893347453411491,False,34.503576777355285,48.51560074896359,medium,test
2067.919112366803,37.32997437404684,0.2875164020228148,17.152206355677524,1456.4261118275908,0.38681307198657106,0.43017330955214056,8.0,0.09504271261318037,0.024735670494596743,2.0071266618210464,0.6008294077949923,0.1114898923770698,25.349984264371642,0.19509721975191144,0.0,27.930480984928565,case_42_0024,case_42_0024_cycle_015,15,7.5,focal_drift,in_distribution,42,orchestra_phd_latent_simulator_v1,42,ok,,0.807057755849606,0.8723164051349859,0.6985217472356988,0.4923113533839792,0.7063274501505412,0.09076452756176914,False,34.911321967474294,44.34167681381851,medium,test
1901.5672293668044,38.60055209027132,0.29934677217698336,17.46031581678891,1539.886660499916,0.35813065327125965,0.35654506938755953,3.0,0.06753713143316176,0.03811194833184622,1.9618081443209465,0.5951066109016014,0.13967301013401698,18.647031352901177,0.11775413787779948,0.0,61.13576913936462,case_42_0024,case_42_0024_cycle_016,16,8.0,focal_drift,in_distribution,42,orchestra_phd_latent_simulator_v1,42,ok,,0.7084574027021459,0.7313898467915247,0.6405398402200355,0.5008221760285912,0.7434215979850989,0.11346108928361869,False,35.4198695523393,49.46424416690104,medium,test
1774.5964161352176,32.524885463160544,0.3146446308568428,19.38266000237008,1553.743755887966,0.389808921485944,0.40012899916575934,4.0,0.10613532970597278,0.0495329143214719,2.089534087077808,0.6125423776218039,0.10730238801651393,17.05553257206442,0.16067171116639195,0.0,57.48411208830537,case_42_0024,case_42_0024_cycle_017,17,8.5,focal_drift,in_distribution,42,orchestra_phd_latent_simulator_v1,42,ok,,0.6983299905363702,0.8255199700299902,0.7516395811406302,0.5114625070449815,0.7724045713730342,0.12477841551400395,False,36.06183804409393,51.699209282579794,medium,test
1969.418441720854,28.80860719548714,0.3744901254563577,18.339309698456,1461.1958500020405,0.3292957303184125,0.41828052765892293,1.0,0.09728894001510763,0.052553247449001014,2.12420500200689,0.6006644609199217,0.12914893685628553,20.14477842893109,0.15937126192520518,0.0,41.531823087695024,case_42_0024,case_42_0024_cycle_018,18,9.0,focal_drift,in_distribution,42,orchestra_phd_latent_simulator_v1,42,ok,,0.7576985136881802,0.6869379761932665,0.7058107573524908,0.5156669808593949,0.8371861430864297,0.11544350052503728,False,36.20039676398366,49.86939358681032,medium,test
1727.2563818259287,30.967873020240688,0.3272458754547432,18.458246649364465,1453.0226006249873,0.3556645034777722,0.46014757664105843,6.0,0.10147708564113622,0.0258932938754572,2.0969129733831,0.6181065515398578,0.1806052184314251,22.62521051014088,0.17657554320059507,0.0,57.58159489298654,case_42_0024,case_42_0024_cycle_019,19,9.5,focal_drift,in_distribution,42,orchestra_phd_latent_simulator_v1,42,ok,,0.6876786012905818,0.6002342845205085,0.5516476624239927,0.544218236867494,0.806900035220548,0.11754081564475237,False,37.07245150622071,50.29151096801616,medium,test
1897.24081624441,36.84260427653273,0.03636638703359759,17.57861574657186,1455.7914186419787,0.24965242286777659,0.3805310991162861,3.0,0.07916279175146215,0.04419816731430374,2.0274986582997108,0.6076440839681857,0.08769149522372878,3.0590324798177484,0.0899846685913183,0.0,31.49818209234471,case_42_0025,case_42_0025_cycle_000,0,0.0,normal,in_distribution,42,orchestra_phd_latent_simulator_v1,42,ok,,0.5600162239076601,0.9198579763615291,0.688261921855274,0.11957396697513546,0.04648342961700402,0.011085917462638973,False,6.413408492361075,11.516270585366668,low,test
1857.571919653378,36.55145344849209,0.12291999988988211,19.446826609791664,1511.5665649673138,0.2831314243565647,0.43404336615344485,1.0,0.08109553481204147,0.0003879805061894753,1.9424698953486599,0.6384553902370738,0.0785648096170266,9.688695217195887,0.052030704865808124,0.0,54.99712665150539,case_42_0025,case_42_0025_cycle_001,1,0.5,normal,in_distribution,42,orchestra_phd_latent_simulator_v1,42,ok,,0.5748563158934877,0.32528985058592763,0.6018014168131343,0.13567782973540513,0.06739219623664505,0.013852807402657515,False,10.529903139908194,13.562413097551795,low,test
1880.2026378754097,38.048693058372585,0.1253340373558964,17.6024847860893,1510.0216396724022,0.30924617847993824,0.47476734868382836,5.0,0.13216503692781292,0.024718890010922166,2.0045486590155863,0.6139059567228841,0.13393173361979838,6.085797750836019,0.07378373116921835,0.0,19.699364021469943,case_42_0025,case_42_0025_cycle_002,2,1.0,normal,in_distribution,42,orchestra_phd_latent_simulator_v1,42,ok,,0.6718815839077822,0.9728254818226785,0.6236625804877699,0.13187066136025852,0.07386287747814335,0.013243581151080921,False,9.151165268089079,13.125620882156586,low,test
1741.250792558687,34.07145569278951,0.07990671333515406,18.23971987010806,1324.1419429513112,0.29030413999144206,0.4382287275387663,4.0,0.11886352351133442,0.03635517659792422,2.016947940090371,0.643796854072378,0.08619579877290068,4.717664465847897,0.10777294489441597,0.0,24.620012154684215,case_42_0025,case_42_0025_cycle_003,3,1.5,normal,in_distribution,42,orchestra_phd_latent_simulator_v1,42,ok,,0.6732325786504999,0.32250943058212705,0.7079187268273042,0.15053253556229026,0.0686241786850472,0.01347533370766726,False,8.883235909408695,13.29263787311645,low,test
1841.3961264249488,32.921019396937815,0.112707000364954,18.088082068572234,1391.2522697557179,0.27551890330235695,0.4399003494166188,4.0,0.056331316775518905,0.019199114375049536,2.0679613312060128,0.6664536391740745,0.09343078721542145,9.559958765835464,0.11124587896426383,0.0,20.97163464134228,case_42_0025,case_42_0025_cycle_004,4,2.0,normal,in_distribution,42,orchestra_phd_latent_simulator_v1,42,ok,,0.5899042993655639,0.6894233189587211,0.5998480698467411,0.13942505780017198,0.05207802517004524,0.01082374755603801,False,8.125442492169139,11.313533058636557,low,test
1875.3781083132728,33.60389532195637,0.11296013891115322,17.735117872578392,1521.7358547801368,0.21369349738882856,0.4168788108648774,2.0,0.07536233060998139,0.08631574535806727,2.0531972091519304,0.6569268526376665,0.08316718984257651,10.966428038183873,0.17163375295514535,1.0,36.27059162037474,case_42_0025,case_42_0025_cycle_005,5,2.5,normal,in_distribution,42,orchestra_phd_latent_simulator_v1,42,ok,,0.6893498027796549,0.8727626126471675,0.5532472791318483,0.1499817021085747,0.0779624296772421,0.013240582207931366,False,10.684309559045458,13.123452616845993,low,test
1753.4493873253818,36.35077413869038,0.08317522838289969,15.865082806941226,1399.1721846097846,0.3350335161136412,0.35219855220253066,4.0,0.0713674473572412,0.05303768868644386,2.041717708884134,0.6135771494311274,0.09480062819534604,3.2969518078151308,0.11331948529300534,0.0,0.01890206414082405,case_42_0025,case_42_0025_cycle_006,6,3.0,normal,in_distribution,42,orchestra_phd_latent_simulator_v1,42,ok,,0.6801709796433089,0.6373234673068109,0.6682244975666285,0.14653595752416756,0.08024562076922842,0.012712732128507083,False,7.844765599540808,12.738964356360391,low,test
1828.9575846498074,39.886287299215994,0.11916245631749631,19.19064213208796,1415.821393955157,0.32323038718385416,0.287792993339375,2.0,0.10718028504180988,0.024030991929348718,1.942194487782667,0.5918234243928824,0.13336343586048413,6.197110546224384,0.18961439677547956,0.0,40.56938912378953,case_42_0025,case_42_0025_cycle_007,7,3.5,normal,in_distribution,42,orchestra_phd_latent_simulator_v1,42,ok,,0.7189012780201198,0.6473035530802218,0.5216346644820862,0.1534340192277883,0.10794880832740171,0.014950036346733519,False,10.431586604145714,14.331326222081994,low,test
1930.3263960302406,30.197711153850364,0.12408646599137822,18.41085252357747,1461.2170144646175,0.333772090235455,0.34234737621594835,1.0,0.08725680772674065,0.04440950190362623,2.0393970633583938,0.6163098987744039,0.1183576332624043,7.318751565253288,0.1218888059256645,0.0,11.204028916456599,case_42_0025,case_42_0025_cycle_008,8,4.0,normal,in_distribution,42,orchestra_phd_latent_simulator_v1,42,ok,,0.8009437568509549,0.9850477041355521,0.8063611919756029,0.16286218241478861,0.12614484568180867,0.016608313012486827,False,11.804860635263587,15.453236997345565,low,test
1878.1437010936702,36.81643415446507,0.15312771494643862,18.62897820652102,1582.1053361242084,0.33898596975217704,0.36199492804575667,1.0,0.060113482996053416,0.03893057796063011,1.9139083123817486,0.6378719532736337,0.17849511977305527,6.998449839928377,0.03462393918699323,0.0,42.72689609090169,case_42_0025,case_42_0025_cycle_009,9,4.5,normal,in_distribution,42,orchestra_phd_latent_simulator_v1,42,ok,,0.7665945903072781,0.9192765278714559,0.6653064547640596,0.18855985032441014,0.09280681221348026,0.01298624946669499,False,9.207085324087306,12.938907071685326,low,test
1933.394276760019,34.35855268396309,0.0825043730849341,17.574477776502867,1377.2281127982328,0.33491958180523873,0.46950888163785226,4.0,0.056244473557542585,0.05731093301553829,2.078053553752366,0.6166944365382165,0.10075171464287526,7.801807377710467,0.02190302031711457,0.0,46.74795619149072,case_42_0025,case_42_0025_cycle_010,10,5.0,normal,in_distribution,42,orchestra_phd_latent_simulator_v1,42,ok,,0.7456724186787389,0.6081645224224312,0.5739413779315263,0.17487075602394292,0.08943819276650138,0.011925738315176248,False,8.59331350684453,12.154834269216128,low,test
1856.9137925720881,33.91006567300234,0.12494833299683332,18.315600100824117,1379.6551633216163,0.29749780635034434,0.40489614483217495,9.0,0.08831742016970258,0.03081747035529636,2.0012237573738476,0.5919361819675083,0.04562042224466418,10.924544366784225,0.13088447620966231,0.0,22.40994946928078,case_42_0025,case_42_0025_cycle_011,11,5.5,normal,in_distribution,42,orchestra_phd_latent_simulator_v1,42,ok,,0.7348968916746409,0.39718047771933607,0.8107385789898198,0.1806546283259727,0.115595561375438,0.012237483327093453,False,9.700477500691534,12.387819813678334,low,test
2018.148037057408,37.28547529739946,0.11749283346953092,18.4599748788671,1458.8099504840807,0.34674084349013307,0.4237106234117642,4.0,0.08875775458238226,0.07510884809828876,2.0178908000761364,0.638694968520135,0.13444529822358367,7.580775739042388,0.09182904802702668,0.0,34.20038139019341,case_42_0025,case_42_0025_cycle_012,12,6.0,normal,in_distribution,42,orchestra_phd_latent_simulator_v1,42,ok,,0.7548227311154578,0.6991370003668052,0.7503488783588396,0.18149264530174095,0.09018147876023658,0.016137907013371665,False,11.605637363281353,15.13965592456919,low,test
1766.1782375126513,37.95665123225261,0.16133469356930144,19.194474349534236,1480.3093388366913,0.2585420432278154,0.3552135168456481,4.0,0.0752989969514421,0.03980907028361668,2.025500211695109,0.6492357127779964,0.08132793420707353,7.020759029936863,0.10205136447146983,1.0,35.83325461102298,case_42_0025,case_42_0025_cycle_013,13,6.5,normal,in_distribution,42,orchestra_phd_latent_simulator_v1,42,ok,,0.7120046288208607,0.34071098675641626,0.7345928953638277,0.2082491864925055,0.09374775968040285,0.015649113151552378,False,11.082237262423442,14.80995415054894,low,test
1831.0896474317433,34.64443937662914,0.053249153898125894,18.129495026250975,1571.9170858401742,0.25763559533119845,0.4787211935821784,1.0,0.07431875654273995,0.036258618234455725,1.9257982274010441,0.629601209158133,0.1420699467718673,2.807430991110541,0.025448635373239097,0.0,55.44586378982749,case_42_0025,case_42_0025_cycle_014,14,7.0,normal,in_distribution,42,orchestra_phd_latent_simulator_v1,42,ok,,0.6500085745156734,0.8221608226990316,0.657769560281247,0.1951109909885146,0.11436288189421126,0.014188060349537302,False,8.82879579709762,13.799719893981207,low,test
1801.6244249172512,37.81029379494208,0.12002028111803599,18.76247522015384,1448.0912926582316,0.3629638902449197,0.38972524901550365,2.0,0.06504816497769737,0.08920804140452777,1.9919523860952386,0.6373325455732533,0.06712584521962756,3.7871717377917458,0.009476683207110363,0.0,51.99346152731263,case_42_0025,case_42_0025_cycle_015,15,7.5,normal,in_distribution,42,orchestra_phd_latent_simulator_v1,42,ok,,0.6299862049844439,0.9592028881922543,0.6759624765162705,0.2076378112359331,0.1149603745296156,0.016817903718729398,False,10.857302776429231,15.591807525053902,low,test
1936.0352918719434,41.86769445479255,0.12816852374405546,18.640312000753113,1512.365860663279,0.26497127527738285,0.4390317045709169,1.0,0.07399323139846452,0.07115786382821845,1.951553256631699,0.6109558279949374,0.08171561169280785,6.158913672586457,0.042257402590922664,0.0,55.22718778121501,case_42_0025,case_42_0025_cycle_016,16,8.0,normal,in_distribution,42,orchestra_phd_latent_simulator_v1,42,ok,,0.7124868734237979,0.5503757205972195,0.7633850675616876,0.22720253689348446,0.09160639794382164,0.01533466953654491,False,10.652860953383481,14.595717982068408,low,test
1767.715070310383,36.57539885550301,0.128421338642375,18.870603759045395,1328.5825768090867,0.3997537533361416,0.29596542359285943,2.0,0.08098865656155621,0.04173962229369737,2.05687802837363,0.6030355394213988,0.06670005804045971,10.768768034054434,0.12061572470269885,0.0,62.96713220683906,case_42_0025,case_42_0025_cycle_017,17,8.5,normal,in_distribution,42,orchestra_phd_latent_simulator_v1,42,ok,,0.6718121537859727,0.9030710231072097,0.667923777620757,0.21705446544203638,0.12223624301573804,0.01734444433028833,False,13.290369211416248,15.936885692002337,low,test
1843.4841470216606,37.44136474769194,0.039584029432216,17.622005000917117,1488.9807042157372,0.2383432501884856,0.3910283951531075,0.0,0.12136600614918153,0.06687515481953764,1.9319082794911793,0.6208827434176075,0.13721708667852547,6.368353610429314,0.14576241902271053,0.0,86.18567475995202,case_42_0025,case_42_0025_cycle_018,18,9.0,normal,in_distribution,42,orchestra_phd_latent_simulator_v1,42,ok,,0.6555348818949758,0.5184903405249707,0.7177652875483368,0.21373750359919566,0.1233843588181373,0.017862827743767403,False,12.263727953506109,16.27246814760412,low,test
1844.5028030801554,33.879122843568176,0.09285842918991559,17.316214254645928,1458.1500804163447,0.29427708773940164,0.42047283401371405,4.0,0.11156088716749024,0.02349888037519328,2.0222161169162165,0.6119970714931633,0.14274293951470127,6.6450593202412565,0.022114564182028684,0.0,51.3851880890764,case_42_0025,case_42_0025_cycle_019,19,9.5,normal,in_distribution,42,orchestra_phd_latent_simulator_v1,42,ok,,0.5304096988643252,0.7462179984768118,0.6473168389658823,0.2073994981931967,0.1361237793718534,0.015648895984781336,False,10.989409158864632,14.809806774331328,low,test
1884.343861865332,37.659936069559635,0.1242268909238996,16.580563406496168,1551.577217699588,0.35047277788807135,0.3640840086832218,8.0,0.08174249399307991,0.04237416135909415,2.047025662998901,0.613153552425177,0.14654230974537769,10.983723800641199,0.15751988934692296,0.0,29.209929453993823,case_42_0026,case_42_0026_cycle_000,0,0.0,thermal_overload,in_distribution,42,orchestra_phd_latent_simulator_v1,42,ok,,0.2214842266144215,0.7726164066718952,0.4884758466510784,0.309144796778917,0.24593814844567055,0.02106891158166888,False,15.325544048304385,18.263349295175995,low,train
1906.0923992391783,37.734507591433534,0.15343447507786603,18.764457565178297,1604.7991259147793,0.3186007370516022,0.4423568716574095,6.0,0.08116565345472754,0.03714224970217225,2.0183049355323694,0.6237142609615092,0.0658275450961106,6.113704603027058,0.1557119613935819,0.0,17.859959746871443,case_42_0026,case_42_0026_cycle_001,1,0.5,thermal_overload,in_distribution,42,orchestra_phd_latent_simulator_v1,42,ok,,0.35426924341270966,0.878168198939401,0.5592613292398654,0.34243446980327397,0.2746415412024582,0.034589860785976166,False,18.96412185165916,25.42053268484001,low,train
1990.8363351962007,31.002224449410267,0.11217590032311836,18.398096543398847,1584.395740785307,0.29292494279509945,0.4464421244618803,4.0,0.13946801755149812,0.07121693677281145,2.000757122740961,0.6385965626728718,0.15166503658027983,8.617639389638644,0.12354762870669778,0.0,16.868048110382382,case_42_0026,case_42_0026_cycle_002,2,1.0,thermal_overload,in_distribution,42,orchestra_phd_latent_simulator_v1,42,ok,,0.34399091597285675,0.7913266675066748,0.47729536668747236,0.363877427189067,0.283172621572397,0.030319043294650332,False,18.342441931400256,23.340949977002968,low,train
1895.958023940132,35.84819348172025,0.14366358023601797,18.181844345429305,1503.7791059482086,0.3139587943494582,0.4184370397484155,3.0,0.10338945433241387,0.047969079527531634,1.9942764558697794,0.6625802800291741,0.20015208760164985,7.471268238720101,0.1212959263209088,0.0,51.943933655426484,case_42_0026,case_42_0026_cycle_003,3,1.5,thermal_overload,in_distribution,42,orchestra_phd_latent_simulator_v1,42,ok,,0.3072651490365992,0.3059465967180089,0.5266600809130242,0.36514001578298116,0.2944198168295646,0.02770698703560642,False,17.070188924608377,21.993684744015084,low,train
1889.8119796261203,26.80863497822458,0.10379471035954915,17.218961980741266,1619.1581828947567,0.2945060321854726,0.3938897677780715,4.0,0.07881663099989519,0.03965433265927247,1.9666067759035706,0.6383948241349741,0.13186636884668698,7.464854306591759,0.1525722284010736,0.0,65.43132732270861,case_42_0026,case_42_0026_cycle_004,4,2.0,thermal_overload,in_distribution,42,orchestra_phd_latent_simulator_v1,42,ok,,0.29297083095159765,0.8856114151117436,0.5892173320103495,0.36734653791906824,0.33999831775049943,0.03562932763833416,False,19.61749193736307,25.90556469525518,low,train
1900.9752168054345,32.75866851889679,0.15327509293223268,18.252681668469926,1642.8267146716319,0.30918208056756397,0.36483350977380713,6.0,0.05395474772528651,0.09145259840536638,1.9300842012094428,0.6448997173768783,0.17588859240647292,10.281769060971458,0.07532078155683489,0.0,37.21376760788803,case_42_0026,case_42_0026_cycle_005,5,2.5,thermal_overload,in_distribution,42,orchestra_phd_latent_simulator_v1,42,ok,,0.3655351910011719,0.6195790017484806,0.5688902696813458,0.3824198777164161,0.3355502264648525,0.033721838146389425,False,19.816936393617233,25.009404660700135,low,train
1841.2219882800691,40.292485599301315,0.1386404225988879,18.913285778524735,1674.2323301623828,0.3098432999792366,0.4575350828575183,11.0,0.10395210125458343,0.03043737498699123,1.9288071127180482,0.7331645558857137,0.16048726479470266,9.563492215834932,0.11609651612081445,0.0,47.81769928541175,case_42_0026,case_42_0026_cycle_006,6,3.0,thermal_overload,in_distribution,42,orchestra_phd_latent_simulator_v1,42,ok,,0.3891843083522492,0.5636091881629515,0.4449134436244281,0.4129343457740176,0.36712819857749107,0.04574594135765041,False,22.948550416980524,30.25769520799181,low,train
2050.8917803505383,36.010325529740264,0.203811263850104,18.17067883780333,1637.1223931702305,0.3165940951275083,0.39142824691971856,5.0,0.0713963384191772,0.04573425129997884,2.0941397949280005,0.6495696104212914,0.14367017229216572,12.069391124148975,0.0718217808172037,0.0,43.86992014482735,case_42_0026,case_42_0026_cycle_007,7,3.5,thermal_overload,in_distribution,42,orchestra_phd_latent_simulator_v1,42,ok,,0.4032374009099531,0.4990995620493275,0.45867990200675113,0.41311636001563795,0.42412124534725815,0.055214156164019035,False,25.573460186039874,33.82894075153639,low,train
1905.42983530627,37.59999110097897,0.17861828808269864,18.7257319668391,1596.34804073274,0.3988961130612463,0.49944406658730556,6.0,0.10818505070510087,0.04418747186912908,1.9995476122354534,0.699162102309404,0.11566152502912391,14.185723734522034,0.160646633577877,0.0,40.26293196747601,case_42_0026,case_42_0026_cycle_008,8,4.0,thermal_overload,in_distribution,42,orchestra_phd_latent_simulator_v1,42,ok,,0.494379050199674,0.7353390549574365,0.5954172551236817,0.4407303318223132,0.39647116341811706,0.04839295245743837,False,24.861429687595365,31.299660129653677,low,train
2069.038501475565,35.631433259067016,0.1827272711759514,18.93170448305199,1577.1845105602476,0.3437788473643629,0.44056777473116815,8.0,0.08009435008256652,0.06638551075993047,2.0040130708593225,0.6767749541690006,0.21916465516427341,11.374221303632828,0.13946655723430001,0.0,47.60995733656372,case_42_0026,case_42_0026_cycle_009,9,4.5,thermal_overload,in_distribution,42,orchestra_phd_latent_simulator_v1,42,ok,,0.4885667447840282,0.47557319934984765,0.6109356194318222,0.43305859253639706,0.3821242225889847,0.044741644296070644,False,23.256314934138125,29.8527205591175,low,train
1896.1355298093197,35.536504935652815,0.12466090304338448,18.46014643588565,1650.4489852364177,0.28548009449490863,0.3872860713693812,5.0,0.09293924344155097,0.035250529010997775,1.9963954533392363,0.633158713511214,0.20296415599515155,11.26870684150178,0.21763611389740578,1.0,39.982811533553985,case_42_0026,case_42_0026_cycle_010,10,5.0,thermal_overload,in_distribution,42,orchestra_phd_latent_simulator_v1,42,ok,,0.5691952209926237,0.7678953231258543,0.55871830374964,0.44941097526649165,0.4070747477447997,0.05598929839226119,False,25.42262871465839,34.10327842256259,low,train
1853.1928731638166,35.57932299015869,0.12282861264665068,18.852256419914212,1506.8584257124894,0.31270216869410095,0.4087568244316524,8.0,0.1138735758709423,0.06472150620540854,1.9918677374538867,0.6369333756202814,0.18109930742207184,3.2326648971719347,0.11992323941723325,1.0,40.761811803531025,case_42_0026,case_42_0026_cycle_011,11,5.5,thermal_overload,in_distribution,42,orchestra_phd_latent_simulator_v1,42,ok,,0.5357274587071778,0.6930932633976838,0.5922650132579473,0.471658560333241,0.4357162255810972,0.059219009407167525,False,23.70966829847431,35.21989104936311,low,train
1973.7720309219055,35.23311944959482,0.13958198973475772,18.354704613558344,1689.9700972125236,0.3272784980696289,0.49653860028022023,7.0,0.12108988833787442,0.04483823961006997,1.9803516327877964,0.6631913233039991,0.17970790540041995,11.586010097825135,0.1474636128269203,0.0,63.54300261700019,case_42_0026,case_42_0026_cycle_012,12,6.0,thermal_overload,in_distribution,42,orchestra_phd_latent_simulator_v1,42,ok,,0.5317713202839154,0.7196694917837675,0.5875117079470477,0.4841463603136061,0.4779255569799764,0.06508091222278894,False,27.169339640981466,37.14500933540997,low,train
1987.2314017610381,34.353551766831956,0.11812668287605034,19.018144352565077,1651.4029596504765,0.32517777402631476,0.36603559811293584,4.0,0.11034325023707975,0.034389011855716446,1.946959990221544,0.7051199080039703,0.1913349036734498,6.477647397048244,0.14343211648925536,0.0,27.786082839029145,case_42_0026,case_42_0026_cycle_013,13,6.5,thermal_overload,in_distribution,42,orchestra_phd_latent_simulator_v1,42,ok,,0.5436682865683766,0.6049843481326362,0.7053556688642182,0.48790049798386437,0.4796967957331328,0.0690245521576894,False,26.264306849431033,38.37283887812231,low,train
2030.282021477437,34.625598966386484,0.14142559823707773,16.676448501585295,1666.0198995611652,0.34292947874416707,0.4214345685591043,6.0,0.13213728342375258,0.0730675419465419,1.9051568224440527,0.6843964022327714,0.21450219354163974,9.824292364671255,0.0571251008353511,0.0,64.75972283804701,case_42_0026,case_42_0026_cycle_014,14,7.0,thermal_overload,in_distribution,42,orchestra_phd_latent_simulator_v1,42,ok,,0.5264842718570389,0.8890628348084415,0.6179558043922776,0.5079585282087592,0.5166422444733825,0.07810454890124632,False,28.758175404387288,41.01774005075699,medium,train
2042.2247313730927,29.12629642597861,0.1256307956159807,17.618224146539443,1628.8117665694865,0.34397996711519724,0.44250154508773004,5.0,0.14107001185043733,0.03778740429073153,2.176894616492382,0.6472645575254403,0.2422734903264139,10.814168475558969,0.2325062127968504,0.0,57.66131582172121,case_42_0026,case_42_0026_cycle_015,15,7.5,thermal_overload,in_distribution,42,orchestra_phd_latent_simulator_v1,42,ok,,0.6132337347658192,0.7232816947193519,0.7005110358664195,0.5120353455041566,0.5269330966768141,0.06631349920107031,False,27.205398170707074,37.53430987664471,low,train
2063.282132181882,32.23447185414358,0.11119821213919359,17.487834238722055,1686.9093788435714,0.25971696091241436,0.4251895225060218,12.0,0.11955730630871453,0.07034818184942535,1.990008479900151,0.7227418582035832,0.1648092264983389,11.441324936698381,0.15865429710490972,0.0,52.13438142610175,case_42_0026,case_42_0026_cycle_016,16,8.0,thermal_overload,in_distribution,42,orchestra_phd_latent_simulator_v1,42,ok,,0.699944493975408,0.5449225065444039,0.8615885157953705,0.5265146906685287,0.532980864838921,0.08572603288013485,False,30.169812887976388,43.064825021020006,medium,train
2032.8591338608448,33.83029184730922,0.16164643650270447,18.551625703560237,1641.2007548379777,0.349791628560059,0.41851725363354136,7.0,0.12132680559845033,0.07141781362847799,2.1172774381353725,0.6734607677484874,0.19589766173112752,10.299401593707895,0.16460557190385997,0.0,68.70856214741816,case_42_0026,case_42_0026_cycle_017,17,8.5,thermal_overload,in_distribution,42,orchestra_phd_latent_simulator_v1,42,ok,,0.70388846347033,0.8160944550849711,0.8185350623082143,0.5509115211115331,0.5615361345436626,0.09599157589456056,False,31.132892534233548,45.607942606250226,medium,train
2026.2273560050216,31.364434718486088,0.14920810892346825,16.048159235298527,1645.112831403216,0.24991403477140087,0.40083950346706826,7.0,0.11798015125963915,0.10671292426952789,2.1098235521736473,0.6975747852465255,0.22370988312144174,8.535098952030221,0.1386698037371899,0.0,58.427950167784104,case_42_0026,case_42_0026_cycle_018,18,9.0,thermal_overload,in_distribution,42,orchestra_phd_latent_simulator_v1,42,ok,,0.621583046707925,0.8506151116663931,0.7457541630290412,0.5450501941668815,0.5524033962610512,0.09962600116328973,False,30.95896635812848,46.45579376901062,medium,train
2180.8497093605733,36.1617653958791,0.13586936352425621,19.279271448683062,1642.7230980376564,0.40079742603576973,0.418166712386679,5.0,0.03284266160116295,0.04976900218377507,1.8828726755043386,0.6558417775244849,0.17511293141720197,10.686358639586658,0.10975093361187341,0.0,69.39815317647269,case_42_0026,case_42_0026_cycle_019,19,9.5,thermal_overload,in_distribution,42,orchestra_phd_latent_simulator_v1,42,ok,,0.7014695392700666,0.845355389840083,0.6397289077925182,0.5522906026972922,0.5754239589428298,0.08110469918786564,False,29.329560042715624,41.841090297110696,medium,train
1885.0803411898391,35.12232258413226,0.08720621275261653,18.776037286258152,1453.896998245818,0.28963734680937797,0.39979292652107645,7.0,0.047815467541753864,0.03497062938452812,1.9970542777338745,0.6202281185397643,0.11197975597481737,5.163351417946052,0.18918050062844666,0.0,20.651323049431287,case_42_0027,case_42_0027_cycle_000,0,0.0,normal,in_distribution,42,orchestra_phd_latent_simulator_v1,42,ok,,0.5023956289963387,0.9132180852338914,0.5461732440782736,0.1021616234134464,0.05418619238806775,0.00913073904107178,False,5.072006835492736,9.961934733657133,low,train
1822.2429702608479,34.906952256913264,0.08214947119376902,18.864981489985652,1423.3243256049466,0.36061788833510783,0.3364511243101135,4.0,0.05378104935065177,0.04071495304907234,2.066871021298817,0.5936263120665705,0.10423950081971102,2.2841257356433613,0.08702375780042987,0.0,36.81096603137785,case_42_0027,case_42_0027_cycle_001,1,0.5,normal,in_distribution,42,orchestra_phd_latent_simulator_v1,42,ok,,0.45346839054693744,0.6703681473799477,0.6365059819792637,0.0989581671033635,0.05046207163668727,0.00959003650063043,False,4.704435334261898,10.336222528680668,low,train
1975.0252524036994,31.257812416423263,0.09388746650949621,18.000161347024203,1570.343059969326,0.4003995485597121,0.4161757686795797,4.0,0.07543616785893051,0.06434719522303171,2.0128414303620237,0.6397011220800493,0.16581569178658934,0.5411235635706566,0.006659266799799668,0.0,46.09111423218917,case_42_0027,case_42_0027_cycle_002,2,1.0,normal,in_distribution,42,orchestra_phd_latent_simulator_v1,42,ok,,0.42025776195214215,0.8732344920594166,0.5654346541642785,0.08279785931081768,0.05932453424016176,0.009840862182047138,False,4.453929770849434,10.538153072897467,low,train
1975.719404474823,34.08464820073404,0.11697114723767343,17.083744923055377,1526.1500386845019,0.3012097732574559,0.3845599252341612,7.0,0.06355377904191817,0.04094133294593595,2.040827530321038,0.6162177006183396,0.029463044549200325,4.819938442959489,0.08426516202537576,0.0,33.68328681727318,case_42_0027,case_42_0027_cycle_003,3,1.5,normal,in_distribution,42,orchestra_phd_latent_simulator_v1,42,ok,,0.5617841729491484,0.9840526334093351,0.6232997263394913,0.10036462402277668,0.08906468538957549,0.012030642136720884,False,7.767271666865976,12.233473643447853,low,train
1936.4828898911744,36.342522785640504,0.07938313974561974,20.116415798459826,1511.9799645416563,0.34686076706442714,0.43199597264006623,4.0,0.08163547716025904,0.052348496029892944,1.9833523511775826,0.5930809619824765,0.12231388474006594,4.976595755363395,0.06082918629780154,0.0,33.70826712053527,case_42_0027,case_42_0027_cycle_004,4,2.0,normal,in_distribution,42,orchestra_phd_latent_simulator_v1,42,ok,,0.6703305392089149,0.7617587373419848,0.6157391274996695,0.10925464092086286,0.04861905889958039,0.009872682568047995,False,5.843618744928073,10.563648855635744,low,train
1990.728155718634,40.0461078989179,0.0910378087784805,17.903821160248857,1481.5701320169737,0.3317694759523803,0.4460810050201166,1.0,0.1123910968231901,0.016289868710102517,2.0103172822383346,0.6621692984988583,0.06672075881656198,9.700781878023337,0.027129303228596247,0.0,30.938958555244923,case_42_0027,case_42_0027_cycle_005,5,2.5,normal,in_distribution,42,orchestra_phd_latent_simulator_v1,42,ok,,0.602432334470202,0.5950158293475942,0.5758558689487784,0.13748647649713672,0.05853290638322451,0.01421681761089092,False,10.849470324096364,13.819976815240128,low,train
1852.4342218636743,39.25212240061074,0.0924302316679997,17.12392427013585,1386.9556812148414,0.36269653364828713,0.34873424125844077,2.0,0.08535785916324873,0.03858430450111268,2.048384092346755,0.5697840369089707,0.061412585837035925,7.088174110696323,0.09207062506736913,0.0,12.536436707872822,case_42_0027,case_42_0027_cycle_006,6,3.0,normal,in_distribution,42,orchestra_phd_latent_simulator_v1,42,ok,,0.6527892949957099,0.6152386700165347,0.7210349612986948,0.11757103547919794,0.0647822818346241,0.012351109953784217,False,8.772153118149417,12.472212998489658,low,train
1910.1714961925227,34.652253712738926,0.13488378942535129,18.37704244293726,1467.4614577451428,0.3283763851362965,0.4287875515520436,2.0,0.08210938935340222,0.0738093346101144,1.898493901892115,0.5593065893145379,0.1780374196006203,9.104654693329115,0.054100940911898744,0.0,11.357547352781417,case_42_0027,case_42_0027_cycle_007,7,3.5,normal,in_distribution,42,orchestra_phd_latent_simulator_v1,42,ok,,0.6912395471656707,0.6370551186119151,0.7722184200828051,0.12978557127568546,0.07483265121689849,0.011337616367452818,False,8.454022450946693,11.709365129896938,low,train
1844.9305207666853,37.684835688909494,0.0825851118885466,17.761103324701793,1508.310079477664,0.29204797925002324,0.40795540793110635,5.0,0.08965954864541155,0.057434847630482413,2.0172073719577117,0.6179529304480907,0.03200790207459388,7.678044798980383,0.04576689968687547,0.0,38.79994256658852,case_42_0027,case_42_0027_cycle_008,8,4.0,normal,in_distribution,42,orchestra_phd_latent_simulator_v1,42,ok,,0.6501760473398156,0.40355862621050503,0.43247321360313595,0.11930770903199749,0.08601085869327454,0.010824503754864314,False,7.569542954383973,11.314120230245207,low,train
1875.0033060066155,34.68966644910143,0.08870403084812548,16.244251554084364,1359.585317958437,0.26834310475460843,0.38400188546015723,4.0,0.06070194072624964,0.05671066794037906,1.9653741050482103,0.6622663760516738,0.13122273604117227,10.95567118737365,0.05215240695096508,0.0,31.955608339368748,case_42_0027,case_42_0027_cycle_009,9,4.5,normal,in_distribution,42,orchestra_phd_latent_simulator_v1,42,ok,,0.7077798512309149,0.6459444689973568,0.642050530510125,0.1206547017330261,0.06104896007246043,0.009771338913046828,False,7.570434101293913,10.482353497042984,low,train
1897.7708567869577,36.348478759814476,0.09248595843038483,17.726318147474935,1506.2029594176834,0.2750274166697403,0.3903740790764992,2.0,0.10025168395192399,0.05387871508136556,1.8787960193095987,0.6358794233202432,0.08544466164422647,10.11390263519905,0.0776517212162293,0.0,6.940103978834962,case_42_0027,case_42_0027_cycle_010,10,5.0,normal,in_distribution,42,orchestra_phd_latent_simulator_v1,42,ok,,0.619451593176742,0.534301559215629,0.6613605026460843,0.11585885892368124,0.04522165707016147,0.01007202973493123,False,7.520994667510259,10.722760512213176,low,train
2012.3760665547875,33.74612381140282,0.15348326576966378,17.42502477877967,1421.7137767507104,0.3600288143397904,0.4230787344076633,3.0,0.10138767191144843,0.046151147075241615,2.044782122165118,0.6413988526493458,0.03626008017686645,4.336740181953944,0.13610051312763294,0.0,18.91879800404882,case_42_0027,case_42_0027_cycle_011,11,5.5,normal,in_distribution,42,orchestra_phd_latent_simulator_v1,42,ok,,0.7134294775124039,0.8628949664080703,0.7637590452349772,0.12760372743204382,0.10519902366871542,0.016669095178717556,False,10.94522500815189,15.493494993868273,low,train
1940.7990775106198,35.73686555795495,0.11686782698220981,16.788704847779726,1568.3443949536895,0.1867957359792565,0.4233167835493033,4.0,0.10677529753679948,0.057728029168103955,2.038417390548055,0.5699727585124197,0.111291104914406,7.181797549520301,0.11646239012686693,0.0,72.68201997837014,case_42_0027,case_42_0027_cycle_012,12,6.0,normal,in_distribution,42,orchestra_phd_latent_simulator_v1,42,ok,,0.741793026340726,0.5697187400866239,0.8039660767574245,0.131184970165686,0.0892380239686882,0.018597986158047655,False,12.837912164375116,16.74155865399979,low,train
1882.6859007739154,38.08470890572255,0.12374048646176576,16.690986919540848,1477.6787953596333,0.268031976359492,0.35650418161651043,0.0,0.039929345278562595,0.04895323468309418,2.026562897526021,0.6373503304566489,0.059424599720171244,5.097740323654859,0.1606385268193471,0.0,41.25670730615655,case_42_0027,case_42_0027_cycle_013,13,6.5,normal,in_distribution,42,orchestra_phd_latent_simulator_v1,42,ok,,0.7901331973115904,0.5526342395905681,0.7375811111950403,0.12986310621662708,0.08853151286816072,0.009950356081006948,False,5.918376200027506,10.625770368477774,low,train
1811.4594336355146,34.31860124184029,0.08100575564412137,18.143728043306847,1498.667046958369,0.3430158858729636,0.4366974056438612,4.0,0.09396390189753673,0.033750514601530085,1.8248046564230862,0.6423423459505335,0.14403202100121662,7.785734821797233,0.07448514667835335,0.0,52.18185717495107,case_42_0027,case_42_0027_cycle_014,14,7.0,normal,in_distribution,42,orchestra_phd_latent_simulator_v1,42,ok,,0.6494152931696165,0.44753065278120396,0.6390646661144535,0.13137245009961984,0.07621742960948552,0.011291533103139035,False,7.920489161891537,11.674123357922273,low,train
1882.7429443088722,37.720834653933885,0.07773080033728727,19.543997910766024,1585.3752008106762,0.29749159726852975,0.4521521950664348,3.0,0.045140367991536375,0.037451992170229625,2.071162061305913,0.6576836460885302,0.07456569321834046,3.581084164373258,0.0444045670663896,0.0,63.91514105069122,case_42_0027,case_42_0027_cycle_015,15,7.5,normal,in_distribution,42,orchestra_phd_latent_simulator_v1,42,ok,,0.7689413252812775,0.429856106094884,0.7887759549324181,0.12525205205841544,0.08178106223222326,0.012305297156400179,False,7.588921571202365,12.438220261772555,low,train
1903.1375155330243,42.319061010999555,0.09962230005846082,18.926317236970313,1583.9369088237231,0.31684494080886044,0.38874276857274237,5.0,0.10023067612116283,0.046923062293186574,2.0206265368957186,0.6029192754296474,0.09489260546070477,9.116681164683776,0.06566591942436949,0.0,78.01350639551197,case_42_0027,case_42_0027_cycle_016,16,8.0,normal,in_distribution,42,orchestra_phd_latent_simulator_v1,42,ok,,0.7153549997253744,0.9242083035066726,0.6379139383445287,0.14997420404372452,0.09258035612052591,0.012567052634430755,False,9.478659632392812,12.631836366236508,low,train
1735.799612522701,37.05865072685048,0.12757995514435483,18.394353352006274,1462.630624069594,0.2752040401706369,0.497270788154041,2.0,0.08274838520517844,0.06360992666869138,2.091932240003817,0.6091666771277328,0.14854284703090814,3.483007232189497,0.051216854849853416,0.0,70.6238227684015,case_42_0027,case_42_0027_cycle_017,17,8.5,normal,in_distribution,42,orchestra_phd_latent_simulator_v1,42,ok,,0.7486481306866815,0.9421413812618469,0.7409742274436378,0.13589747701525898,0.11003258225518375,0.015537671306782018,False,9.994694696339455,14.734220681883528,low,train
1803.0529429285693,36.941643621229176,0.0922919469445913,17.980634048930952,1423.4884530992158,0.25285106660691387,0.37641043421767845,3.0,0.06523301389451079,0.06153256531334111,2.000083564833856,0.5984685955797254,0.044679036332659,6.691422462519341,0.11390235265382602,0.0,59.81587883567617,case_42_0027,case_42_0027_cycle_018,18,9.0,normal,in_distribution,42,orchestra_phd_latent_simulator_v1,42,ok,,0.7453199071699739,0.7204857262577802,0.6771972934682231,0.1294135824961073,0.13038781635428284,0.012468383346862223,False,8.694965320067965,12.559023894512125,low,train
1863.4094690266058,35.82523310066898,0.13136867109212583,17.745206760072445,1439.5883997388687,0.3172311682276493,0.39547734368198845,2.0,0.11559531039129611,0.055871563942899244,1.8999141494592315,0.6363854430339307,0.08370685318363413,4.256663326606734,0.060101431849891765,0.0,44.237923589879266,case_42_0027,case_42_0027_cycle_019,19,9.5,normal,in_distribution,42,orchestra_phd_latent_simulator_v1,42,ok,,0.6818829658534258,0.8521346565430774,0.6020214302939415,0.13867261625677205,0.10526773525343013,0.011519981035811118,False,7.1562564608561505,11.8483419884224,low,train
1963.8241427854364,35.61790931895391,0.06984288973426103,18.769384429381088,1628.8439589117563,0.2837093034067988,0.4797884557999215,2.0,0.09097647111043802,0.0661545161230173,1.9998458645380044,0.594002368800216,0.23712357866889539,10.73587454351161,0.03871027465774343,0.0,23.98886839708833,case_42_0028,case_42_0028_cycle_000,0,0.0,thermal_overload,in_distribution,42,orchestra_phd_latent_simulator_v1,42,ok,,0.3616579118471241,0.6706520693984488,0.5608384799308109,0.23852075725741886,0.36442736373638446,0.03640827489448277,False,20.916554527713245,26.263968109595087,low,train
1977.58735379936,33.713813817503905,0.11902316710064029,19.073448782325276,1540.8166421008343,0.27627883633365974,0.2921380819458395,4.0,0.08979026857177907,0.0579415243363279,2.074321661504598,0.6545886549467601,0.16299495271920078,2.5680231026524787,0.12071997709437803,0.0,26.650226704432363,case_42_0028,case_42_0028_cycle_001,1,0.5,thermal_overload,in_distribution,42,orchestra_phd_latent_simulator_v1,42,ok,,0.3056307631199569,0.599202471016821,0.3691018277776069,0.24247182269097695,0.378970316659582,0.03160511669935966,False,16.94222427579712,23.982533750578952,low,train
1874.182005213497,35.52536627324732,0.1430797714433957,16.545208119191837,1573.1051591914231,0.2775400839694169,0.41623076036229023,8.0,0.10147616220855364,0.028974922954338525,1.9594545739505826,0.6905728663350897,0.21165044417929046,7.0564451042795,0.12814959635377818,0.0,16.695553759849332,case_42_0028,case_42_0028_cycle_002,2,1.0,thermal_overload,in_distribution,42,orchestra_phd_latent_simulator_v1,42,ok,,0.4317039434994682,0.4731187378868965,0.4448481124760459,0.2636673269451131,0.3835577927035293,0.03309078625476582,False,18.83332544506829,24.70693503584183,low,train
1835.6748946293606,30.23976130056744,0.1081363611003222,18.45941844086948,1632.6830540045764,0.37921828552065057,0.3813379814429179,5.0,0.10666133132504678,0.04888707432108446,2.1001983197538086,0.7289198039464189,0.1532867556903788,10.344022275389321,0.03623870471177055,1.0,37.38443348790291,case_42_0028,case_42_0028_cycle_003,3,1.5,thermal_overload,in_distribution,42,orchestra_phd_latent_simulator_v1,42,ok,,0.4558423435053045,0.3624471525529326,0.4085947393993802,0.2758139697696393,0.43267949273152556,0.03756976327140173,False,21.002865170581074,26.79057058279792,low,train
1975.4061961084758,36.75226158201759,0.08969805667722179,18.746322214828766,1602.8088237548325,0.2809646119315635,0.36576781930635294,3.0,0.04964645689750434,0.05604577371786624,1.9555610064775117,0.6292738176619549,0.12817823210782303,13.12145337449524,0.2679085854694626,0.0,54.55362056746441,case_42_0028,case_42_0028_cycle_004,4,2.0,thermal_overload,in_distribution,42,orchestra_phd_latent_simulator_v1,42,ok,,0.4912161413905394,0.5430561910186915,0.5545054164444319,0.2830515390771893,0.45504903549700493,0.04300848571607054,False,23.39906771890617,29.14075808134749,low,train
2013.826879495108,31.489800941068957,0.10462113460297198,18.15780119274204,1541.1965813794357,0.32692132312225647,0.46236874903052705,3.0,0.05675564292588373,0.021823036678944155,2.074799956619941,0.7330007788572724,0.16427171951635286,7.296578657967523,0.03664986351980684,0.0,3.671678096908995,case_42_0028,case_42_0028_cycle_005,5,2.5,thermal_overload,in_distribution,42,orchestra_phd_latent_simulator_v1,42,ok,,0.46281855193952,0.7075530112817952,0.5829268851481381,0.2862082914431624,0.44644076803400956,0.0444240546479601,False,21.88681801148011,29.72351227981795,low,train
1940.6090856636702,35.47364549780622,0.13598861642682808,18.230957885595817,1617.286111022316,0.31804142830397153,0.43501881545012666,6.0,0.09577222712025017,0.06903163651119618,2.1337906294566156,0.678979505835636,0.16006073923637035,4.682979242631455,0.10379301642429124,0.0,30.358239401515842,case_42_0028,case_42_0028_cycle_006,6,3.0,thermal_overload,in_distribution,42,orchestra_phd_latent_simulator_v1,42,ok,,0.4753705348434421,0.9320969327110453,0.5982758204086807,0.2949401490161132,0.5453437829786062,0.047358804237515366,False,21.800568137859713,30.896868677439443,low,train
2111.672230945255,36.24639813513584,0.1228121152947802,19.860646460495925,1584.91834555423,0.2584194944651621,0.4337981165340977,6.0,0.041480073663890636,0.0713980900045673,1.9621102849977687,0.753721325809265,0.13132318196544007,13.574126894481326,0.054802907020545716,0.0,38.442068186490005,case_42_0028,case_42_0028_cycle_007,7,3.5,thermal_overload,in_distribution,42,orchestra_phd_latent_simulator_v1,42,ok,,0.5447869310267526,0.6397990534518871,0.5126431189491186,0.2938454854063407,0.519155873928998,0.04444492368541772,False,23.833408702380844,29.732019697456767,low,train
1951.0298898757205,33.010997615179996,0.16126053000365123,17.496653065060904,1519.3584781280442,0.226192103907009,0.3161031591611567,11.0,0.08564702926294646,0.05743411259278548,2.1042396658470284,0.6466111100318888,0.1273946661632459,8.014520254923209,0.15836517163101396,0.0,41.342310280927066,case_42_0028,case_42_0028_cycle_008,8,4.0,thermal_overload,in_distribution,42,orchestra_phd_latent_simulator_v1,42,ok,,0.5350831279896145,0.4788681362985013,0.6043525534319928,0.3265249924820507,0.5659560696980348,0.0555122265383114,False,24.40400534142641,33.93473236407676,low,train
1902.5825405186324,35.82186988700115,0.12751031593467732,19.38448653545894,1514.605951715486,0.41752126384572036,0.43784225651854836,3.0,0.046089763871616854,0.0,2.0110729094611575,0.7033579572862915,0.22539932737009966,7.891519472160236,0.11558210892583082,0.0,55.91746371520767,case_42_0028,case_42_0028_cycle_009,9,4.5,thermal_overload,in_distribution,42,orchestra_phd_latent_simulator_v1,42,ok,,0.5918575377455659,0.7694831666011399,0.6840404086592766,0.33370438830293564,0.5614025810366688,0.05184069246340833,False,23.693715292591452,32.60475809934863,low,train
1986.2510213451178,37.60178488681369,0.10682846365938815,18.864706832181913,1613.3175859542334,0.21793800585821663,0.4144805300388188,3.0,0.04592866131229608,0.05451441495054703,1.841090930745742,0.6883836246990265,0.14546620810817967,11.754833473654442,0.014025078774408749,0.0,73.29012948502199,case_42_0028,case_42_0028_cycle_010,10,5.0,thermal_overload,in_distribution,42,orchestra_phd_latent_simulator_v1,42,ok,,0.5972567432024851,0.5813490178434192,0.8105207485638206,0.32201725298424205,0.5960155168904538,0.05876911080745001,False,26.102182932123664,35.066837586390925,low,train
2094.6263828934752,33.02811192305592,0.11047897614204194,18.365434295364373,1717.1204053559204,0.38510648930996866,0.39039829343853216,6.0,0.06544242872799379,0.032991373651768165,1.9471472594457728,0.6807566580403291,0.179332315495531,9.242048001003436,0.13870252423208163,0.0,51.97898457541151,case_42_0028,case_42_0028_cycle_011,11,5.5,thermal_overload,in_distribution,42,orchestra_phd_latent_simulator_v1,42,ok,,0.6523437024879669,0.5640601239235441,0.7073942081441534,0.3506802982462854,0.643695967720169,0.06440227662692694,False,26.417982100355093,36.92845131484271,low,train
1966.284873667543,29.862415366544298,0.11274190353074268,17.101521887691472,1674.5623773835239,0.32273549601809076,0.40113862085162005,7.0,0.09113834239590407,0.033740047867063756,2.006074229943826,0.71472322197794,0.19137296522320424,4.411685783666483,0.16345265135577317,0.0,62.531194070899794,case_42_0028,case_42_0028_cycle_012,12,6.0,thermal_overload,in_distribution,42,orchestra_phd_latent_simulator_v1,42,ok,,0.6099788771983814,0.3224284016555907,0.6098907117984254,0.3551493698217763,0.6106818082875329,0.05890022273351093,False,24.008931160051862,35.11152275197749,low,train
1918.0229781451587,37.06663913962272,0.15842274349051197,18.48488924998186,1676.0749967205113,0.28547098655767983,0.4262789084243149,7.0,0.061723515555772254,0.03636065944247828,1.9091320868573087,0.6869908954570606,0.19233350091377976,6.351458382264972,0.09823538469042176,0.0,39.863436500450625,case_42_0028,case_42_0028_cycle_013,13,6.5,thermal_overload,in_distribution,42,orchestra_phd_latent_simulator_v1,42,ok,,0.5756515706092605,0.5529963861821641,0.6125038056562423,0.36419660559082395,0.646292462435104,0.0698453165945486,False,26.40426647488266,38.622041324241486,low,train
1972.3892757682042,31.06108458914874,0.1351727823824677,18.004364959174552,1634.6762548217187,0.3287127622200003,0.4052859569195462,12.0,0.07988173528907844,0.03469171219803363,1.9419658905197619,0.6937671638151848,0.14660191368377526,12.5827156690985,0.04945902334831808,0.0,46.74076876011382,case_42_0028,case_42_0028_cycle_014,14,7.0,thermal_overload,in_distribution,42,orchestra_phd_latent_simulator_v1,42,ok,,0.6668329000741208,0.8182032791980871,0.7153548913016371,0.3764172634622697,0.6750650405018743,0.0840656526427133,False,30.235521734110126,42.631162194486734,medium,train
2074.555170200241,34.25638090571239,0.11891129096993644,18.332037420975396,1689.4457448921971,0.26895050930694986,0.39907846002278285,10.0,0.04996279814941331,0.08932935229392489,1.9982929320900857,0.6955406070109421,0.1837180137910352,14.508367216943016,0.13939236349735376,0.0,79.9179921139772,case_42_0028,case_42_0028_cycle_015,15,7.5,thermal_overload,in_distribution,42,orchestra_phd_latent_simulator_v1,42,ok,,0.692211248728699,0.46793568759394466,0.565225643050684,0.3887195485022965,0.7343917025068726,0.0927732475910025,False,31.911946389671286,44.835068786609526,medium,train
2131.039974601984,36.316398108853896,0.12178658130584125,18.115337000991058,1639.7914764773354,0.32368986622225265,0.4170272588939014,10.0,0.06089623109009149,0.03407824457194801,1.9812202641097276,0.7447559414248349,0.23746627569533152,7.85540203501113,0.07505517024596936,1.0,62.49700004130043,case_42_0028,case_42_0028_cycle_016,16,8.0,thermal_overload,in_distribution,42,orchestra_phd_latent_simulator_v1,42,ok,,0.7387416160298239,0.921427902714502,0.7258688908423925,0.3833326818070844,0.7124151405477098,0.09410340921300463,False,29.982875073287424,45.15709064584185,medium,train
2094.5176685665924,34.24535051358665,0.10576053236187918,19.66492770047155,1727.8019452562883,0.36583791883358857,0.40583687722915474,10.0,0.09824514646356933,0.03830687640819134,1.9478525448824562,0.7011134173997637,0.2570995725585421,7.476298386073754,0.14064685063738658,0.0,46.32200335992411,case_42_0028,case_42_0028_cycle_017,17,8.5,thermal_overload,in_distribution,42,orchestra_phd_latent_simulator_v1,42,ok,,0.7036224465116552,0.8319275681028007,0.593375405316344,0.39891073535350224,0.7652257667846374,0.09924344920911934,False,30.521827337205497,46.36775681209122,medium,train
2030.2215749194595,34.51484070048106,0.11630436636676311,16.93907469160885,1562.0207356192498,0.28222945692689627,0.3694796818995763,12.0,0.014520718077308953,0.07109354229731052,2.047857432892143,0.7486606856320317,0.16784709791927577,17.24067189204316,0.15824347583938794,0.0,33.46698036982046,case_42_0028,case_42_0028_cycle_018,18,9.0,thermal_overload,in_distribution,42,orchestra_phd_latent_simulator_v1,42,ok,,0.7419200405262163,0.6326252746824502,0.5660919472983909,0.40868325400956584,0.7698777675417173,0.1367459771267871,False,37.09512374934613,53.874406559120644,medium,train
2065.0789156601954,35.283292001395004,0.1470187324434754,18.166608825041894,1698.3897570120773,0.3172569276006948,0.4068830051164393,11.0,0.11465156033950413,0.07608277594529358,1.9281702028181784,0.807462281368929,0.2231413567115637,7.172831714372868,0.19101312964615413,0.0,59.99839644276382,case_42_0028,case_42_0028_cycle_019,19,9.5,thermal_overload,in_distribution,42,orchestra_phd_latent_simulator_v1,42,ok,,0.7333557067953003,0.7777619587300197,0.6909383141197154,0.42852249245724344,0.7947676054155229,0.153994633255818,False,35.51463861221358,56.720070677208035,medium,train
1876.2674400092292,35.138973222668284,0.1176998097709132,16.980901738748532,1502.4975290899165,0.42256726514562165,0.48937969051707414,6.0,0.12437618318305839,0.04745724076634507,1.9748686839773018,0.5887873357110973,0.11651548031094197,8.475737935670198,0.15610598965363726,0.0,50.07101133699138,case_42_0029,case_42_0029_cycle_000,0,0.0,lens_contamination,in_distribution,42,orchestra_phd_latent_simulator_v1,42,ok,,0.3768968703738521,0.6616036294482986,0.49986621928972164,0.21463077135543634,0.2698771561896389,0.021368075826968817,False,14.687708785343375,18.44219836561961,low,calibration
1806.6305035351027,29.461421284695792,0.12508343830726126,17.772755041259824,1491.7144769995512,0.40173400159030925,0.4815034870818292,4.0,0.0,0.03210846743435995,2.1865860381785467,0.6241129397038935,0.17885280169058065,8.273423625076537,0.3480116923953463,0.0,64.43646001480565,case_42_0029,case_42_0029_cycle_001,1,0.5,lens_contamination,in_distribution,42,orchestra_phd_latent_simulator_v1,42,ok,,0.43369972070333823,0.5274046427487175,0.618972743075575,0.2025232898789821,0.2819736343775075,0.019894290610371505,False,13.907370864778546,17.550095805524865,low,calibration
1914.5949525379237,31.240522986672612,0.07523361452902586,17.65472384239593,1416.3806815801465,0.36879487100297353,0.5568371971253875,3.0,0.11032604211812123,0.06089669952929858,2.041684154373809,0.6303876382953381,0.07293556736762659,6.867727728582149,0.20490650724820603,0.0,61.741929178357424,case_42_0029,case_42_0029_cycle_002,2,1.0,lens_contamination,in_distribution,42,orchestra_phd_latent_simulator_v1,42,ok,,0.39379531270052837,0.34911842280967875,0.4085276183038392,0.2265498410341543,0.3149603365166518,0.023055531331858926,False,15.025183382479925,19.43070889716712,low,calibration
1933.5402641409135,36.386409870042804,0.13010609255662842,17.45753957762501,1468.4196162564635,0.45457973298282695,0.37064310188198635,5.0,0.12563054033703694,0.05088782430272062,2.0022866943668807,0.6744929491075479,0.1931954013343701,9.612722722493254,0.24726440056438048,0.0,63.89188209566023,case_42_0029,case_42_0029_cycle_003,3,1.5,lens_contamination,in_distribution,42,orchestra_phd_latent_simulator_v1,42,ok,,0.49197844067435437,0.808364997695054,0.5343494857717275,0.24553772225400716,0.3312140722458985,0.029240707997929622,False,18.25075693505356,22.792144681477357,low,calibration
1892.2312673371987,37.02476604099654,0.09850619128982095,17.308806357580558,1422.5654889338784,0.3943706731794973,0.4998924686937547,3.0,0.07466414795839993,0.057747842547636805,2.0461788285382534,0.5806186267705225,0.09631612373678992,19.223725945996794,0.32293673268693945,0.0,80.49584005326807,case_42_0029,case_42_0029_cycle_004,4,2.0,lens_contamination,in_distribution,42,orchestra_phd_latent_simulator_v1,42,ok,,0.4927382267518573,0.6587731380816739,0.7124488516889015,0.24401772848850625,0.3102997206468934,0.0244686300270231,False,19.301259394031405,20.23332318738613,low,calibration
1847.6813409006893,37.202430015342706,0.14848082498682827,16.56092787987028,1472.6599437323239,0.4896561593223309,0.3809199957829521,3.0,0.07254541641472667,0.0358025210824534,1.8813663598166857,0.6879355949842173,0.09925147985363265,12.963453378545058,0.3414362665094597,0.0,79.46469580385896,case_42_0029,case_42_0029_cycle_005,5,2.5,lens_contamination,in_distribution,42,orchestra_phd_latent_simulator_v1,42,ok,,0.366952948565785,0.8452278522039345,0.44629230235550443,0.249969867694179,0.3566346713596753,0.029212151221687657,False,19.412412309588774,22.77747253739759,low,calibration
1758.3828471292913,37.787874148882224,0.11758292554463473,18.271450021208107,1399.600000867251,0.3573717750457835,0.40729735795925875,3.0,0.11649054678019077,0.045930838306973976,1.9448852607545617,0.5813977009091031,0.10774489715419809,14.069165148642211,0.27890824238736883,0.0,63.14974981835537,case_42_0029,case_42_0029_cycle_006,6,3.0,lens_contamination,in_distribution,42,orchestra_phd_latent_simulator_v1,42,ok,,0.4971612793420019,0.39133282185686,0.6542790942124216,0.2606521142181018,0.3400191417835087,0.034178274903783286,False,21.208095140088666,25.226292628286544,low,calibration
1894.6341439553185,30.747317053262933,0.08885109678814676,17.47683978636292,1518.7057520739968,0.34639652172135504,0.4787338542119818,5.0,0.09761260717632228,0.05446372423706209,2.1396352520284925,0.5833919078908795,0.06548154488763001,12.578223246931088,0.27146943383111294,0.0,69.17177508789686,case_42_0029,case_42_0029_cycle_007,7,3.5,lens_contamination,in_distribution,42,orchestra_phd_latent_simulator_v1,42,ok,,0.5493226435692256,0.8008500985222187,0.6689482477386317,0.2601209288948841,0.35783333460122024,0.03505368429585125,False,21.0032913047049,25.637928938046826,low,calibration
1836.7457992720274,36.17204632317149,0.1217165801211755,17.476187776284565,1518.3975670189543,0.3283522154973661,0.5456102157075079,3.0,0.046607971764696055,0.03109815062926682,2.17986954678382,0.7026194440554432,0.12396642329130016,8.532695695630105,0.3359241455007722,0.0,88.88261039625067,case_42_0029,case_42_0029_cycle_008,8,4.0,lens_contamination,in_distribution,42,orchestra_phd_latent_simulator_v1,42,ok,,0.673720331174084,0.6540966338007754,0.6872407577407631,0.2763022397656836,0.3599232989297234,0.03383205359675964,False,19.490859287366156,25.06192030566778,low,calibration
1859.3478215818013,35.88740811135866,0.12268063365558929,17.107107820926917,1548.449523006701,0.33637389268670903,0.445568199115904,2.0,0.05688956108075781,0.029362814409710836,1.9075850964631997,0.6081370416470203,0.13251228732805742,18.7830506553295,0.37964906843693325,0.0,64.73203970434062,case_42_0029,case_42_0029_cycle_009,9,4.5,lens_contamination,in_distribution,42,orchestra_phd_latent_simulator_v1,42,ok,,0.6349006580441869,0.7763058570414239,0.5446733659342264,0.2824376123346554,0.3922446050372412,0.035370087145385025,False,22.969987890219,25.785330282745385,low,calibration
1942.6749848492354,40.13650491182365,0.10802546975667893,17.81123142519514,1431.0444618639447,0.40950265447959505,0.49764042054756885,10.0,0.06163716477218526,0.1263548064744433,1.8639656264062094,0.5567126204330262,0.15332076877136597,13.534992133139909,0.34439215632689835,0.0,88.67713511616363,case_42_0029,case_42_0029_cycle_010,10,5.0,lens_contamination,in_distribution,42,orchestra_phd_latent_simulator_v1,42,ok,,0.6935221025231345,0.5711820720496086,0.6006807017810395,0.3024365184698087,0.42313134647787687,0.04300706459125409,False,23.306254296444862,29.140167334317805,low,calibration
1946.1038983009978,37.654038616944746,0.09267244706180515,18.999014034688372,1545.7628054841475,0.41263464600759125,0.5025514245943311,2.0,0.0904911340047381,0.03942677009205628,1.9229765404634591,0.6268204661084614,0.08576926379732575,18.118922455927006,0.3070076133480233,0.0,74.12874846580209,case_42_0029,case_42_0029_cycle_011,11,5.5,lens_contamination,in_distribution,42,orchestra_phd_latent_simulator_v1,42,ok,,0.6323716770102118,0.973025524533625,0.7130622109989168,0.29826749122367907,0.45532848438019735,0.03371505296762811,False,22.277040709025368,25.006168638879807,low,calibration
1869.9988124079396,37.341306796705176,0.1129298744428706,16.541335004357727,1562.712947824822,0.4214236004733092,0.36175867040744414,0.0,0.14121295013094204,0.06626714415573894,1.942689139290371,0.6145095558949183,0.11652171178220427,10.991800219425375,0.26225027615949,0.0,108.41193491915804,case_42_0029,case_42_0029_cycle_012,12,6.0,lens_contamination,in_distribution,42,orchestra_phd_latent_simulator_v1,42,ok,,0.6691914696010898,0.6438249121942778,0.4905089754789421,0.3051644489061572,0.4604835784748902,0.041763687997013174,False,22.39080641026814,28.618815265638496,low,calibration
2000.9975623153205,31.55679483625153,0.10956213521593913,16.594363098988513,1596.7944057947468,0.42953380125205703,0.48512222156921947,1.0,0.06394595834175464,0.0637750827328682,2.0014608878277365,0.6417374665957052,0.13944837180942324,14.36827760395929,0.1891927088782116,0.0,65.09857263031564,case_42_0029,case_42_0029_cycle_013,13,6.5,lens_contamination,in_distribution,42,orchestra_phd_latent_simulator_v1,42,ok,,0.6811638590676938,0.7402721262214496,0.7935278104585196,0.3151040558714629,0.4287807019830963,0.04358136974095858,False,23.74081794734531,29.377960784210156,low,calibration
1964.1255255511753,38.80492023449005,0.13850433089741368,18.672608697853843,1483.6353617010686,0.3996894166072038,0.5235064817622124,2.0,0.11058148193663173,0.050551921006851824,2.056050197341605,0.5883853786369406,0.11527295272673463,17.81744228873529,0.38445656903362374,0.0,78.55328652260198,case_42_0029,case_42_0029_cycle_014,14,7.0,lens_contamination,in_distribution,42,orchestra_phd_latent_simulator_v1,42,ok,,0.7442074651378479,0.9277233304079693,0.6524282327860429,0.32303778351790835,0.4666760234928087,0.04420542349042177,False,25.00096505056434,29.634240791543792,low,calibration
1842.689736919636,34.92507646812038,0.12663270258644393,18.5479557856469,1466.5795022103136,0.4234352244016916,0.4146257282144037,4.0,0.061824061809663586,0.05116835120257985,1.9882682138307646,0.5748471087275063,0.11377056714034192,20.99896205765198,0.4638383768854689,0.0,96.85606452554268,case_42_0029,case_42_0029_cycle_015,15,7.5,lens_contamination,in_distribution,42,orchestra_phd_latent_simulator_v1,42,ok,,0.756015162416923,0.9791847212949432,0.7213387985700351,0.3394980172313683,0.5384410931297227,0.051304413908705576,False,27.667100908859123,32.4054509740996,low,calibration
2008.7763387627624,29.793777681946548,0.12779648237943175,17.365257204217897,1482.2119473247035,0.45606068673305517,0.4956467066877108,3.0,0.07308867636789695,0.04423189250141936,2.0574316176070178,0.67914811956604,0.0750425672922889,19.83752080896195,0.3859780535399972,0.0,104.8942225929724,case_42_0029,case_42_0029_cycle_016,16,8.0,lens_contamination,in_distribution,42,orchestra_phd_latent_simulator_v1,42,ok,,0.6931025652373101,0.8839163426054646,0.8022656586352145,0.33721748766578236,0.5076455590425576,0.05219361136634108,False,27.494931475501527,32.735199837276326,low,calibration
1925.0767170061908,37.42431344271162,0.11017762068731414,18.294283844471323,1555.2153525798678,0.49595790149191304,0.49972457974818807,5.0,0.06230030952554287,0.09186392017580594,1.9230004205080335,0.6026011076917368,0.11703083635484741,22.429145120816766,0.4092687569947297,0.0,109.03310784024106,case_42_0029,case_42_0029_cycle_017,17,8.5,lens_contamination,in_distribution,42,orchestra_phd_latent_simulator_v1,42,ok,,0.7439154295702124,0.41839207967365744,0.5672084333448631,0.3447859865678015,0.5576229215284845,0.06029542007699523,False,29.62389129881705,35.58291001791475,low,calibration
1891.5040379202273,38.35414069084276,0.13756032229817144,17.909323475526765,1387.6763146475307,0.5133312699623419,0.46468844501040846,4.0,0.08853054549251159,0.05016503029213767,1.942729229932278,0.6317384088452052,0.08717355913739337,19.901972408794613,0.3138251064078036,0.0,109.99426219446495,case_42_0029,case_42_0029_cycle_018,18,9.0,lens_contamination,in_distribution,42,orchestra_phd_latent_simulator_v1,42,ok,,0.6482675509092714,0.7662994407328403,0.7777751759219093,0.3609909539554339,0.5734610867811687,0.05393161820711896,False,27.71911524940499,33.369413654744825,low,calibration
1875.8102667374685,35.036919330766146,0.12963301367751096,19.18265500234683,1464.5823126789153,0.5113292356082886,0.511436764619045,2.0,0.09716740083465704,0.030017399513730517,2.145357234551411,0.6400324895917107,0.08893503760283897,15.570738481467007,0.36952133694974,0.0,66.88841930298427,case_42_0029,case_42_0029_cycle_019,19,9.5,lens_contamination,in_distribution,42,orchestra_phd_latent_simulator_v1,42,ok,,0.7595496679183298,0.5969091690544868,0.5939756100510064,0.36602840748526233,0.5802096538005194,0.06896416925490435,False,29.028031782191878,38.35442120329607,low,calibration
1817.7302120686718,43.70547590426413,0.12846585799072754,18.429184446666927,1447.5257413270276,0.350390310309693,0.4503962275033439,7.0,0.11190824671847154,0.030059863249568462,1.9157596835382653,0.7098727469593286,0.18485287406149,11.870080838694975,0.1053831029788743,0.0,18.273788218318362,case_42_0030,case_42_0030_cycle_000,0,0.0,thermal_overload,in_distribution,42,orchestra_phd_latent_simulator_v1,42,ok,,0.3882342542675361,0.9682310386853643,0.4741679183244742,0.30012300826574295,0.25257553605148597,0.028519923092345686,False,18.78226428749495,22.419577864699036,low,calibration
1947.811582394816,40.35804509939519,0.1192404179214165,17.619277058748082,1518.1838644914346,0.34869409076128305,0.4028830227898432,6.0,0.06139320081237779,0.03204536455801729,1.941082364872004,0.6477981835039748,0.11941908198148526,6.752023337035412,0.12537411478052532,0.0,2.3329195857420624,case_42_0030,case_42_0030_cycle_001,1,0.5,thermal_overload,in_distribution,42,orchestra_phd_latent_simulator_v1,42,ok,,0.45174242343690946,0.37606679666828147,0.5950667746154242,0.3024603461784143,0.22885207144192668,0.024047898675057296,False,15.374266927058025,19.996659342575253,low,calibration
2008.6360715412145,36.5758991749501,0.12972934352161775,17.788034163534213,1531.6512814030973,0.35805134118998544,0.35625209965468196,5.0,0.08320414876775667,0.0589741217367777,1.9974444015124486,0.5936558410863472,0.16830012273988834,11.214420695682215,0.19296846363013687,0.0,42.78164885434381,case_42_0030,case_42_0030_cycle_002,2,1.0,thermal_overload,in_distribution,42,orchestra_phd_latent_simulator_v1,42,ok,,0.48484894560545666,0.4885001345697705,0.5569231532766796,0.3000681650166488,0.2295753705216364,0.022897157545674795,False,16.182040952830402,19.339358487150182,low,calibration
2097.4960116157654,30.255316979395246,0.12411178314000121,18.95445167094394,1578.9461044893897,0.39443406589744195,0.45195027119311376,4.0,0.08182120242696425,0.049415461938680065,2.057198804800076,0.6240247170208849,0.11496815568554108,0.7699502339515043,0.1408329343077014,0.0,30.403816944757676,case_42_0030,case_42_0030_cycle_003,3,1.5,thermal_overload,in_distribution,42,orchestra_phd_latent_simulator_v1,42,ok,,0.45236127850414215,0.43260830061545896,0.5885795641567921,0.3064787552706474,0.23925048810931848,0.034079022231277276,False,17.18686968040642,25.17926339839503,low,calibration
1934.5620846682177,36.415699397323465,0.13056941261735253,18.63636229549195,1490.353568634469,0.37237562809840613,0.41033381183111856,7.0,0.039798113649301595,0.03145361366351424,2.011967032462805,0.673386449601774,0.11413049924273631,9.333341902035038,0.12509283299142346,0.0,11.813312591020562,case_42_0030,case_42_0030_cycle_004,4,2.0,thermal_overload,in_distribution,42,orchestra_phd_latent_simulator_v1,42,ok,,0.36743349671434344,0.5605898729562641,0.6939232466021231,0.3170696771106821,0.24855181109881846,0.022872796418673916,False,15.723572894135968,19.325281337618215,low,calibration
1800.289535056793,31.82494355678626,0.12787229707218645,17.76350558395281,1631.6655947112106,0.3803017771224042,0.36115974770303017,1.0,0.10153531940797889,0.03186381121070886,1.992901059880038,0.704391601530257,0.1615292495929843,11.236965987740891,0.13412303035187545,0.0,23.491662959738353,case_42_0030,case_42_0030_cycle_005,5,2.5,thermal_overload,in_distribution,42,orchestra_phd_latent_simulator_v1,42,ok,,0.49247129864072403,0.5167020207829378,0.605100749965059,0.32743773828760375,0.2914390459959853,0.028832103437226215,False,18.570284020026172,22.581515207336107,low,calibration
1959.8159448629426,29.92841917560086,0.13722529732238495,17.256175938013882,1508.7534428128192,0.34347355226303244,0.450158876261715,5.0,0.08015808846936948,0.04122844956703864,1.922653758519063,0.6387814424065527,0.125852498010114,10.142829396823217,0.09530418298004571,0.0,34.63555787824266,case_42_0030,case_42_0030_cycle_006,6,3.0,thermal_overload,in_distribution,42,orchestra_phd_latent_simulator_v1,42,ok,,0.52582679161243,0.9119836812848747,0.5936906752075415,0.3240122048444223,0.2557442529287923,0.03618009250588084,False,20.61251406439931,26.15942049461712,low,calibration
2004.3889978612929,33.17703142826312,0.1263747296706012,17.61127108164398,1538.773872477574,0.32578205864052734,0.41221425553653523,11.0,0.04891008258049451,0.07629293405001945,1.9099511046477848,0.7284431287153125,0.220908664742122,6.046725995583651,0.15107242076591346,0.0,49.117370900714484,case_42_0030,case_42_0030_cycle_007,7,3.5,thermal_overload,in_distribution,42,orchestra_phd_latent_simulator_v1,42,ok,,0.5465627698396286,0.7506300684461449,0.5612262883948641,0.3403830327204087,0.2908573470091569,0.0328792878173144,False,18.405845059114483,24.604874447510127,low,calibration
1875.6286568790906,35.58581619908733,0.08868641841473518,17.154696895605245,1464.2049710453455,0.3359769604983623,0.46358081207890856,8.0,0.07614635862421432,0.054259450249109234,1.94085211526044,0.6472618288072933,0.12803251186287828,11.41245918746861,0.09273649108444704,0.0,47.528531313253374,case_42_0030,case_42_0030_cycle_008,8,4.0,thermal_overload,in_distribution,42,orchestra_phd_latent_simulator_v1,42,ok,,0.553167057763829,0.42152665531000494,0.5676819264894944,0.3206463298525098,0.33200068248105025,0.03965849022636797,False,21.934887698227815,27.71498092737767,low,calibration
2015.67454274532,41.05649071598302,0.08872806726777807,17.298258612690315,1639.4565300445197,0.38979199967762035,0.419802784189386,5.0,0.1617351572499086,0.04471369385876918,1.9242633119927222,0.6338828399790832,0.15784931895693788,13.113997060105293,0.06678964316987032,0.0,54.227842831216705,case_42_0030,case_42_0030_cycle_009,9,4.5,thermal_overload,in_distribution,42,orchestra_phd_latent_simulator_v1,42,ok,,0.670829303981196,0.436461391783309,0.5204799024451605,0.345182679435616,0.2923340372125772,0.02803601646274538,False,18.806763303918455,22.16679994718126,low,calibration
1886.0184365696716,31.832118855080484,0.13944318262438302,17.746628393100092,1609.5797183520963,0.30192355967266676,0.40203506511882675,5.0,0.1027290236244397,0.07016136415939692,2.026381467827098,0.6319936550290873,0.1486267288241845,7.109681747692043,0.22294479812482776,0.0,21.714118324518704,case_42_0030,case_42_0030_cycle_010,10,5.0,thermal_overload,in_distribution,42,orchestra_phd_latent_simulator_v1,42,ok,,0.5938434283223503,0.9238181424049907,0.5396302553575573,0.35067791133888915,0.32612354473792005,0.04445792188896359,False,21.83031693980953,29.737317296113584,low,calibration
1889.8268214691582,41.775435867877924,0.08947634357174934,18.686279289155216,1681.2391816532509,0.28458158680488815,0.3984238339821727,9.0,0.05555399127010577,0.07212478018991678,1.8548116448103664,0.6700942273204816,0.21877315314643397,12.941400794347604,0.16032714888711996,0.0,29.95018233510715,case_42_0030,case_42_0030_cycle_011,11,5.5,thermal_overload,in_distribution,42,orchestra_phd_latent_simulator_v1,42,ok,,0.712043181146419,0.8929727606736995,0.769315729297994,0.33901899972402155,0.37824895998511626,0.03777003194923882,False,21.96558827700426,26.880444842416896,low,calibration
2045.046118533891,34.7587899245827,0.16028431333672394,17.60153533902645,1687.1219498131409,0.3668201242916896,0.42224656776564157,10.0,0.03373695474621523,0.07277684049857755,2.0123685699011666,0.7505206112215282,0.1463434592120218,7.785355679625878,0.10337254893517904,0.0,62.54580480587393,case_42_0030,case_42_0030_cycle_012,12,6.0,thermal_overload,in_distribution,42,orchestra_phd_latent_simulator_v1,42,ok,,0.6245345203302548,0.9161640565525657,0.5417604129792437,0.3573452898685352,0.38602286494213534,0.04092689205978213,False,21.147646261084205,28.262791915913837,low,calibration
1888.311220836459,26.471754688492602,0.10670608700034026,18.027576008339395,1433.3548229774904,0.3187716611088068,0.4000136396163565,9.0,0.15695944556511246,0.05916132494890808,2.048620622811672,0.6545005967932277,0.22106674081674807,5.417544444806272,0.16404198818960397,0.0,57.04185179089225,case_42_0030,case_42_0030_cycle_013,13,6.5,thermal_overload,in_distribution,42,orchestra_phd_latent_simulator_v1,42,ok,,0.6767576473604384,0.9789629626526584,0.6505255963492291,0.3547324620427782,0.34627937322113805,0.03019777180584715,False,17.386993838879462,23.279732929748597,low,calibration
1954.969219646141,38.29951652285906,0.1856802914706833,18.511923210685964,1605.2604492969654,0.39363215868631535,0.44757592623041664,5.0,0.1051614037308466,0.056684230672455385,2.0439836911795486,0.7273198802258753,0.2498310156282464,7.983008193216008,0.1154398294285374,0.0,90.19121030027668,case_42_0030,case_42_0030_cycle_014,14,7.0,thermal_overload,in_distribution,42,orchestra_phd_latent_simulator_v1,42,ok,,0.747851359213997,0.42141457656144554,0.6551041344214837,0.3473159586205564,0.37799589358081365,0.04125254098882919,False,21.325169371820188,28.401843347826873,low,calibration
2008.2547172039972,36.38156580337983,0.1292082617344,17.826394643201873,1524.0114877187802,0.3489577743135344,0.3630819120047394,6.0,0.08587863644839777,0.02078386071462444,1.9685380382198114,0.6207257949011366,0.22202748908805678,7.985323048970726,0.1707141625947168,0.0,50.674332375990126,case_42_0030,case_42_0030_cycle_015,15,7.5,thermal_overload,in_distribution,42,orchestra_phd_latent_simulator_v1,42,ok,,0.6986444932759622,0.5193141723583675,0.7071464877164657,0.37365010189033343,0.4113125912106872,0.044071828894523386,False,22.02799500193983,29.579560807551236,low,calibration
2039.5982285412647,37.79689481205798,0.14438236668358254,18.526582382958217,1605.5098858513925,0.36459505511932533,0.34021658145881084,8.0,0.03661309106307467,0.03940704424945182,2.079493852667516,0.7253458144050191,0.1765072319120316,8.9046268621225,0.04544169589867101,0.0,60.67504785525107,case_42_0030,case_42_0030_cycle_016,16,8.0,thermal_overload,in_distribution,42,orchestra_phd_latent_simulator_v1,42,ok,,0.7673595878485695,0.5423294555718128,0.7828891922716725,0.37395100750732996,0.4408059084078583,0.06410556680454532,False,26.159800866908924,36.83326667541256,low,calibration
2011.6170886737095,35.8415813942072,0.17218998503538802,18.26650181319061,1581.7076884130347,0.2687372820074579,0.44978404092181384,3.0,0.1054184902342443,0.0017582071638248056,1.9899998485470662,0.6990271415850665,0.08274748660682019,5.837917876057371,0.1670871299630162,0.0,85.3466235191025,case_42_0030,case_42_0030_cycle_017,17,8.5,thermal_overload,in_distribution,42,orchestra_phd_latent_simulator_v1,42,ok,,0.6741703197962948,0.7803347498781118,0.4396088131684341,0.37834192280136747,0.4032894981695661,0.04126767814456919,False,20.67282290632208,28.408291290528737,low,calibration
1999.5830893758516,35.031645012652426,0.1407226172469523,18.7932578799812,1696.874748363461,0.31446342072582895,0.41696333192407925,13.0,0.11340227250706131,0.03252545234414693,2.0226626434137827,0.6843678327627519,0.14386385576289473,7.6666480190942385,0.13190052123683657,0.0,61.803168642273356,case_42_0030,case_42_0030_cycle_018,18,9.0,thermal_overload,in_distribution,42,orchestra_phd_latent_simulator_v1,42,ok,,0.7494339244262078,0.5723778851800632,0.5820108073610328,0.3747238247549051,0.461261523292313,0.057301388853290953,False,24.64799692967013,34.56197412029934,low,calibration
1982.1890150506827,35.54934306651047,0.13647430562467394,18.579727228800532,1632.208294316139,0.3830887441835153,0.45815393210387206,9.0,0.10307770355997277,0.07577261496505086,1.9703135872387538,0.753562472336921,0.15112232421400656,6.428240656508857,0.033723220336254245,0.0,72.9419596571758,case_42_0030,case_42_0030_cycle_019,19,9.5,thermal_overload,in_distribution,42,orchestra_phd_latent_simulator_v1,42,ok,,0.8090334234840502,0.4765639079968841,0.7774737921928845,0.3941485255469877,0.42983010156408075,0.06118774738427327,False,24.901904011306783,35.88051413473364,low,calibration
1834.5954508420284,38.33299211168568,0.11782402041604527,18.204962653092025,1546.0928502880872,0.2945657754167444,0.47403277730032084,3.0,0.04444842738131516,0.059810533252537074,1.992964579830417,0.6987207894199962,0.09427634133617077,3.590967022562514,0.19147835884827924,0.0,36.15782524985141,case_42_0031,case_42_0031_cycle_000,0,0.0,thermal_overload,in_distribution,42,orchestra_phd_latent_simulator_v1,42,ok,,0.3247516561041333,0.9156959357686585,0.438786340553547,0.27827910236472436,0.20501196119090592,0.016794190539910048,False,10.756488239139426,15.5761645848196,low,calibration
1919.7768042622056,29.635184216393448,0.10699846596347734,19.14044318945267,1480.6653672326984,0.3512162426909856,0.42468871915039597,7.0,0.07930447506100897,0.03240782627148239,2.080771367120179,0.6174562768780186,0.12538744484738235,9.725002251532358,0.0,0.0,39.202539871081854,case_42_0031,case_42_0031_cycle_001,1,0.5,thermal_overload,in_distribution,42,orchestra_phd_latent_simulator_v1,42,ok,,0.34423463160336776,0.8614104843853099,0.5563809806688232,0.27547249794868545,0.24223545371360053,0.02190796707484796,False,15.273811614995974,18.762168193343967,low,calibration
1664.4630471807907,32.830899685198695,0.1699941130924167,17.583255787071305,1458.0649489856653,0.35442725546928033,0.4395035594278864,5.0,0.07733691060221434,0.042414973991580555,2.016625350895954,0.6147022389247843,0.18726929629144,10.348565881969671,0.10213253787242974,0.0,42.53498572066047,case_42_0031,case_42_0031_cycle_002,2,1.0,thermal_overload,in_distribution,42,orchestra_phd_latent_simulator_v1,42,ok,,0.29071070863174936,0.6936278590337963,0.462552775649824,0.28617073073779326,0.2580238625222295,0.020811587556782633,False,15.050698628838102,18.108614885179655,low,calibration
1901.856095092159,33.400280930398125,0.10454521688599555,17.554080085174732,1667.147265099794,0.3421333342544824,0.36542175954589323,7.0,0.07389552901939554,0.04583623895168359,2.0515466278748082,0.6808861580650839,0.11207723720442438,9.001684288728812,0.2341708230246202,0.0,30.33376683927125,case_42_0031,case_42_0031_cycle_003,3,1.5,thermal_overload,in_distribution,42,orchestra_phd_latent_simulator_v1,42,ok,,0.29063502593516677,0.4137524545130445,0.40774765229983706,0.27761516483029053,0.2548674625283869,0.023256668164096002,False,15.628198868146855,19.546311899566085,low,calibration
1865.7477628490656,28.165028223520856,0.12062535027364316,18.50772142884645,1546.3364646267567,0.30432818670127365,0.33581592984957126,5.0,0.08279127502849487,0.09498471299631425,2.1578601587735613,0.6824627805383573,0.13504495854512386,13.508324460584255,0.040246466406798964,0.0,18.173675770427415,case_42_0031,case_42_0031_cycle_004,4,2.0,thermal_overload,in_distribution,42,orchestra_phd_latent_simulator_v1,42,ok,,0.3112614578091111,0.7095381180246632,0.5486848371682912,0.2896784559728464,0.2754140391442647,0.02779076107382125,False,18.84065505185356,22.037857701088672,low,calibration
1857.0152674957428,32.87661436852803,0.13248944001051904,16.704744965277566,1610.657016917503,0.3249148992554923,0.4136244243938269,7.0,0.06584619630918774,0.07690713818639683,2.043714720801679,0.7003937404055136,0.13869976541760023,9.584432775711694,0.11119555762875903,0.0,28.414803511917302,case_42_0031,case_42_0031_cycle_005,5,2.5,thermal_overload,in_distribution,42,orchestra_phd_latent_simulator_v1,42,ok,,0.2801225778404115,0.40138021719989053,0.3632027519051475,0.2962828061785324,0.316980863151781,0.027924209792590908,False,17.788956310817436,22.108087587125794,low,calibration
2126.6187267948176,31.275030370147903,0.07636925667389349,16.646633543494776,1540.6850002301298,0.3681530533494195,0.41248846283052426,8.0,0.10490977738426362,0.038604258796372234,2.075144270000903,0.6636800664312957,0.12064493853633512,8.665483272986284,0.08560398966070472,0.0,47.87962255436635,case_42_0031,case_42_0031_cycle_006,6,3.0,thermal_overload,in_distribution,42,orchestra_phd_latent_simulator_v1,42,ok,,0.3834716772811025,0.9763532628186933,0.4137010527854957,0.30701608742969655,0.31542773021437526,0.026572748835439596,False,16.937634581040285,21.389024397047674,low,calibration
1909.3508063297672,39.43184970913442,0.1263863906464309,17.33437110858013,1484.1619104669428,0.32434148676627694,0.4538033213153373,9.0,0.09422190490089669,0.014898602301522824,1.8489372268032456,0.6582766100403665,0.17600597180819652,11.65028129479986,0.11522919271299671,0.0,32.777848987962855,case_42_0031,case_42_0031_cycle_007,7,3.5,thermal_overload,in_distribution,42,orchestra_phd_latent_simulator_v1,42,ok,,0.34498627850984065,0.47313836217911365,0.5549437301457398,0.3008123334681789,0.3247769039595409,0.02913936874680552,False,18.82688173910455,22.74004494070492,low,calibration
1913.5302652551832,32.87598550688362,0.0798792613308669,17.950408710267578,1485.202633808249,0.3030903145726717,0.4114761342575017,7.0,0.09625949976682055,0.04110407779028163,2.0850266798504076,0.6114975110950892,0.13450317496617753,9.689690965749563,0.11060298489655686,0.0,41.26558601609801,case_42_0031,case_42_0031_cycle_008,8,4.0,thermal_overload,in_distribution,42,orchestra_phd_latent_simulator_v1,42,ok,,0.5093177496735559,0.6196147282345182,0.6700554788633994,0.32231018236681025,0.350220048675424,0.04524464226325122,False,22.86030624093997,30.05623186201572,low,calibration
2094.9905571728677,32.42409460868336,0.09545236954236239,17.970362995532348,1571.1634197474625,0.3257710059538501,0.41726556093790834,8.0,0.0628836827782568,0.040005242116501236,2.0658602310024707,0.6453561931156376,0.19926335711481774,9.491943714766123,0.1276618393431109,0.0,41.37253580279982,case_42_0031,case_42_0031_cycle_009,9,4.5,thermal_overload,in_distribution,42,orchestra_phd_latent_simulator_v1,42,ok,,0.3924763107620955,0.5081773874385197,0.5486441875905174,0.31556081747279763,0.39226562115428626,0.035078051197955956,False,20.146047151130958,25.649306404643802,low,calibration
1773.6793863565867,33.599301901764235,0.10798074133480008,17.385540389098725,1386.7817767180827,0.3263639798435881,0.4173974294435993,8.0,0.07384529466231435,0.015435306150560001,2.0598719981544384,0.6767100468502606,0.11052511106804064,2.438806635064077,0.10700680747761258,0.0,41.67922955680198,case_42_0031,case_42_0031_cycle_010,10,5.0,thermal_overload,in_distribution,42,orchestra_phd_latent_simulator_v1,42,ok,,0.4127491910296959,0.9793125566804519,0.5079483551516183,0.31465254610400784,0.37066646047457497,0.04181867506656295,False,19.802272519263582,28.642063329655855,low,calibration
2020.9088842595065,35.48415777147429,0.11665201593681544,17.409438234155814,1617.3029934118151,0.29200195800579376,0.46251064994601515,8.0,0.07256810666674596,0.0824680186754454,2.001086143577507,0.711599149782051,0.15927726809837642,6.943662441180646,0.10211146865841683,1.0,48.73825126049527,case_42_0031,case_42_0031_cycle_011,11,5.5,thermal_overload,in_distribution,42,orchestra_phd_latent_simulator_v1,42,ok,,0.43312891556309907,0.30208807595201564,0.5822322777583503,0.3309512655224784,0.4067117392645319,0.040357811447978176,False,20.835676302380584,28.018243269879612,low,calibration
2005.799700721091,35.570373932004536,0.0919899404196582,17.324764721506103,1563.0219780384657,0.28661310597288037,0.463619937620358,6.0,0.05446356247999481,0.08392873846526008,2.054425926548453,0.7003850237464421,0.1245321577541494,7.619891546473853,0.17586885867521238,0.0,45.79744232816828,case_42_0031,case_42_0031_cycle_012,12,6.0,thermal_overload,in_distribution,42,orchestra_phd_latent_simulator_v1,42,ok,,0.41115081450665586,0.8268176651530237,0.5149990960753039,0.3294170375921567,0.4048216491653892,0.04151701632608424,False,21.361744238756703,28.514303142983678,low,calibration
1927.8273374953296,31.30744976993382,0.10549135058273587,18.731535348602232,1614.1276379856808,0.33067049081916394,0.5154367285654708,11.0,0.023250695616209984,0.046863106409060634,1.9103706518785502,0.7109800548541728,0.19349821584790108,7.493862418216794,0.11383685342071159,0.0,73.18057565200586,case_42_0031,case_42_0031_cycle_013,13,6.5,thermal_overload,in_distribution,42,orchestra_phd_latent_simulator_v1,42,ok,,0.47671568395692715,0.587857785970713,0.5473534188038921,0.3407739936963889,0.4733584126667552,0.04907394057698758,False,23.036895420034735,31.56197905708613,low,calibration
1935.2145030119655,30.890354654910098,0.12393490899894244,16.67244730899628,1623.296087912777,0.3087812126667672,0.4063977243075168,6.0,0.08361346128499114,0.11718380529158894,2.0273850348786033,0.7577346136977335,0.17546947403358085,4.61491480638465,0.2351948231092119,0.0,54.42412314042963,case_42_0031,case_42_0031_cycle_014,14,7.0,thermal_overload,in_distribution,42,orchestra_phd_latent_simulator_v1,42,ok,,0.4926652355681365,0.6866397571697711,0.46983989811389765,0.34756152183696587,0.3973579774814349,0.04292673893912293,False,20.75281313444204,29.106757924548415,low,calibration
1897.0708602573015,32.4408556706396,0.14023567647227042,18.478558445257733,1652.1957477775911,0.29105455204392106,0.4887904478961673,3.0,0.07991455446798555,0.07441486408595209,1.9525085768314925,0.6849201446482382,0.15366751736277753,10.061609746459325,0.17166074972796802,0.0,52.0221597367046,case_42_0031,case_42_0031_cycle_015,15,7.5,thermal_overload,in_distribution,42,orchestra_phd_latent_simulator_v1,42,ok,,0.5202871596905273,0.6575570880562176,0.7535446162614429,0.3582223371459399,0.4232367445400065,0.054988248619448905,False,24.940175315133946,33.7485106721761,low,calibration
1866.4515297413348,34.17383304075914,0.12225850960586107,18.228085926866953,1610.3508653912725,0.3359009641826504,0.35910529033213573,6.0,0.09937528249168856,0.06501163097584002,2.0682813003370266,0.6790450462174761,0.13931683443293982,10.481550755047078,0.1566374117177869,0.0,33.174628625449756,case_42_0031,case_42_0031_cycle_016,16,8.0,thermal_overload,in_distribution,42,orchestra_phd_latent_simulator_v1,42,ok,,0.5413612712397725,0.9960364316752002,0.49682606043809674,0.3467117605365392,0.44667874912182753,0.0420904907305827,False,22.350691429227208,28.7567217302627,low,calibration
1927.6075927506765,34.173720826047926,0.13435524977620275,17.530490659971424,1516.4959793727712,0.3430348519575979,0.3409481302306672,6.0,0.11638636766991245,0.07587272461137656,1.8942774081945035,0.7343548525323179,0.1273778987616882,9.198829723583458,0.07636928375089769,0.0,46.91599484027437,case_42_0031,case_42_0031_cycle_017,17,8.5,thermal_overload,in_distribution,42,orchestra_phd_latent_simulator_v1,42,ok,,0.6916000941308912,0.433988590056443,0.6805293545789917,0.37472306280013107,0.4625743813320276,0.050078523364576966,False,23.757284464494617,31.94480932617524,low,calibration
2099.0905310358103,30.03291704544328,0.13819162729376205,18.61112384167022,1588.2986689228046,0.388716306246607,0.35442078307527797,7.0,0.09291096625075926,0.0345645330553411,1.9194704585598412,0.668356476241182,0.14616518739532058,3.2190221158349437,0.15084268700635278,1.0,83.7878713574179,case_42_0031,case_42_0031_cycle_018,18,9.0,thermal_overload,in_distribution,42,orchestra_phd_latent_simulator_v1,42,ok,,0.561182834833482,0.47680092494723864,0.610872922569894,0.37299016705185656,0.5199524332594766,0.05295073525232954,False,22.535674971764287,33.01313561573443,low,calibration
2001.2636825999168,34.99704896009372,0.0911931273069767,18.728888247062418,1621.6433102690303,0.3323872000467684,0.4667208427965486,8.0,0.0649582482057644,0.03662058846802463,2.0832377285364614,0.6739843108047499,0.13918295221740448,7.984068795351819,0.10841658184682117,0.0,70.71530326344613,case_42_0031,case_42_0031_cycle_019,19,9.5,thermal_overload,in_distribution,42,orchestra_phd_latent_simulator_v1,42,ok,,0.6848174055435957,0.9362079811200041,0.7539527008030388,0.37523570776051396,0.5321291628597423,0.05905923471740942,False,25.09617420795216,35.16562668945147,low,calibration
1885.7788578478312,34.67926096496944,0.14700299916464096,18.706156357967576,1438.3873842942835,0.36450110721109436,0.4389222141746704,4.0,0.08652169124922594,0.00352493703876558,2.004789886175207,0.5931570168557869,0.0724768519079695,12.881534691560462,0.2914712888559767,0.0,56.031929107585405,case_42_0032,case_42_0032_cycle_000,0,0.0,lens_contamination,in_distribution,42,orchestra_phd_latent_simulator_v1,42,ok,,0.6763003437478885,0.3128736238571768,0.5835208473430972,0.24524372538759512,0.3746108644830209,0.0280270047999358,False,18.688283540536414,22.16207201800829,low,train
2000.0700199898054,38.80331158735421,0.08962807392940038,17.708821096849245,1520.886187604838,0.3841329489832459,0.521281401896225,2.0,0.040827433110234214,0.10153958045762522,2.042223221142484,0.592538022927185,0.07665347805401368,12.990113204617947,0.275643009258931,0.0,42.796351654385205,case_42_0032,case_42_0032_cycle_001,1,0.5,lens_contamination,in_distribution,42,orchestra_phd_latent_simulator_v1,42,ok,,0.6149497465304555,0.4108995690545244,0.6507200358303035,0.2521040562428433,0.39411800478010617,0.031520662876105346,False,20.109643232371454,23.940822711720557,low,train
1984.9998191812904,33.41203324873061,0.08885792293758941,17.679570257889768,1479.2321703178602,0.3999278895754336,0.4353588688319617,3.0,0.10263928310303802,0.011325937729851101,2.053757956833555,0.6165324890155838,0.09849024687407432,13.178028546952694,0.32718208794233045,0.0,84.16757022460173,case_42_0032,case_42_0032_cycle_002,2,1.0,lens_contamination,in_distribution,42,orchestra_phd_latent_simulator_v1,42,ok,,0.776890506934062,0.4749351852569228,0.6695685886525179,0.2641997977294635,0.45219134434556035,0.03666694738429133,False,21.6910674691115,26.382047436457462,low,train
1829.6710819784432,36.65970557005618,0.06787475037470436,17.207906880764277,1547.139715767681,0.40226905840779736,0.46964017233480776,7.0,0.12053683004658543,0.06459951992341198,1.9959130674163217,0.6402306539152307,0.15127104630164032,23.887960728176125,0.3587438545047484,0.0,59.49467753173811,case_42_0032,case_42_0032_cycle_003,3,1.5,lens_contamination,in_distribution,42,orchestra_phd_latent_simulator_v1,42,ok,,0.6300404521422652,0.5498366057982274,0.7242805739639931,0.2755482537215662,0.45783526291621846,0.041921642889158436,False,26.1610533484126,28.685549027592188,low,train
1836.1183805403948,35.6855406676489,0.15808865922861057,17.51629786000556,1472.570864377143,0.40318497848449225,0.5012792187964356,4.0,0.09220982402339326,0.06910196080206465,1.9532759795133332,0.6180770792664824,0.11679450935880585,11.852103553750784,0.27210346055131884,0.0,58.54811748332427,case_42_0032,case_42_0032_cycle_004,4,2.0,lens_contamination,in_distribution,42,orchestra_phd_latent_simulator_v1,42,ok,,0.6992294431069628,0.920891662299764,0.5779624429155003,0.27930432000230465,0.5017430194524446,0.04175362093579285,False,22.52834826596261,28.61455705335347,low,train
1812.7218931572397,34.45949478157423,0.17339793335832462,18.712365895416024,1495.3510136474588,0.42468132631097183,0.4713918412658785,1.0,0.08811614258628991,0.05798938586933986,1.9063204559773137,0.5897610555184918,0.08485828049326889,14.692916613061291,0.3669417312338728,0.0,93.12759476188177,case_42_0032,case_42_0032_cycle_005,5,2.5,lens_contamination,in_distribution,42,orchestra_phd_latent_simulator_v1,42,ok,,0.6663080479794997,0.33887069330216335,0.6638204415352651,0.2916669923822956,0.5271577139325075,0.045877444872750466,False,24.510269065059028,30.31032150966886,low,train
1961.4053113223856,36.679636936825325,0.10108912114226999,17.468938056071913,1425.729064590833,0.5244209117649266,0.4899252512278628,0.0,0.04755693436098262,0.05099475921574894,1.898932140859093,0.5945065087641819,0.12307104980935694,17.789956314554992,0.3887957790391079,0.0,67.17692209660476,case_42_0032,case_42_0032_cycle_006,6,3.0,lens_contamination,in_distribution,42,orchestra_phd_latent_simulator_v1,42,ok,,0.6940173879937654,0.662803509542531,0.8097937313562871,0.2877168880312773,0.5463504233290497,0.0489310671568734,False,26.149593638238517,31.50713341678267,low,train
1842.1442736403408,41.20837636411083,0.10106052670891563,18.282971343538918,1471.2940764744853,0.5075433199086624,0.3827473264678166,5.0,0.11279831457388192,0.07309681526327608,1.9223952088524412,0.6156022283918111,0.12019284507392777,17.47395189997303,0.36799986740978513,0.0,93.90696462268548,case_42_0032,case_42_0032_cycle_007,7,3.5,lens_contamination,in_distribution,42,orchestra_phd_latent_simulator_v1,42,ok,,0.6947559563234985,0.5502902395339533,0.885144537975035,0.2943001750691712,0.5787855798301763,0.053276243939894975,False,26.929863535974384,33.13183876813541,low,train
1802.768700940687,44.01995349071007,0.09926438248251752,17.09438510328524,1442.5000203926218,0.4649825449690865,0.528096785623106,5.0,0.06958271062555912,0.10905832933967433,1.757135848927056,0.6347099056842676,0.1001403345444485,21.315622217259083,0.3558745657886486,0.0,89.81059723973286,case_42_0032,case_42_0032_cycle_008,8,4.0,lens_contamination,in_distribution,42,orchestra_phd_latent_simulator_v1,42,ok,,0.7543630458849192,0.3417891373611754,0.6243192450283641,0.32069760268416686,0.6324680003245188,0.06291521057775175,False,29.697071174164158,36.44828278030649,low,train
1980.8607891300383,36.45553420548013,0.09064444948595192,18.143968016716627,1458.53354170766,0.5001124781662019,0.4323910143488195,2.0,0.13058037364599745,0.03414850248940686,1.9891821207221705,0.6325575336435837,0.17441176198339398,18.910872012927975,0.46867504957728046,0.0,100.77305085828101,case_42_0032,case_42_0032_cycle_009,9,4.5,lens_contamination,in_distribution,42,orchestra_phd_latent_simulator_v1,42,ok,,0.7548757668223673,0.9160404880418433,0.6726121846912044,0.3234874117949235,0.5910211230243275,0.06128398963937567,False,28.665526968750054,35.91243444825603,low,train
1837.7566540862704,30.924908237954806,0.09735721433492812,16.850586750056433,1588.6225259084474,0.47815082649511925,0.4264134214032435,3.0,0.07521821291679467,0.02628322933495406,1.9537203538492172,0.6116571795060914,0.11329007650214631,16.0552788358013,0.4875244420577219,0.0,85.73862271134652,case_42_0032,case_42_0032_cycle_010,10,5.0,lens_contamination,in_distribution,42,orchestra_phd_latent_simulator_v1,42,ok,,0.6121795498398382,0.9328278517880666,0.7098965245989235,0.32680254124443864,0.6516118516314573,0.0675479244313844,False,28.948946619709687,37.91909186384186,low,train
1957.0677260986345,34.599084225162144,0.13345753076753986,17.841911155370855,1466.0407591985154,0.5267712229713346,0.526551325647303,3.0,0.04241892220996602,0.0863653700706338,2.000530372482367,0.6244337114265784,0.05089065579356532,18.640609650010962,0.4572344360458154,0.0,120.0555233900905,case_42_0032,case_42_0032_cycle_011,11,5.5,lens_contamination,in_distribution,42,orchestra_phd_latent_simulator_v1,42,ok,,0.6898595843442601,0.7462609291042871,0.6231275023212826,0.323928599417128,0.6685986931642445,0.07395661001359377,False,30.60855974438821,39.83927106489296,low,train
1924.57273308727,36.054440442088975,0.15144135339206444,18.952362927967602,1568.6260645607838,0.4687800025658232,0.5394499754139525,5.0,0.05186799937603575,0.058320442697772486,2.005623371801469,0.5703123834714079,0.1531613169317245,17.33585191513217,0.5272431695963714,0.0,91.2365101256879,case_42_0032,case_42_0032_cycle_012,12,6.0,lens_contamination,in_distribution,42,orchestra_phd_latent_simulator_v1,42,ok,,0.7347609192525951,0.8553504172125486,0.516810977623066,0.35209103479667286,0.6798227721344825,0.07555457776899709,False,30.571000681482452,40.29896614604512,medium,train
1986.253694194748,37.62705588403223,0.08926401550520664,18.77345034409001,1384.7847017923982,0.48931953649519466,0.551207284712265,11.0,0.04771747208929346,0.06372509418439731,1.9126495659096523,0.6674773470576978,0.15082184644544316,23.138890898903696,0.4602163705845437,0.0,133.45641400121588,case_42_0032,case_42_0032_cycle_013,13,6.5,lens_contamination,in_distribution,42,orchestra_phd_latent_simulator_v1,42,ok,,0.6756689499754778,0.3175076320879168,0.6388630669694612,0.3580730514420668,0.7043430333623247,0.07274823807524004,False,31.783620556508797,39.48675595665749,low,train
1838.0002177374192,36.67967602019452,0.12195790444581117,18.24004276813956,1434.435333311037,0.5296196126429757,0.4573053153519901,2.0,0.07983647677259295,0.015346669732778553,2.044788947815119,0.6771737190033238,0.10276973264578705,18.80045673006633,0.5090712236308358,0.0,108.17497289710958,case_42_0032,case_42_0032_cycle_014,14,7.0,lens_contamination,in_distribution,42,orchestra_phd_latent_simulator_v1,42,ok,,0.6894920620418874,0.9310591123704128,0.6585906502806839,0.35926389969874994,0.7361841701477334,0.0804880115721357,False,31.813778962664863,41.6737627555772,medium,train
1849.0754292241502,34.449064408997955,0.13976974078000473,19.65572920236575,1434.30342222634,0.5031654326577755,0.49194167225071617,4.0,0.08917417816344822,0.08282739278458712,2.1264392747569896,0.6293946145801043,0.08636915099918635,25.039983160864892,0.4455492964979522,0.0,79.60630065247044,case_42_0032,case_42_0032_cycle_015,15,7.5,lens_contamination,in_distribution,42,orchestra_phd_latent_simulator_v1,42,ok,,0.6971852394603397,0.5902943033218419,0.6614033911491642,0.364606799668958,0.7637396385695407,0.07696364190620252,False,33.19361754184003,40.698354026166975,medium,train
2013.1781179617997,31.620891176054023,0.13517461457440452,16.319514546251078,1460.3711238770902,0.4875679813976435,0.4793356110797078,4.0,0.07162687302358745,0.02344107714077968,1.9755708389448676,0.5864655113583365,0.14750754009930123,21.977578702798098,0.4520163649120621,0.0,122.05858903454774,case_42_0032,case_42_0032_cycle_016,16,8.0,lens_contamination,in_distribution,42,orchestra_phd_latent_simulator_v1,42,ok,,0.6515479751377123,0.9680137280919643,0.6313463254454034,0.3746453328773184,0.779202289572462,0.09221581685458699,False,34.158731571785616,44.69901420643955,medium,train
1774.714467633224,35.46464066580373,0.18069920134954795,17.550185468643974,1448.3396536077194,0.44764763063096286,0.5092424359989463,2.0,0.0755540439583004,0.0534066567622315,1.9410382945573854,0.644675869150322,0.044981969925997095,23.45383378249078,0.5189380076608491,0.0,128.05305945752804,case_42_0032,case_42_0032_cycle_017,17,8.5,lens_contamination,in_distribution,42,orchestra_phd_latent_simulator_v1,42,ok,,0.591580031952798,0.3868686081495169,0.5039769396183126,0.38158115043748914,0.8503342075303287,0.09498896571850807,False,34.83403571463576,45.36944583417831,medium,train
1958.1714715782425,36.13407650394074,0.14252665929932978,19.82380474787523,1454.707410199735,0.5615618298791416,0.5794527740360259,4.0,0.11298228831769139,0.05434289581777482,2.014940564776833,0.549681136958816,0.0747565438672922,29.356978475662707,0.5243140162530822,0.0,141.41495473875105,case_42_0032,case_42_0032_cycle_018,18,9.0,lens_contamination,in_distribution,42,orchestra_phd_latent_simulator_v1,42,ok,,0.5038532321792065,0.8969907643553823,0.6537913037683386,0.3903711381086008,0.8666406435277827,0.10085259946459846,True,37.21452572294995,46.736203710155586,medium,train
1844.2602887298956,35.44838150366111,0.10221277374311308,17.262529466644683,1468.3812397320494,0.45554978305959465,0.5719661930498908,4.0,0.10139019324299606,0.08433434498637846,1.8995697475225384,0.5867915427883308,0.05548754145770991,28.79374690359546,0.5116274787684805,0.0,141.17777048722544,case_42_0032,case_42_0032_cycle_019,19,9.5,lens_contamination,in_distribution,42,orchestra_phd_latent_simulator_v1,42,ok,,0.5833996399471694,0.6258208643032968,0.6356835638043113,0.39151851232205365,0.8663555235361452,0.1212899498714054,False,39.09332086483859,51.02995456643703,medium,train
1920.3477567967507,37.45116315045951,0.15091260448946167,16.792692565555914,1438.3769664472352,0.33332118325043114,0.36193570618016463,2.0,0.12339020147399203,0.06329927390734863,1.9568700553768221,0.5966821776214135,0.13254038612972044,10.471619016759977,0.3117622268742004,0.0,59.77784121320142,case_42_0033,case_42_0033_cycle_000,0,0.0,lens_contamination,in_distribution,42,orchestra_phd_latent_simulator_v1,42,ok,,0.411375006346091,0.5338614770349224,0.5852075702603439,0.3754663686164302,0.28906402582504537,0.03477208209653899,False,20.35286651142133,25.506128560185033,low,train
1903.7238137732556,39.046014483689646,0.14779103266928872,17.631500295926873,1585.2141744915155,0.3960791745907844,0.44615434086753436,3.0,0.05380914479837484,0.029462564632013476,2.0868600624277147,0.5844451831869685,0.09153972498513814,14.661177130646768,0.35106409711705666,0.0,27.647710087052374,case_42_0033,case_42_0033_cycle_001,1,0.5,lens_contamination,in_distribution,42,orchestra_phd_latent_simulator_v1,42,ok,,0.48907224970006097,0.7306186269361811,0.5081531164561938,0.38585650084380363,0.2896346921971437,0.02974238010687404,False,19.944478311749293,23.04872406323519,low,train
1744.3817129176152,31.775440895745483,0.07802879280144617,17.93245764724203,1622.8077157656899,0.3662082909950231,0.4003690216960316,1.0,0.10319152794837597,0.022668681995697586,2.041008656847265,0.6884092875886486,0.08380950822543441,16.143175310087745,0.3548766722998872,0.0,44.341245800230105,case_42_0033,case_42_0033_cycle_002,2,1.0,lens_contamination,in_distribution,42,orchestra_phd_latent_simulator_v1,42,ok,,0.5051437421587313,0.4023627031926852,0.6395283883390875,0.3937785016777622,0.3237878643117965,0.03839760480280513,False,22.912621274222637,27.160353354998147,low,train
1869.9223710174526,35.22400458270443,0.1287448723975806,17.706440401741343,1391.0019199866838,0.4314009115279498,0.46072456718180077,4.0,0.07026526532587352,0.031757671329238,1.987387399193421,0.6655752574869622,0.1289830605485261,20.564261160253942,0.3055931509251392,0.0,42.20738630169931,case_42_0033,case_42_0033_cycle_003,3,1.5,lens_contamination,in_distribution,42,orchestra_phd_latent_simulator_v1,42,ok,,0.5210475094123166,0.5196504126573425,0.6157274991929833,0.3991140704594149,0.30684462211918256,0.038228559147652205,False,24.334772686739882,27.085211889792525,low,train
1910.0028419015496,35.783687353028384,0.11902049869345217,19.319891777745994,1486.3507103909837,0.41736277778400016,0.45381773054219476,5.0,0.14247871149127325,0.05763954678382274,1.9590824314417488,0.6645901336748662,0.154630767543068,17.480679224771354,0.34833793531758245,0.0,60.76113485879972,case_42_0033,case_42_0033_cycle_004,4,2.0,lens_contamination,in_distribution,42,orchestra_phd_latent_simulator_v1,42,ok,,0.5049759995411,0.47317438136502665,0.6916357215571056,0.4051196830011014,0.3334328614816691,0.04222225782762049,False,24.357155032078463,28.812147525559844,low,train
1723.0985178547337,32.64590544054719,0.14440303526254822,17.8519231324303,1440.7957566341768,0.4034168735783342,0.46721887514940197,4.0,0.13641445515142805,0.05201575299176863,2.089056674275777,0.578598302125851,0.16611828415927382,11.429300158229003,0.3144901819783592,0.0,77.73543759968335,case_42_0033,case_42_0033_cycle_005,5,2.5,lens_contamination,in_distribution,42,orchestra_phd_latent_simulator_v1,42,ok,,0.6137646772773387,0.6500200518959734,0.4849253550881458,0.42112972721624875,0.3438824193799865,0.04301905281385229,False,22.791991956023136,29.145150352130113,low,train
1885.9367621601664,36.77402365379569,0.14209753582488388,18.694216187164102,1581.8763641278285,0.38962153937991495,0.42086935201042175,5.0,0.07085237769748098,0.027323500982915444,1.9895987353187852,0.6338880812519176,0.10162011857164632,11.359010771819802,0.28391827154734384,0.0,84.93685047516679,case_42_0033,case_42_0033_cycle_006,6,3.0,lens_contamination,in_distribution,42,orchestra_phd_latent_simulator_v1,42,ok,,0.6755330615847898,0.724488967067471,0.5769170264296163,0.4260220188693191,0.3802212349519965,0.040664150919888724,False,22.308530712800025,28.150132027286904,low,train
1910.2667424078907,40.82580839623722,0.1309263383070502,17.93370989455663,1499.3841906794544,0.43139008343810914,0.4948006628015157,4.0,0.10807684051904592,0.053981593857217014,1.9659957603655334,0.6321076489053064,0.03217537610342047,21.169852424774344,0.30211937728871535,0.0,45.791067232286046,case_42_0033,case_42_0033_cycle_007,7,3.5,lens_contamination,in_distribution,42,orchestra_phd_latent_simulator_v1,42,ok,,0.5944397650050541,0.36195153849162853,0.577036598810728,0.425291509750808,0.36533006752870334,0.0328535738376812,False,22.82333136741908,24.592442168297506,low,train
1800.7727884207363,35.97456267611417,0.13546287530785164,16.927606299824127,1558.2247818673916,0.4333429975321989,0.5109887644873197,5.0,0.0807694546741301,0.045840163828170376,1.9196684692141377,0.5927816506325837,0.11695255864310586,14.180070426325582,0.3716596056080895,0.0,57.679593954440946,case_42_0033,case_42_0033_cycle_008,8,4.0,lens_contamination,in_distribution,42,orchestra_phd_latent_simulator_v1,42,ok,,0.6253137277899568,0.8675398599628432,0.652830363264075,0.44595636499181796,0.3920695610130987,0.0458622626136799,False,24.453772422909566,30.304250431770708,low,train
1885.2392705449229,35.74426077479319,0.13404345957556787,16.654438674811566,1562.4093096843221,0.44470289167676014,0.4892270078835017,4.0,0.13318715480104162,0.06301852105045579,1.9865969845036076,0.573234404572548,0.09065824651717307,15.215969418197547,0.3065666349014268,0.0,53.52949359777194,case_42_0033,case_42_0033_cycle_009,9,4.5,lens_contamination,in_distribution,42,orchestra_phd_latent_simulator_v1,42,ok,,0.7480099066567814,0.40703108497515916,0.5347639116823135,0.43188343645231225,0.4087994415480399,0.046147996279610214,False,24.74225144855727,30.418304519089233,low,train
1973.9513279971932,31.204788679895987,0.11972836990843061,18.34793261879894,1545.693581178964,0.49222108482266236,0.385884737709909,3.0,0.05358987455941335,0.04899371409691305,2.1025369683573767,0.6007773755452892,0.158788486780588,21.05070386203452,0.2647043096206832,0.0,85.39451509661845,case_42_0033,case_42_0033_cycle_010,10,5.0,lens_contamination,in_distribution,42,orchestra_phd_latent_simulator_v1,42,ok,,0.658736483813608,0.36591090088198275,0.7432263954389859,0.430850780651078,0.4359128960873028,0.04965450602797767,False,27.024530516118972,31.783818575211086,low,train
1934.5170069553233,37.097654801242165,0.06805177877676524,16.919844721794018,1572.4580965469563,0.41799645990729567,0.41146046116072643,4.0,0.08517654617367959,0.06740648146096426,1.962697238134018,0.633552042536657,0.16833945830753036,18.67829917919664,0.31990072607863074,0.0,81.12473826566546,case_42_0033,case_42_0033_cycle_011,11,5.5,lens_contamination,in_distribution,42,orchestra_phd_latent_simulator_v1,42,ok,,0.6502559360480544,0.740913452928329,0.7060124397563863,0.4326379351686317,0.4051725203677085,0.04989400288244317,False,26.630996862686068,31.874856825008553,low,train
1964.3998988843884,33.00374873461466,0.13152393226807518,17.761959250654918,1513.6788693261335,0.47672267834662296,0.4026623877294514,6.0,0.058797479123943466,0.05220484506237456,1.9707939007372504,0.6652374984931627,0.17657900849761865,11.60037166674479,0.41101491125309325,0.0,85.00544516663024,case_42_0033,case_42_0033_cycle_012,12,6.0,lens_contamination,in_distribution,42,orchestra_phd_latent_simulator_v1,42,ok,,0.776760965436095,0.4993843934544401,0.7767025433021227,0.45433568975434874,0.4642614299757186,0.07407922063555038,False,28.70697057807423,39.87480215350194,low,train
1976.2422009688773,35.993016565319024,0.15338980008450603,18.771443834601104,1480.5905253232131,0.48759646662460726,0.4985795834577153,6.0,0.0954278180261929,0.07502094504666379,1.9132433161814244,0.6271408123034149,0.13114931420378095,20.852469680892707,0.30248479375035786,1.0,103.83709297932108,case_42_0033,case_42_0033_cycle_013,13,6.5,lens_contamination,in_distribution,42,orchestra_phd_latent_simulator_v1,42,ok,,0.8333840143714394,0.5076053513713825,0.7679205472095737,0.4725206953189808,0.488820510092544,0.0790697620213222,False,31.992335951888922,41.285208248040675,medium,train
1805.1898128959876,40.173731921371584,0.11223475911541869,19.858447993102324,1502.9132912759294,0.5197184794334109,0.5014566782649958,6.0,0.07207279884216787,0.06530757890706977,1.8869361005107648,0.6372055480855259,0.17071640515512276,15.907419053018417,0.42704824111162554,0.0,83.83814648983277,case_42_0033,case_42_0033_cycle_014,14,7.0,lens_contamination,in_distribution,42,orchestra_phd_latent_simulator_v1,42,ok,,0.6554063523643384,0.7350088434743356,0.687780743268409,0.4572197360289688,0.5188586054163383,0.06253359153543724,False,28.168684983813506,36.32378996200907,low,train
1824.0470758115093,37.998665646832066,0.1111958390538454,18.951602552845355,1332.667610788573,0.3819506048655182,0.513921681696529,2.0,0.04517834603228196,0.047723485774883834,1.9963803826979056,0.6102575502130726,0.14953608070029278,22.54827433343053,0.4007422790814814,0.0,110.68673972316937,case_42_0033,case_42_0033_cycle_015,15,7.5,lens_contamination,in_distribution,42,orchestra_phd_latent_simulator_v1,42,ok,,0.7255668527494112,0.5117081051951877,0.5608029986080802,0.4541230223536674,0.5219395472885738,0.08826968572811152,False,33.94490151547194,43.716623733317775,medium,train
1939.815301980784,36.20937460854678,0.163807259439395,17.817001696974998,1465.9155600864099,0.5301677138356785,0.4628835085455373,4.0,0.08296884048903903,0.024608568941337675,1.8191394912916117,0.6446382105856958,0.1013032241248877,19.775363877436178,0.3842797845329868,0.0,113.59237842802199,case_42_0033,case_42_0033_cycle_016,16,8.0,lens_contamination,in_distribution,42,orchestra_phd_latent_simulator_v1,42,ok,,0.8133852135558939,0.3854557243349289,0.7080196988894697,0.45586103832821906,0.543136707728701,0.07444706978359464,False,31.177257338848996,39.98114027442061,low,train
1789.2787393635817,34.321762115414636,0.13394164234285086,17.218310283174933,1483.9654342295446,0.5149551214629987,0.5293629718085737,1.0,0.0689303645887249,0.0013611696643558088,2.0467992336270324,0.6470689153559206,0.11303387397711433,22.045099105840137,0.473158218668222,0.0,104.83741751064068,case_42_0033,case_42_0033_cycle_017,17,8.5,lens_contamination,in_distribution,42,orchestra_phd_latent_simulator_v1,42,ok,,0.7234144737396545,0.41906495006361866,0.560468326517505,0.4728476623817942,0.5429210291341188,0.07803135415723127,False,32.26616184837546,40.99735562764557,medium,train
1908.19736818637,35.19757529559136,0.18727527047561254,17.966095215409567,1492.391428561966,0.4513403015565429,0.5406927542021851,8.0,0.1347924199254087,0.039759152605082504,2.0820563529086464,0.5868237713075954,0.13063561442347096,20.17264754409664,0.4948140315555367,0.0,126.19968695429598,case_42_0033,case_42_0033_cycle_018,18,9.0,lens_contamination,in_distribution,42,orchestra_phd_latent_simulator_v1,42,ok,,0.7376788519160926,0.3342381126619538,0.6395980197660102,0.4919035940637015,0.5753648217327916,0.09482822785567263,False,33.76138053953295,45.33102046398081,medium,train
2003.3795596279017,41.07818718754615,0.0967716636573989,17.16093923105562,1597.0121369449082,0.5106599944706479,0.5209746450809488,2.0,0.08612368613804774,0.06219455508183962,1.9507575085503097,0.6285658795645246,0.13935504654184208,15.507761158531702,0.33100564503921803,0.0,99.09618660568877,case_42_0033,case_42_0033_cycle_019,19,9.5,lens_contamination,in_distribution,42,orchestra_phd_latent_simulator_v1,42,ok,,0.6854381414367559,0.807379832996165,0.7705289988371925,0.48428892961773645,0.5860097053257137,0.08442413560717568,False,31.147381970090233,42.72535160042718,medium,train
1757.924934540959,31.41660506020858,0.11446169212353369,18.324983710282446,1455.525755890363,0.38564881293419273,0.38731442367331453,1.0,0.08962974396583573,0.06238850314018637,1.993087210241697,0.6422879767729119,0.034326852551861346,6.977904204342134,0.281471741594491,0.0,50.449080267224645,case_42_0034,case_42_0034_cycle_000,0,0.0,lens_contamination,in_distribution,42,orchestra_phd_latent_simulator_v1,42,ok,,0.5320316898219203,0.5172539285223862,0.5919799382601998,0.20108821508707406,0.34199292451031627,0.022460521856709027,False,14.76585518126614,19.08600308214403,low,train
1981.9429720302373,35.22292217940631,0.13083770544113782,18.973589464745597,1563.8043906558714,0.35363755489674076,0.45256911503757175,3.0,0.10567224847729074,0.05073237539103444,2.02881991194099,0.5915400243872191,0.13598998019507616,11.649752489464255,0.25118205334171284,0.0,52.33977738145207,case_42_0034,case_42_0034_cycle_001,1,0.5,lens_contamination,in_distribution,42,orchestra_phd_latent_simulator_v1,42,ok,,0.563314115279326,0.8973784118671573,0.5524849164272373,0.2177397670547219,0.3767423725829108,0.02440953522660481,False,17.012063730623716,20.200197622778145,low,train
1775.9935126012044,38.787373735577404,0.09769091971943626,18.59094113768334,1398.4354199257982,0.4359139469652764,0.4428337519733445,5.0,0.09068179275543824,0.03943994651864577,1.8512785200567676,0.6126693409046191,0.1355737252430766,15.093284832131843,0.25137997315708516,0.0,89.87763536145711,case_42_0034,case_42_0034_cycle_002,2,1.0,lens_contamination,in_distribution,42,orchestra_phd_latent_simulator_v1,42,ok,,0.5155213481162928,0.38681850992095107,0.6408493203652557,0.21683058515550466,0.4035618401570144,0.03274515626887301,False,21.096060727368666,24.53996723596081,low,train
1755.708515761308,30.176035547708366,0.1277219838086476,18.028356356496282,1445.8793241386632,0.33451694505845697,0.4025651761185668,3.0,0.03052007979841425,0.05192750681228232,2.0270606602754864,0.5626495392295988,0.07543694317225641,21.359107309816665,0.27944400054073276,0.0,66.98777682582912,case_42_0034,case_42_0034_cycle_003,3,1.5,lens_contamination,in_distribution,42,orchestra_phd_latent_simulator_v1,42,ok,,0.43701570604693585,0.4845533841212211,0.5550513388028977,0.23386074481243158,0.43961432753567425,0.033252705899879706,False,23.052305451551547,24.784836503079646,low,train
1933.9209940963,41.17017188964381,0.13411298610587488,16.995251650892815,1486.857366350571,0.4432617159586929,0.3878696444808665,6.0,0.079520602307086,0.024804209323723354,1.9352642708565084,0.6111739820474806,0.0769976099815463,23.177533205467626,0.34682944834502516,0.0,95.14613211400365,case_42_0034,case_42_0034_cycle_004,4,2.0,lens_contamination,in_distribution,42,orchestra_phd_latent_simulator_v1,42,ok,,0.7055496314651564,0.32711745611267146,0.653111664283642,0.26132583562005307,0.48229107131553023,0.04873564401911786,False,27.419210839048226,31.431952569490196,low,train
1922.317389815929,37.446058557722594,0.08793846699305201,18.976451623348193,1477.0329803629106,0.3953663539705709,0.5185171538266258,1.0,0.10518007337248718,0.04127827782792464,1.9053987217326367,0.6138055382781358,0.03847915125065873,15.194266869231633,0.36550513089736203,0.0,87.53891568022867,case_42_0034,case_42_0034_cycle_005,5,2.5,lens_contamination,in_distribution,42,orchestra_phd_latent_simulator_v1,42,ok,,0.6218862310415255,0.6732736817377596,0.6041103056602111,0.26798496972450325,0.5213178346604482,0.044734784312945794,False,24.26287445562667,29.849935495873236,low,train
1922.6563624577632,34.56883498610662,0.13701262670105419,18.417535988861687,1585.7582481683905,0.5212440574957592,0.49592952495405956,2.0,0.08919623718435353,0.06275402982731848,2.0416481351534,0.581850990144467,0.15590217390249847,19.183514869450157,0.4310426311072533,0.0,82.64871641642982,case_42_0034,case_42_0034_cycle_006,6,3.0,lens_contamination,in_distribution,42,orchestra_phd_latent_simulator_v1,42,ok,,0.7388633177725981,0.3644614001590705,0.7175723197178074,0.2771760359223069,0.5115475751623167,0.050238889892220306,False,26.77790876726914,32.005472716172264,low,train
1973.984601092039,41.572755414946265,0.12341993357679157,17.052355687608035,1553.0958596407713,0.44247912410225165,0.46084252538027465,3.0,0.10739422081207146,0.06359407696029175,2.007250665577319,0.6312042020427432,0.05730397225876889,24.36771714969879,0.3431080098362204,0.0,68.13757758537434,case_42_0034,case_42_0034_cycle_007,7,3.5,lens_contamination,in_distribution,42,orchestra_phd_latent_simulator_v1,42,ok,,0.7094794755236628,0.9487910844147835,0.578707012507507,0.30063101934792635,0.5488998663895367,0.052167587907989296,False,28.49867824354126,32.72560073825824,low,train
1995.4043554187765,32.07571913474478,0.11353471437769383,17.92956098950364,1450.7332909572735,0.42495877455122577,0.5305747350794721,5.0,0.034577265250618335,0.0708638739138491,2.050812401717757,0.5609479602147623,0.10136176159168099,17.677833556938698,0.34548658204706273,0.0,88.99421153772231,case_42_0034,case_42_0034_cycle_008,8,4.0,lens_contamination,in_distribution,42,orchestra_phd_latent_simulator_v1,42,ok,,0.6561682332067219,0.9540699493363196,0.5188204044951047,0.3000884073176569,0.5872868558345785,0.05518115270084619,False,27.297205181793622,33.81720400985174,low,train
1939.9865639678596,38.22475889738348,0.1188974039137336,19.25972188514689,1495.226819328326,0.4388271474885002,0.48860632458375264,2.0,0.03683830520047176,0.05156039960503183,2.047421896161566,0.6183670020370746,0.12423608473587744,18.671459971976724,0.37770607727212413,0.0,90.19155371038423,case_42_0034,case_42_0034_cycle_009,9,4.5,lens_contamination,in_distribution,42,orchestra_phd_latent_simulator_v1,42,ok,,0.7426149770943128,0.6903153989604944,0.6823987498823039,0.3221917962131755,0.5799138751918608,0.06071236241279336,False,28.67834307560495,35.72233840273696,low,train
1754.5487844927934,39.5637839318191,0.1100790569855957,16.644406559570694,1439.337509078695,0.4301512047260268,0.5085470089585782,2.0,0.0798198185781033,0.058735037829544555,1.9916761235083855,0.6187108943196382,0.10827646712080011,20.687856620808045,0.4004342711410643,0.0,124.10485382280244,case_42_0034,case_42_0034_cycle_010,10,5.0,lens_contamination,in_distribution,42,orchestra_phd_latent_simulator_v1,42,ok,,0.7048522262610204,0.3365614960265206,0.7801826519700872,0.3252972039324839,0.6156038626917726,0.06775598165626845,False,30.17860877298798,37.983451533879084,low,train
1809.884613878441,37.41995516575345,0.12215275828726474,17.21755244195615,1462.1914180534648,0.47492662318158113,0.4789714750860636,5.0,0.09067353423317338,0.05749138407124681,2.0844195048185425,0.6220565351381669,0.15190236174811744,18.4951177502476,0.3995708934049452,0.0,79.70118221558842,case_42_0034,case_42_0034_cycle_011,11,5.5,lens_contamination,in_distribution,42,orchestra_phd_latent_simulator_v1,42,ok,,0.7446099229922896,0.7265326014780249,0.7692248177520908,0.33455083742475344,0.6009623898302291,0.05870288575439512,False,28.248218301949723,35.044241393935714,low,train
1887.475473252032,35.695908797853974,0.1295435028316687,18.76388769544574,1514.5855266992876,0.5178609407010024,0.4608311519799389,5.0,0.08786968267034664,0.0901976087790757,1.947166180218954,0.6262246729850609,0.08393303065090996,23.28615770254232,0.46026719204543887,0.0,106.91195139695297,case_42_0034,case_42_0034_cycle_012,12,6.0,lens_contamination,in_distribution,42,orchestra_phd_latent_simulator_v1,42,ok,,0.7472607353718781,0.6904524331147921,0.606369544883428,0.3471455917502924,0.6590297797009633,0.06852130454289626,False,31.19822961721066,38.218985766796095,low,train
1914.8844923370891,39.3914548066301,0.11135958380265709,17.19343299514821,1553.093185366587,0.4846389037633136,0.49663870932704157,3.0,0.0938354492424393,0.04200789532215709,1.9385041002226504,0.5906071638019215,0.07890298144742124,23.869847924517853,0.44320521652526906,0.0,106.35603647177095,case_42_0034,case_42_0034_cycle_013,13,6.5,lens_contamination,in_distribution,42,orchestra_phd_latent_simulator_v1,42,ok,,0.7055669747806167,0.4063901699111112,0.6461582222849888,0.35803444194898815,0.6902857064331419,0.08350320217908275,False,33.55445351919898,42.48275245488711,medium,train
1883.3659831349826,32.712298997124506,0.1043619128894765,17.813516951769408,1661.0163397355602,0.441829011458465,0.5088425321737937,4.0,0.10479991892115952,0.05955392207468538,1.9752886472533524,0.6168011424639583,0.07204068940765043,19.989458718823045,0.5184802034043692,0.0,115.75837847561607,case_42_0034,case_42_0034_cycle_014,14,7.0,lens_contamination,in_distribution,42,orchestra_phd_latent_simulator_v1,42,ok,,0.7854415581108225,0.5701244368238225,0.667461784613849,0.3917201686203958,0.6995200700526485,0.08942512331322025,False,33.19562955919741,44.00782327853485,medium,train
1934.9079922004423,34.458732991931946,0.12647503083362466,17.251586422747145,1559.2310991319061,0.38222985362938144,0.5497025059225685,3.0,0.08165909665368377,0.06112528434410941,2.088521881839497,0.5813287487433441,0.09715765948634487,27.642294435257316,0.46830366978782345,0.0,117.58537069149752,case_42_0034,case_42_0034_cycle_015,15,7.5,lens_contamination,in_distribution,42,orchestra_phd_latent_simulator_v1,42,ok,,0.725782845831226,0.3392978237142849,0.7100942642544374,0.38242842593558485,0.7045138674193352,0.10068050289012137,False,36.60870965987705,46.697031634801654,medium,train
1956.1946365826866,34.33498797632048,0.12746318308471388,18.561506585136758,1408.8939060683933,0.5124579451175068,0.37919601227089705,3.0,0.08571817855859079,0.03674871874032679,2.019311768075561,0.5950091324626378,0.13608583386161918,22.619967692854843,0.5005508749536487,0.0,122.32358880547442,case_42_0034,case_42_0034_cycle_016,16,8.0,lens_contamination,in_distribution,42,orchestra_phd_latent_simulator_v1,42,ok,,0.7475046296929131,0.8326245382273743,0.6838437235930768,0.3979348874056919,0.7500766402403142,0.09522862701273,False,34.86596278149584,45.42664060200774,medium,train
1815.3049548952463,33.455029315446275,0.14098480439986447,18.645024059568566,1595.7749838137966,0.5487863139272192,0.47071550169077186,7.0,0.10686326371755342,0.01831442222399514,2.0789986035836834,0.5918580202468312,0.13513079647845064,25.0747525496859,0.6072491919784276,0.0,125.86014822518645,case_42_0034,case_42_0034_cycle_017,17,8.5,lens_contamination,in_distribution,42,orchestra_phd_latent_simulator_v1,42,ok,,0.7756907928238163,0.610833767621679,0.4634895929008184,0.4228425840163139,0.778585560750041,0.09505395132552551,False,35.39632288149958,45.38496608851331,medium,train
1902.8715112401587,37.50261201852099,0.1666695097387651,16.805097995885724,1505.2725467717578,0.49063549901443015,0.4936145979630123,5.0,0.09972869004696172,0.09853379219821971,1.885842515682912,0.596123732173198,0.08277104750313419,24.955996750586532,0.45705491549821325,0.0,108.93922354824265,case_42_0034,case_42_0034_cycle_018,18,9.0,lens_contamination,in_distribution,42,orchestra_phd_latent_simulator_v1,42,ok,,0.7164401213969372,0.6418309765270876,0.6709220534591914,0.4148321248148816,0.811706381403971,0.0972483092192984,False,35.85642535163947,45.904043543357595,medium,train
1803.8728267382592,38.44000442292965,0.11443370968857731,17.231082571795014,1476.0628709567195,0.46075418812711966,0.5815704428136719,2.0,0.09032790625838152,0.03029780509944558,1.9514989071302988,0.625702842753114,0.11897261733373189,20.32252421430521,0.5464995319793635,0.0,114.99827662751593,case_42_0034,case_42_0034_cycle_019,19,9.5,lens_contamination,in_distribution,42,orchestra_phd_latent_simulator_v1,42,ok,,0.7243309444709006,0.751232954708495,0.7475899397363357,0.43300624502180146,0.8471378751111532,0.12684769967740586,False,37.52369168725815,52.08838251377591,medium,train
1888.8985088942609,38.699839256456954,0.0955325538468505,17.755959246797804,1444.7463384611299,0.32017589356718257,0.3380410077302237,6.0,0.037710568058681504,0.0646618774167787,1.895202694495654,0.5894372500173245,0.10437594529782687,8.659473423643327,0.05364478679574895,0.0,15.285904759966751,case_42_0035,case_42_0035_cycle_000,0,0.0,normal,in_distribution,42,orchestra_phd_latent_simulator_v1,42,ok,,0.6423510836553346,0.4435196557244099,0.6552834051831371,0.18731336391704884,0.06200578072172267,0.013914517393177096,False,10.45199006707155,13.606254500126749,low,train
1858.4809130072847,31.82925758929937,0.10154409951023269,18.278473266899844,1406.745629908668,0.3200624276396511,0.38854549041338715,4.0,0.06188893204738995,0.0514309860226594,2.0518382912334263,0.5808225213630833,0.07270884026723701,4.888742919969945,0.0409343389856655,0.0,26.296408289108214,case_42_0035,case_42_0035_cycle_001,1,0.5,normal,in_distribution,42,orchestra_phd_latent_simulator_v1,42,ok,,0.7256998029738182,0.9082042363767111,0.6767316689787856,0.19639516353501554,0.043895064896976206,0.01484170708157669,False,9.898556921254514,14.256390286615206,low,train
1774.8103575975863,37.16535015879194,0.09319503745751358,16.913850656966215,1404.6086191351094,0.3451086272945009,0.481721529875004,3.0,0.0822368619617388,0.024993214416935125,1.9898637335153726,0.6288083544592963,0.09433765503257313,3.9359015489184914,0.1771414479984069,0.0,0.6931049977606057,case_42_0035,case_42_0035_cycle_002,2,1.0,normal,in_distribution,42,orchestra_phd_latent_simulator_v1,42,ok,,0.5355309576860203,0.738700303521496,0.7430383711962191,0.19955673469179555,0.06778881213572666,0.014851291599162042,False,9.65665969104355,14.263028754846257,low,train
1762.6788297521905,41.232376747140165,0.15992978494972687,17.980196864497383,1509.0850987160084,0.3983136977104232,0.49558970742916614,2.0,0.09209396591144914,0.07433213227077709,2.0713260283582997,0.6530784074610497,0.07065430590982524,3.9705874899602667,0.1336942827933185,0.0,36.977824701672894,case_42_0035,case_42_0035_cycle_003,3,1.5,normal,in_distribution,42,orchestra_phd_latent_simulator_v1,42,ok,,0.615296260545767,0.5401946811086271,0.5796637039588867,0.20158373220056836,0.059484960249960125,0.01676119721070689,False,10.888865189349557,15.554384976318397,low,train
1837.4431093526362,38.36180255374921,0.1178803082820335,19.324012116123523,1476.6133593767681,0.28608102613810793,0.4667269806670698,4.0,0.05785940342964759,0.05430942104155054,1.9270800319205508,0.6273969688436466,0.10293210503338357,5.972518061593167,0.07238038307503097,0.0,35.61254031379736,case_42_0035,case_42_0035_cycle_004,4,2.0,normal,in_distribution,42,orchestra_phd_latent_simulator_v1,42,ok,,0.5885241205632942,0.7006117925540463,0.6698028085090318,0.20090664561051996,0.09224896605392449,0.01822487380920085,False,12.36173359249665,16.50446665394524,low,train
1931.4826615761335,41.61534745754553,0.06607922923241294,19.63984079161267,1372.0051876888183,0.35943111569387165,0.43833737060711986,2.0,0.08431149030050653,0.054114599956818964,1.8206540655677403,0.6207027916842819,0.13800217081369498,6.548043874011706,0.1212416802392838,0.0,30.58456288426556,case_42_0035,case_42_0035_cycle_005,5,2.5,normal,in_distribution,42,orchestra_phd_latent_simulator_v1,42,ok,,0.5487541191840095,0.3907683938564871,0.5603684450408346,0.21362989577784172,0.06347001362958306,0.013105355371755284,False,9.113798919161134,13.025494219988923,low,train
1812.8203195706258,40.78686465126254,0.1367939040366966,18.08235536203523,1448.9617625813596,0.3037690707417256,0.46495285174442,3.0,0.10293104997423637,0.024079497858308048,2.068077309221435,0.5855318963354073,0.12212086997891972,6.828917264559224,0.13668718488264242,0.0,48.27336393195084,case_42_0035,case_42_0035_cycle_006,6,3.0,normal,in_distribution,42,orchestra_phd_latent_simulator_v1,42,ok,,0.5770301315501525,0.5830839861107617,0.6480594426550259,0.2010169534704781,0.057562228552992756,0.015525493422289599,False,10.936675138125757,14.725932005273352,low,train
1831.061209005291,36.27543454858404,0.11435569599876433,16.955151516359603,1449.1748536933246,0.341448441693497,0.4687118451347428,2.0,0.02482649542420501,0.04592359420558639,2.1058259055656245,0.5680631400941849,0.14762716242180893,10.655071096193652,0.03836024450442136,0.0,11.21491356010396,case_42_0035,case_42_0035_cycle_007,7,3.5,normal,in_distribution,42,orchestra_phd_latent_simulator_v1,42,ok,,0.5570253692855103,0.9038965442190923,0.6494637045765218,0.20728093529717356,0.08749291925408875,0.01398984100858426,False,11.120939246848014,13.659669089006199,low,train
1868.1690296539598,35.18617524316263,0.06643932391797937,19.023166591132405,1426.2255339515693,0.2763048176789318,0.4021458232388825,5.0,0.09497195805955884,0.07239142594663847,2.0360673704214016,0.5979519726517724,0.14497120707571198,8.304302116821667,0.035660927331041314,0.0,18.601296536977852,case_42_0035,case_42_0035_cycle_008,8,4.0,normal,in_distribution,42,orchestra_phd_latent_simulator_v1,42,ok,,0.4656305294561758,0.4636530745565265,0.6368602224422377,0.21695251007140848,0.0546113949742625,0.016316204890753264,False,11.961051060513176,15.258935708088083,low,train
1844.74491940169,31.480926567561895,0.0842662562044519,18.858566039167364,1415.140612843903,0.2820944405842773,0.40758310861549535,3.0,0.09626462489584016,0.07432095349196566,2.1275659081806393,0.6034656750790518,0.12775797050280144,4.48890048198845,0.105746598142032,0.0,41.684726994256735,case_42_0035,case_42_0035_cycle_009,9,4.5,normal,in_distribution,42,orchestra_phd_latent_simulator_v1,42,ok,,0.5143887074306405,0.47967441230574837,0.6418525858602167,0.21882614523578298,0.09419228714683044,0.012582892009346317,False,8.108427907637868,12.643505754862913,low,train
1849.000604290785,32.34635201270937,0.10551144913430154,18.356338827761462,1452.2516843899589,0.33625090501726806,0.3547590627847336,6.0,0.06897636702993397,0.02498301786103211,1.9332381590773238,0.6439492520806488,0.10270333586796099,7.568574509235793,0.1421979635748301,0.0,31.733263693060564,case_42_0035,case_42_0035_cycle_010,10,5.0,normal,in_distribution,42,orchestra_phd_latent_simulator_v1,42,ok,,0.49780111470952426,0.4116754316694721,0.53383080822477,0.23234226659257678,0.07969205502384866,0.013137361139128136,False,9.38503319057255,13.048712544321003,low,train
1965.0901290682211,36.0739508166174,0.08843436063629205,17.634473961237692,1497.60167078203,0.3346239635377862,0.3654532711836107,4.0,0.08271180278410309,0.009303157357364596,1.9165547569667993,0.625569052965434,0.025654768179770422,1.9732516824575905,0.1382163325517014,0.0,33.39113897305295,case_42_0035,case_42_0035_cycle_011,11,5.5,normal,in_distribution,42,orchestra_phd_latent_simulator_v1,42,ok,,0.3886423024553035,0.7503773903635649,0.5508413114601632,0.2305345746104455,0.10271158393380303,0.016373686031961168,False,10.013667539713609,15.297279449701708,low,train
1915.1465845557539,35.00960819303871,0.1117217554196997,16.78314397016348,1518.8578250905523,0.27658770838028196,0.37638156685613505,3.0,0.07725058606187787,0.0742820969466042,1.9835422548093204,0.6883542770438706,0.054864671018900156,0.4938106490200874,0.06335126198435459,1.0,39.99193677201779,case_42_0035,case_42_0035_cycle_012,12,6.0,normal,in_distribution,42,orchestra_phd_latent_simulator_v1,42,ok,,0.306186311240465,0.4706544341113054,0.49809508897463534,0.2348875777787465,0.09875176289243744,0.015826595599337155,False,9.246058663332265,14.930132493555853,low,train
1812.661748299169,37.39300007936425,0.09033672189694472,17.309956050113172,1436.8831768570344,0.3816691028443448,0.310071946685324,5.0,0.0801715125467272,0.07002877781776302,1.930963598217927,0.6201436861213001,0.10736879652143874,9.326093608441365,0.07782908712481204,0.0,42.10224510988937,case_42_0035,case_42_0035_cycle_013,13,6.5,normal,in_distribution,42,orchestra_phd_latent_simulator_v1,42,ok,,0.3503460853125848,0.520264296167337,0.6803166357751622,0.24741499870314881,0.07837690861595664,0.013844376201366521,False,10.496062494848024,13.556417549828486,low,train
1696.1936175419796,30.817946963089224,0.058834356529234515,18.284001213756476,1410.7931927563998,0.2680349011548279,0.4164360302734158,3.0,0.07179749825092333,0.08167202443460539,1.9358813459862636,0.6594905312842008,0.07958616631151393,2.602099808304531,0.03790531922709662,0.0,72.19330492450197,case_42_0035,case_42_0035_cycle_014,14,7.0,normal,in_distribution,42,orchestra_phd_latent_simulator_v1,42,ok,,0.29489936417701595,0.5048685430907202,0.5177589499980659,0.2590512620275225,0.08458090973356258,0.013984350790795774,False,8.658016416816702,13.655779432868428,low,train
1860.321332217943,34.53843716096888,0.12293269353945666,18.86393678516076,1522.0561322070116,0.24550614989342312,0.3778480847981551,2.0,0.13930972616460865,0.014822323532980644,2.0504921522067954,0.6780215850365627,0.09086316213542822,8.386494495920331,0.21831249713730622,0.0,86.95006410119906,case_42_0035,case_42_0035_cycle_015,15,7.5,normal,in_distribution,42,orchestra_phd_latent_simulator_v1,42,ok,,0.4150146839063353,0.5250464385072556,0.4959986885541043,0.25338171787831415,0.09451747695650126,0.017542047091982822,False,12.645305345131208,16.065285310036316,low,train
1786.4930819317121,36.95179728575444,0.12960134495153963,18.115053381733226,1481.3512044806425,0.28382759403080887,0.4407958232204692,8.0,0.12987687642530493,0.08037185907310665,1.9721375231024072,0.6400072760257066,0.11152960954380899,4.271590753275428,0.062226374910856405,0.0,49.7493860856265,case_42_0035,case_42_0035_cycle_016,16,8.0,normal,in_distribution,42,orchestra_phd_latent_simulator_v1,42,ok,,0.33230661675089346,0.9688077467098042,0.5507772039400602,0.23499018397929072,0.08162730540192875,0.013071327523691643,False,8.461977443005244,13.00078622906851,low,train
1856.6368301550228,28.90353972869181,0.1572592018224678,18.18082366265146,1525.3738497604343,0.28987632235121663,0.4005898774684481,2.0,0.08290350216427793,0.04287507639483006,2.024877640803333,0.5852216900004977,0.10594286521373636,5.958597904235509,0.08961607385119318,0.0,63.745073601576955,case_42_0035,case_42_0035_cycle_017,17,8.5,normal,in_distribution,42,orchestra_phd_latent_simulator_v1,42,ok,,0.36758580092126153,0.9661419398076398,0.47167844453266866,0.25983151554047224,0.09539249783752446,0.01600724253289159,False,11.009049539458674,15.051910355062908,low,train
1756.9858758421128,32.448868380433595,0.10569937461432694,18.640704074743642,1456.575372591561,0.3254978274611118,0.42949098020406795,3.0,0.07918318023308668,0.0,1.9573738782244006,0.6424358627873091,0.11405095217630416,7.0979994646565725,0.14613846102701922,0.0,65.08305156402311,case_42_0035,case_42_0035_cycle_018,18,9.0,normal,in_distribution,42,orchestra_phd_latent_simulator_v1,42,ok,,0.4152050006990889,0.7662880950221909,0.37835978372686474,0.2638705955785525,0.11083132397664318,0.015323889823345092,False,10.946001258838194,14.58834338107134,low,train
1820.348756929614,31.44584493387036,0.13132603899779152,17.3845982556012,1485.3279305614026,0.3092728188586826,0.4199316103411351,5.0,0.11680861736558874,0.06379120646420817,1.997519394166743,0.574812291682513,0.08457817669640534,8.537606307230309,0.1061197052673419,0.0,57.22316670014608,case_42_0035,case_42_0035_cycle_019,19,9.5,normal,in_distribution,42,orchestra_phd_latent_simulator_v1,42,ok,,0.23930225396844013,0.9305036770627539,0.49228804688922384,0.2680872955303062,0.13264259746989854,0.013406713032257057,False,9.987307512220966,13.243296190202472,low,train
1910.259390419843,36.01127122865644,0.17101514749193786,18.704686956843826,1523.016543326069,0.3300230258457601,0.3775093846098945,2.0,0.08288750402537919,0.068901380876731,2.109720692714185,0.6202263540902322,0.04987839243796782,3.703517740738884,0.03940747196724412,0.0,16.115716658709957,case_42_0036,case_42_0036_cycle_000,0,0.0,normal,in_distribution,42,orchestra_phd_latent_simulator_v1,42,ok,,0.3292586652513056,0.33567360921443573,0.47852428234004823,0.0988747818442489,0.08557752063648202,0.009111912129998578,False,4.631708530920912,9.946464372059667,low,test
1785.383352536395,34.87748679800223,0.0910691777848065,18.087356347607813,1491.0906251181839,0.2923772398044526,0.4475502782220666,1.0,0.06280637529245651,0.03616118843366238,2.0487160766983608,0.6922374781902297,0.0741463016147979,5.97900620955472,0.028672846244524486,0.0,25.984437326305656,case_42_0036,case_42_0036_cycle_001,1,0.5,normal,in_distribution,42,orchestra_phd_latent_simulator_v1,42,ok,,0.27925741494288725,0.6607249052814206,0.3819479792622795,0.0906166348045533,0.09976008404603143,0.009411882955996936,False,5.65590926131397,10.191747815904062,low,test
1885.389835248602,36.22667011078178,0.05909801104761993,17.649026322879507,1477.921191523229,0.33001049158223034,0.41650960356322286,2.0,0.09947680101452791,0.07455292963426513,1.9341250280118638,0.6852635952776891,0.11397343788599959,4.7468383806479935,0.1033130490103445,0.0,19.947309219529885,case_42_0036,case_42_0036_cycle_002,2,1.0,normal,in_distribution,42,orchestra_phd_latent_simulator_v1,42,ok,,0.40927253551988657,0.9814108237553976,0.5904936916118281,0.10467911194227512,0.12272201803980869,0.011392841983679427,False,7.161418052695387,11.751533074562563,low,test
1806.4451622736876,33.30960982246948,0.09726128949691731,18.11512281215732,1392.5776872248628,0.346634115846398,0.4140187639531148,6.0,0.05398487050832199,0.061078263968723685,1.9728843228223751,0.6311694385137608,0.05266968710463699,5.8374103568885785,0.05146040820480747,0.0,35.936397371168226,case_42_0036,case_42_0036_cycle_003,3,1.5,normal,in_distribution,42,orchestra_phd_latent_simulator_v1,42,ok,,0.3584274046251486,0.5517924624217907,0.46245087241616034,0.08234133064577445,0.08381487306640605,0.00793967034552349,False,3.9167961875002417,8.962110189539843,low,test
1902.2981649695869,40.475704987610236,0.08516031358822787,20.04858452399912,1416.6264492486227,0.29329494212868845,0.4271640596311096,2.0,0.0645106389581504,0.042885339730605654,2.0649414145653693,0.6432550969490664,0.03853924278641737,6.349420749063012,0.11665499332427666,0.0,20.24791826152986,case_42_0036,case_42_0036_cycle_004,4,2.0,normal,in_distribution,42,orchestra_phd_latent_simulator_v1,42,ok,,0.38236141649737365,0.7643941534595124,0.4793238762612654,0.10966238431894239,0.08575029888970513,0.011624071640411633,False,7.95302881944791,11.927323801862762,low,test
1916.2134289127966,28.234854680824657,0.10006635419223055,17.87996930028489,1442.9837502786897,0.32454687577751196,0.3943077177078915,4.0,0.08250205633139529,0.056495155186877116,2.0621499549314395,0.612240941640282,0.07207456669710331,5.402111506492256,0.06087843767097609,0.0,17.09187474463314,case_42_0036,case_42_0036_cycle_005,5,2.5,normal,in_distribution,42,orchestra_phd_latent_simulator_v1,42,ok,,0.3629515124284767,0.5975431488611975,0.41909331471857164,0.11482532564737581,0.09712382357600532,0.009941760507246768,False,6.005670273821583,10.618903732054449,low,test
1961.380452668212,38.4648472076013,0.07641931125126222,18.26509888747689,1551.611333146239,0.27449517230404724,0.3523391296573555,4.0,0.06981527810052873,0.05430045050459244,1.9576266571567862,0.569868188173091,0.00964576717612094,6.700291011143023,0.034185346542372756,0.0,36.36118390136771,case_42_0036,case_42_0036_cycle_006,6,3.0,normal,in_distribution,42,orchestra_phd_latent_simulator_v1,42,ok,,0.42614544535662746,0.3933385052109546,0.5039259199935422,0.11420230795668469,0.09358355073260724,0.011835614472170467,False,8.12509038204792,12.087079108779884,low,test
1795.46484941672,39.35042182142246,0.1059767539844064,18.273332057381158,1446.1277707657805,0.2528830284199652,0.36824462050880385,3.0,0.08205358307301598,0.0,1.9420271687205688,0.6493011097862257,0.10662837481186417,5.001552841829857,0.088442246583119,0.0,17.6843591331256,case_42_0036,case_42_0036_cycle_007,7,3.5,normal,in_distribution,42,orchestra_phd_latent_simulator_v1,42,ok,,0.4521983363202739,0.7732690118449792,0.5593663952933056,0.10921419934826741,0.08293074697408231,0.012115772170067669,False,7.896986770599349,12.29711150917536,low,test
1721.1762630206833,32.80903438645616,0.08556160266463478,18.344214853380496,1477.6324258311545,0.2847733943932252,0.3546192880830541,4.0,0.07357679475161412,0.04987890756562219,2.0122027268271236,0.6196969602273907,0.15135002992706253,2.239956866029122,0.0,0.0,21.17355855301683,case_42_0036,case_42_0036_cycle_008,8,4.0,normal,in_distribution,42,orchestra_phd_latent_simulator_v1,42,ok,,0.4373978534870815,0.4046715919204877,0.5426607969257197,0.11767304836104601,0.10268442431914998,0.01228402238038931,False,7.199011542711413,12.42241916794484,low,test
1784.8083686334896,38.20561827763041,0.14283824636376088,17.11169942289961,1486.5700299985056,0.27033707523201245,0.42719008655631163,7.0,0.10831122680034175,0.06208646717812939,2.1074841268370985,0.5467126682744592,0.07354008727612624,8.158644986644955,0.06148050974756843,0.0,33.87828678949223,case_42_0036,case_42_0036_cycle_009,9,4.5,normal,in_distribution,42,orchestra_phd_latent_simulator_v1,42,ok,,0.5050803373835838,0.9010741571131198,0.7250913797059507,0.12310948216634457,0.10951156189225321,0.010969287865401887,False,7.850281101769944,11.426285304849817,low,test
1873.2313772579423,34.171470725078656,0.0780029667166591,17.95032390197946,1304.398065556221,0.33334401269097563,0.3863823539933411,1.0,0.08086712737579217,0.03259440567917099,2.0768334864937437,0.6658322067958857,0.1331961888187707,11.998632823373395,0.05186374455806014,0.0,67.6787981378426,case_42_0036,case_42_0036_cycle_010,10,5.0,normal,in_distribution,42,orchestra_phd_latent_simulator_v1,42,ok,,0.5233666678822492,0.8040572906643224,0.6810635630120776,0.13727259307928358,0.08093955213047671,0.010730556920130268,False,8.737860963813334,11.241065225539696,low,test
1697.7096201848944,35.42482610720996,0.0830967486789572,18.396575832891763,1477.705857286109,0.33402178128915283,0.4409175601802617,3.0,0.08952307309838596,0.060053941236266006,2.000331903562189,0.6706918880361477,0.09191661736288208,1.8887884096590735,0.030200490775674427,1.0,23.80713333797604,case_42_0036,case_42_0036_cycle_011,11,5.5,normal,in_distribution,42,orchestra_phd_latent_simulator_v1,42,ok,,0.6003980484816459,0.939313811036844,0.691868535186416,0.14243425289612194,0.10337324449099392,0.013350862236509591,False,7.94890898484921,13.203067847822645,low,test
1884.7834377358329,30.818547716989855,0.07388817263686892,18.68991809219914,1479.3824927711407,0.28491417572937067,0.42732128093333294,3.0,0.1047222395408752,0.09140735277157452,1.896031062136988,0.5977124398705094,0.06143987652078581,13.583705847738845,0.10319022493427663,0.0,50.583960353127104,case_42_0036,case_42_0036_cycle_012,12,6.0,normal,in_distribution,42,orchestra_phd_latent_simulator_v1,42,ok,,0.6245364887178613,0.5904321398328868,0.7112999576764185,0.16194382266011456,0.08960316640303231,0.01494616425008856,False,12.532963690687883,14.328651333472992,low,test
2083.025345411809,36.906199571447594,0.10280818445311596,17.258554282041516,1425.2613958032834,0.28719005678426685,0.40128457820165964,1.0,0.08945119549853378,0.04437702806558026,2.010809852225894,0.5913718060813286,0.04585982177149438,8.473675761856242,0.1001278953851706,0.0,15.69061044180164,case_42_0036,case_42_0036_cycle_013,13,6.5,normal,in_distribution,42,orchestra_phd_latent_simulator_v1,42,ok,,0.6362980054276216,0.38065138645230606,0.6650514870034759,0.14206351121444663,0.11917304716008312,0.013467331403934964,False,10.05594396831464,13.286888607939892,low,test
1974.8363495033966,36.13987455685156,0.11760359487608679,17.702572991135646,1379.3412564171397,0.3425076508714655,0.2839190963238455,5.0,0.023421048636984833,0.02224158582327725,2.0427429995476447,0.6472884782519692,0.012507041935169536,5.149116544310697,0.14273335969860537,0.0,67.73283973382422,case_42_0036,case_42_0036_cycle_014,14,7.0,normal,in_distribution,42,orchestra_phd_latent_simulator_v1,42,ok,,0.6424655764093811,0.9528211622379912,0.6607510294244358,0.16181863090234633,0.13689865839552573,0.012838537972932135,False,8.497212544102405,12.831121156025569,low,test
2020.824965091766,33.89444189874782,0.09226813751770582,18.416834792104165,1419.7850257780924,0.2537407252084303,0.5126162747335161,2.0,0.059204450264981445,0.03120191982630403,1.8956776077127964,0.6177613261519705,0.07975512017294935,7.595621744634674,0.19603455855248453,0.0,44.303842499120805,case_42_0036,case_42_0036_cycle_015,15,7.5,normal,in_distribution,42,orchestra_phd_latent_simulator_v1,42,ok,,0.5691386115496951,0.86248144748256,0.6023088547326187,0.185772225354959,0.1775270405005295,0.016130254075384674,False,11.503911807602496,15.134524495473656,low,test
1967.7643904619858,32.65384140437948,0.11018197558997712,17.935585870796185,1510.210250204605,0.2946196905852982,0.4143273511118783,2.0,0.07067419321407709,0.02195137561963816,2.0174620182526066,0.6410302049517367,0.1743675885073117,4.2625481702415735,0.1650227872128956,0.0,27.115582739197993,case_42_0036,case_42_0036_cycle_016,16,8.0,normal,in_distribution,42,orchestra_phd_latent_simulator_v1,42,ok,,0.679884281990099,0.426846344831011,0.6791631716855215,0.18252018527405983,0.13001454495597664,0.017415114098204638,False,11.290263746863321,15.982874302262005,low,test
2016.8541432422421,33.42726981109943,0.13760424455522308,17.973904567201735,1424.275188110246,0.33041420112039255,0.36827129114839907,6.0,0.0951406039027881,0.004132555144899151,2.0779581780306597,0.6030361638397729,0.09015867917251011,17.00046947673701,0.10974569926578537,0.0,55.28846197237597,case_42_0036,case_42_0036_cycle_017,17,8.5,normal,in_distribution,42,orchestra_phd_latent_simulator_v1,42,ok,,0.7520361416641392,0.5864008889099898,0.588031518377416,0.17361414270774667,0.1638071883156584,0.017461646127381415,False,15.248427506512707,16.013113574761913,low,test
1917.9143060472113,37.60509251914137,0.11585091490021139,18.07732352445825,1446.5497446630025,0.30440024545565003,0.34197649082716164,2.0,0.1167723427274624,0.004266877543853118,1.9747668173439537,0.63522496345572,0.06537724743944914,8.549057156509855,0.1272967187500899,0.0,72.76639840987633,case_42_0036,case_42_0036_cycle_018,18,9.0,normal,in_distribution,42,orchestra_phd_latent_simulator_v1,42,ok,,0.759053155588927,0.5973816608434185,0.8286329478427745,0.18220950066305122,0.1551552524572802,0.015444105942239755,False,11.324398833088667,14.670471672158861,low,test
1672.7862068120423,36.55015425426871,0.07537039320601882,17.11914240420683,1386.3491016407406,0.29611584579510264,0.4212820622814771,4.0,0.07023427802493001,0.042878683915312694,2.077281699805243,0.6486572891825189,0.07184066787325129,6.780907430226767,0.12091223628702687,0.0,45.1349452710869,case_42_0036,case_42_0036_cycle_019,19,9.5,normal,in_distribution,42,orchestra_phd_latent_simulator_v1,42,ok,,0.6027797358996395,0.8509181867470552,0.5000311549255453,0.19894994216844603,0.16944800272783367,0.015983238073006945,False,11.221055849407186,15.035759800792114,low,test
1811.9054657821318,29.356933810612606,0.08271528250757285,17.349832961784838,1437.007348287027,0.31028088330531084,0.3498181029626305,1.0,0.07006952567104228,0.034923512697448034,2.044096619525815,0.5841373433335284,0.05307272052004687,6.208576502723032,0.009196972312923674,0.0,54.141178099919685,case_42_0037,case_42_0037_cycle_000,0,0.0,normal,in_distribution,42,orchestra_phd_latent_simulator_v1,42,ok,,0.29942926888234267,0.6059581230145277,0.4776814110339814,0.1287755702310549,0.03853396513846813,0.00954440749583013,False,5.86855585598019,10.299303312625087,low,test
1878.8862737674972,30.915660124582704,0.12295374497892829,18.17752060125752,1450.349667748993,0.32183879877145144,0.43499236345770725,1.0,0.09777228674208917,0.05294905650221519,2.007073789043066,0.6953875362173277,0.025150819198272504,4.780180233329292,0.13008233933749094,0.0,39.22995638563255,case_42_0037,case_42_0037_cycle_001,1,0.5,normal,in_distribution,42,orchestra_phd_latent_simulator_v1,42,ok,,0.2830142921648952,0.898964156927264,0.4637981664829245,0.11385510543995886,0.041820838117865314,0.011194496329181574,False,7.018026798419569,11.59975215853454,low,test
1776.6337215329909,35.147296138985624,0.13169655646637798,18.14162630933711,1495.7119143741638,0.33975489953847204,0.3832983901613029,1.0,0.05483487853449439,0.048402364320000814,1.9617727813395702,0.5704553749543902,0.06588947661255298,10.757829990529496,0.10891013913023803,0.0,21.69724359393661,case_42_0037,case_42_0037_cycle_002,2,1.0,normal,in_distribution,42,orchestra_phd_latent_simulator_v1,42,ok,,0.288395038749655,0.52032726008946,0.5870256990875048,0.11273438177089849,0.03025721857553846,0.009614352365423571,False,7.36341214025565,10.355873478576424,low,test
1806.5640996992086,33.26410197846687,0.11455036069540786,19.929894578482937,1442.3370131682373,0.3236797614983423,0.36049836885391284,2.0,0.07797569004729493,0.07514198975053751,2.0632981901750416,0.6137478195459165,0.1322900026138442,2.277151257586568,0.13549860575794132,0.0,49.785570794539055,case_42_0037,case_42_0037_cycle_003,3,1.5,normal,in_distribution,42,orchestra_phd_latent_simulator_v1,42,ok,,0.281068898636034,0.7904200017881641,0.2961341683691777,0.12554773423708698,0.03512746660846061,0.00784161519624404,False,2.6687051185318604,8.877792873259184,low,test
1964.062314435533,34.6023077442399,0.06738881013008235,18.14887395304264,1614.7001216153105,0.32353472470607875,0.35625301237248613,2.0,0.07827346820515843,0.013730331153165153,2.0633037242786134,0.6172746953015458,0.046735136952898375,9.971253031608487,0.10002732852309569,0.0,26.634169967219364,case_42_0037,case_42_0037_cycle_004,4,2.0,normal,in_distribution,42,orchestra_phd_latent_simulator_v1,42,ok,,0.31735523608746696,0.529525415500724,0.6072184917958778,0.13559910592878577,0.03331334664092793,0.011395070540923953,False,8.679586901715162,11.75323321527356,low,test
1849.1851534563923,33.19659397990026,0.1019344514524281,18.13555959072172,1369.8294731365402,0.32963163706841525,0.3923264189067734,0.0,0.10723944132339112,0.0464706893959621,2.1244806630358886,0.6128484682931681,0.09346322629059817,6.787136825181086,0.09677118329453128,0.0,14.709295357628841,case_42_0037,case_42_0037_cycle_005,5,2.5,normal,in_distribution,42,orchestra_phd_latent_simulator_v1,42,ok,,0.3285827914216423,0.4569013489115596,0.5689038227800151,0.12522380449083595,0.027427909663242808,0.010595276985933193,False,7.102433129704839,11.135485781064663,low,test
1830.7179887693628,40.73397000919183,0.13169027816160483,16.74769470635813,1601.046208366805,0.33206895844562073,0.3266832936798567,3.0,0.11239487247122924,0.06995790771579512,1.8963602696419015,0.6365809089847136,0.11242462726697665,4.80902839040516,0.0,0.0,32.82140750192518,case_42_0037,case_42_0037_cycle_006,6,3.0,normal,in_distribution,42,orchestra_phd_latent_simulator_v1,42,ok,,0.4097248394165109,0.3280541762062156,0.47795317666853454,0.1532332023486545,0.0504230634235756,0.011373525942337516,False,7.203971538534222,11.736792246454502,low,test
1876.3014497526692,37.33691538518343,0.07729736341608884,17.34174841219786,1414.2718373487012,0.35870812510350514,0.5209864340553925,5.0,0.0339694784516121,0.024917855468095,1.9691394090310146,0.6011118863373923,0.12660597455651132,6.727342860904697,0.1292123678919359,0.0,32.78613609191792,case_42_0037,case_42_0037_cycle_007,7,3.5,normal,in_distribution,42,orchestra_phd_latent_simulator_v1,42,ok,,0.33785119571038713,0.705600758305079,0.4568251991851739,0.12281390326084468,0.059864284540315824,0.00912998508330424,False,5.545141721856928,9.961315391999108,low,test
1770.7203777775107,32.48842336086684,0.0928873311383151,18.876616011368863,1520.1726488080994,0.2772167473658,0.4604521740793498,1.0,0.09616901074875682,0.06983938879985199,2.0723369392109317,0.623743791966268,0.0906354866119287,7.716921816389922,0.07071255795631984,0.0,27.848720688482896,case_42_0037,case_42_0037_cycle_008,8,4.0,normal,in_distribution,42,orchestra_phd_latent_simulator_v1,42,ok,,0.3667300973872042,0.9016507537008249,0.4552185801752311,0.13269287504214555,0.01852854795234086,0.01088931179261348,False,7.620932348117604,11.364390371609902,low,test
1796.2213344757774,35.862501228837985,0.14302362440518684,17.757548999746426,1472.564099236732,0.2599535542736976,0.4128235706403924,5.0,0.0731771702316593,0.04226461412120628,2.0633799313265966,0.6546522530173461,0.11796340074252934,5.434274319034809,0.10459820966900635,0.0,48.01654735926042,case_42_0037,case_42_0037_cycle_009,9,4.5,normal,in_distribution,42,orchestra_phd_latent_simulator_v1,42,ok,,0.5260820403789105,0.7272358244160697,0.5294073581729049,0.15068137187706676,0.058006921891796986,0.010864533827638953,False,6.928597539025142,11.345182751121598,low,test
1908.8353461106158,35.05630838234451,0.10268179165455538,17.83988726064375,1568.806040349436,0.29554108065663565,0.48245047270609787,2.0,0.14322500116822276,0.0658631322560367,2.04365440717551,0.5888498095032701,0.08471943983367533,7.529297354743025,0.08064159388425296,0.0,23.349932438170356,case_42_0037,case_42_0037_cycle_010,10,5.0,normal,in_distribution,42,orchestra_phd_latent_simulator_v1,42,ok,,0.4291751091499404,0.6129481978789587,0.4993681369888639,0.14805439932017983,0.0403704471805793,0.011110203371652102,False,7.771414073700638,11.534967325039377,low,test
1931.6079023491338,39.41652543974568,0.17886699594657074,18.63084046769255,1494.9354012522945,0.22736992084775984,0.3999307096583817,3.0,0.09963757070429692,0.05502924745631915,2.049464833794159,0.6358881945042123,0.10109087882059625,5.232238723570962,0.15127586304727397,0.0,41.41240233390459,case_42_0037,case_42_0037_cycle_011,11,5.5,normal,in_distribution,42,orchestra_phd_latent_simulator_v1,42,ok,,0.4225059079707965,0.8387968767159257,0.4260933616130629,0.15266197069161636,0.0401115022993046,0.01035804175821948,False,6.373991833169647,10.949227968109382,low,test
1912.6035085751794,35.93137379544896,0.10070043820290916,17.155587075660787,1375.6369127629937,0.2772638711498376,0.44083725653707245,4.0,0.08069448481724682,0.03405240142727281,1.8639447939691949,0.6626931124657665,0.06784947488924892,3.2106357966236314,0.12349355583831545,0.0,51.63650466869698,case_42_0037,case_42_0037_cycle_012,12,6.0,normal,in_distribution,42,orchestra_phd_latent_simulator_v1,42,ok,,0.5133892528374971,0.67307697988813,0.5370158971075809,0.14975323358513082,0.06661272225026918,0.013630983451943744,False,8.538443266105816,13.404214489571128,low,test
1755.0010393907712,33.79170046196181,0.09859031502888334,18.582149567603114,1521.1538685400162,0.3432752597581875,0.44629169536163205,2.0,0.08597390801438606,0.05034951380877311,1.9388761238985048,0.5879266878967451,0.10391840235062652,0.8397593168695624,0.04021695718416658,0.0,44.95201664765554,case_42_0037,case_42_0037_cycle_013,13,6.5,normal,in_distribution,42,orchestra_phd_latent_simulator_v1,42,ok,,0.5168329522070562,0.8450241739353714,0.46190865925619473,0.15132220117688847,0.05666746552723499,0.011787475936011512,False,6.357939299134122,12.050814058127685,low,test
1968.9322970497765,34.80667416335385,0.10080598853017676,17.91862541644704,1509.7815569978588,0.3070285034305243,0.4636414875476845,2.0,0.10131140185696472,0.04246141599971323,2.014755049400297,0.5785040012340839,0.10655789525198983,7.9898215843182365,0.04332804960390137,0.0,61.29648068089619,case_42_0037,case_42_0037_cycle_014,14,7.0,normal,in_distribution,42,orchestra_phd_latent_simulator_v1,42,ok,,0.44054613592059166,0.5433031371210245,0.541411136497667,0.15238238333599857,0.05918698710766829,0.009689926348371411,False,6.577472311091344,10.416845340760359,low,test
1801.1232757691876,37.425354653087524,0.1066457857160201,16.74917803068614,1440.043640489336,0.2664237376523931,0.36780505643298234,1.0,0.08719178209518072,0.03821795789988888,1.8444313102591592,0.6642884149535658,0.07843678360988438,4.903611148692333,0.02134129085081874,0.0,25.719704942567905,case_42_0037,case_42_0037_cycle_015,15,7.5,normal,in_distribution,42,orchestra_phd_latent_simulator_v1,42,ok,,0.581636020845056,0.8279768807946286,0.7476441480297836,0.15623970461033335,0.0685933265919598,0.01316787572590402,False,8.682383788168314,13.070829822532545,low,test
2008.8272517698426,38.317099004907504,0.06280640238765292,18.344997346135138,1393.1873546394693,0.29958609014515064,0.34788663069435594,6.0,0.0201391461901066,0.024839431360722634,2.041924721145798,0.62268798595817,0.1291954853356033,6.8198099401597725,0.027541111520980384,0.0,62.056582897938426,case_42_0037,case_42_0037_cycle_016,16,8.0,normal,in_distribution,42,orchestra_phd_latent_simulator_v1,42,ok,,0.59013237281616,0.7945661998173192,0.5926314433906866,0.146565973724504,0.023411553905330576,0.014190751999894028,False,9.990082702833375,13.801616577682285,low,test
1799.1881093746479,33.49516384631588,0.13627344017993134,19.289207750295898,1429.0678528966448,0.23463998295543753,0.4725343429754705,3.0,0.0992869003669251,0.061092691746799155,1.9741437835579563,0.5905925717253099,0.11418249454955856,4.11131232784605,0.12398047251847609,0.0,48.85773254352646,case_42_0037,case_42_0037_cycle_017,17,8.5,normal,in_distribution,42,orchestra_phd_latent_simulator_v1,42,ok,,0.6516194735628327,0.6857776193656353,0.6107059836505616,0.1738186928582828,0.052543616745955264,0.013875844173305675,False,8.998617518359243,13.578787925345539,low,test
1845.6917203260093,32.34930032050781,0.10066559125397725,18.06073951801739,1405.677890296124,0.3504182303332504,0.5085861343585902,1.0,0.054173791434416835,0.042230799137919384,2.0783823532753853,0.593380797657146,0.027764440041020105,10.790585622956925,0.13289749272407075,0.0,47.520928540954046,case_42_0037,case_42_0037_cycle_018,18,9.0,normal,in_distribution,42,orchestra_phd_latent_simulator_v1,42,ok,,0.6201095411457377,0.3770895580871098,0.75182897153743,0.17123952416893234,0.027543655480167337,0.011103925670055644,False,8.803356061804429,11.530135725136477,low,test
1895.458866118951,30.623467615903255,0.14274870739263626,18.921465026731266,1481.8264952212405,0.285060426653065,0.39832573215311473,1.0,0.05855716455184372,0.04286517376694036,2.03934472460563,0.6514567525095868,0.11999162337496622,7.3009368071888305,0.05752370984105052,0.0,83.60495370622736,case_42_0037,case_42_0037_cycle_019,19,9.5,normal,in_distribution,42,orchestra_phd_latent_simulator_v1,42,ok,,0.6360616479167621,0.39919440890958446,0.6062918241615279,0.17895512012427564,0.07714465916027678,0.012169225747765439,False,8.645683450526661,12.336988885559716,low,test
1866.8683294239263,36.851926515426726,0.05498412129155361,17.467662573811403,1540.1614072610585,0.288466878763057,0.45705365074531346,2.0,0.08691594978409714,0.05999902552921438,2.1001671876661816,0.5996999096591716,0.0627643701314734,0.023896256295738293,0.07002985202734155,0.0,19.334175386703162,case_42_0038,case_42_0038_cycle_000,0,0.0,normal,in_distribution,42,orchestra_phd_latent_simulator_v1,42,ok,,0.7692371464596718,0.786973796794341,0.6748725917007781,0.07141161069651529,0.051076208840927395,0.012154917985750772,False,6.4220797450523905,12.326321141213718,low,train
1939.1917991493335,35.241497700619476,0.13437393818998267,16.392436566636015,1423.2755223905735,0.28521050610506776,0.3578393672151859,1.0,0.10049301917656221,0.050110779407487455,2.141085149077278,0.5962448718529673,0.06943555270429762,9.419215421841264,0.06743158525035862,0.0,20.5650943328547,case_42_0038,case_42_0038_cycle_001,1,0.5,normal,in_distribution,42,orchestra_phd_latent_simulator_v1,42,ok,,0.6470722525986106,0.4568693367882567,0.6742950105836254,0.05608773088724994,0.055828636519618426,0.00851383609684362,False,5.709974746550047,9.449560319362002,low,train
1963.5118187749958,34.98276982662989,0.09266760070154659,18.581128494856422,1458.7229198550665,0.28844494339172605,0.34839324040378294,4.0,0.08434293694425982,0.09480715343938145,2.0068100753053097,0.6021705402894016,0.12784224308024522,8.08748329374291,0.0883752508734644,0.0,36.650636376465826,case_42_0038,case_42_0038_cycle_002,2,1.0,normal,in_distribution,42,orchestra_phd_latent_simulator_v1,42,ok,,0.6412251492042575,0.34965580161080806,0.6499695265243374,0.05150416929337192,0.04689582743657761,0.008503703780325096,False,5.200597982864355,9.441048742866478,low,train
1745.0996775211968,32.288546741188334,0.09774883562827912,18.06465398408202,1447.1607214942903,0.35320373606610284,0.37282709973897926,2.0,0.051673004350573495,0.031920929219904574,2.0010314352151855,0.6034182469947105,0.1043270875034699,8.098041023948504,0.07337917229543373,0.0,39.592138269354166,case_42_0038,case_42_0038_cycle_003,3,1.5,normal,in_distribution,42,orchestra_phd_latent_simulator_v1,42,ok,,0.6307386943319746,0.5283021435592081,0.6102002614035871,0.06041128618523122,0.07816198139951963,0.010571588378359599,False,7.439895962019125,11.116951101209544,low,train
1785.5605976636934,31.660024727882863,0.1117092574066209,18.312307297259544,1462.353060367871,0.24414706827730273,0.40733596199681477,4.0,0.097885405684044,0.03853120654409972,1.93994109154376,0.6002400174023852,0.08577699318739089,8.776879474730395,0.0836449179597492,0.0,36.45828370481473,case_42_0038,case_42_0038_cycle_004,4,2.0,normal,in_distribution,42,orchestra_phd_latent_simulator_v1,42,ok,,0.7523637093811351,0.4485995033874034,0.6739270732048531,0.06977334469605774,0.08223511888612141,0.009186223835248138,False,6.267799793749418,10.007467948085791,low,train
2035.478843309271,36.73515156326741,0.0627505456309204,18.479746605945543,1493.8000919504173,0.26892595641661016,0.3779128505188386,1.0,0.0899949361923712,0.07200330774732532,2.0121172655530866,0.6780003756542227,0.05211276770755463,8.338439674748077,0.0739270573258084,0.0,7.808153231963225,case_42_0038,case_42_0038_cycle_005,5,2.5,normal,in_distribution,42,orchestra_phd_latent_simulator_v1,42,ok,,0.6744308566728947,0.9150427177111473,0.5927666234489758,0.06773602945096645,0.08805150066985429,0.013680444234816328,False,10.251807318586067,13.439571057485743,low,train
1932.6669708518168,39.77973958739122,0.1058778280104922,16.614971144398766,1484.2464341329646,0.26702524048879805,0.3833338162635465,3.0,0.04814950301019895,0.04206337169233812,2.0699458133209254,0.6029510581944905,0.09988219070731229,2.755286371661425,0.09563422383381716,0.0,23.286264905648352,case_42_0038,case_42_0038_cycle_006,6,3.0,normal,in_distribution,42,orchestra_phd_latent_simulator_v1,42,ok,,0.6632058678362305,0.7223782549016827,0.7299150470165673,0.08207894889101955,0.10139114628660852,0.011845879184103309,False,7.00602625091106,12.094805282456944,low,train
1889.9397120128292,35.43726402682199,0.08369116800509108,18.56880023583241,1478.6586847759115,0.3264478688147501,0.498872176276298,0.0,0.06038810341220731,0.027342049311053253,2.2075770984640104,0.5722914366528513,0.11679548743013242,4.1205199711637865,0.1501355794382726,0.0,43.00037000807521,case_42_0038,case_42_0038_cycle_007,7,3.5,normal,in_distribution,42,orchestra_phd_latent_simulator_v1,42,ok,,0.6771588342732394,0.4038043904916048,0.5972299395949898,0.08421180207600512,0.0587290796415653,0.010696939269095993,False,6.369594199419362,11.214870646950171,low,train
2021.6186408492772,33.582962695523484,0.06645007286740152,16.717119123214108,1539.1389162644784,0.253476616146306,0.4316871653958636,1.0,0.020696669700815844,0.05301998701540553,2.017428939400759,0.6127939443656407,0.14912811982717983,10.405857600315178,0.08054739137106869,0.0,21.270184996511926,case_42_0038,case_42_0038_cycle_008,8,4.0,normal,in_distribution,42,orchestra_phd_latent_simulator_v1,42,ok,,0.6823986316744597,0.7573587926011345,0.7004468628937219,0.09641439166817838,0.07847155551781138,0.012343030946286585,False,9.738918431672772,12.466221717376008,low,train
1893.9326897382832,31.756973708130786,0.043004688590454775,18.068997928173548,1393.8308629721612,0.2385816509378577,0.4057298039669438,1.0,0.09576215128732125,0.0,1.9737453755666796,0.6175471029603293,0.10254893213858748,5.75234696041891,0.031355567776370476,0.0,1.603969707979391,case_42_0038,case_42_0038_cycle_009,9,4.5,normal,in_distribution,42,orchestra_phd_latent_simulator_v1,42,ok,,0.556279488834404,0.5922905870947875,0.5485596613009918,0.09724785974867796,0.11322528436284535,0.012411745464124931,False,8.373179405589678,12.517134770138549,low,train
2043.128573138116,35.6780208355194,0.16068845214008165,18.154716658706455,1522.3553836784847,0.3068109746874573,0.382755599807839,5.0,0.0635296878155472,0.024570242648302196,1.9887813012961604,0.6061112681524765,0.04419434891729862,1.4387357321832603,0.10179043591645895,0.0,50.9480794675111,case_42_0038,case_42_0038_cycle_010,10,5.0,normal,in_distribution,42,orchestra_phd_latent_simulator_v1,42,ok,,0.4838089488093886,0.7399939081734905,0.6623394314652611,0.09579094138984183,0.08262936704470134,0.008827691555498764,False,3.612396848416259,9.711657012091164,low,train
1938.8345257314586,33.78733286824622,0.09606702559136414,18.62565396342934,1425.5466566864202,0.2500354763950902,0.41856813343135335,2.0,0.10905183766204296,0.026924505744531695,2.0106434842324297,0.643783345253479,0.1802567916561884,4.458708034526221,0.09715647350761865,0.0,23.948068318342447,case_42_0038,case_42_0038_cycle_011,11,5.5,normal,in_distribution,42,orchestra_phd_latent_simulator_v1,42,ok,,0.5507563157724392,0.856698328065078,0.5671554495705512,0.1020067695292963,0.11237815894893446,0.01261718124961537,False,8.120620945099528,12.668749647859649,low,train
1837.3260351242782,32.034137389919756,0.10952116505180054,19.481408938793926,1509.641537436845,0.31718242730299945,0.36253500597643284,3.0,0.05028029711691319,0.05568107624384118,1.9762360551974048,0.5930497769989027,0.07683094904525103,5.639986487108306,0.16463283503291365,0.0,26.75361664573901,case_42_0038,case_42_0038_cycle_012,12,6.0,normal,in_distribution,42,orchestra_phd_latent_simulator_v1,42,ok,,0.5161843214461302,0.8916298957647861,0.5817734659797951,0.12033301357760591,0.1143346379814442,0.011681668967086011,False,7.699424310971509,11.970921143775355,low,train
1806.5399713197012,38.638767875210235,0.10222870134259873,16.112250233872317,1454.0498083017612,0.36587193493477366,0.4176303869272311,7.0,0.0997512123762469,0.036437361105720205,1.980687026248435,0.5949753826830251,0.08371292557283179,7.4735684491218315,0.004561034523598212,0.0,30.881910451363975,case_42_0038,case_42_0038_cycle_013,13,6.5,normal,in_distribution,42,orchestra_phd_latent_simulator_v1,42,ok,,0.43012206480016896,0.7824414765774106,0.5801475790605025,0.10353516625488145,0.09626302500758087,0.011681449829212338,False,8.251066443011759,11.970755413898972,low,train
1779.6684627510094,30.816867562517384,0.09461420571146713,18.545674945191088,1461.5747383158096,0.30700072214360624,0.31885154264401655,3.0,0.0418437741714791,0.02380894920968258,2.0337795362366555,0.5915570439159128,0.06886731852615983,7.0998293031504955,0.09148741017768212,0.0,40.12262747782462,case_42_0038,case_42_0038_cycle_014,14,7.0,normal,in_distribution,42,orchestra_phd_latent_simulator_v1,42,ok,,0.4287133434008577,0.9868095070567402,0.6007432487273257,0.12247285517171982,0.09887565301749696,0.01131420638161738,False,7.80963026919891,11.691468763512995,low,train
1880.911828939609,34.58639726729051,0.127361044747793,17.629237883137932,1342.3176496670474,0.30559799627117484,0.3896341531140628,6.0,0.09141128232767981,0.05652037782431712,2.012142169911574,0.6107238191962862,0.10010478635340063,18.151919274525127,0.14725041841257996,0.0,59.70414037424362,case_42_0038,case_42_0038_cycle_015,15,7.5,normal,in_distribution,42,orchestra_phd_latent_simulator_v1,42,ok,,0.44194036161633526,0.9417969714690724,0.522914892827536,0.1122905421419283,0.1310716637808788,0.011644456310567878,False,11.503879575571219,11.94276227051605,low,train
1919.2013197895842,34.405077868569904,0.06812292228874439,17.99124120932103,1486.3430996040279,0.3690996725904267,0.36541137874538143,3.0,0.03927402332080944,0.0154822379352863,2.0936948524306582,0.5554200478971173,0.10682747232791887,4.900186814435457,0.07612397366691279,0.0,38.63520457033616,case_42_0038,case_42_0038_cycle_016,16,8.0,normal,in_distribution,42,orchestra_phd_latent_simulator_v1,42,ok,,0.33886940032544083,0.6305809914648788,0.5128344051605427,0.11830853207910094,0.10046218548267746,0.013219468939944768,False,8.741663831773092,13.108182409416328,low,train
1989.47921969249,36.99098365863353,0.11950411949989931,17.793908452802768,1428.013022787298,0.3041439881295151,0.40769372940253273,1.0,0.06583673320591925,0.048398063349031725,2.021632928971679,0.681500503759446,0.0771507705383357,10.41310447462022,0.1072285772816896,0.0,57.30971711196686,case_42_0038,case_42_0038_cycle_017,17,8.5,normal,in_distribution,42,orchestra_phd_latent_simulator_v1,42,ok,,0.28320465358585123,0.9136935259875356,0.5130924064096709,0.11111815542464708,0.10488936615744714,0.014050654127934782,False,11.15395857087169,13.702715137570756,low,train
1778.6344043479303,35.481110085865325,0.06387177787816625,17.8599625878207,1441.2553843262156,0.32414973121580726,0.4532063567352857,2.0,0.12823231448070416,0.043650196886805444,1.8608534508132473,0.6473064100154343,0.07018229601062834,10.394534840878178,0.03852481857428579,0.0,51.440555125925236,case_42_0038,case_42_0038_cycle_018,18,9.0,normal,in_distribution,42,orchestra_phd_latent_simulator_v1,42,ok,,0.34542405727069414,0.6349572660777918,0.5099415869346491,0.14075488033859818,0.09671944054437208,0.011290294616946386,False,8.871460830245038,11.6731755497739,low,train
1787.9947659317945,31.857763420567192,0.08497717763325424,16.53851264238017,1436.7775364746485,0.2963696609803591,0.44353275510163315,2.0,0.08836944259329603,0.03568184525030179,1.9945375658182039,0.6717701557206092,0.08834724991587821,7.597222825905214,0.12149830464575773,0.0,37.584459065619455,case_42_0038,case_42_0038_cycle_019,19,9.5,normal,in_distribution,42,orchestra_phd_latent_simulator_v1,42,ok,,0.2990152106915061,0.6198320178843943,0.5512482102342443,0.12932929510784144,0.10552370935529379,0.010573260795899117,False,7.256058936892786,11.118260111529835,low,train
1911.824911418095,38.25830360384798,0.15432054831089834,17.92235329665954,1456.4828298931873,0.3026138771254045,0.3922588745038666,6.0,0.10654140926476018,0.03906897378220388,1.9972389464340228,0.6161749646721814,0.06531218059438589,1.85743583409945,0.04850016058061201,0.0,25.953387670000865,case_42_0039,case_42_0039_cycle_000,0,0.0,normal,in_distribution,42,orchestra_phd_latent_simulator_v1,42,ok,,0.6970113232891681,0.6954060005807293,0.7270175625196845,0.1985572795847667,0.08077932449011774,0.013095882663571918,False,7.723302739787131,13.018618342459131,low,train
1784.2576611684542,35.32348137048307,0.12689859516933585,19.497017229756743,1422.7638111575984,0.3316961162918028,0.4443044394537237,0.0,0.06411025411682587,0.014519355570996269,1.9881023478894528,0.6319023369928984,0.11168759442635474,8.089243930663757,0.0783316572954174,0.0,21.41620285611586,case_42_0039,case_42_0039_cycle_001,1,0.5,normal,in_distribution,42,orchestra_phd_latent_simulator_v1,42,ok,,0.7197007965018813,0.3388411585295613,0.7772450290782315,0.18903127491973748,0.07677452949648172,0.01356175986873114,False,9.95624045839768,13.354650580354601,low,train
1701.7339833537208,36.12826626785847,0.08540821537388554,18.382205432417248,1556.170899402202,0.32452747588987174,0.44926974006672293,5.0,0.05852180847983284,0.06788554651095387,1.9454573523295196,0.6477460485240142,0.09973569393802766,8.368593904753052,0.1484280854899126,0.0,34.56526145121265,case_42_0039,case_42_0039_cycle_002,2,1.0,normal,in_distribution,42,orchestra_phd_latent_simulator_v1,42,ok,,0.7414215336644862,0.42907158580752247,0.5436851940171448,0.1973681213823309,0.07465964939902389,0.013902443263275895,False,10.312534664647087,13.597682256280457,low,train
1878.4516455628723,31.32496559220094,0.12094181295922204,17.058262647282312,1462.7507163696987,0.2966597167077148,0.31769413875962477,4.0,0.04531028738058817,0.02178602176527173,2.0565096080764347,0.6258222740888008,0.13233837207263918,6.44231884434189,0.13807535248495256,0.0,24.073667196843733,case_42_0039,case_42_0039_cycle_003,3,1.5,normal,in_distribution,42,orchestra_phd_latent_simulator_v1,42,ok,,0.6272500036340489,0.9018004748279549,0.6123274564625499,0.20114483719305792,0.10292498052346942,0.0140622254914423,False,9.824535810582027,13.710897899865254,low,train
1965.6537645670478,34.20008926460859,0.06755859573472232,17.87261040249249,1496.29539608364,0.3076692162424249,0.4714589133829539,3.0,0.046384107498257374,0.0700638318828894,2.0416297453935566,0.6448925744111659,0.11529575056238116,3.8199500753156372,0.12077968126614877,0.0,18.09790558007566,case_42_0039,case_42_0039_cycle_004,4,2.0,normal,in_distribution,42,orchestra_phd_latent_simulator_v1,42,ok,,0.7211835898077631,0.4427953994945166,0.5938461398137359,0.20669820716322074,0.07274420524497964,0.018180964416542027,False,11.656111326495367,16.47643211848059,low,train
1759.139256201848,35.17963952789681,0.12588590851380316,17.08850014145508,1516.167264541472,0.3499833573062425,0.46837084127303336,6.0,0.08806306701986512,0.0,2.0195430887882995,0.6320831907087265,0.05085936513278007,10.522936966839461,0.021277158033709487,0.0,57.353347967340575,case_42_0039,case_42_0039_cycle_005,5,2.5,normal,in_distribution,42,orchestra_phd_latent_simulator_v1,42,ok,,0.5951219849342985,0.7640802773226703,0.7282889551798047,0.1931988577215395,0.10414746741076347,0.012517195221460775,False,9.910539233410914,12.595070152921393,low,train
1714.5849272235341,32.294071590280524,0.18042629586635137,18.437077815684905,1595.2750565806039,0.2819882688503155,0.4673733286416677,3.0,0.1306546805231623,0.023903745239583468,2.058621449789705,0.5690908334983908,0.12297649142073548,9.073691236400473,0.17679879604346954,0.0,34.88633455289658,case_42_0039,case_42_0039_cycle_006,6,3.0,normal,in_distribution,42,orchestra_phd_latent_simulator_v1,42,ok,,0.5403388619805108,0.5835180831356094,0.5881038604871046,0.1956220819697257,0.09902547548180739,0.014278550652637494,False,10.749219300749333,13.86341006123095,low,train
1987.687846496952,35.34208396242056,0.17790850130876656,17.78787564662651,1489.3734416317711,0.3743425171369102,0.4633193302538184,5.0,0.09170940084397983,0.08203250518813324,2.1441498723018286,0.633259101643021,0.10584477186703453,8.95642102087547,0.12112288422866146,0.0,33.63965256863306,case_42_0039,case_42_0039_cycle_007,7,3.5,normal,in_distribution,42,orchestra_phd_latent_simulator_v1,42,ok,,0.5390292792891448,0.7581685547873628,0.5233068052854156,0.20476577203179036,0.0850199077777568,0.013816922170877663,False,10.35652272432775,13.536885139145035,low,train
1884.1757529749843,34.97837687420883,0.1382130550226147,18.208602225748546,1467.665114314905,0.353957215149755,0.484869884679378,2.0,0.10503044744837814,0.017164726154555002,1.9992999892236798,0.6109359562582949,0.16245709977620676,5.291514342419911,0.10784159729044948,0.0,9.35542549760924,case_42_0039,case_42_0039_cycle_008,8,4.0,normal,in_distribution,42,orchestra_phd_latent_simulator_v1,42,ok,,0.5853426926242273,0.9315182330170146,0.569163918756776,0.21017496957573084,0.10417886059220267,0.012993234964482507,False,8.623672553213922,12.94399334266123,low,train
1781.06251939836,35.851689397363764,0.139318025163953,18.630952486253186,1484.7775541421968,0.34776143798024844,0.37122390199841215,2.0,0.08369681726017585,0.04693089190574037,2.05606434752105,0.5891814370372177,0.03658903161693792,3.9792494138439665,0.07887331363693324,0.0,50.99261831883165,case_42_0039,case_42_0039_cycle_009,9,4.5,normal,in_distribution,42,orchestra_phd_latent_simulator_v1,42,ok,,0.5580826619961453,0.9432373181369618,0.5677608329973143,0.2105256593772198,0.08574681780950792,0.018792688629515428,False,12.019395214501733,16.864489669004616,low,train
1848.6235848135723,33.122154980845075,0.0923270064499774,19.13305296747602,1446.7318513495195,0.37898516293432094,0.43008437928946336,7.0,0.0611412613396454,0.06821477134927681,1.9690752569988834,0.5998164581419795,0.0955635790452,9.954481831150845,0.10912887059351913,0.0,31.354971002648302,case_42_0039,case_42_0039_cycle_010,10,5.0,normal,in_distribution,42,orchestra_phd_latent_simulator_v1,42,ok,,0.49559653490606276,0.5802447538618664,0.5101368630178708,0.20709098455075856,0.10177787458586034,0.016441512236592643,False,12.448209501995173,15.342455071653516,low,train
1847.449816768198,36.93478682415276,0.11775159094654591,18.75457567754698,1455.155435680255,0.3022411453430769,0.4465907820589243,2.0,0.08951161654669805,0.06907514295942363,1.8556755599001205,0.5612353916920324,0.08900854214963916,5.506549384400533,0.12786870231137556,0.0,27.87252949605357,case_42_0039,case_42_0039_cycle_011,11,5.5,normal,in_distribution,42,orchestra_phd_latent_simulator_v1,42,ok,,0.4611919221767775,0.8910568288970846,0.49612362172759333,0.2003534809455903,0.12536138356433807,0.01390942628637305,False,9.409113638044781,13.602640317608442,low,train
1889.3883393060994,30.771697880968812,0.07305014391979003,17.5493805505556,1472.9550785047009,0.2790818987232732,0.3885707297677005,1.0,0.03461393155180195,0.04983429872058916,2.1299591212764706,0.6207950198137244,0.07690603408823765,5.527344719869368,0.09727691242731981,0.0,53.10680579226751,case_42_0039,case_42_0039_cycle_012,12,6.0,normal,in_distribution,42,orchestra_phd_latent_simulator_v1,42,ok,,0.4837605872063052,0.44603298929879076,0.6733241462585039,0.2149314123103282,0.10594727046052263,0.015759936539087555,False,10.762983849180205,14.88505813041899,low,train
1933.2301090730436,31.79958722127406,0.09085859763199572,16.926343866077953,1437.5813168755362,0.3287744353883976,0.46466207682162863,3.0,0.07818928146108109,0.05810106882639488,2.0496829075685348,0.6353346982679731,0.099085550286979,10.218271886475883,0.1060311650878596,0.0,31.356147764763623,case_42_0039,case_42_0039_cycle_013,13,6.5,normal,in_distribution,42,orchestra_phd_latent_simulator_v1,42,ok,,0.47730464957781604,0.48316889439260224,0.538622567603791,0.22239758035896795,0.14126260494103157,0.017527292836100675,False,13.212136032100933,16.05571870304632,low,train
1943.0669734752123,33.85603145092605,0.10535762822436023,18.018855461890986,1507.092263851547,0.28939212502102596,0.3217055887599712,4.0,0.08428570970127909,0.05316256505981836,2.008614291770575,0.6406123375103879,0.08875379849952188,14.966023357757074,0.14135613337996608,0.0,62.431572268539924,case_42_0039,case_42_0039_cycle_014,14,7.0,normal,in_distribution,42,orchestra_phd_latent_simulator_v1,42,ok,,0.3045169953098268,0.6204887734094412,0.3727394054000023,0.22183365589723755,0.1180059200176439,0.012792675697615441,False,11.289423330652065,12.797563647687832,low,train
1961.965278007993,37.881602792713785,0.11473541564652154,17.89198354023064,1456.1297513798668,0.27412528665672564,0.40461373585630656,2.0,0.06636123742733101,0.06818452333579933,2.043327563292541,0.5691809053577102,0.059940135888681904,11.319751592350665,0.1837245419687721,0.0,44.832522776798946,case_42_0039,case_42_0039_cycle_015,15,7.5,normal,in_distribution,42,orchestra_phd_latent_simulator_v1,42,ok,,0.3887452413423486,0.9179100785031105,0.5713840370858497,0.2254478273045153,0.1395554328703289,0.011718226849425764,False,9.335340015046967,11.99855394630776,low,train
1867.789404104623,30.788197418481477,0.09829990274687773,16.98295138482182,1355.1510055034073,0.35625659497781925,0.3912132513965182,4.0,0.0924876078005211,0.06030345577629927,1.9302322073201965,0.6211597068642843,0.05501781890013391,4.76579118181236,0.23703643591333237,0.0,18.335029324341864,case_42_0039,case_42_0039_cycle_016,16,8.0,normal,in_distribution,42,orchestra_phd_latent_simulator_v1,42,ok,,0.3078074671797883,0.7447404660070451,0.5237868660652627,0.2177000446949666,0.14314278612743836,0.015745623527430728,False,10.4628926419744,14.875370015287483,low,train
1749.294317933228,30.80671128710782,0.08242944502681265,18.553518770013152,1578.0471471781384,0.2979892000333103,0.4134366329517017,6.0,0.13601194388319487,0.06713967554301492,2.0554435566631897,0.6289382088591018,0.08504611852162909,3.418330418990781,0.029002545381795884,0.0,53.341063485470876,case_42_0039,case_42_0039_cycle_017,17,8.5,normal,in_distribution,42,orchestra_phd_latent_simulator_v1,42,ok,,0.2662663593268929,0.7950567537722804,0.3470046958080626,0.21824114292690933,0.16304431501620567,0.011374963792726251,False,6.807746378763747,11.73788982570774,low,train
1946.782141980975,38.21127744210387,0.08222289518901062,18.895374356713436,1437.3046923289853,0.278929706095383,0.30943901371207494,6.0,0.0836114958444503,0.0966261838213405,2.1145304904559574,0.6211314844398074,0.11348006024678507,10.67639128602099,0.13294239981797923,0.0,63.82657244109326,case_42_0039,case_42_0039_cycle_018,18,9.0,normal,in_distribution,42,orchestra_phd_latent_simulator_v1,42,ok,,0.3273427908874146,0.807693148359097,0.43995064429486724,0.22902442281704516,0.15176039318827142,0.014934796081764906,False,11.712817990095692,14.320796532126845,low,train
1878.682718238633,37.282961689838466,0.1086413891098674,18.736625679271295,1451.875883686689,0.2982902307190586,0.3394625618801419,5.0,0.06957796063944223,0.050719691338175305,1.9320890588149444,0.6039981123860705,0.06784637127981208,9.716032927264006,0.08789998624148095,0.0,75.96707145444039,case_42_0039,case_42_0039_cycle_019,19,9.5,normal,in_distribution,42,orchestra_phd_latent_simulator_v1,42,ok,,0.32073347451490636,0.5999119567145463,0.5406068924927763,0.21162925578375388,0.14318259798970212,0.014486744174045534,False,11.223227879071091,14.009366695769696,low,train
1923.192568443197,31.570812207108276,0.17128991676895444,18.45798174429797,1485.4931702768679,0.28655376820404055,0.37781106207255166,2.0,0.08692668696748483,0.02596867416710116,2.0666487112451666,0.6600217122215281,0.12548448472881812,12.252272076446458,0.05045899101324729,0.0,20.818362746362446,case_42_0040,case_42_0040_cycle_000,0,0.0,thermal_overload,in_distribution,42,orchestra_phd_latent_simulator_v1,42,ok,,0.4662335260868299,0.7029740243471455,0.5209378321816514,0.3686314881176971,0.24992139706139832,0.027143679673158914,False,18.264455270289936,21.694934078378488,low,train
1847.4854183629845,36.922724830520885,0.1112796260344795,18.061053720904535,1479.3987199221222,0.3251465387666396,0.4132655040006476,5.0,0.09914447573405488,0.034603868293616974,2.015358178057316,0.624273772976031,0.20096478653732494,6.874570315577608,0.087772963000869,0.0,14.288921814998094,case_42_0040,case_42_0040_cycle_001,1,0.5,thermal_overload,in_distribution,42,orchestra_phd_latent_simulator_v1,42,ok,,0.4050097063835034,0.48387607522583886,0.5592972393698188,0.37972274385732446,0.27607914282607776,0.03544563973767507,False,19.430912008276824,25.82042091348256,low,train
1842.6128726538143,29.030971879307412,0.15158925326407374,18.724679823555586,1598.6831382136552,0.32734930725149214,0.38499026283828996,5.0,0.02615400585109851,0.07530450989939204,1.896474859003477,0.6474644244953319,0.11513888571171238,11.374531079644727,0.1865290194761856,0.0,45.758343875613804,case_42_0040,case_42_0040_cycle_002,2,1.0,thermal_overload,in_distribution,42,orchestra_phd_latent_simulator_v1,42,ok,,0.3981131702526007,0.9361670548804406,0.463352236174573,0.3919995633577752,0.25033932537012293,0.027295110228612605,False,18.180036960470456,21.775542694403217,low,train
1964.2195292576796,35.872131370757984,0.09019069098059757,17.35301685628463,1537.1359736577244,0.28767911383581846,0.37226641433060914,5.0,0.0726445605269751,0.055245384112183986,2.06967487479079,0.6581330018872272,0.10901676740678612,13.493594166090721,0.12843930812018242,0.0,20.007993108463175,case_42_0040,case_42_0040_cycle_003,3,1.5,thermal_overload,in_distribution,42,orchestra_phd_latent_simulator_v1,42,ok,,0.3086085618284377,0.6502969999819251,0.4095512469795407,0.3887555101679119,0.2566923252350512,0.0322482173491319,False,20.408114229703067,24.298260520330118,low,train
2006.8656392161565,36.093670173380524,0.09836185416516217,16.469401048470612,1638.3372395498607,0.32027640525821827,0.42232876428563637,10.0,0.07230264966235793,0.06613550714673415,1.992228825758851,0.6739694319947378,0.13762566350030547,9.877823876579459,0.19367604732948115,0.0,44.636850397976865,case_42_0040,case_42_0040_cycle_004,4,2.0,thermal_overload,in_distribution,42,orchestra_phd_latent_simulator_v1,42,ok,,0.2807207610509244,0.743070480725476,0.41378077926104495,0.39752009912153746,0.2965547002666667,0.037135550615350746,False,20.846483737080927,26.594782427657243,low,train
1782.2960051536406,31.34043982965029,0.1135190578501017,18.463502538360526,1607.9695700909078,0.38325046716094135,0.45715481245837064,9.0,0.06721757566075341,0.051911083275056245,1.962041808202242,0.6652277549910014,0.16115966214620234,11.035537610157352,0.0421832395291149,0.0,47.016716951061824,case_42_0040,case_42_0040_cycle_005,5,2.5,thermal_overload,in_distribution,42,orchestra_phd_latent_simulator_v1,42,ok,,0.25385690886976253,0.47015350194374284,0.5658778111019908,0.4196549307365408,0.3011914095908421,0.029981711476591073,False,18.97198690292356,23.170354352687554,low,train
2120.7728111679244,32.55650110030636,0.14829743187210284,18.79017544860011,1531.8098921834285,0.2874985143467755,0.30457211385677807,4.0,0.08740203171113381,0.06023038217702108,2.108607727097395,0.6444904226453764,0.1319407496726074,6.505252216912279,0.16503709643395892,1.0,59.8904529546618,case_42_0040,case_42_0040_cycle_006,6,3.0,thermal_overload,in_distribution,42,orchestra_phd_latent_simulator_v1,42,ok,,0.28978322162091597,0.6796981889606424,0.4341472622871947,0.4140626899243087,0.3380814418536469,0.03940657380979872,False,20.475178484563507,27.604983983951882,low,train
1920.7901502785342,33.71323945494906,0.13596830121130055,18.93359026514061,1552.8526350627274,0.27886939488663387,0.3223701054238461,5.0,0.07865466406665028,0.04056887074160693,2.1471214630044835,0.6724380058716652,0.151146660728374,12.110732592818183,0.1603779124482174,0.0,33.69926180033779,case_42_0040,case_42_0040_cycle_007,7,3.5,thermal_overload,in_distribution,42,orchestra_phd_latent_simulator_v1,42,ok,,0.3019006727897972,0.42579998983538414,0.44931123969324954,0.43677258679762704,0.31755281980881866,0.04765785558643765,False,24.128284323149842,31.01390260317043,low,train
1967.1970270253382,35.52784928330118,0.11911565581100363,16.087645715515798,1551.6632065035421,0.3365671128892355,0.3697770279043211,7.0,0.09155317239654975,0.04461657719954421,2.152585004053294,0.61768280145124,0.18356634768912036,8.874671183567173,0.14370848238189915,0.0,49.823415943407554,case_42_0040,case_42_0040_cycle_008,8,4.0,thermal_overload,in_distribution,42,orchestra_phd_latent_simulator_v1,42,ok,,0.23828039610592072,0.9463833331682638,0.41457652288507596,0.4310183082027991,0.3318889796696134,0.04809901437391973,False,23.16996109941575,31.185722244775544,low,train
1901.7904586238901,31.864813940699307,0.15780705738795892,17.18274122895415,1586.9405375026233,0.3481049737770115,0.37844805603514603,7.0,0.0761979135396064,0.09081283344705053,2.085743230207679,0.7004918090284227,0.1305702860157117,9.026199237388958,0.22827900520086686,0.0,18.444393571333183,case_42_0040,case_42_0040_cycle_009,9,4.5,thermal_overload,in_distribution,42,orchestra_phd_latent_simulator_v1,42,ok,,0.2734636950335639,0.3746228270085319,0.4550093035209454,0.4575391737628363,0.3440826450756844,0.04463728044074627,False,22.405678021203784,29.810322305730335,low,train
1954.5237743098462,33.120157498979786,0.169620701720822,18.45008795368595,1550.4114170088806,0.33625123045178457,0.4289579127109131,8.0,0.12026537025150331,0.03535105702830187,2.080856715722579,0.6549334488727488,0.1361732923522704,7.234293548448132,0.17091839288879546,0.0,21.57667562808514,case_42_0040,case_42_0040_cycle_010,10,5.0,thermal_overload,in_distribution,42,orchestra_phd_latent_simulator_v1,42,ok,,0.3426846264373112,0.816779762722831,0.46265095094770725,0.4765711771540383,0.3747679350485142,0.04101635068203555,False,21.075770885895466,28.30105458297018,low,train
1836.734625643377,35.02171009621922,0.1672231261812893,18.885723942917092,1549.8671364189693,0.30960308269330084,0.34812635121669677,8.0,0.09553599251235032,0.05062377813836665,1.9474919314672818,0.646917902175576,0.1261941032646742,3.3979590744355574,0.13618427411285658,0.0,46.218317685652124,case_42_0040,case_42_0040_cycle_011,11,5.5,thermal_overload,in_distribution,42,orchestra_phd_latent_simulator_v1,42,ok,,0.4478137856196767,0.483808121904343,0.5722991037487284,0.4807788813123122,0.37946321049533294,0.05205467211010637,False,22.39895589630317,32.683914552420234,low,train
2108.633531399686,36.14201804068593,0.135081699399584,19.375036733621986,1555.007961091695,0.26167003207698963,0.36886702313459546,9.0,0.05735290735587053,0.06272299933334774,2.015293430980586,0.5918532701330994,0.20861825656404814,5.934226858137448,0.16581926280160328,0.0,23.49254054588031,case_42_0040,case_42_0040_cycle_012,12,6.0,thermal_overload,in_distribution,42,orchestra_phd_latent_simulator_v1,42,ok,,0.30411896748556017,0.8258444961306506,0.46992022409739215,0.4867146722534722,0.42145893130730555,0.059817635655760086,False,24.582293267838505,35.42232536285459,low,train
1887.8446553463975,28.914121196666517,0.12938542089117744,18.3931612260094,1629.290142529601,0.2825317203113683,0.4347342480954791,11.0,0.1199330110210789,0.08233502853220573,2.0843134152491416,0.6679073900404263,0.15220025894564923,13.246201824262572,0.1716336762011105,0.0,47.70935638610236,case_42_0040,case_42_0040_cycle_013,13,6.5,thermal_overload,in_distribution,42,orchestra_phd_latent_simulator_v1,42,ok,,0.35683299851651495,0.5155928479365602,0.574957673674638,0.49935719781615256,0.42698992352254694,0.07009916159938451,False,28.575984861370184,38.6986864177434,low,train
1900.4246726640936,33.480744409314795,0.10328528154344607,17.21230089885327,1539.5025073278828,0.2641181691819394,0.3606167878671275,7.0,0.12277177216745426,0.03185634661105503,1.949742486858038,0.7171307873244451,0.1635349814626083,9.042646075736375,0.2374288579143331,1.0,65.04857827475178,case_42_0040,case_42_0040_cycle_014,14,7.0,thermal_overload,in_distribution,42,orchestra_phd_latent_simulator_v1,42,ok,,0.39784398979031543,0.3683459518448084,0.5509586229284131,0.4888038833278702,0.44868949772622096,0.06011696945874341,False,25.65703067354883,35.52303394892567,low,train
1791.5570963113194,35.90611877684136,0.10902196848603954,18.163369760472854,1667.4300984158208,0.33114668070290565,0.414954903094695,9.0,0.10358683963511855,0.051921321546063,1.8647193058964242,0.7025573592881968,0.243254298209759,14.730362497635932,0.08882843154153046,1.0,44.8526385967389,case_42_0040,case_42_0040_cycle_015,15,7.5,thermal_overload,in_distribution,42,orchestra_phd_latent_simulator_v1,42,ok,,0.39297098314580103,0.7173961323844507,0.7578699420473628,0.518693192223896,0.47778512328276845,0.06075903975027614,False,27.47863762968741,35.73790688075495,low,train
1923.2310090342298,36.756211050981946,0.13106656191956645,17.723516115448973,1557.088319736663,0.330384619964529,0.384933604890122,7.0,0.09366738193973927,0.0574200401942789,2.0951409719158014,0.6441814068767223,0.1701729145890499,6.183597708821929,0.16335119817527496,1.0,53.51833645006431,case_42_0040,case_42_0040_cycle_016,16,8.0,thermal_overload,in_distribution,42,orchestra_phd_latent_simulator_v1,42,ok,,0.4731405466433043,0.3746773060280774,0.6671637647738804,0.5144475663528526,0.4421817740565892,0.06787678037865685,False,26.07100707795109,38.02075428704944,low,train
2112.6267606621436,32.469010418185434,0.11645964642593212,19.44648705539891,1527.3922887926649,0.33038753752573036,0.4131623868945634,7.0,0.06625952646458426,0.04607355170452476,2.0654797999825787,0.6674868720786791,0.15864444683873996,11.0440670123805,0.07141263527322415,0.0,39.55814405050992,case_42_0040,case_42_0040_cycle_017,17,8.5,thermal_overload,in_distribution,42,orchestra_phd_latent_simulator_v1,42,ok,,0.4459769202469337,0.4269261679167087,0.530315332330772,0.5404538238117778,0.4802874524546312,0.07179607227222266,False,28.122540091233873,39.205943264289246,low,train
1840.545440635928,36.93750607176335,0.12735169428673992,17.629569330695478,1582.4857353469135,0.36515202418284526,0.38336114006673955,9.0,0.07670182398827873,0.06426869994350261,1.940704908368024,0.6846740357041187,0.10947294044133916,8.192130892341165,0.14860349519952523,0.0,50.69809119795238,case_42_0040,case_42_0040_cycle_018,18,9.0,thermal_overload,in_distribution,42,orchestra_phd_latent_simulator_v1,42,ok,,0.48634675173177155,0.32710220918438254,0.5191515700021732,0.547906400792192,0.49507353955268824,0.08866897564481449,False,29.534285673816147,43.817593895674136,medium,train
2054.473296183924,36.39353590190445,0.16453831116062384,17.315137056635717,1661.4387179133885,0.3221944290055308,0.41530490649900065,8.0,0.12424098404981324,0.0560351231263493,1.8454486101262237,0.6505688254793719,0.16451837489015553,13.856189185013278,0.25280119633370335,0.0,68.14833939305021,case_42_0040,case_42_0040_cycle_019,19,9.5,thermal_overload,in_distribution,42,orchestra_phd_latent_simulator_v1,42,ok,,0.5255017799075772,0.6695158448490988,0.6130016990308087,0.5531199846946212,0.5087459677404496,0.09123948422935241,False,31.52608093546475,44.45912039451317,medium,train
2100.665326304428,36.10821632667333,0.08334164259679792,16.652524164917626,1474.9992803387706,0.286573668873284,0.5788193355112669,3.0,0.09949540618121241,0.056644438408229005,1.9901598522614192,0.6884088625167999,0.204039496576831,16.693851637821947,0.10608829196494869,0.0,22.50102781982002,case_42_0041,case_42_0041_cycle_000,0,0.0,low_shielding_gas,in_distribution,42,orchestra_phd_latent_simulator_v1,42,ok,,0.6900514635034559,0.5926291518772364,0.5680424146622072,0.37031752570452736,0.2661282357072271,0.036631314321779046,False,22.859003933080896,26.3658091049703,low,calibration
1987.247421724047,41.730884282926965,0.12503792617261497,16.949328657480628,1401.290371271749,0.34362509479017245,0.5274319790379999,7.0,0.06412137767969961,0.06554302107349916,1.9621038205378698,0.6422217464393096,0.22365010585139916,18.111139927506958,0.07997332804502781,0.0,9.050911301376145,case_42_0041,case_42_0041_cycle_001,1,0.5,low_shielding_gas,in_distribution,42,orchestra_phd_latent_simulator_v1,42,ok,,0.6397388165766467,0.5256015590611424,0.6472743595144997,0.3779199958501773,0.3003072992962821,0.041626778792721336,False,24.565227589632137,28.560853116310124,low,calibration
1939.3288491043265,45.138336067337775,0.12365229639891916,14.857990312239385,1470.0175066819552,0.3075524572125633,0.4891520116026502,5.0,0.11882797015634607,0.0381121313715579,1.9266650253519175,0.6173052825930034,0.2188098093953548,15.866223490967663,0.09094680216629322,0.0,29.363320550725888,case_42_0041,case_42_0041_cycle_002,2,1.0,low_shielding_gas,in_distribution,42,orchestra_phd_latent_simulator_v1,42,ok,,0.6356242569899658,0.7953651157371466,0.6408372758829981,0.39998195222919697,0.33234575903336344,0.03878807068840977,False,22.91877194512317,27.333203129346728,low,calibration
1880.5994263128323,35.10357393625764,0.08103404992827137,14.899514132536222,1419.9371882929984,0.32876980883757845,0.536513256675914,8.0,0.11971449366896461,0.04822231294416854,1.8452448001741983,0.5642265163788456,0.2060085169483507,19.289780652916352,0.05933354025572899,0.0,16.027784818439926,case_42_0041,case_42_0041_cycle_003,3,1.5,low_shielding_gas,in_distribution,42,orchestra_phd_latent_simulator_v1,42,ok,,0.5441211587682326,0.716182207643935,0.6114705094985526,0.4009497754781078,0.3537240257331406,0.051994251556121356,False,27.23824392462255,32.66158466539189,low,calibration
1823.597096365866,36.84436140374391,0.1455567514479241,15.88653782671989,1531.9403827720002,0.3224842038692486,0.37281496898583744,6.0,0.07334603868568831,0.06982908842645351,1.8803347352993884,0.6733848170545708,0.21364431603153358,11.999582304243802,0.2520030185639825,0.0,18.923363990218245,case_42_0041,case_42_0041_cycle_004,4,2.0,low_shielding_gas,in_distribution,42,orchestra_phd_latent_simulator_v1,42,ok,,0.674628209118214,0.9372271965950223,0.6090206606662201,0.40322758362135697,0.36607164744980314,0.051233629335653,False,24.752205624235422,32.37904464147312,low,calibration
1878.8807928986769,36.07006835433117,0.09998744287470951,17.551223083673072,1472.7123930488892,0.32503338011917493,0.3843291233579854,6.0,0.04769475781954133,0.03467408422639234,1.9772156824349079,0.5961468052961943,0.2387552606599856,16.072069051977085,0.151300214495384,0.0,61.62989964444631,case_42_0041,case_42_0041_cycle_005,5,2.5,low_shielding_gas,in_distribution,42,orchestra_phd_latent_simulator_v1,42,ok,,0.7084220802204518,0.564014226559244,0.6797658707605346,0.4271454828733509,0.3766137637656652,0.05321248171047564,False,26.519987810958845,33.10862369414739,low,calibration
1896.1766457857987,40.795214738626555,0.1134336660318005,15.643118678299448,1480.518839765943,0.3282462366483884,0.5409168257830608,4.0,0.10874833149716948,0.07820770397808265,1.9024873754891654,0.6344339800198802,0.22624123636514237,18.5269322905445,0.1750837480855179,0.0,32.3459035414652,case_42_0041,case_42_0041_cycle_006,6,3.0,low_shielding_gas,in_distribution,42,orchestra_phd_latent_simulator_v1,42,ok,,0.6718647989903139,0.7878471668980659,0.6774982107308198,0.4358422724722907,0.3880014804890424,0.05433078008920358,False,27.188254654556143,33.51319078923428,low,calibration
1825.472793937901,36.60497357824975,0.081926204626558,16.849940165480348,1449.4726707597813,0.4003096109272604,0.47565804581901877,4.0,0.08623225942297515,0.05856988963230295,1.79689923149823,0.6888144877130449,0.18867660229038322,18.305114574505588,0.10167144732570127,0.0,30.862457733143025,case_42_0041,case_42_0041_cycle_007,7,3.5,low_shielding_gas,in_distribution,42,orchestra_phd_latent_simulator_v1,42,ok,,0.7366760316649161,0.9072971551217217,0.4754936149870875,0.4455545916318661,0.40882974887369766,0.05221477803559227,False,26.947490839096766,32.74300517548411,low,calibration
1757.3484010375341,40.02985329177359,0.12104729680936814,14.523286208323414,1385.9557745954526,0.3014805320387067,0.46862549136899284,3.0,0.07270010566328929,0.08996184321572825,1.8881194004383368,0.6527416428165496,0.3126111120159874,17.461658437317485,0.15389263058129618,0.0,1.5595928699046562,case_42_0041,case_42_0041_cycle_008,8,4.0,low_shielding_gas,in_distribution,42,orchestra_phd_latent_simulator_v1,42,ok,,0.7079101529495697,0.8204121810065841,0.8440111347974146,0.44579673928783414,0.45322293867414726,0.07755621635621004,False,30.93207357823816,40.864680483645024,medium,calibration
2078.6052954282018,37.968927754294235,0.1151960440999601,15.982654303611405,1535.308835031418,0.31050759612506185,0.5117006507532592,10.0,0.08608335303364076,0.10013966935347882,2.045308568178569,0.6654022298436006,0.23644996339112428,22.927387531951336,0.09691732565286998,0.0,46.59212287748587,case_42_0041,case_42_0041_cycle_009,9,4.5,low_shielding_gas,in_distribution,42,orchestra_phd_latent_simulator_v1,42,ok,,0.7483138238863191,0.700542684312706,0.7232723404010929,0.4513364248564321,0.44025065591146756,0.05392906073136936,False,28.66974019208035,33.368490223809445,low,calibration
1919.0216456301857,30.63678253433316,0.12190916944720649,16.396352593089112,1431.5038514465043,0.327730874833031,0.5258162002168981,6.0,0.08124418044379368,0.11494007544453086,2.017562219222335,0.6348413715463529,0.30739156499951187,20.212222584472173,0.1238329437179631,0.0,52.77254168943696,case_42_0041,case_42_0041_cycle_010,10,5.0,low_shielding_gas,in_distribution,42,orchestra_phd_latent_simulator_v1,42,ok,,0.7655954988352928,0.7295571032299865,0.7960726166422112,0.4854990169758361,0.4945427851160675,0.07535542110804193,False,31.2823096611408,40.2420697371433,medium,calibration
2002.279386792476,34.30340639037464,0.14889335257952302,17.30309682924621,1589.6674216994584,0.3596585026253626,0.48618191814062406,6.0,0.15050330324678335,0.04769055464676764,2.0367079870276825,0.6080252641690932,0.2825912389867619,19.277503130281644,0.1500158672864694,0.0,41.506445848219165,case_42_0041,case_42_0041_cycle_011,11,5.5,low_shielding_gas,in_distribution,42,orchestra_phd_latent_simulator_v1,42,ok,,0.7476690819225846,0.8714244799934876,0.5442485650227756,0.5030906234231654,0.4848462382624824,0.08304844163472705,False,32.060878980160865,42.362192005054325,medium,calibration
1807.0058179982611,41.08510790759307,0.17073096168012108,16.56174115905928,1501.1419424281926,0.34972592377445805,0.5340105650895346,7.0,0.13630361717606548,0.06850418552054494,1.9019468760213576,0.6133232297796246,0.299837215654142,21.83908958416889,0.14140579805953202,0.0,18.18360750704451,case_42_0041,case_42_0041_cycle_012,12,6.0,low_shielding_gas,in_distribution,42,orchestra_phd_latent_simulator_v1,42,ok,,0.8574714464580033,0.6179468671311144,0.7632656727598636,0.5035829442922575,0.51625053280595,0.08450678963597458,False,33.32265276369447,42.7470244563675,medium,calibration
1830.8514874070818,33.54929027115084,0.14954547184891867,15.781609524154632,1482.6453302051723,0.36255025148347236,0.5520421995781969,6.0,0.13042330242895803,0.04017330146763572,2.0073852565532615,0.6201963479463269,0.20918153806911102,22.375731254458024,0.09787598374258602,0.0,67.3891799268463,case_42_0041,case_42_0041_cycle_013,13,6.5,low_shielding_gas,in_distribution,42,orchestra_phd_latent_simulator_v1,42,ok,,0.7462525688515124,0.3977245947398248,0.7829543909785546,0.5094835275447113,0.5386839596673597,0.10600333090161704,False,35.79335794034905,47.88361212975177,medium,calibration
2024.1856466976333,37.93064339530931,0.14945211240463133,14.816809012438103,1545.85589632741,0.3745926009500322,0.5245116784598589,7.0,0.11452830430287267,0.016282323511433355,1.9393298123360538,0.5441075430850026,0.28572533607471734,15.510860875463814,0.21610617837116772,0.0,41.6020636762901,case_42_0041,case_42_0041_cycle_014,14,7.0,low_shielding_gas,in_distribution,42,orchestra_phd_latent_simulator_v1,42,ok,,0.7552254006034954,0.417462120656613,0.6190295523046568,0.5177775998266445,0.5609282851448478,0.1013852608394505,False,33.24221046715232,46.857096636575776,medium,calibration
1876.3632121630728,36.28938788520245,0.1284534483773515,14.794932626685652,1541.6059284250882,0.3792734994530433,0.5051091113730019,5.0,0.11912929093136854,0.09764291311358736,1.9133491686347197,0.664107129098208,0.29240643522121,19.95986978506553,0.08367601856441213,0.0,32.83234270763186,case_42_0041,case_42_0041_cycle_015,15,7.5,low_shielding_gas,in_distribution,42,orchestra_phd_latent_simulator_v1,42,ok,,0.713645523110422,0.7142540788584257,0.6256036661020535,0.5228146000337123,0.5362037519081295,0.07798560004329391,False,31.575142811076624,40.98460598271481,medium,calibration
1839.034252345793,30.728100454296865,0.14434700372296896,14.709105306606986,1515.0793170455595,0.3225448386515098,0.6407059342382079,5.0,0.10260368894103931,0.06571420425391228,2.078520238538968,0.5077830955844584,0.32033849070001535,23.564392877307444,0.14285495397234654,0.0,71.61905735386203,case_42_0041,case_42_0041_cycle_016,16,8.0,low_shielding_gas,in_distribution,42,orchestra_phd_latent_simulator_v1,42,ok,,0.6716821954800898,0.9924655828468176,0.5098927522543433,0.5287721666399021,0.559967492861195,0.10543580294164438,False,36.25146520668566,47.75950302314456,medium,calibration
1906.542022815928,37.759775167453085,0.18570350803749086,14.660313007810203,1503.2627163849288,0.3526955821418621,0.5085354541417705,6.0,0.11021385307497984,0.030539651562684036,1.8985956368694454,0.5872656428653327,0.3582870627250442,20.353556403226413,0.09438328997035576,0.0,33.178886706934044,case_42_0041,case_42_0041_cycle_017,17,8.5,low_shielding_gas,in_distribution,42,orchestra_phd_latent_simulator_v1,42,ok,,0.747428196109343,0.7606016278195614,0.692438650056835,0.5430808057177148,0.5846897429401154,0.1036163288260947,False,34.948393868810186,47.35779626859564,medium,calibration
1965.6503140634306,34.674455040270075,0.19156231218427744,16.074611235186037,1472.332613579038,0.3028794183719471,0.5954713971210855,5.0,0.06600277074032934,0.03450618764411613,1.9717826675554013,0.5925076887539056,0.27442458507677897,18.374119794603747,0.2610828983608805,0.0,35.72013564607329,case_42_0041,case_42_0041_cycle_018,18,9.0,low_shielding_gas,in_distribution,42,orchestra_phd_latent_simulator_v1,42,ok,,0.5787957673041199,0.6097026088263482,0.5971263837399475,0.5587370467323195,0.5739287313291775,0.1006149172836055,False,33.9866465398642,46.68208866879756,medium,calibration
1739.0814277597194,34.65838968465161,0.09435081571804951,15.095929487386211,1495.9398057355713,0.311500217593816,0.6442925439403387,11.0,0.09268373802684565,0.07721591067626819,1.9971420941843998,0.548497819828588,0.29747056711438696,25.582830787494373,0.16304018185224994,0.0,73.36902484607208,case_42_0041,case_42_0041_cycle_019,19,9.5,low_shielding_gas,in_distribution,42,orchestra_phd_latent_simulator_v1,42,ok,,0.549859741282036,0.5810768717399298,0.553911608504406,0.5620837431184013,0.6522716623470068,0.151031320058789,False,40.94526655384991,56.25314871392313,medium,calibration
1931.9221832447477,38.19279281446937,0.11006900300636771,18.12412443198389,1422.9404793602794,0.2948561029213828,0.42586154123087544,4.0,0.15474692862425635,0.0970708151142069,1.862344453335645,0.562995997711695,0.09723116584168251,15.709453436453215,0.08528090109806544,0.0,19.5171779229462,case_42_0042,case_42_0042_cycle_000,0,0.0,motion_instability,in_distribution,42,orchestra_phd_latent_simulator_v1,42,ok,,0.6534499402263492,0.5576207236573508,0.660255743800663,0.29830060315555584,0.3413663706843207,0.03477238187847657,False,21.857090102638516,25.506269177537483,low,calibration
1902.5244214363734,36.5021631442871,0.13616103434102553,16.849998725517736,1614.243747471311,0.23833764025847473,0.3910025820891176,2.0,0.15196782439663284,0.14718604539898214,2.1344224914481766,0.5900248943531604,0.11847727326754835,15.443018675611768,0.12106081454998328,0.0,61.86675852298521,case_42_0042,case_42_0042_cycle_001,1,0.5,motion_instability,in_distribution,42,orchestra_phd_latent_simulator_v1,42,ok,,0.7158246248806895,0.7820988749708109,0.6922308761803819,0.31873501814827504,0.36367227547343456,0.027931861214170527,False,19.382509283798832,22.112109244904946,low,calibration
1825.490536284156,33.828324420890695,0.13233242359581812,17.23030823572088,1439.17182397374,0.36148007392726794,0.3375703744279957,3.0,0.17137090552693843,0.11283989606911923,1.9572894899769404,0.5734009836326301,0.10690521954019504,11.741741086624394,0.15827231304341005,1.0,45.0674632580974,case_42_0042,case_42_0042_cycle_002,2,1.0,motion_instability,in_distribution,42,orchestra_phd_latent_simulator_v1,42,ok,,0.5897084011817498,0.9517616401276434,0.6492238954047059,0.3220694868890065,0.3642541316783873,0.03518235337936094,False,20.83547330187757,25.697958821511246,low,calibration
1974.6406392668312,38.34832460987718,0.14112662724612088,17.504693050642086,1574.0840688802678,0.2811389316607226,0.3603715056097461,4.0,0.18803262219604974,0.09790495487877393,2.0071870613128553,0.6121152982032706,0.09317747158388175,19.106286484154946,0.20001338975861732,0.0,2.4492280190982902,case_42_0042,case_42_0042_cycle_003,3,1.5,motion_instability,in_distribution,42,orchestra_phd_latent_simulator_v1,42,ok,,0.6188852968467841,0.808798041719553,0.6673866462711785,0.3277172067220047,0.40755409918851593,0.04535878707899805,True,25.633927065243245,30.102223451063807,low,calibration
1754.186390455552,34.426434886806874,0.13187370508047339,17.230941164657622,1414.5079272029047,0.332623416384296,0.42795050516794125,3.0,0.21532981524032488,0.17972737063292177,1.7970885183556893,0.6495222358306559,0.10337986931203044,17.518579723434357,0.1528474233174657,0.0,30.87492958086494,case_42_0042,case_42_0042_cycle_004,4,2.0,motion_instability,in_distribution,42,orchestra_phd_latent_simulator_v1,42,ok,,0.5548075710862455,0.34342805247023056,0.6110810167073042,0.33509360415678074,0.46566744085320083,0.04303692631091231,False,24.86611118581975,29.15257810857038,low,calibration
1740.2549282025614,33.19373490687303,0.13450285727309064,17.414519670381424,1593.0607000011457,0.31373698453052734,0.3454937790811407,4.0,0.19597946665458188,0.13188985424985167,2.1444591994709485,0.5472408298453709,0.09322321687524548,18.05915500059419,0.03497711642729695,0.0,10.683479938264037,case_42_0042,case_42_0042_cycle_005,5,2.5,motion_instability,in_distribution,42,orchestra_phd_latent_simulator_v1,42,ok,,0.5525920692595542,0.8794832342645076,0.5231581813792026,0.36151419976196986,0.46210517054414935,0.04427719015974277,False,25.203217469352246,29.66357376873581,low,calibration
1878.3691201162553,28.67926978113648,0.22042247556877367,18.506490287755604,1506.5274587135964,0.2708290336588266,0.3590764487730528,0.0,0.23490346404479362,0.11732633158757313,2.127540003253347,0.5967091343628224,0.11008002788372488,21.1522479377762,0.15170574738434217,0.0,32.09771753707922,case_42_0042,case_42_0042_cycle_006,6,3.0,motion_instability,in_distribution,42,orchestra_phd_latent_simulator_v1,42,ok,,0.5788779726963516,0.32662199325584523,0.5599693083200143,0.35682006918617437,0.500137144453458,0.05776017161930961,False,29.020880230004032,34.72070778278198,low,calibration
1914.641064122288,36.2939198332642,0.11871472115193042,18.595897375099813,1541.7966602682075,0.2662163647558992,0.3777687990662778,4.0,0.23465734885896347,0.17436430317238133,2.0394386623713534,0.5869741479233722,0.15471707039223717,13.168707315433572,0.06177647432222942,0.0,30.786639628419287,case_42_0042,case_42_0042_cycle_007,7,3.5,motion_instability,in_distribution,42,orchestra_phd_latent_simulator_v1,42,ok,,0.5230987304538068,0.6605090379991807,0.6897335629216003,0.3667348930740839,0.5160122519003415,0.0415059308710975,False,23.021511752135705,28.509597827091987,low,calibration
1855.4868900180732,32.220894319006675,0.113076697114897,20.199125733007392,1546.685539395197,0.33717919179882305,0.42423974087864824,8.0,0.2542864476410357,0.17097491449402535,2.0285119326893217,0.5805932249682245,0.15156987944429653,16.016158463620314,0.0860922341222432,0.0,46.686748051029284,case_42_0042,case_42_0042_cycle_008,8,4.0,motion_instability,in_distribution,42,orchestra_phd_latent_simulator_v1,42,ok,,0.4531044954258185,0.5189330302104395,0.5741089689030104,0.36056415640661177,0.5220307505965407,0.04614460363878783,False,24.950173904215937,30.416952839478295,low,calibration
1778.664431803683,38.44757197672571,0.15735121952640585,17.646531147027385,1399.1636449226999,0.3930283981552112,0.44147692553899054,2.0,0.2646222973859772,0.19678320945334885,1.9346298414784102,0.6532473503135855,0.06067120281567403,22.38716702835686,0.09686371920356542,0.0,32.28966962739346,case_42_0042,case_42_0042_cycle_009,9,4.5,motion_instability,in_distribution,42,orchestra_phd_latent_simulator_v1,42,ok,,0.47403800848530075,0.8011499845396644,0.5759824113475507,0.3736349890281578,0.5440992616028671,0.054936233674216906,False,28.48057768335801,33.72996100125856,low,calibration
1824.1931159279309,39.83907930380217,0.10410109145800707,18.83886637288998,1305.4403724265392,0.37019461159033645,0.42154388135922305,4.0,0.19378107563236524,0.16958009370036872,1.880968856350052,0.5493133408127652,0.1499672061788247,19.755309045551225,0.24930214416400281,0.0,28.74267718379118,case_42_0042,case_42_0042_cycle_010,10,5.0,motion_instability,in_distribution,42,orchestra_phd_latent_simulator_v1,42,ok,,0.45475563116377654,0.3609795288896994,0.5276323054342743,0.37815576098039344,0.5715693206874408,0.058126576769690436,True,28.488660368214262,34.84687432540375,low,calibration
1803.72541973673,32.56084006204651,0.1405083826489626,16.476247987087348,1549.2638433598963,0.32533363303854645,0.3961208388568554,3.0,0.333805073532583,0.1581603098160812,1.9153549469202158,0.5594216846960289,0.16746948593240835,17.24360518669544,0.05640053541690912,0.0,43.66405899563297,case_42_0042,case_42_0042_cycle_011,11,5.5,motion_instability,in_distribution,42,orchestra_phd_latent_simulator_v1,42,ok,,0.4068321310671703,0.9126626328323433,0.48622267599145513,0.3912387043762757,0.6085302182684773,0.06661456232953995,False,29.06815154743856,37.628619842685914,low,calibration
1874.4177969813297,32.32580339343536,0.13652826773938478,18.367780120016192,1409.399046767209,0.3363595494797943,0.4264265396486584,0.0,0.253894529234505,0.1605946978033918,1.915002247217501,0.6596704451518094,0.20249527588510297,18.522717672895222,0.08670984622192839,0.0,45.383961376222715,case_42_0042,case_42_0042_cycle_012,12,6.0,motion_instability,in_distribution,42,orchestra_phd_latent_simulator_v1,42,ok,,0.3937090677478148,0.3964934187569194,0.4185819406326949,0.4048053494980679,0.618635145944408,0.07480813599514136,False,31.05368855701603,40.08514003250168,medium,calibration
1840.217117117136,38.6891721099507,0.13976052349198198,17.091601744240727,1482.2536718798535,0.2831528067963253,0.3762516688433598,4.0,0.3143660486204017,0.1868611198467006,1.9683029389254978,0.6426612001370429,0.08329154827302515,18.604421031534624,0.10511105871163837,0.0,50.97190294960791,case_42_0042,case_42_0042_cycle_013,13,6.5,motion_instability,in_distribution,42,orchestra_phd_latent_simulator_v1,42,ok,,0.3193267107989085,0.5770214162552796,0.5950962481905445,0.39545792531847723,0.6475275380527546,0.07615404971358367,False,30.923688280387925,40.469555824030174,medium,calibration
1844.811098737867,35.682938653625456,0.10567729015715165,19.17270505854518,1499.4741735869707,0.32578021082721503,0.47518996004811265,4.0,0.2820490749204131,0.23080549691804056,2.0337342625968096,0.5995059939587919,0.11869817869707056,18.110442779932356,0.14757805605414376,0.0,54.09875716318393,case_42_0042,case_42_0042_cycle_014,14,7.0,motion_instability,in_distribution,42,orchestra_phd_latent_simulator_v1,42,ok,,0.35235677313753383,0.4923988033825015,0.41645555372602994,0.41139635199934876,0.6659219792961351,0.07223336633264547,False,30.31504955292567,39.33524626841459,low,calibration
1831.4655828643133,31.85137862496992,0.11404562885112192,17.542805233356827,1546.178603059158,0.284843913771767,0.4493738363308667,4.0,0.2605546502971112,0.17549097326194968,2.009353801329623,0.5657072561290425,0.10429148927748463,20.30545397462816,0.20916431075685044,0.0,35.86416401367104,case_42_0042,case_42_0042_cycle_015,15,7.5,motion_instability,in_distribution,42,orchestra_phd_latent_simulator_v1,42,ok,,0.3332163560030566,0.8459366082734763,0.5615649614773124,0.42313632617004715,0.6624441468630882,0.06712806042512506,False,30.088157137668382,37.788781244615365,low,calibration
1737.5672923316351,33.446290489736604,0.1620649934974254,18.653254496176427,1455.064535355061,0.18189349475709424,0.457403567240617,1.0,0.33598061324562756,0.17954302420447693,1.8613056144423397,0.6502227799330742,0.1088227217916976,21.053515903769807,0.12174170749590027,0.0,56.03980680753216,case_42_0042,case_42_0042_cycle_016,16,8.0,motion_instability,in_distribution,42,orchestra_phd_latent_simulator_v1,42,ok,,0.34425214819720384,0.7431354731317994,0.4127464861115761,0.4302501354822702,0.7025952989997429,0.08202352893984054,False,32.59282592429897,42.08860273380492,medium,calibration
1800.0459927586833,32.174853596215314,0.20902094947618652,18.79390157278218,1471.204564544346,0.3649336020945424,0.41900099516595357,5.0,0.3324884817049081,0.16611129307063802,2.0097431277491546,0.6055849058701073,0.06596574724236177,24.185476266310857,0.1628333501725852,0.0,54.73275206905493,case_42_0042,case_42_0042_cycle_017,17,8.5,motion_instability,in_distribution,42,orchestra_phd_latent_simulator_v1,42,ok,,0.3045526954788332,0.7894210003823776,0.5094761588568872,0.4426161233119295,0.7416529319612792,0.08521941424377073,False,33.61199607573251,42.933202967636944,medium,calibration
1825.1789893765829,33.97674961508976,0.10207181053966187,18.85660547202789,1525.0890753420651,0.2908415470454564,0.3437889925621892,2.0,0.3267310211749184,0.20458302650885388,2.0280349221433185,0.6007783143320294,0.07653647819139263,21.405718151218352,0.10053613959321385,0.0,50.17438416349078,case_42_0042,case_42_0042_cycle_018,18,9.0,motion_instability,in_distribution,42,orchestra_phd_latent_simulator_v1,42,ok,,0.25633627559556743,0.6441923751486065,0.5837940522862395,0.4411298559716838,0.7274271388701217,0.07773383236417082,False,32.06417205310261,40.91434851493631,medium,calibration
1858.1706416462723,33.28197240426964,0.14545400901355232,18.29317742920811,1405.3149908324572,0.32755766916521306,0.35986138181285215,2.0,0.3295396576074429,0.21685742021416599,2.0024403762503544,0.5887298624017229,0.15522625327937603,22.712492404382644,0.10263480076705958,0.0,70.20131356568825,case_42_0042,case_42_0042_cycle_019,19,9.5,motion_instability,in_distribution,42,orchestra_phd_latent_simulator_v1,42,ok,,0.2839919863617894,0.7459710575662679,0.47968520864252084,0.4525474659232168,0.7562770666027421,0.10796978448095633,False,36.027801158584005,48.309352509554195,medium,calibration
1764.384146674324,34.97936471639273,0.10299926330568689,18.21535942216695,1460.874444947988,0.21579642735846144,0.34181493875513125,2.0,0.18673412558832134,0.11011681221773832,1.8747414753822038,0.6425017815263279,0.12239651232564741,14.842625185196823,0.03894307267865863,0.0,46.84277559294197,case_42_0043,case_42_0043_cycle_000,0,0.0,motion_instability,in_distribution,42,orchestra_phd_latent_simulator_v1,42,ok,,0.4033649878303263,0.738361606980869,0.5750661937384888,0.36778936123650674,0.3524192842706542,0.03383926780077125,False,21.4327197701997,25.065354535978447,low,train
1875.1825630361254,38.020188657523626,0.1306164950954092,17.585943404689484,1523.3668797708372,0.3213885466993061,0.4112875585311747,5.0,0.21729960716099447,0.08714886403403804,2.0855566749927226,0.5800407146855245,0.14578457572211756,18.439010534034512,0.0711292045610617,0.0,19.01786308721772,case_42_0043,case_42_0043_cycle_001,1,0.5,motion_instability,in_distribution,42,orchestra_phd_latent_simulator_v1,42,ok,,0.47877214785570277,0.31117876184619864,0.5118296856929758,0.3872433757831472,0.3835538855100079,0.03861546619221241,False,23.71774741603457,27.256917706468286,low,train
1997.3085644883079,39.26029925188204,0.15326351434435034,18.94658432480481,1421.9765621567335,0.3561709055681434,0.42867328604409244,1.0,0.2699794316621894,0.13203540644772077,1.972559538412536,0.5830934792326373,0.13244448571324755,16.037026388811594,0.15486067727829342,0.0,32.76992432669648,case_42_0043,case_42_0043_cycle_002,2,1.0,motion_instability,in_distribution,42,orchestra_phd_latent_simulator_v1,42,ok,,0.45432227628419086,0.8260580279642138,0.6610925422659077,0.3795399769357167,0.387754873622414,0.03500569209580715,False,21.990582895161122,25.615507659549742,low,train
1755.6661180211834,36.50977171989995,0.08820118954212186,18.373035351091833,1432.4558735434628,0.29201675796574583,0.3864587191051455,2.0,0.2591026561970215,0.133853180002379,1.9340598767306503,0.6098594146667942,0.0678842490165269,11.271994638618875,0.16680851277577308,0.0,31.78472333591118,case_42_0043,case_42_0043_cycle_003,3,1.5,motion_instability,in_distribution,42,orchestra_phd_latent_simulator_v1,42,ok,,0.5017945264005929,0.9365979517227845,0.6746982757719371,0.37872448946003934,0.47341591114867315,0.04281102948088982,False,22.76489922383108,29.058566256601832,low,train
2037.1541718453875,36.15474869096414,0.1249977191480709,18.594441119895485,1479.2672446047695,0.28998386173490653,0.49528797558608617,9.0,0.27457843075503613,0.14826345587869147,2.0906484139913237,0.5969883012648223,0.09664197604523042,13.675805993313544,0.07984776673454885,0.0,27.057552362557363,case_42_0043,case_42_0043_cycle_004,4,2.0,motion_instability,in_distribution,42,orchestra_phd_latent_simulator_v1,42,ok,,0.5059612776659687,0.8664866992554578,0.5588555897388312,0.36827068388485046,0.47751541044276635,0.0435545030452186,False,23.603446243015785,29.366878299156863,low,train
1905.9235665552621,30.54791608198209,0.10055428343100235,18.535626474986103,1268.134436218554,0.404368092684829,0.3936280890265146,6.0,0.2698195321899038,0.1817427507029297,2.0328728158139833,0.5794307068416776,0.09482284280126785,19.86900242012878,0.20482868135671617,0.0,52.31566771852198,case_42_0043,case_42_0043_cycle_005,5,2.5,motion_instability,in_distribution,42,orchestra_phd_latent_simulator_v1,42,ok,,0.6127182683907904,0.7308368192004602,0.7676714048490787,0.39101937521439967,0.49572350597475034,0.05496440098830604,False,27.877292809104066,33.74000751467642,low,train
1870.1639984169128,36.17957626543186,0.11024399330461751,18.33813842971942,1458.673595693715,0.34431515717515393,0.42370211525504275,1.0,0.2240652228256189,0.169443190524495,2.0683719578670257,0.5862684957224229,0.1229149763099019,13.575060523090695,0.005925994007678653,0.0,26.574076237565105,case_42_0043,case_42_0043_cycle_006,6,3.0,motion_instability,in_distribution,42,orchestra_phd_latent_simulator_v1,42,ok,,0.6493487369545354,0.7896005709168532,0.7268647467582842,0.4110192799202009,0.46914934353082133,0.04956228243468211,False,24.960277811134443,31.74868846336652,low,train
1923.195728123544,36.85231879558955,0.1050416304299406,17.679360507194634,1481.846440909229,0.34551190320022146,0.37244723368026894,4.0,0.27179327595129443,0.12376954518375714,1.8860353372235483,0.6136144490674587,0.07214120330102244,19.66325583651738,0.08415365951833778,0.0,22.212370875003284,case_42_0043,case_42_0043_cycle_007,7,3.5,motion_instability,in_distribution,42,orchestra_phd_latent_simulator_v1,42,ok,,0.6458545485712317,0.37843674990969506,0.5148813874195208,0.39213082327902204,0.4917405550104998,0.059961579900811475,False,28.764563129683246,35.47079698727803,low,train
1726.370931752974,34.71510407450705,0.09150693206806196,16.585327633863304,1436.7594199861267,0.33739070087091766,0.350466238061237,1.0,0.26939989903762784,0.15983194568631517,2.0210996739735543,0.6079937517714014,0.11417968071909668,17.26152310513565,0.14349512062915393,0.0,9.475733178406657,case_42_0043,case_42_0043_cycle_008,8,4.0,motion_instability,in_distribution,42,orchestra_phd_latent_simulator_v1,42,ok,,0.7206889947120173,0.8831667625153519,0.6453387712771778,0.4097941001225683,0.5500196120471786,0.05564464451418594,False,27.270733559727862,33.981610271116615,low,train
1790.5041952162926,36.542601291116746,0.11981944683350261,18.54525473286949,1421.5343135055148,0.3837690724367576,0.48824438186024477,4.0,0.20173301971668423,0.126971194456264,2.1213302108652896,0.6923483705713819,0.10400500303519546,13.390780662562989,0.16356264685159513,0.0,50.14429707248517,case_42_0043,case_42_0043_cycle_009,9,4.5,motion_instability,in_distribution,42,orchestra_phd_latent_simulator_v1,42,ok,,0.6497905766165069,0.6913884290775647,0.6573117622216709,0.41516997340953415,0.5663382130028632,0.05428056696615703,False,25.866353848231554,33.495142149646526,low,train
1794.1668487194822,40.44313928182639,0.16375876625917718,17.873019149347726,1456.1563668190413,0.30386360052315314,0.3138007830776427,4.0,0.23920743873322103,0.19014160222171755,1.9939850200433014,0.5293135392699803,0.06430435457615409,19.20987833189015,0.17615968706869373,0.0,43.082501304163834,case_42_0043,case_42_0043_cycle_010,10,5.0,motion_instability,in_distribution,42,orchestra_phd_latent_simulator_v1,42,ok,,0.6913824966871956,0.44522724446608414,0.6194310427542749,0.43023454926739196,0.571817774188127,0.07137580472402184,False,30.401112887800018,39.08113192939292,low,train
1851.0954261283744,34.73581504510311,0.1020219598775612,18.380996887544924,1636.3145076126725,0.3589467183832463,0.40109676735536914,4.0,0.2715894423985909,0.16650706493648348,1.9682112319556315,0.6241125459139729,0.07633205679589541,18.391654408574578,0.17505060376961668,0.0,36.27570741356668,case_42_0043,case_42_0043_cycle_011,11,5.5,motion_instability,in_distribution,42,orchestra_phd_latent_simulator_v1,42,ok,,0.7773374693836163,0.9551020246171258,0.8294028386607584,0.41696346538436063,0.6082343164246354,0.07521895284862955,False,30.634948884346485,40.203017968580426,medium,train
1966.6438580731972,34.15167606150606,0.13785241737397355,18.882167160096824,1437.7618083869777,0.33117204258119376,0.40084986012155277,4.0,0.2988466165805247,0.2135788501151152,1.9487591136947187,0.6446090942819279,0.12728798441513475,16.052100632100778,0.10350188241833472,0.0,42.73368560205252,case_42_0043,case_42_0043_cycle_012,12,6.0,motion_instability,in_distribution,42,orchestra_phd_latent_simulator_v1,42,ok,,0.7213593602450091,0.4511983158836543,0.7710532488027589,0.4204594096313337,0.6344023190739502,0.06974407071857258,False,29.25267478822834,38.591415350312545,low,train
2023.6156972152528,39.3362134297477,0.10118261862301682,18.838281990077164,1465.8252777861896,0.28683016063689104,0.37007121966571094,4.0,0.293362936091654,0.17141084641179846,1.8633689365854507,0.6000183509974544,0.1438284718454531,21.296817754326874,0.10386277029770427,0.0,60.0879854539639,case_42_0043,case_42_0043_cycle_013,13,6.5,motion_instability,in_distribution,42,orchestra_phd_latent_simulator_v1,42,ok,,0.6998047128091597,0.8359972293543181,0.7231323724060357,0.42426144229472734,0.6696329177750934,0.07262644826929164,False,31.370890331042688,39.45098838439943,low,train
1873.677599473528,46.93211521792844,0.09887182528885571,18.03978219435823,1500.165984687045,0.3341934596174498,0.4566986180584261,5.0,0.306452285635578,0.17986927241864886,1.965866423949858,0.5765521813740362,0.19308235398322315,21.185514966019138,0.12758280887255002,0.0,63.56528812690094,case_42_0043,case_42_0043_cycle_014,14,7.0,motion_instability,in_distribution,42,orchestra_phd_latent_simulator_v1,42,ok,,0.7935452738233939,0.3541747914160428,0.8098503223599981,0.4294888599476725,0.6576223737784638,0.0890462196987427,False,33.34942224223438,43.912659654695,medium,train
1862.0407018919743,32.928883676344434,0.11213419838009925,19.201215687510057,1495.3299207060722,0.24678107935552746,0.3513621776478445,4.0,0.3341068634237256,0.13396256986505256,2.0354431360563465,0.6676433955440678,0.1744600466838108,13.937870061051047,0.10375986304458838,0.0,38.471440642446666,case_42_0043,case_42_0043_cycle_015,15,7.5,motion_instability,in_distribution,42,orchestra_phd_latent_simulator_v1,42,ok,,0.7631322659114652,0.31212504036138355,0.6003239256822711,0.44702878572823107,0.6717518236952738,0.09268584488082278,False,31.607340284444867,44.813779477575025,medium,train
1797.2610479937807,34.79043050167062,0.12356097097070363,18.58563834850317,1549.2038550134048,0.33024099685927094,0.4314263673994707,2.0,0.30472892434383636,0.16438676167538718,1.9679591863440284,0.5636563385659848,0.08187768811724684,19.555296372045756,0.17832926450700837,0.0,30.067628514858708,case_42_0043,case_42_0043_cycle_016,16,8.0,motion_instability,in_distribution,42,orchestra_phd_latent_simulator_v1,42,ok,,0.7540713507043508,0.9657183883043563,0.6375899316863144,0.44010726977037135,0.7161020111962902,0.0935641134490783,False,33.47595571224236,45.02697606475139,medium,train
1919.6771875878126,41.378312485091016,0.12895237845102836,18.335744113320946,1606.257574867508,0.3540632976479342,0.2951608362737217,6.0,0.30465073416512667,0.1812899009601177,2.050872746607968,0.598772516016227,0.08979433537622254,22.288815013130296,0.13048237026932102,0.0,66.61354414135643,case_42_0043,case_42_0043_cycle_017,17,8.5,motion_instability,in_distribution,42,orchestra_phd_latent_simulator_v1,42,ok,,0.7172796545015234,0.3300633789108053,0.42548183812684104,0.4518563132619023,0.735557698692343,0.12022253397548963,False,37.20197764973971,50.821775206469475,medium,train
1893.5653911222905,33.105779896865876,0.12310766441670976,18.22335748740117,1514.9830314661594,0.362207893267982,0.44204435323282193,9.0,0.3200191459775136,0.16830017601632233,2.015341851484915,0.611204129771536,0.11524612064669527,13.771974823735398,0.10540709866766906,0.0,39.63404418986246,case_42_0043,case_42_0043_cycle_018,18,9.0,motion_instability,in_distribution,42,orchestra_phd_latent_simulator_v1,42,ok,,0.7271455102824153,0.5364494970282134,0.5852699894268572,0.4535068455468605,0.780165015141209,0.10579540025687377,False,33.277051270631425,47.838206135966786,medium,train
1990.6361333439545,31.773230044204226,0.20546181881585118,17.492126977632946,1612.1921638834142,0.4188977339180143,0.38651877303010185,8.0,0.3869860624081662,0.20685144985059242,2.118633648116741,0.6581616872698041,0.13016507863409507,20.13264761997569,0.11177821549606899,0.0,67.8140682662326,case_42_0043,case_42_0043_cycle_019,19,9.5,motion_instability,in_distribution,42,orchestra_phd_latent_simulator_v1,42,ok,,0.7336431080814988,0.5384435136083028,0.6841770957218943,0.4792076655287729,0.8022745285172447,0.13030950750765027,False,37.53768730131906,52.72691763030613,medium,train
2013.9306136689302,34.51361704736211,0.0989377822154647,16.631171434739954,1529.4719897622417,0.2866786481511998,0.36415785004848245,3.0,0.04195654592142831,0.031187015207308426,2.0394007604188977,0.6463074150872173,0.10444814889949523,6.577938739540079,0.029459166371474235,0.0,0.0024107177206630654,case_42_0044,case_42_0044_cycle_000,0,0.0,normal,in_distribution,42,orchestra_phd_latent_simulator_v1,42,ok,,0.3283128070340504,0.670750422439558,0.5432613483050395,0.12315749858119154,0.08178409062698404,0.010123864979642433,False,6.611131637160998,10.763961815314985,low,calibration
1852.3076821091588,31.54432298191303,0.09789974672749685,16.98714822254961,1478.5465893784926,0.28740057102485905,0.32615431528523403,1.0,0.11770545548388499,0.053593640231418466,1.8981451445489548,0.5743174927615269,0.1419938670303797,5.312278547563208,0.10715084803812878,0.0,47.49288815601409,case_42_0044,case_42_0044_cycle_001,1,0.5,normal,in_distribution,42,orchestra_phd_latent_simulator_v1,42,ok,,0.23632656349684084,0.950119648725638,0.4646663810153969,0.12503393579067748,0.10468473908646235,0.010636416848232955,False,6.624186252638283,11.167641558726874,low,calibration
1814.4727325787767,36.330905192143526,0.05192708816350805,17.92261979166541,1478.304973754899,0.2997062672100829,0.46432329961831287,5.0,0.07189977091833623,0.03269485579168327,1.9869035020925803,0.5902373267251013,0.06514380072398922,10.238657717080066,0.13486364676130824,0.0,2.673644360649392,case_42_0044,case_42_0044_cycle_002,2,1.0,normal,in_distribution,42,orchestra_phd_latent_simulator_v1,42,ok,,0.38401017568531826,0.9111944426149086,0.6005440646779183,0.10765693895026648,0.0828781440882647,0.010133290588188487,False,7.666436475909233,10.771446220501263,low,calibration
1804.9104240451325,33.25045834388459,0.04068949253343694,17.631777049120206,1384.994371895444,0.37150643523800025,0.4742961299854168,2.0,0.10306768849486575,0.04634581758847484,1.9934501024668547,0.5975647767519312,0.06330543624471915,5.313234854178837,0.11398145837680411,0.0,15.679186994792158,case_42_0044,case_42_0044_cycle_003,3,1.5,normal,in_distribution,42,orchestra_phd_latent_simulator_v1,42,ok,,0.33675012162621476,0.8636678313597064,0.4984276118713028,0.11118768100977564,0.09778263318314757,0.009102177694598045,False,5.1018861937004045,9.938461413534466,low,calibration
1861.3224339559886,28.84348637157713,0.13399561206079535,19.711118569205393,1489.3371757502318,0.28485411993758014,0.45720738949436035,1.0,0.06160136432898421,0.031571981718087644,2.1564527172085146,0.6995066406827144,0.09007230507966228,7.019623626858382,0.11069920855363494,0.0,31.32162144840443,case_42_0044,case_42_0044_cycle_004,4,2.0,normal,in_distribution,42,orchestra_phd_latent_simulator_v1,42,ok,,0.37406713352830023,0.44248857564093574,0.5778388024312302,0.14292748183961154,0.07230069416809039,0.009226941648755366,False,5.709408540440013,10.040826452909078,low,calibration
1841.2811344036134,29.260676923142398,0.07850668492949124,16.46114591234978,1377.9192984789008,0.3171845813715914,0.4556205519378489,5.0,0.058952394195676536,0.026136936136353088,1.9713091019742557,0.63604630309355,0.11192214885050475,4.2117662566217655,0.1225833908696634,0.0,0.0,case_42_0044,case_42_0044_cycle_005,5,2.5,normal,in_distribution,42,orchestra_phd_latent_simulator_v1,42,ok,,0.37651921732436916,0.8854972372684833,0.3919678689044985,0.14621541572785102,0.11689246308173265,0.011291852669186215,False,6.922246839870036,11.674367914600001,low,calibration
1790.269254308787,32.37529912571104,0.10835891081881596,17.602333534867775,1339.9496907852292,0.2684220494981105,0.3725385487583075,5.0,0.06085533358464061,0.06387379800230936,2.0439459368123485,0.6860879723508184,0.07029901369866011,8.431408137114616,0.04835228882446077,0.0,29.368170099254943,case_42_0044,case_42_0044_cycle_006,6,3.0,normal,in_distribution,42,orchestra_phd_latent_simulator_v1,42,ok,,0.29864097005697765,0.46254308206166383,0.4595934132490961,0.1253966745205348,0.11123760385189821,0.010148604708364718,False,7.183953111714245,10.783601456889661,low,calibration
1852.520477790946,34.560591141988354,0.07566042986849283,17.993640443542212,1396.7771722881666,0.31666625672067056,0.357531025508758,1.0,0.04371137609108734,0.0035943672811479463,2.0975227873027533,0.6276517216293699,0.13327296121661564,7.873651595196087,0.11189202975284532,0.0,57.490259179626534,case_42_0044,case_42_0044_cycle_007,7,3.5,normal,in_distribution,42,orchestra_phd_latent_simulator_v1,42,ok,,0.30925842650529906,0.7645175900486217,0.31186348663206903,0.1340402815478982,0.13036717667238884,0.012109350707023056,False,8.744809630371018,12.29231677323709,low,calibration
1833.3755197359972,31.099774654102216,0.15479997595201897,18.776008840111896,1409.7720359479806,0.30808336277994125,0.3582724434976433,4.0,0.0653372916847069,0.07295741241998832,2.065608433891029,0.6001556968697889,0.05579777897957184,8.455543394408927,0.0730588221260663,0.0,79.10723937203231,case_42_0044,case_42_0044_cycle_008,8,4.0,normal,in_distribution,42,orchestra_phd_latent_simulator_v1,42,ok,,0.25973982381127236,0.8845173391439576,0.5032200180107262,0.13516834626752644,0.10619359347781875,0.010224942542606183,False,7.160742330925547,10.844101919726736,low,calibration
1792.1070462111463,35.60645769009853,0.10873543254612467,18.239410254758035,1424.2746088398403,0.30465084450363744,0.4086180884397405,6.0,0.05779674379546323,0.055736083504475425,2.0365993867378274,0.6389903564881868,0.14492882037570481,4.197328704991037,0.13026712469580018,0.0,44.176408585357336,case_42_0044,case_42_0044_cycle_009,9,4.5,normal,in_distribution,42,orchestra_phd_latent_simulator_v1,42,ok,,0.2835503072979266,0.7576284807337585,0.3831721652328979,0.1544811485300988,0.10329397793988417,0.01255385658907782,False,7.971063128802239,12.62211036000353,low,calibration
1891.8655499355605,38.42984214074554,0.06896057908499964,17.75735053152711,1405.8577386070517,0.2536774687533256,0.4338371684622098,6.0,0.08449520946413352,0.025336969448595283,2.047265942286996,0.5493600166462121,0.08107187513099261,6.75571065652315,0.06279811944399578,0.0,54.73317705419353,case_42_0044,case_42_0044_cycle_010,10,5.0,normal,in_distribution,42,orchestra_phd_latent_simulator_v1,42,ok,,0.35536226474986204,0.9206152972607431,0.3461414046034165,0.1622754052112064,0.08693913867847566,0.011942742585747833,False,8.279657738723378,12.167597795669161,low,calibration
1796.300594635972,34.799864434220765,0.08226909378324862,15.760701536852318,1528.9278009657519,0.3782310173505921,0.39889998009003635,2.0,0.1270184235883901,0.07069259258278701,2.017888191775596,0.6090773075130695,0.12374730929045898,2.406415230401813,0.10128078476905805,0.0,33.70709519294187,case_42_0044,case_42_0044_cycle_011,11,5.5,normal,in_distribution,42,orchestra_phd_latent_simulator_v1,42,ok,,0.2957650110883993,0.4139090097252217,0.646463306109242,0.1612802994124526,0.1310892865602139,0.013855455881722534,False,8.499396554799949,13.564296187434222,low,calibration
1975.0356814365973,32.78547242488681,0.10519349615878881,18.528738745398613,1530.8774799358716,0.3066677289277127,0.3742989153429792,4.0,0.07752686208820087,0.041931522673710184,2.1244036304010696,0.6118238765749888,0.07268686440891725,5.869864383475222,0.04791720876196059,0.0,42.76231280611104,case_42_0044,case_42_0044_cycle_012,12,6.0,normal,in_distribution,42,orchestra_phd_latent_simulator_v1,42,ok,,0.44171576782953403,0.6360249785007903,0.5460901600461107,0.16701061558482566,0.13706495791674914,0.011175290360943828,False,7.276634610894485,11.585005909966723,low,calibration
1797.6045734954257,32.95547803924973,0.1285293743192545,16.829331641714933,1425.1465545678009,0.2945296728946107,0.3978361154281034,1.0,0.09567919581316996,0.07441557552789026,2.0537408102981694,0.6887003319789512,0.12119639304151907,5.6824436438593615,0.04268923991619401,0.0,62.02489866055833,case_42_0044,case_42_0044_cycle_013,13,6.5,normal,in_distribution,42,orchestra_phd_latent_simulator_v1,42,ok,,0.37436737253133834,0.8606885884539124,0.5010558524238573,0.16412861741346396,0.1700663106835651,0.014209116072490393,False,9.773732858331059,13.814553286312965,low,calibration
1794.1877631824323,32.16393545120756,0.1034838778029409,18.126726739027255,1440.8656557724685,0.31993335430543585,0.3905477414149999,3.0,0.08413519558600938,0.0228568252631864,2.0983768739857886,0.66130442379719,0.11134509299102921,9.245094927572286,0.14902841088596985,0.0,54.56165828257714,case_42_0044,case_42_0044_cycle_014,14,7.0,normal,in_distribution,42,orchestra_phd_latent_simulator_v1,42,ok,,0.406988363930343,0.41969474144347696,0.5977699549224519,0.1957130215131589,0.1089479302603985,0.016757364825325045,False,12.45953859099409,15.551854017897279,low,calibration
1798.3736546846271,39.01196122701627,0.1532952284954478,17.299000649644626,1458.125220213989,0.26464511337832236,0.3488473794623329,3.0,0.05328293012878001,0.0022787331384027665,1.8399448162710235,0.5987645319026433,0.060181092640181816,9.821442405917518,0.08335946737201806,0.0,49.398570057687465,case_42_0044,case_42_0044_cycle_015,15,7.5,normal,in_distribution,42,orchestra_phd_latent_simulator_v1,42,ok,,0.4194445027419862,0.4730969064627626,0.5820928377235147,0.17756714847371854,0.14788513980144818,0.014302879583736024,False,11.028818309643288,13.880507560327032,low,calibration
1740.4422728114002,39.35581952509809,0.07362199540113849,18.237553618678415,1462.7615393050114,0.2768729535647736,0.4537887665783362,3.0,0.03279231025620223,0.017054118411503727,1.901718576993874,0.6195589177052656,0.06888743253278184,2.8822485008035126,0.07305028688847559,0.0,67.79919038954084,case_42_0044,case_42_0044_cycle_016,16,8.0,normal,in_distribution,42,orchestra_phd_latent_simulator_v1,42,ok,,0.42608320203775546,0.6884999855181582,0.525806249231732,0.18193439582061466,0.16218802130612198,0.014273676821438366,False,8.914437428548778,13.859983583860632,low,calibration
1820.5913247878973,36.549247400331275,0.08409799985768175,16.745118112665146,1495.41341696684,0.2903624146451783,0.4259172204474945,6.0,0.07902954514332389,0.020406600271452018,1.8902914144787986,0.6108192257396595,0.09758468065630427,3.050443262834882,0.0,0.0,46.87513444086575,case_42_0044,case_42_0044_cycle_017,17,8.5,normal,in_distribution,42,orchestra_phd_latent_simulator_v1,42,ok,,0.43822931524616243,0.4701433798490047,0.5353549704027288,0.1768032376088533,0.17094599909803937,0.013963360614446396,False,8.75524761995668,13.640903234570592,low,calibration
1896.1799971746254,36.10142666848879,0.09673811543392545,17.98096208902728,1410.9739800006648,0.3397421526373238,0.3699928902613049,1.0,0.12056064988203669,0.04958446600452762,2.0926215803475645,0.6044556842725985,0.1219837001136195,7.999647460468096,0.11953827981274362,0.0,46.71861199161557,case_42_0044,case_42_0044_cycle_018,18,9.0,normal,in_distribution,42,orchestra_phd_latent_simulator_v1,42,ok,,0.5160822191731393,0.43661180498523766,0.4574851441061487,0.20361146494013702,0.16490557613037324,0.014838600517256545,False,10.942721675984691,14.25423825221509,low,calibration
1818.6439645130888,36.39906927590313,0.10515929361470283,17.90855198235724,1468.0748732068025,0.3772152627578847,0.4116314423991759,3.0,0.08157147553904481,0.02973931878913083,1.9350183770346714,0.6121813557219244,0.08907647423732966,5.765344633557893,0.1156815716566339,0.0,63.2801788006472,case_42_0044,case_42_0044_cycle_019,19,9.5,normal,in_distribution,42,orchestra_phd_latent_simulator_v1,42,ok,,0.4869380180353125,0.8235674794665664,0.582429443469301,0.20914313307798926,0.18240073645673532,0.02160535423325725,False,14.004662675390275,18.583261731617696,low,calibration
1918.3018755984233,33.67567950687199,0.1836407349018152,18.742865928528875,1724.2537777057662,0.2726388994510366,0.44105038564260696,7.0,0.11175193038777978,0.034792532323420285,1.9529445191645893,0.6660912089002896,0.13000378995260334,11.573308071271962,0.14817734115280012,0.0,22.921531189828432,case_42_0045,case_42_0045_cycle_000,0,0.0,thermal_overload,in_distribution,42,orchestra_phd_latent_simulator_v1,42,ok,,0.35282467082153335,0.9796004466520356,0.446023716095362,0.2357985746353998,0.40482939160344666,0.029097700359045294,False,18.84470749909162,22.718596182325353,low,calibration
1957.7259566745488,34.75204111940527,0.03878813220358034,17.24515408274134,1562.6764463822901,0.3133181319981769,0.45718264586131724,10.0,0.08993226975828343,0.07076322735437983,1.9925101341865048,0.6466112234972727,0.17926083499356335,5.502415074965533,0.08775628270191237,0.0,36.572057197465284,case_42_0045,case_42_0045_cycle_001,1,0.5,thermal_overload,in_distribution,42,orchestra_phd_latent_simulator_v1,42,ok,,0.3011409411932313,0.5118047865740781,0.6427733372369481,0.2388325919030012,0.45155026139315424,0.029441930276108145,False,17.125754441623265,22.895325558756312,low,calibration
2006.0541517084152,31.84357705777753,0.09339688331319569,18.493965124571343,1530.7838798557461,0.4011839592821664,0.4744333211449013,13.0,0.059081265055996,0.06992673506338981,2.023839380148615,0.6557482930954688,0.17443152203780204,8.24065360105348,0.20327006001931727,0.0,6.69102053704414,case_42_0045,case_42_0045_cycle_002,2,1.0,thermal_overload,in_distribution,42,orchestra_phd_latent_simulator_v1,42,ok,,0.3833376057948752,0.8986460132806038,0.6509718733392832,0.24334031647255125,0.4667337851647661,0.03463169524880643,False,19.570182869673406,25.440205433050416,low,calibration
1934.1917033089671,31.25105362942245,0.11789072802962468,16.758737983229075,1706.1441543957092,0.3032229441774245,0.39182242924396665,5.0,0.0629198254037054,0.06409843381218353,2.111468380518326,0.6495893124065192,0.14594823610033372,12.48712358835764,0.1246384441106656,0.0,54.27026742572569,case_42_0045,case_42_0045_cycle_003,3,1.5,thermal_overload,in_distribution,42,orchestra_phd_latent_simulator_v1,42,ok,,0.3309072633825078,0.8256514356329521,0.4937628508665499,0.25491258934902916,0.4859222462716205,0.03801237411673299,False,21.744200886430086,26.98884254497524,low,calibration
1977.929168687424,29.26668959643961,0.13678449903592235,17.83756825419912,1697.3296521507004,0.2984535658540238,0.40382113323949326,9.0,0.0981131765355938,0.08178537314382874,2.0891941479712237,0.6670109019857658,0.15216474125402113,10.702539829187435,0.05417396796356573,0.0,49.27725577925566,case_42_0045,case_42_0045_cycle_004,4,2.0,thermal_overload,in_distribution,42,orchestra_phd_latent_simulator_v1,42,ok,,0.3217788034916829,0.5918545758680552,0.4911729058541776,0.26558964811217434,0.5126870252819904,0.04533026602746226,False,23.165242424716542,30.090738247027737,low,calibration
1878.9208410812996,34.640677895117804,0.18185626528210252,17.841399973567704,1670.1829412475645,0.35299525207800225,0.4121925539113169,7.0,0.05775990982062046,0.07338945684826984,2.006916866245697,0.670614740750607,0.21276377966188442,5.254152701755532,0.07768996084617373,1.0,43.36998368194142,case_42_0045,case_42_0045_cycle_005,5,2.5,thermal_overload,in_distribution,42,orchestra_phd_latent_simulator_v1,42,ok,,0.268180662276225,0.6453022967836713,0.3463130199689026,0.26671401662866095,0.5401430109076015,0.046401374029456946,False,21.755787326634707,30.51908272092978,low,calibration
1943.8573654047414,31.796909467294597,0.12599323153605146,18.16064221579039,1687.2892223441434,0.35793457045350935,0.4133055453787014,10.0,0.08415919796502161,0.034123978077030215,2.0752334014676026,0.6587001073730848,0.18926387005184495,11.029561835934931,0.1463185189737441,0.0,42.928673712575915,case_42_0045,case_42_0045_cycle_006,6,3.0,thermal_overload,in_distribution,42,orchestra_phd_latent_simulator_v1,42,ok,,0.3095956443065278,0.6775878957615623,0.48713562555542345,0.2560127382509314,0.5451385253177188,0.04130406529064866,False,22.322296645016625,28.423785400719403,low,calibration
1745.8596660712894,35.12455672053903,0.10526369678531995,17.25846686827893,1680.5686833274376,0.2609302285151028,0.41383701709142395,5.0,0.08976593291306034,0.021502213206186806,1.9969667265408786,0.7282556761663208,0.20359791163863677,3.756124391438154,0.03815404035068386,0.0,32.53520267997613,case_42_0045,case_42_0045_cycle_007,7,3.5,thermal_overload,in_distribution,42,orchestra_phd_latent_simulator_v1,42,ok,,0.3036883507427293,0.472830191754384,0.3811036009954413,0.27045609576779617,0.5797650724305298,0.04558342763926969,False,21.103642521814965,30.192531481457074,low,calibration
1888.044356745893,34.24501655870097,0.10771541600717915,18.41719363990577,1671.2950354325224,0.27514052802661143,0.41737095514546635,14.0,0.057321633384516325,0.057592117998255775,1.9682780609211001,0.7204094106296055,0.2288219901437642,6.4092925519245805,0.09656540957354069,0.0,29.34526469850558,case_42_0045,case_42_0045_cycle_008,8,4.0,thermal_overload,in_distribution,42,orchestra_phd_latent_simulator_v1,42,ok,,0.2666553456235852,0.31611600775732496,0.5132991117262455,0.2871795148421203,0.6378962501138549,0.06620968168427581,False,25.796045893980185,37.50171808471904,low,calibration
2105.375949220307,32.63435336113174,0.09972236054875572,17.760173246239923,1617.2714656440348,0.30462872173475153,0.3639263168451861,10.0,0.05799150683777377,0.05582284138230845,2.126593864868779,0.6771612325345265,0.11691672949154967,8.570398620481427,0.10939975484158164,0.0,50.48832735713705,case_42_0045,case_42_0045_cycle_009,9,4.5,thermal_overload,in_distribution,42,orchestra_phd_latent_simulator_v1,42,ok,,0.40539972702923416,0.7223763320226466,0.5816181608174682,0.2982859181951446,0.6469783854175605,0.06945190491740402,False,27.04806690867521,38.50285757431961,low,calibration
1845.7328230796993,26.39961367848296,0.11812298486883234,18.00630729625927,1565.911928788014,0.30627199117004644,0.3762374681997677,6.0,0.06183135475598457,0.05451468513447984,2.21838835956116,0.6379480569818731,0.1345640496101804,2.8408348400903174,0.01483817012311521,0.0,52.462828266188566,case_42_0045,case_42_0045_cycle_010,10,5.0,thermal_overload,in_distribution,42,orchestra_phd_latent_simulator_v1,42,ok,,0.3864376102191691,0.559875811968052,0.5234088900284668,0.2863445897255472,0.6286949371350938,0.04924079923071045,False,21.65510678492149,31.625905431398078,low,calibration
1942.3248743732806,31.547006189083284,0.1012364288954232,17.118469160123837,1694.2843704117258,0.2724433251143098,0.4142653626732108,11.0,0.07070261733923018,0.0405479437924499,2.113960399250978,0.7101729958472883,0.153950683810362,7.190124473203158,0.15371987379757454,0.0,32.01432325438293,case_42_0045,case_42_0045_cycle_011,11,5.5,thermal_overload,in_distribution,42,orchestra_phd_latent_simulator_v1,42,ok,,0.34117887338340563,0.8073911680449735,0.3413858874944059,0.299692661000456,0.7005843101426616,0.08303614097497192,False,28.583595483923673,42.358923936408935,medium,calibration
2052.371802153113,34.01562071038167,0.09029088962629596,16.849071588799017,1692.044172912259,0.29638748188561675,0.4935834681108377,11.0,0.0680537622160435,0.062220221259801006,1.8613568812016292,0.6660031652231247,0.2593728470928084,8.944999981617514,0.14879835805077865,0.0,25.840186570159986,case_42_0045,case_42_0045_cycle_012,12,6.0,thermal_overload,in_distribution,42,orchestra_phd_latent_simulator_v1,42,ok,,0.35581019489550125,0.942470892723257,0.5282961282657517,0.30424094327581114,0.7428418186570388,0.06909200090476716,False,26.97043313699799,38.39339804940292,low,calibration
2089.11434122955,31.252242479158674,0.08594255079777989,18.310215969625556,1652.492594671482,0.2819503212546857,0.45684979645859664,9.0,0.10470891945940942,0.06148739198381839,2.1377387039445925,0.7237504355840901,0.16964616016558481,6.716036069736092,0.2154771960615694,0.0,37.92172019805433,case_42_0045,case_42_0045_cycle_013,13,6.5,thermal_overload,in_distribution,42,orchestra_phd_latent_simulator_v1,42,ok,,0.40578660724230325,0.7596860390376364,0.4672327521490949,0.3141905995176889,0.7388079934907219,0.09120453471196517,False,29.41807251360234,44.45049500104447,medium,calibration
2055.587385422819,35.237702451478135,0.1360873027026907,17.408877907937484,1705.2121398197874,0.2903706212704434,0.35623920376094487,6.0,0.0701119088556751,0.02351741100946704,2.0048729144857673,0.6954350384365092,0.15847595869944064,7.476774836507512,0.11661042108335183,0.0,39.86734477744495,case_42_0045,case_42_0045_cycle_014,14,7.0,thermal_overload,in_distribution,42,orchestra_phd_latent_simulator_v1,42,ok,,0.39618404095067106,0.338993503635778,0.3864798310800783,0.3215342980821666,0.7892279989779376,0.07526635874642185,False,27.53536618401551,40.216589609694445,medium,calibration
2055.4307023353686,30.89495647826131,0.11002700657636968,18.590132083499874,1647.3688084527987,0.341831099490148,0.3669260497297421,10.0,0.06661218088059785,0.052556949390863444,2.177537551193188,0.7657622931580985,0.22903598329927768,11.771514591544857,0.10141849715830431,0.0,44.700763068832856,case_42_0045,case_42_0045_cycle_015,15,7.5,thermal_overload,in_distribution,42,orchestra_phd_latent_simulator_v1,42,ok,,0.4424266643574586,0.7744528809328137,0.5182463907952849,0.3230939026393466,0.7896968502399359,0.10387306506965285,False,32.44440928517856,47.41483518948829,medium,calibration
1794.5896354769473,29.30594118411958,0.08190708721234763,17.982883372258993,1605.0027925042323,0.3324423536751856,0.3606675735416604,16.0,0.07601100969728455,0.03869770437632501,1.9500097724398338,0.6498295245096274,0.18675608615525002,9.697155016322071,0.09962888987970471,0.0,46.19113722837772,case_42_0045,case_42_0045_cycle_016,16,8.0,thermal_overload,in_distribution,42,orchestra_phd_latent_simulator_v1,42,ok,,0.40331922026138617,0.8613725710819842,0.5059047124076448,0.3238900811199518,0.8374389591260856,0.07935523809710292,False,28.76529391554024,41.3638424260206,medium,calibration
2084.370478432587,31.50748937157362,0.14778834738516294,18.937036694223604,1731.298634396685,0.4568258377684209,0.3574888575612859,9.0,0.07517490656357241,0.05358237947779999,2.0205507773905826,0.7145852282416563,0.1805038006218739,14.7553283856886,0.03939968299355175,0.0,65.30308422159655,case_42_0045,case_42_0045_cycle_017,17,8.5,thermal_overload,in_distribution,42,orchestra_phd_latent_simulator_v1,42,ok,,0.5237977703815069,0.3901543945908561,0.5042028146324264,0.32956707297469356,0.8467959763792916,0.11216909346126946,False,34.23011220892862,49.19689732723522,medium,calibration
2084.40043000586,32.01452641228831,0.09186353618082135,18.460353620252974,1754.032354643046,0.28316633048445017,0.4131066848779815,8.0,0.1283860620690455,0.0399698043473713,2.0633027376006603,0.6528211089124257,0.22402528507342864,6.398610875352154,0.12596501743855767,0.0,59.35016046156654,case_42_0045,case_42_0045_cycle_018,18,9.0,thermal_overload,in_distribution,42,orchestra_phd_latent_simulator_v1,42,ok,,0.5090057237687555,0.8198576926885335,0.63515231857211,0.3297770841147689,0.8570830611405714,0.1045211046409904,False,30.833041781990538,47.55828684776121,medium,calibration
2087.7641363772545,33.95308603623944,0.10370948087139652,18.782554546097955,1707.7393137292645,0.36366313613129525,0.3711991133887379,6.0,0.11380882811767574,0.04963237907992123,2.0141000250591423,0.7422292740047151,0.25863789180377017,1.8165118125418902,0.07080183439194716,1.0,59.460484856333444,case_42_0045,case_42_0045_cycle_019,19,9.5,thermal_overload,in_distribution,42,orchestra_phd_latent_simulator_v1,42,ok,,0.46553946350739256,0.32506533269547794,0.6152849258595584,0.3316256242676985,0.93891969465427,0.12437200285733603,False,31.428634272809386,51.622099827620396,medium,calibration
1830.202651063039,39.88571039025164,0.18700437315022406,17.34488496449868,1484.508441975996,0.37742017308745585,0.4536191038224187,3.0,0.09264549729773093,0.06786295831856773,1.9007226571164269,0.587521641834936,0.1343958618948806,3.6599972935047425,0.1462077056566321,0.0,41.50448104613835,case_42_0046,case_42_0046_cycle_000,0,0.0,focal_drift,in_distribution,42,orchestra_phd_latent_simulator_v1,42,ok,,0.270737387289872,0.7968276428717849,0.595987933996524,0.23788329445315062,0.34094671399488363,0.027120957248745678,False,15.73085874065478,21.682819606957725,low,test
1986.8254343274657,31.70563254445045,0.206120128071646,18.790318592238812,1444.4883811334046,0.3424261236595009,0.42230535487409493,8.0,0.08996885749044946,0.04745372309791659,1.996822421588,0.663868840187441,0.06598567413801276,12.068708895471465,0.059796860067315806,0.0,20.014526615153308,case_42_0046,case_42_0046_cycle_001,1,0.5,focal_drift,in_distribution,42,orchestra_phd_latent_simulator_v1,42,ok,,0.3289823080930218,0.559190821071478,0.5005248683196665,0.2532519782985721,0.3650391301982758,0.0298650104133668,False,19.237330776716522,23.111107945225832,low,test
1782.7497812592235,38.91644857472009,0.15307602882871657,18.372326345186533,1525.8085818833383,0.30027798800815003,0.40875526903365883,2.0,0.09117359142403489,0.0881521742072521,1.8973404723066625,0.6045762856673736,0.14166496036737894,14.418840852425744,0.12770033967241223,0.0,31.87687586007577,case_42_0046,case_42_0046_cycle_002,2,1.0,focal_drift,in_distribution,42,orchestra_phd_latent_simulator_v1,42,ok,,0.36768364768120343,0.4585597968740269,0.5380363932456096,0.26604049496495724,0.3838569299869847,0.02425546746263255,False,17.776771279756407,20.11365788153222,low,test
1957.6445129483905,33.65738124003524,0.18152352050514972,18.047996315477693,1567.9073607806752,0.3187389388812315,0.4667954042135925,2.0,0.08207208603789788,0.048063672780961915,1.8626092973031223,0.6084454326578737,0.051523294379320156,9.887292470805614,0.06942079298809276,0.0,22.17148235489866,case_42_0046,case_42_0046_cycle_003,3,1.5,focal_drift,in_distribution,42,orchestra_phd_latent_simulator_v1,42,ok,,0.25698536062949995,0.8913768486369478,0.4982032426153452,0.25706798623738886,0.39001400168868167,0.025378998629046867,False,16.82542594794738,20.738945592364686,low,test
1915.6255272326669,34.2327568138279,0.19390457128132974,18.954871467963788,1472.8462997497877,0.34480900756441984,0.363881538458458,3.0,0.05153096887749848,0.07118657560810632,2.0295576554389276,0.6326275696665123,0.1339092208130217,18.4231501830815,0.11396468076069541,0.0,46.90391251500672,case_42_0046,case_42_0046_cycle_004,4,2.0,focal_drift,in_distribution,42,orchestra_phd_latent_simulator_v1,42,ok,,0.3056152434682877,0.42592000894739124,0.44485914403158383,0.27630186571217774,0.4138765363027474,0.030059008957454524,False,21.055749943738384,23.209531670209792,low,test
1828.0180331354825,38.11522481906891,0.2330226808138748,17.228567609632833,1528.7717718771912,0.37067849374081685,0.42910265704131295,0.0,0.058262324204725234,0.04218978036849591,2.0279451547625205,0.6598668343171918,0.040846848401471667,10.183159904833564,0.10714976317959836,0.0,59.98876752514156,case_42_0046,case_42_0046_cycle_005,5,2.5,focal_drift,in_distribution,42,orchestra_phd_latent_simulator_v1,42,ok,,0.41031319403946337,0.7906433940872583,0.6714586270222501,0.2830073474848175,0.4241498757104621,0.03059200378109318,False,18.883601647355064,23.47828025331218,low,test
1806.4826912629728,33.22334807185854,0.23487390479133968,18.397833227648267,1411.5218656780228,0.31403111178290033,0.4038419145477059,3.0,0.05804634372657281,0.05713466726406764,2.072134124811134,0.6161208112282294,0.14641508214244447,8.536274850969642,0.16119363576132564,0.0,30.733672281376375,case_42_0046,case_42_0046_cycle_006,6,3.0,focal_drift,in_distribution,42,orchestra_phd_latent_simulator_v1,42,ok,,0.37903773029357973,0.9032143539550008,0.5674233523498573,0.2976853968553004,0.4536988445337456,0.032785495429231995,False,19.053549278827912,24.559502445357385,low,test
1860.3554196804175,38.640370750374124,0.20196092655201325,19.25922134871455,1537.1260411138462,0.2885148213579848,0.44600410519635814,6.0,0.11446503507607073,0.05301840485099781,1.9327395135160799,0.5943890075066216,0.11115501836130207,15.463407087716673,0.08014227971204173,0.0,48.8151663964113,case_42_0046,case_42_0046_cycle_007,7,3.5,focal_drift,in_distribution,42,orchestra_phd_latent_simulator_v1,42,ok,,0.4007158725081271,0.5936820808432584,0.39394050452895957,0.317359943805987,0.4654058530064341,0.04384102942642381,False,24.2659156023214,29.484860379096766,low,test
1733.9954842311204,35.360290645027106,0.20479006158042726,18.07975875619443,1544.084957283053,0.41240910554449495,0.4325504921871917,8.0,0.07486514150998887,0.05786295464001915,2.1633689887512046,0.5944368960878683,0.07230686090903302,13.18087397401888,0.2352241537657807,0.0,60.01897228778935,case_42_0046,case_42_0046_cycle_008,8,4.0,focal_drift,in_distribution,42,orchestra_phd_latent_simulator_v1,42,ok,,0.4171735311956291,0.5871684722063111,0.570718494814176,0.3280918156592177,0.4916475670146846,0.05117801971123237,False,25.226007061290183,32.358283017969256,low,test
1867.4766742520612,32.302773343261094,0.2350187071857277,18.818656187502604,1506.1624765459947,0.3032765157638656,0.4356226512116401,2.0,0.029207111205534243,0.050633917777859215,2.001667033761648,0.6690518149675504,0.11117585590029874,12.462634637203557,0.08950927385238021,0.0,29.66732566372273,case_42_0046,case_42_0046_cycle_009,9,4.5,focal_drift,in_distribution,42,orchestra_phd_latent_simulator_v1,42,ok,,0.4368252602726139,0.956023805980583,0.5727975485631526,0.3317026390888503,0.5189612079818698,0.04810727473273963,False,24.430373898958635,31.1889300802305,low,test
1932.465735391492,34.00998715342066,0.24645057414984886,17.208306467178115,1543.4947546985359,0.3462095338306347,0.4445148136421274,2.0,0.043265083427753585,0.03715956748152256,2.102530868627176,0.6939844784012974,0.07456911420651019,7.212090283859521,0.108478895436409,0.0,58.12561020115448,case_42_0046,case_42_0046_cycle_010,10,5.0,focal_drift,in_distribution,42,orchestra_phd_latent_simulator_v1,42,ok,,0.4335968780257726,0.33046270495626734,0.4145807156847727,0.34304997404734633,0.5412668972764917,0.04705307960799229,False,22.43863553646871,30.776750104969963,low,test
1901.0036141803373,30.739968627822343,0.2225193700563124,19.177175426223688,1570.7629279751102,0.3488111292178956,0.41013119722343855,0.0,0.13468574873434505,0.05647653075768619,2.1337098753584494,0.6612619355277064,0.1126447204998042,17.62672921447913,0.1648885625513658,0.0,29.882944691354748,case_42_0046,case_42_0046_cycle_011,11,5.5,focal_drift,in_distribution,42,orchestra_phd_latent_simulator_v1,42,ok,,0.405468235228912,0.8952777487882344,0.5476596645942986,0.33819439587603706,0.5303879723346425,0.045857986514450624,False,25.345305050563326,30.302540285075224,low,test
1955.8243700153268,34.00851486466106,0.24624384742221103,18.310596145927942,1483.2631197876915,0.4252075507309529,0.5212178713984097,3.0,0.0392806980636575,0.05957542862088769,2.0892003703167914,0.6091928939872451,0.04874899688728977,13.705094460140012,0.11174890809097113,0.0,34.15265560159181,case_42_0046,case_42_0046_cycle_012,12,6.0,focal_drift,in_distribution,42,orchestra_phd_latent_simulator_v1,42,ok,,0.513675208091597,0.8192659401141498,0.727614135644447,0.35337342330732585,0.5730242809614486,0.05635192204991425,False,26.276771998407224,34.23075637973829,low,test
1729.9206043734314,32.91390553831014,0.2616798727834793,18.226543005492005,1410.047785973624,0.38925462798741833,0.42432703352120804,1.0,0.09637404749337056,0.03269921325979388,2.048429240759722,0.5967212128246048,0.12072176422466277,14.022908756147887,0.06174858240242458,0.0,32.08860109548066,case_42_0046,case_42_0046_cycle_013,13,6.5,focal_drift,in_distribution,42,orchestra_phd_latent_simulator_v1,42,ok,,0.6364488250818602,0.5711423929333197,0.5820784853695029,0.3939145992218375,0.6190576959456229,0.058132305758076624,False,26.728821094190558,34.84884277960774,low,test
1971.841550790111,35.06496557408186,0.29869707536852586,18.528426547990207,1484.571151154923,0.4142528217421968,0.4317521339425272,5.0,0.11204063878982262,0.03007985985735042,2.073045009022587,0.6016261371943421,0.16825040428643004,18.556882001738707,0.14666498060379038,0.0,29.358403366452333,case_42_0046,case_42_0046_cycle_014,14,7.0,focal_drift,in_distribution,42,orchestra_phd_latent_simulator_v1,42,ok,,0.618270565522722,0.6868137122174165,0.4925471106363442,0.38580111606111744,0.610234239842407,0.05777220072755851,False,27.949245425372915,34.72485834724836,low,test
1862.1537044787867,36.53549513780362,0.2511379858161955,17.774316515107856,1444.3803515045784,0.41139166893567214,0.5186710384857837,5.0,0.08457584813144926,0.038570010950720456,2.0258935520712886,0.6709677288969529,0.1449559613095726,14.29915220343309,0.20342657832061964,0.0,32.298915621074975,case_42_0046,case_42_0046_cycle_015,15,7.5,focal_drift,in_distribution,42,orchestra_phd_latent_simulator_v1,42,ok,,0.6261632202495905,0.960980531297676,0.6528967743144398,0.4025887644882865,0.6435484701099635,0.0646897828899833,False,28.015176282293602,37.02039121688316,low,test
1854.5471962844024,29.777902931125002,0.2535450965793301,18.91149787795516,1562.1906873545852,0.39481282754589797,0.36566318479656507,3.0,0.08494535093447869,0.08371354829083558,2.239631684248799,0.6444883536934141,0.07761804388475019,17.700253405671706,0.13498378976400682,0.0,49.386444749407225,case_42_0046,case_42_0046_cycle_016,16,8.0,focal_drift,in_distribution,42,orchestra_phd_latent_simulator_v1,42,ok,,0.5799181430159815,0.5073222511754256,0.6469823803722884,0.38964872111226095,0.6579315698719016,0.06590212953339165,False,29.1147311657681,37.404954622356,low,test
1754.897696461688,37.75814620978796,0.2529702157004667,18.921075758049504,1472.0617818091705,0.40975130887921113,0.48165135204446813,4.0,0.052068680962410456,0.03811419773804268,2.055477616790726,0.5844264959030471,0.11886698841347706,17.767136496834084,0.056569301923691015,0.0,81.95151330315227,case_42_0046,case_42_0046_cycle_017,17,8.5,focal_drift,in_distribution,42,orchestra_phd_latent_simulator_v1,42,ok,,0.6087839802020063,0.776300305243617,0.6834067984504563,0.4174775602310872,0.658307345858976,0.08155391141995805,False,31.565712163024994,41.96236508466885,medium,test
1898.2967220792768,32.947584306966704,0.2751408582988863,18.150852545655855,1462.0846038835489,0.43946709046955046,0.3951970133956768,5.0,0.0686155674104556,0.04613583748401978,2.1530955393334104,0.5951832341942678,0.09030312425856744,18.85069704352291,0.14832472104342898,0.0,60.47852149997687,case_42_0046,case_42_0046_cycle_018,18,9.0,focal_drift,in_distribution,42,orchestra_phd_latent_simulator_v1,42,ok,,0.6537615562445734,0.9678770365860174,0.5819099284507356,0.4427598645851293,0.7135143243956819,0.08504279931610999,False,32.42361787002871,42.88717419857574,medium,test
1716.8345401990764,34.46147888822538,0.2956785994361253,18.577008196990455,1458.1430953654412,0.3493364160018175,0.4516522889318582,8.0,0.10888606818544846,0.06372493292945428,2.1087043897196334,0.6132314156576758,0.07503051486097706,22.264932085034882,0.07231530684923664,0.0,69.8578703369779,case_42_0046,case_42_0046_cycle_019,19,9.5,focal_drift,in_distribution,42,orchestra_phd_latent_simulator_v1,42,ok,,0.6993302676830235,0.7498747274471281,0.8901172689162076,0.43611077576600427,0.7392912177086359,0.08870190077727266,False,33.88521739454117,43.82590377625069,medium,test
1837.2449468944005,38.070435574815484,0.10668863737312555,17.700479392248074,1464.7566987848415,0.27749395640658603,0.4464613840470629,3.0,0.24335438134477466,0.13237913491815656,1.980937076353862,0.5853378221679647,0.060728810707068384,13.418399880351192,0.2093274981473762,0.0,14.302743327649807,case_42_0047,case_42_0047_cycle_000,0,0.0,motion_instability,in_distribution,42,orchestra_phd_latent_simulator_v1,42,ok,,0.3750099435931791,0.7080355058665306,0.4395463393429564,0.23618260467049898,0.42244526522064985,0.03631274263036676,False,21.680715545741094,26.220241799670134,low,train
1735.4008369354963,30.03546912161426,0.11026362784055685,18.345331537387995,1436.9156747805328,0.2978962790036598,0.4370879627934889,4.0,0.16853022799124995,0.16676300018205492,1.94702810023002,0.6857163732742455,0.10527325668603363,17.624719550239224,0.16796486796683438,0.0,11.944451357932124,case_42_0047,case_42_0047_cycle_001,1,0.5,motion_instability,in_distribution,42,orchestra_phd_latent_simulator_v1,42,ok,,0.3148532347638974,0.3489734544415961,0.4822950191464471,0.2524802551272256,0.45515837679679305,0.0424356388240093,False,24.49237445935579,28.90168711218929,low,train
1903.2079352932283,26.205948540785847,0.17846870893038647,18.290762047801493,1449.071590734244,0.32189268492647555,0.5031891390609982,6.0,0.2601872411254579,0.1262673363956431,1.9192706584852246,0.564911328450827,0.1225425198691599,20.00838491660099,0.002353084181002163,0.0,37.90964400065386,case_42_0047,case_42_0047_cycle_002,2,1.0,motion_instability,in_distribution,42,orchestra_phd_latent_simulator_v1,42,ok,,0.3593176169288675,0.5325314941553427,0.5657127590441345,0.2641455205136789,0.5079065742044616,0.028541484198693803,False,21.22604522942268,22.43079072004985,low,train
2020.4036230333488,35.1044293757474,0.12425365586717771,16.86011910029594,1533.5835820644065,0.2942984204016852,0.40024747539996375,6.0,0.24754472962925284,0.13157053053256149,2.106295237303177,0.5944426685823059,0.1065447639677119,21.365607891619085,0.11663144644096782,0.0,46.68356454269969,case_42_0047,case_42_0047_cycle_003,3,1.5,motion_instability,in_distribution,42,orchestra_phd_latent_simulator_v1,42,ok,,0.3940696995893977,0.8177792308556995,0.6289406987116336,0.27125781899070134,0.5338616806127703,0.042072854028674854,False,25.543163820444413,28.749295375661482,low,train
1925.7769484413946,36.41374790632183,0.07699487692949034,19.36511147190843,1489.4119547945656,0.276968168128791,0.424365488296624,4.0,0.3242392228578287,0.13659803741694065,1.9143108445113952,0.6427979086265979,0.06485046099998378,15.635526489277648,0.09891241123578451,0.0,26.697987708800134,case_42_0047,case_42_0047_cycle_004,4,2.0,motion_instability,in_distribution,42,orchestra_phd_latent_simulator_v1,42,ok,,0.4144461945230661,0.7552630190565561,0.40405920935101913,0.2791112220339219,0.5285432607710278,0.04732225464165338,False,25.03708289041776,30.882533660008548,low,train
1945.315272817842,35.11614502091258,0.06207064951574517,19.10214212040138,1459.8700765000945,0.2864738404180988,0.4336348294764541,3.0,0.2502458830487053,0.18964578474872576,1.9585183268603368,0.5951658360110369,0.12361845145850836,17.82256406763968,0.06009443170840334,0.0,61.359569982133806,case_42_0047,case_42_0047_cycle_005,5,2.5,motion_instability,in_distribution,42,orchestra_phd_latent_simulator_v1,42,ok,,0.461264709034676,0.8827492039261524,0.5912390842869345,0.2780067303122067,0.5388942305491478,0.04880179716704605,False,25.95485385836701,31.457423301716986,low,train
1799.59581540327,43.06304378229303,0.13632195562172816,19.24090758827024,1429.7738495984154,0.3093167271791962,0.41459324505707956,5.0,0.29926283991286057,0.17354102644032962,1.8566648980536626,0.6325327630715865,0.09061801092281707,16.294978731404743,0.047813161051824885,0.0,49.166002873604484,case_42_0047,case_42_0047_cycle_006,6,3.0,motion_instability,in_distribution,42,orchestra_phd_latent_simulator_v1,42,ok,,0.48301414068038667,0.4195273086090798,0.6687821410428796,0.2965623539008851,0.5873171092820577,0.05418149560745154,False,26.799187247456086,33.459499854692545,low,train
1928.0152350748642,35.19787733798055,0.08316293350358242,17.620922175940205,1513.268766802265,0.35893546396887094,0.48275179492505454,1.0,0.28916793025825926,0.17974948243103564,2.0667047962968614,0.6047851383106938,0.10658116798268714,19.49692036314315,0.12766523265079055,0.0,38.41311287091795,case_42_0047,case_42_0047_cycle_007,7,3.5,motion_instability,in_distribution,42,orchestra_phd_latent_simulator_v1,42,ok,,0.4762702991445533,0.8542000402766583,0.6020701007315379,0.2966770433977543,0.6169268890921135,0.0602456291555965,False,28.84178212652965,35.56621567772141,low,train
1832.5403082379023,35.041852401078636,0.05238502879596679,17.79921563219911,1489.7388181708147,0.33677581592994404,0.4173277543919383,5.0,0.2625788381972919,0.13170216050936973,2.004656353826447,0.7016161484271536,0.05484443404300114,18.729092666242487,0.012238044727675536,0.0,46.45004211867934,case_42_0047,case_42_0047_cycle_008,8,4.0,motion_instability,in_distribution,42,orchestra_phd_latent_simulator_v1,42,ok,,0.45717884669575004,0.7242001852342785,0.5364553133066221,0.32289523957756333,0.6077322585063775,0.06853333868182189,False,30.07123709425513,38.222674296454585,low,train
1791.5508700952885,35.89106521831399,0.10754052082028852,17.07703600936994,1404.429603417161,0.25346136045729406,0.38568976730422105,2.0,0.2922329376492524,0.19233636376598193,2.009421430672195,0.6490613118784962,0.10839876562742133,16.86620631806919,0.1706150870865994,0.0,34.18407857486776,case_42_0047,case_42_0047_cycle_009,9,4.5,motion_instability,in_distribution,42,orchestra_phd_latent_simulator_v1,42,ok,,0.4851379513442192,0.6959832485276825,0.690542598484958,0.33721002472517986,0.6260490627680338,0.05535972550362127,False,27.104900166390717,33.88065332229157,low,train
1877.0302079313399,39.45181580055006,0.11887051285464444,17.556593973641245,1472.0701923595113,0.2504473916466914,0.5050804863018741,4.0,0.3161598743215156,0.19146670697222648,2.0069638448837512,0.6686872472744759,0.10955153847149152,13.697131902503951,0.0451986425021272,0.0,23.19019724939392,case_42_0047,case_42_0047_cycle_010,10,5.0,motion_instability,in_distribution,42,orchestra_phd_latent_simulator_v1,42,ok,,0.5819255094639747,0.8533017017755384,0.650769970266336,0.33213309850527006,0.6837445610710273,0.06355602995839191,False,27.62155152064669,36.65615968158085,low,train
1788.3637125393752,34.429268934605034,0.0857844983242716,17.7685015230096,1436.202540808908,0.2985752272937386,0.40189058506983805,5.0,0.3320763234767223,0.1625783476584394,2.017071975262863,0.5883752763389751,0.05838616487138961,22.825492214370595,0.20583702948089788,0.0,5.88750662832826,case_42_0047,case_42_0047_cycle_011,11,5.5,motion_instability,in_distribution,42,orchestra_phd_latent_simulator_v1,42,ok,,0.6211116187016871,0.3404218956837288,0.5357719532292917,0.3490808225187296,0.7008277198850043,0.08025688466621686,False,32.94969874132103,41.6107984649016,medium,train
1940.2511659948862,31.732108338752855,0.08891818883534294,17.017049453546733,1521.7948935524898,0.25942008504391245,0.49159226822660507,4.0,0.3348056209099202,0.2150832577678563,2.002853959629011,0.618568475433593,0.10492781913652774,20.961446946662548,0.09432496022726013,0.0,34.00341597689471,case_42_0047,case_42_0047_cycle_012,12,6.0,motion_instability,in_distribution,42,orchestra_phd_latent_simulator_v1,42,ok,,0.6481046743595016,0.8386933355169723,0.6793858093094058,0.3700317281864841,0.7441426358564927,0.07651883056872899,False,31.738903744762958,40.572870352393046,medium,train
1817.740192751857,38.05438773262065,0.15241294422613202,17.25799099822152,1493.9259138081086,0.33846089462168083,0.3873953086398395,1.0,0.3415169096815203,0.22464426978537452,1.9602741864864228,0.5585228199658965,0.0606745303362745,19.236783588885448,0.1291206626171964,0.0,35.83181985764163,case_42_0047,case_42_0047_cycle_013,13,6.5,motion_instability,in_distribution,42,orchestra_phd_latent_simulator_v1,42,ok,,0.6473875630963236,0.4710423887926777,0.6858241489994874,0.37191765623604184,0.7740684513725555,0.07753822816322994,False,31.584237916812757,40.85964554837138,medium,train
1916.8709695855366,34.723330975299014,0.10639463012318356,18.622993008050564,1485.5879270888283,0.3211208043506917,0.3003162181951402,8.0,0.3751910793997567,0.1907212374094045,1.9945745381401425,0.6242255117297818,0.0864252539960895,20.24389758117849,0.1373372568304349,0.0,26.699078882997185,case_42_0047,case_42_0047_cycle_014,14,7.0,motion_instability,in_distribution,42,orchestra_phd_latent_simulator_v1,42,ok,,0.7764725254313063,0.5801291952595609,0.7004213001688776,0.3857240011990089,0.8170274751541815,0.10209038533228111,False,34.83263137574997,47.01632418499315,medium,train
1879.391101939435,31.426574691639104,0.11591646217931934,17.85859628162942,1494.2242210515988,0.26166337463596623,0.4446777223535636,4.0,0.3513021184714878,0.20585609332164362,1.9584839067810653,0.6266951267665126,0.08064338324190372,18.144065546839855,0.15677810371336515,0.0,22.424053503617746,case_42_0047,case_42_0047_cycle_015,15,7.5,motion_instability,in_distribution,42,orchestra_phd_latent_simulator_v1,42,ok,,0.7180659107355789,0.7669765811187128,0.6902032202142366,0.39535156454203696,0.7821714121317248,0.09142995370533867,False,32.9411515599993,44.50608113135731,medium,train
1881.4226672967268,31.931651654008412,0.10635282157624783,18.92952787229152,1562.9973708820773,0.3438798196524022,0.5367202095211346,1.0,0.3216056484886886,0.2333453775328266,1.9684056662994498,0.6870267621008724,0.19485974140477663,20.391557733842877,0.17279748262646358,0.0,45.867952810606475,case_42_0047,case_42_0047_cycle_016,16,8.0,motion_instability,in_distribution,42,orchestra_phd_latent_simulator_v1,42,ok,,0.6876560147501936,0.8489033706500924,0.619188980128563,0.3957143296533097,0.8568437366018761,0.12423386993423131,False,36.964257217999226,51.595840599190346,medium,train
1910.2258250399366,32.2791148888016,0.12236734201555007,17.159313447461972,1532.2238901562635,0.3402826407932177,0.5185993783282631,4.0,0.3935061064260991,0.21285684851607858,2.101896431467158,0.6182775937170513,0.10804704604290662,27.346445145667428,0.2154514962537378,0.0,53.83544670519432,case_42_0047,case_42_0047_cycle_017,17,8.5,motion_instability,in_distribution,42,orchestra_phd_latent_simulator_v1,42,ok,,0.7789493916758081,0.7401069140264149,0.7710817302894271,0.41242731713015546,0.8565849708986962,0.13543605413092777,False,39.855740511291785,53.644919645014696,medium,train
1766.0926087286898,35.8739298409916,0.10886910830495129,17.40210368862959,1479.2780842409709,0.39346754769943654,0.3343079845927543,2.0,0.36159365531476845,0.2355077995194414,1.9950841838485849,0.606962823167791,0.0739495989270192,27.663944164143025,0.1626050270897491,0.0,77.04755234389421,case_42_0047,case_42_0047_cycle_018,18,9.0,motion_instability,in_distribution,42,orchestra_phd_latent_simulator_v1,42,ok,,0.7710279176567221,0.8377034891762283,0.7328764622633867,0.4314017058148703,0.9142576409189755,0.14715555867001015,False,40.992704131777344,55.62923300255665,medium,train
1877.994507551823,37.549903612775076,0.08820335898372451,17.26763258068243,1456.6903184050168,0.2608750279761527,0.4355524961054224,5.0,0.3653055072453133,0.215769548159723,2.003380087469617,0.6029963294570626,0.13639389816096373,26.24096084537725,0.12581464543319945,0.0,60.67649772945855,case_42_0047,case_42_0047_cycle_019,19,9.5,motion_instability,in_distribution,42,orchestra_phd_latent_simulator_v1,42,ok,,0.7622313280656995,0.9742766974029544,0.6773677048559025,0.44043008071164286,0.932862744727115,0.16375864070316226,False,42.214260858350094,58.20013829726292,medium,train
